user_id,product_id,model_version,score,rank_no,reason_json
1,100114512933,xgb_hybrid_v1,0.9640463590621948,1,"{""source"": ""hybrid_u2i_comment_xgb"", ""alpha"": 0.65, ""score_u2i"": 0.9848139882087708, ""score_comment_xgb"": 0.9254780411720276}"
1,100059911987,xgb_hybrid_v1,0.9485621452331543,2,"{""source"": ""hybrid_u2i_comment_xgb"", ""alpha"": 0.65, ""score_u2i"": 0.9254322052001953, ""score_comment_xgb"": 0.9915177226066589}"
1,100154268303,xgb_hybrid_v1,0.9417184591293335,3,"{""source"": ""hybrid_u2i_comment_xgb"", ""alpha"": 0.65, ""score_u2i"": 0.9754044413566589, ""score_comment_xgb"": 0.8791588544845581}"
1,11819155539,xgb_hybrid_v1,0.9121884107589722,4,"{""source"": ""hybrid_u2i_comment_xgb"", ""alpha"": 0.65, ""score_u2i"": 0.9767589569091797, ""score_comment_xgb"": 0.7922716736793518}"
1,10121602694516,xgb_hybrid_v1,0.9118934869766235,5,"{""source"": ""hybrid_u2i_comment_xgb"", ""alpha"": 0.65, ""score_u2i"": 0.9242874979972839, ""score_comment_xgb"": 0.88887619972229}"
1,100112272948,xgb_hybrid_v1,0.9034673571586609,6,"{""source"": ""hybrid_u2i_comment_xgb"", ""alpha"": 0.65, ""score_u2i"": 0.9493758082389832, ""score_comment_xgb"": 0.8182088136672974}"
1,100215876924,xgb_hybrid_v1,0.9010956287384033,7,"{""source"": ""hybrid_u2i_comment_xgb"", ""alpha"": 0.65, ""score_u2i"": 0.8569673895835876, ""score_comment_xgb"": 0.9830480813980103}"
1,100195732408,xgb_hybrid_v1,0.8910841941833496,8,"{""source"": ""hybrid_u2i_comment_xgb"", ""alpha"": 0.65, ""score_u2i"": 0.953932523727417, ""score_comment_xgb"": 0.7743659615516663}"
1,100184800271,xgb_hybrid_v1,0.8903204202651978,9,"{""source"": ""hybrid_u2i_comment_xgb"", ""alpha"": 0.65, ""score_u2i"": 0.8438010811805725, ""score_comment_xgb"": 0.9767134785652161}"
1,10070360840507,xgb_hybrid_v1,0.885025680065155,10,"{""source"": ""hybrid_u2i_comment_xgb"", ""alpha"": 0.65, ""score_u2i"": 0.9383029937744141, ""score_comment_xgb"": 0.7860822081565857}"
1,100071138925,xgb_hybrid_v1,0.8837848901748657,11,"{""source"": ""hybrid_u2i_comment_xgb"", ""alpha"": 0.65, ""score_u2i"": 0.8887361288070679, ""score_comment_xgb"": 0.8745898604393005}"
1,100203000983,xgb_hybrid_v1,0.8829163908958435,12,"{""source"": ""hybrid_u2i_comment_xgb"", ""alpha"": 0.65, ""score_u2i"": 0.8240046501159668, ""score_comment_xgb"": 0.9923239946365356}"
1,13065559672,xgb_hybrid_v1,0.8660677075386047,13,"{""source"": ""hybrid_u2i_comment_xgb"", ""alpha"": 0.65, ""score_u2i"": 0.9742088913917542, ""score_comment_xgb"": 0.6652342081069946}"
1,100115256936,xgb_hybrid_v1,0.8551304340362549,14,"{""source"": ""hybrid_u2i_comment_xgb"", ""alpha"": 0.65, ""score_u2i"": 0.9114986658096313, ""score_comment_xgb"": 0.750446617603302}"
1,100151315926,xgb_hybrid_v1,0.8301624059677124,15,"{""source"": ""hybrid_u2i_comment_xgb"", ""alpha"": 0.65, ""score_u2i"": 0.8915016651153564, ""score_comment_xgb"": 0.7162466645240784}"
1,100019031805,xgb_hybrid_v1,0.8162246346473694,16,"{""source"": ""hybrid_u2i_comment_xgb"", ""alpha"": 0.65, ""score_u2i"": 0.9406836032867432, ""score_comment_xgb"": 0.5850866436958313}"
1,71577466395,xgb_hybrid_v1,0.7927663326263428,17,"{""source"": ""hybrid_u2i_comment_xgb"", ""alpha"": 0.65, ""score_u2i"": 0.8619879484176636, ""score_comment_xgb"": 0.6642119288444519}"
1,100230694872,xgb_hybrid_v1,0.7902008295059204,18,"{""source"": ""hybrid_u2i_comment_xgb"", ""alpha"": 0.65, ""score_u2i"": 0.7477841973304749, ""score_comment_xgb"": 0.8689746260643005}"
1,11819155540,xgb_hybrid_v1,0.7568913102149963,19,"{""source"": ""hybrid_u2i_comment_xgb"", ""alpha"": 0.65, ""score_u2i"": 0.80050128698349, ""score_comment_xgb"": 0.6759012937545776}"
1,100000987566,xgb_hybrid_v1,0.7485824227333069,20,"{""source"": ""hybrid_u2i_comment_xgb"", ""alpha"": 0.65, ""score_u2i"": 0.849833607673645, ""score_comment_xgb"": 0.5605446100234985}"
2,100114512933,xgb_hybrid_v1,0.9539411067962646,1,"{""source"": ""hybrid_u2i_comment_xgb"", ""alpha"": 0.65, ""score_u2i"": 0.9692674875259399, ""score_comment_xgb"": 0.9254780411720276}"
2,100136079282,xgb_hybrid_v1,0.9504092335700989,2,"{""source"": ""hybrid_u2i_comment_xgb"", ""alpha"": 0.65, ""score_u2i"": 0.9537902474403381, ""score_comment_xgb"": 0.9441302418708801}"
2,100154268303,xgb_hybrid_v1,0.9478967785835266,3,"{""source"": ""hybrid_u2i_comment_xgb"", ""alpha"": 0.65, ""score_u2i"": 0.9849095940589905, ""score_comment_xgb"": 0.8791588544845581}"
2,100136079284,xgb_hybrid_v1,0.9215860366821289,4,"{""source"": ""hybrid_u2i_comment_xgb"", ""alpha"": 0.65, ""score_u2i"": 0.9159910678863525, ""score_comment_xgb"": 0.9319767355918884}"
2,11819155539,xgb_hybrid_v1,0.8860989809036255,5,"{""source"": ""hybrid_u2i_comment_xgb"", ""alpha"": 0.65, ""score_u2i"": 0.9366214275360107, ""score_comment_xgb"": 0.7922716736793518}"
2,100268823874,xgb_hybrid_v1,0.8599597215652466,6,"{""source"": ""hybrid_u2i_comment_xgb"", ""alpha"": 0.65, ""score_u2i"": 0.7998185157775879, ""score_comment_xgb"": 0.9716505408287048}"
2,10087901051820,xgb_hybrid_v1,0.8467367887496948,7,"{""source"": ""hybrid_u2i_comment_xgb"", ""alpha"": 0.65, ""score_u2i"": 0.7751441597938538, ""score_comment_xgb"": 0.9796945452690125}"
2,10192694267563,xgb_hybrid_v1,0.8454388380050659,8,"{""source"": ""hybrid_u2i_comment_xgb"", ""alpha"": 0.65, ""score_u2i"": 0.8468969464302063, ""score_comment_xgb"": 0.8427309393882751}"
2,100019031805,xgb_hybrid_v1,0.8443332314491272,9,"{""source"": ""hybrid_u2i_comment_xgb"", ""alpha"": 0.65, ""score_u2i"": 0.9839275479316711, ""score_comment_xgb"": 0.5850866436958313}"
2,100230694872,xgb_hybrid_v1,0.7894266247749329,10,"{""source"": ""hybrid_u2i_comment_xgb"", ""alpha"": 0.65, ""score_u2i"": 0.7465931177139282, ""score_comment_xgb"": 0.8689746260643005}"
2,100195732408,xgb_hybrid_v1,0.7834057807922363,11,"{""source"": ""hybrid_u2i_comment_xgb"", ""alpha"": 0.65, ""score_u2i"": 0.7882734537124634, ""score_comment_xgb"": 0.7743659615516663}"
2,5475198,xgb_hybrid_v1,0.7157570123672485,12,"{""source"": ""hybrid_u2i_comment_xgb"", ""alpha"": 0.65, ""score_u2i"": 0.8893188834190369, ""score_comment_xgb"": 0.3934279978275299}"
2,100009013165,xgb_hybrid_v1,0.7063034176826477,13,"{""source"": ""hybrid_u2i_comment_xgb"", ""alpha"": 0.65, ""score_u2i"": 0.9406123757362366, ""score_comment_xgb"": 0.27115824818611145}"
2,13065559672,xgb_hybrid_v1,0.703201413154602,14,"{""source"": ""hybrid_u2i_comment_xgb"", ""alpha"": 0.65, ""score_u2i"": 0.7236453294754028, ""score_comment_xgb"": 0.6652342081069946}"
2,10037128752741,xgb_hybrid_v1,0.697053074836731,15,"{""source"": ""hybrid_u2i_comment_xgb"", ""alpha"": 0.65, ""score_u2i"": 0.8016284704208374, ""score_comment_xgb"": 0.5028416514396667}"
2,69673075023,xgb_hybrid_v1,0.6936408877372742,16,"{""source"": ""hybrid_u2i_comment_xgb"", ""alpha"": 0.65, ""score_u2i"": 0.8362259268760681, ""score_comment_xgb"": 0.4288400709629059}"
2,4246911,xgb_hybrid_v1,0.6903039813041687,17,"{""source"": ""hybrid_u2i_comment_xgb"", ""alpha"": 0.65, ""score_u2i"": 0.9846836924552917, ""score_comment_xgb"": 0.1435987800359726}"
2,100002187047,xgb_hybrid_v1,0.6453851461410522,18,"{""source"": ""hybrid_u2i_comment_xgb"", ""alpha"": 0.65, ""score_u2i"": 0.6481986045837402, ""score_comment_xgb"": 0.6401602625846863}"
2,4246893,xgb_hybrid_v1,0.6436094641685486,19,"{""source"": ""hybrid_u2i_comment_xgb"", ""alpha"": 0.65, ""score_u2i"": 0.8408724069595337, ""score_comment_xgb"": 0.27726417779922485}"
2,100112272948,xgb_hybrid_v1,0.6387937068939209,20,"{""source"": ""hybrid_u2i_comment_xgb"", ""alpha"": 0.65, ""score_u2i"": 0.5421856045722961, ""score_comment_xgb"": 0.8182088136672974}"
3,100203000971,xgb_hybrid_v1,0.9058125019073486,1,"{""source"": ""hybrid_u2i_comment_xgb"", ""alpha"": 0.65, ""score_u2i"": 0.8562057018280029, ""score_comment_xgb"": 0.9979395270347595}"
3,100017016045,xgb_hybrid_v1,0.8321698904037476,2,"{""source"": ""hybrid_u2i_comment_xgb"", ""alpha"": 0.65, ""score_u2i"": 0.9571694135665894, ""score_comment_xgb"": 0.6000280380249023}"
3,11819155539,xgb_hybrid_v1,0.7988330125808716,3,"{""source"": ""hybrid_u2i_comment_xgb"", ""alpha"": 0.65, ""score_u2i"": 0.8023661375045776, ""score_comment_xgb"": 0.7922716736793518}"
3,10087901051820,xgb_hybrid_v1,0.7783633470535278,4,"{""source"": ""hybrid_u2i_comment_xgb"", ""alpha"": 0.65, ""score_u2i"": 0.669954240322113, ""score_comment_xgb"": 0.9796945452690125}"
3,100136079282,xgb_hybrid_v1,0.7660641670227051,5,"{""source"": ""hybrid_u2i_comment_xgb"", ""alpha"": 0.65, ""score_u2i"": 0.6701824069023132, ""score_comment_xgb"": 0.9441302418708801}"
3,10098681688567,xgb_hybrid_v1,0.7645873427391052,6,"{""source"": ""hybrid_u2i_comment_xgb"", ""alpha"": 0.65, ""score_u2i"": 0.9528220295906067, ""score_comment_xgb"": 0.41500869393348694}"
3,100114512933,xgb_hybrid_v1,0.763039767742157,7,"{""source"": ""hybrid_u2i_comment_xgb"", ""alpha"": 0.65, ""score_u2i"": 0.6755730509757996, ""score_comment_xgb"": 0.9254780411720276}"
3,100070794980,xgb_hybrid_v1,0.7619430422782898,8,"{""source"": ""hybrid_u2i_comment_xgb"", ""alpha"": 0.65, ""score_u2i"": 0.8027476072311401, ""score_comment_xgb"": 0.6861632466316223}"
3,100002187047,xgb_hybrid_v1,0.7360203266143799,9,"{""source"": ""hybrid_u2i_comment_xgb"", ""alpha"": 0.65, ""score_u2i"": 0.7876372933387756, ""score_comment_xgb"": 0.6401602625846863}"
3,5475198,xgb_hybrid_v1,0.7275838255882263,10,"{""source"": ""hybrid_u2i_comment_xgb"", ""alpha"": 0.65, ""score_u2i"": 0.9075139760971069, ""score_comment_xgb"": 0.3934279978275299}"
3,10109147342652,xgb_hybrid_v1,0.6662910580635071,11,"{""source"": ""hybrid_u2i_comment_xgb"", ""alpha"": 0.65, ""score_u2i"": 0.5240044593811035, ""score_comment_xgb"": 0.9305377006530762}"
3,10159600685389,xgb_hybrid_v1,0.6534616947174072,12,"{""source"": ""hybrid_u2i_comment_xgb"", ""alpha"": 0.65, ""score_u2i"": 0.47485774755477905, ""score_comment_xgb"": 0.9851548671722412}"
3,3409140,xgb_hybrid_v1,0.650402307510376,13,"{""source"": ""hybrid_u2i_comment_xgb"", ""alpha"": 0.65, ""score_u2i"": 0.8480225205421448, ""score_comment_xgb"": 0.28339341282844543}"
3,100064200322,xgb_hybrid_v1,0.6472645998001099,14,"{""source"": ""hybrid_u2i_comment_xgb"", ""alpha"": 0.65, ""score_u2i"": 0.5977714657783508, ""score_comment_xgb"": 0.7391803860664368}"
3,100288929442,xgb_hybrid_v1,0.6446367502212524,15,"{""source"": ""hybrid_u2i_comment_xgb"", ""alpha"": 0.65, ""score_u2i"": 0.5862635970115662, ""score_comment_xgb"": 0.7530441284179688}"
3,10212550372913,xgb_hybrid_v1,0.6430835723876953,16,"{""source"": ""hybrid_u2i_comment_xgb"", ""alpha"": 0.65, ""score_u2i"": 0.4562292993068695, ""score_comment_xgb"": 0.990098774433136}"
3,13065559672,xgb_hybrid_v1,0.6413825154304504,17,"{""source"": ""hybrid_u2i_comment_xgb"", ""alpha"": 0.65, ""score_u2i"": 0.6285393238067627, ""score_comment_xgb"": 0.6652342081069946}"
3,10037128752741,xgb_hybrid_v1,0.622207522392273,18,"{""source"": ""hybrid_u2i_comment_xgb"", ""alpha"": 0.65, ""score_u2i"": 0.6864814162254333, ""score_comment_xgb"": 0.5028416514396667}"
3,100201827671,xgb_hybrid_v1,0.6132007241249084,19,"{""source"": ""hybrid_u2i_comment_xgb"", ""alpha"": 0.65, ""score_u2i"": 0.4138292968273163, ""score_comment_xgb"": 0.9834620356559753}"
3,10132040325618,xgb_hybrid_v1,0.6074494123458862,20,"{""source"": ""hybrid_u2i_comment_xgb"", ""alpha"": 0.65, ""score_u2i"": 0.42938587069511414, ""score_comment_xgb"": 0.9381387829780579}"
4,13065559672,xgb_hybrid_v1,0.8589136004447937,1,"{""source"": ""hybrid_u2i_comment_xgb"", ""alpha"": 0.65, ""score_u2i"": 0.9632025361061096, ""score_comment_xgb"": 0.6652342081069946}"
4,100288929442,xgb_hybrid_v1,0.8313864469528198,2,"{""source"": ""hybrid_u2i_comment_xgb"", ""alpha"": 0.65, ""score_u2i"": 0.8735707402229309, ""score_comment_xgb"": 0.7530441284179688}"
4,100136079282,xgb_hybrid_v1,0.8286261558532715,3,"{""source"": ""hybrid_u2i_comment_xgb"", ""alpha"": 0.65, ""score_u2i"": 0.7664316296577454, ""score_comment_xgb"": 0.9441302418708801}"
4,11819155539,xgb_hybrid_v1,0.8225306272506714,4,"{""source"": ""hybrid_u2i_comment_xgb"", ""alpha"": 0.65, ""score_u2i"": 0.8388240337371826, ""score_comment_xgb"": 0.7922716736793518}"
4,100121467835,xgb_hybrid_v1,0.8172107934951782,5,"{""source"": ""hybrid_u2i_comment_xgb"", ""alpha"": 0.65, ""score_u2i"": 0.7378661632537842, ""score_comment_xgb"": 0.9645651578903198}"
4,100019031805,xgb_hybrid_v1,0.81535404920578,6,"{""source"": ""hybrid_u2i_comment_xgb"", ""alpha"": 0.65, ""score_u2i"": 0.9393442273139954, ""score_comment_xgb"": 0.5850866436958313}"
4,5475198,xgb_hybrid_v1,0.756950318813324,7,"{""source"": ""hybrid_u2i_comment_xgb"", ""alpha"": 0.65, ""score_u2i"": 0.9526931643486023, ""score_comment_xgb"": 0.3934279978275299}"
4,100154268303,xgb_hybrid_v1,0.7502631545066833,8,"{""source"": ""hybrid_u2i_comment_xgb"", ""alpha"": 0.65, ""score_u2i"": 0.6808578372001648, ""score_comment_xgb"": 0.8791588544845581}"
4,10098681688567,xgb_hybrid_v1,0.7414751648902893,9,"{""source"": ""hybrid_u2i_comment_xgb"", ""alpha"": 0.65, ""score_u2i"": 0.9172648191452026, ""score_comment_xgb"": 0.41500869393348694}"
4,10098656892439,xgb_hybrid_v1,0.6905181407928467,10,"{""source"": ""hybrid_u2i_comment_xgb"", ""alpha"": 0.65, ""score_u2i"": 0.6469979286193848, ""score_comment_xgb"": 0.7713414430618286}"
4,100154268305,xgb_hybrid_v1,0.6898762583732605,11,"{""source"": ""hybrid_u2i_comment_xgb"", ""alpha"": 0.65, ""score_u2i"": 0.8252490758895874, ""score_comment_xgb"": 0.43846961855888367}"
4,3409140,xgb_hybrid_v1,0.6891852021217346,12,"{""source"": ""hybrid_u2i_comment_xgb"", ""alpha"": 0.65, ""score_u2i"": 0.907688558101654, ""score_comment_xgb"": 0.28339341282844543}"
4,11819155538,xgb_hybrid_v1,0.6786131858825684,13,"{""source"": ""hybrid_u2i_comment_xgb"", ""alpha"": 0.65, ""score_u2i"": 0.624653697013855, ""score_comment_xgb"": 0.7788236141204834}"
4,10087901051820,xgb_hybrid_v1,0.6670033931732178,14,"{""source"": ""hybrid_u2i_comment_xgb"", ""alpha"": 0.65, ""score_u2i"": 0.4986312985420227, ""score_comment_xgb"": 0.9796945452690125}"
4,10042124137320,xgb_hybrid_v1,0.657077431678772,15,"{""source"": ""hybrid_u2i_comment_xgb"", ""alpha"": 0.65, ""score_u2i"": 0.8543652892112732, ""score_comment_xgb"": 0.29068565368652344}"
4,4246911,xgb_hybrid_v1,0.6362335681915283,16,"{""source"": ""hybrid_u2i_comment_xgb"", ""alpha"": 0.65, ""score_u2i"": 0.9014984369277954, ""score_comment_xgb"": 0.1435987800359726}"
4,100009013165,xgb_hybrid_v1,0.6283693313598633,17,"{""source"": ""hybrid_u2i_comment_xgb"", ""alpha"": 0.65, ""score_u2i"": 0.8207138180732727, ""score_comment_xgb"": 0.27115824818611145}"
4,100195732408,xgb_hybrid_v1,0.6251187324523926,18,"{""source"": ""hybrid_u2i_comment_xgb"", ""alpha"": 0.65, ""score_u2i"": 0.5447548627853394, ""score_comment_xgb"": 0.7743659615516663}"
4,100008149331,xgb_hybrid_v1,0.6239172220230103,19,"{""source"": ""hybrid_u2i_comment_xgb"", ""alpha"": 0.65, ""score_u2i"": 0.7940942049026489, ""score_comment_xgb"": 0.30787432193756104}"
4,100010077605,xgb_hybrid_v1,0.6209626197814941,20,"{""source"": ""hybrid_u2i_comment_xgb"", ""alpha"": 0.65, ""score_u2i"": 0.4243660271167755, ""score_comment_xgb"": 0.9860705733299255}"
5,100114512933,xgb_hybrid_v1,0.9540194272994995,1,"{""source"": ""hybrid_u2i_comment_xgb"", ""alpha"": 0.65, ""score_u2i"": 0.9693878889083862, ""score_comment_xgb"": 0.9254780411720276}"
5,100154268303,xgb_hybrid_v1,0.9275970458984375,2,"{""source"": ""hybrid_u2i_comment_xgb"", ""alpha"": 0.65, ""score_u2i"": 0.9536792039871216, ""score_comment_xgb"": 0.8791588544845581}"
5,100215876924,xgb_hybrid_v1,0.8909841775894165,3,"{""source"": ""hybrid_u2i_comment_xgb"", ""alpha"": 0.65, ""score_u2i"": 0.8414113521575928, ""score_comment_xgb"": 0.9830480813980103}"
5,11819155539,xgb_hybrid_v1,0.8843228816986084,4,"{""source"": ""hybrid_u2i_comment_xgb"", ""alpha"": 0.65, ""score_u2i"": 0.9338890314102173, ""score_comment_xgb"": 0.7922716736793518}"
5,10121602694516,xgb_hybrid_v1,0.8518373966217041,5,"{""source"": ""hybrid_u2i_comment_xgb"", ""alpha"": 0.65, ""score_u2i"": 0.8318934440612793, ""score_comment_xgb"": 0.88887619972229}"
5,100019031805,xgb_hybrid_v1,0.8342052698135376,6,"{""source"": ""hybrid_u2i_comment_xgb"", ""alpha"": 0.65, ""score_u2i"": 0.968346118927002, ""score_comment_xgb"": 0.5850866436958313}"
5,13065559672,xgb_hybrid_v1,0.8303588032722473,7,"{""source"": ""hybrid_u2i_comment_xgb"", ""alpha"": 0.65, ""score_u2i"": 0.9192721247673035, ""score_comment_xgb"": 0.6652342081069946}"
5,100112272948,xgb_hybrid_v1,0.8243114352226257,8,"{""source"": ""hybrid_u2i_comment_xgb"", ""alpha"": 0.65, ""score_u2i"": 0.8275974988937378, ""score_comment_xgb"": 0.8182088136672974}"
5,100064200322,xgb_hybrid_v1,0.7996686697006226,9,"{""source"": ""hybrid_u2i_comment_xgb"", ""alpha"": 0.65, ""score_u2i"": 0.8322393298149109, ""score_comment_xgb"": 0.7391803860664368}"
5,100136079284,xgb_hybrid_v1,0.7973871231079102,10,"{""source"": ""hybrid_u2i_comment_xgb"", ""alpha"": 0.65, ""score_u2i"": 0.7249158620834351, ""score_comment_xgb"": 0.9319767355918884}"
5,71577466395,xgb_hybrid_v1,0.7964459657669067,11,"{""source"": ""hybrid_u2i_comment_xgb"", ""alpha"": 0.65, ""score_u2i"": 0.8676489591598511, ""score_comment_xgb"": 0.6642119288444519}"
5,100195732408,xgb_hybrid_v1,0.7882764339447021,12,"{""source"": ""hybrid_u2i_comment_xgb"", ""alpha"": 0.65, ""score_u2i"": 0.7957667708396912, ""score_comment_xgb"": 0.7743659615516663}"
5,100230694872,xgb_hybrid_v1,0.7434631586074829,13,"{""source"": ""hybrid_u2i_comment_xgb"", ""alpha"": 0.65, ""score_u2i"": 0.6758801341056824, ""score_comment_xgb"": 0.8689746260643005}"
5,10070360840507,xgb_hybrid_v1,0.7225006818771362,14,"{""source"": ""hybrid_u2i_comment_xgb"", ""alpha"": 0.65, ""score_u2i"": 0.6882645487785339, ""score_comment_xgb"": 0.7860822081565857}"
5,10042124137320,xgb_hybrid_v1,0.7109746932983398,15,"{""source"": ""hybrid_u2i_comment_xgb"", ""alpha"": 0.65, ""score_u2i"": 0.9372841715812683, ""score_comment_xgb"": 0.29068565368652344}"
5,100071138925,xgb_hybrid_v1,0.7020655870437622,16,"{""source"": ""hybrid_u2i_comment_xgb"", ""alpha"": 0.65, ""score_u2i"": 0.6091678738594055, ""score_comment_xgb"": 0.8745898604393005}"
5,100268823874,xgb_hybrid_v1,0.6976144909858704,17,"{""source"": ""hybrid_u2i_comment_xgb"", ""alpha"": 0.65, ""score_u2i"": 0.5500566363334656, ""score_comment_xgb"": 0.9716505408287048}"
5,4246911,xgb_hybrid_v1,0.6926772594451904,18,"{""source"": ""hybrid_u2i_comment_xgb"", ""alpha"": 0.65, ""score_u2i"": 0.9883348941802979, ""score_comment_xgb"": 0.1435987800359726}"
5,100002187047,xgb_hybrid_v1,0.6842972636222839,19,"{""source"": ""hybrid_u2i_comment_xgb"", ""alpha"": 0.65, ""score_u2i"": 0.7080633640289307, ""score_comment_xgb"": 0.6401602625846863}"
5,100008164593,xgb_hybrid_v1,0.6691959500312805,20,"{""source"": ""hybrid_u2i_comment_xgb"", ""alpha"": 0.65, ""score_u2i"": 0.9343655705451965, ""score_comment_xgb"": 0.1767382025718689}"
6,100203000971,xgb_hybrid_v1,0.9058125019073486,1,"{""source"": ""hybrid_u2i_comment_xgb"", ""alpha"": 0.65, ""score_u2i"": 0.8562057018280029, ""score_comment_xgb"": 0.9979395270347595}"
6,100017016045,xgb_hybrid_v1,0.8321698904037476,2,"{""source"": ""hybrid_u2i_comment_xgb"", ""alpha"": 0.65, ""score_u2i"": 0.9571694135665894, ""score_comment_xgb"": 0.6000280380249023}"
6,11819155539,xgb_hybrid_v1,0.7988330125808716,3,"{""source"": ""hybrid_u2i_comment_xgb"", ""alpha"": 0.65, ""score_u2i"": 0.8023661375045776, ""score_comment_xgb"": 0.7922716736793518}"
6,10087901051820,xgb_hybrid_v1,0.7783633470535278,4,"{""source"": ""hybrid_u2i_comment_xgb"", ""alpha"": 0.65, ""score_u2i"": 0.669954240322113, ""score_comment_xgb"": 0.9796945452690125}"
6,100136079282,xgb_hybrid_v1,0.7660641670227051,5,"{""source"": ""hybrid_u2i_comment_xgb"", ""alpha"": 0.65, ""score_u2i"": 0.6701824069023132, ""score_comment_xgb"": 0.9441302418708801}"
6,10098681688567,xgb_hybrid_v1,0.7645873427391052,6,"{""source"": ""hybrid_u2i_comment_xgb"", ""alpha"": 0.65, ""score_u2i"": 0.9528220295906067, ""score_comment_xgb"": 0.41500869393348694}"
6,100114512933,xgb_hybrid_v1,0.763039767742157,7,"{""source"": ""hybrid_u2i_comment_xgb"", ""alpha"": 0.65, ""score_u2i"": 0.6755730509757996, ""score_comment_xgb"": 0.9254780411720276}"
6,100070794980,xgb_hybrid_v1,0.7619430422782898,8,"{""source"": ""hybrid_u2i_comment_xgb"", ""alpha"": 0.65, ""score_u2i"": 0.8027476072311401, ""score_comment_xgb"": 0.6861632466316223}"
6,100002187047,xgb_hybrid_v1,0.7360203266143799,9,"{""source"": ""hybrid_u2i_comment_xgb"", ""alpha"": 0.65, ""score_u2i"": 0.7876372933387756, ""score_comment_xgb"": 0.6401602625846863}"
6,5475198,xgb_hybrid_v1,0.7275838255882263,10,"{""source"": ""hybrid_u2i_comment_xgb"", ""alpha"": 0.65, ""score_u2i"": 0.9075139760971069, ""score_comment_xgb"": 0.3934279978275299}"
6,10109147342652,xgb_hybrid_v1,0.6662910580635071,11,"{""source"": ""hybrid_u2i_comment_xgb"", ""alpha"": 0.65, ""score_u2i"": 0.5240044593811035, ""score_comment_xgb"": 0.9305377006530762}"
6,10159600685389,xgb_hybrid_v1,0.6534616947174072,12,"{""source"": ""hybrid_u2i_comment_xgb"", ""alpha"": 0.65, ""score_u2i"": 0.47485774755477905, ""score_comment_xgb"": 0.9851548671722412}"
6,3409140,xgb_hybrid_v1,0.650402307510376,13,"{""source"": ""hybrid_u2i_comment_xgb"", ""alpha"": 0.65, ""score_u2i"": 0.8480225205421448, ""score_comment_xgb"": 0.28339341282844543}"
6,100064200322,xgb_hybrid_v1,0.6472645998001099,14,"{""source"": ""hybrid_u2i_comment_xgb"", ""alpha"": 0.65, ""score_u2i"": 0.5977714657783508, ""score_comment_xgb"": 0.7391803860664368}"
6,100288929442,xgb_hybrid_v1,0.6446367502212524,15,"{""source"": ""hybrid_u2i_comment_xgb"", ""alpha"": 0.65, ""score_u2i"": 0.5862635970115662, ""score_comment_xgb"": 0.7530441284179688}"
6,10212550372913,xgb_hybrid_v1,0.6430835723876953,16,"{""source"": ""hybrid_u2i_comment_xgb"", ""alpha"": 0.65, ""score_u2i"": 0.4562292993068695, ""score_comment_xgb"": 0.990098774433136}"
6,13065559672,xgb_hybrid_v1,0.6413825154304504,17,"{""source"": ""hybrid_u2i_comment_xgb"", ""alpha"": 0.65, ""score_u2i"": 0.6285393238067627, ""score_comment_xgb"": 0.6652342081069946}"
6,10037128752741,xgb_hybrid_v1,0.622207522392273,18,"{""source"": ""hybrid_u2i_comment_xgb"", ""alpha"": 0.65, ""score_u2i"": 0.6864814162254333, ""score_comment_xgb"": 0.5028416514396667}"
6,100201827671,xgb_hybrid_v1,0.6132007241249084,19,"{""source"": ""hybrid_u2i_comment_xgb"", ""alpha"": 0.65, ""score_u2i"": 0.4138292968273163, ""score_comment_xgb"": 0.9834620356559753}"
6,10132040325618,xgb_hybrid_v1,0.6074494123458862,20,"{""source"": ""hybrid_u2i_comment_xgb"", ""alpha"": 0.65, ""score_u2i"": 0.42938587069511414, ""score_comment_xgb"": 0.9381387829780579}"
7,100203000971,xgb_hybrid_v1,0.9058125019073486,1,"{""source"": ""hybrid_u2i_comment_xgb"", ""alpha"": 0.65, ""score_u2i"": 0.8562057018280029, ""score_comment_xgb"": 0.9979395270347595}"
7,100017016045,xgb_hybrid_v1,0.8321698904037476,2,"{""source"": ""hybrid_u2i_comment_xgb"", ""alpha"": 0.65, ""score_u2i"": 0.9571694135665894, ""score_comment_xgb"": 0.6000280380249023}"
7,11819155539,xgb_hybrid_v1,0.7988330125808716,3,"{""source"": ""hybrid_u2i_comment_xgb"", ""alpha"": 0.65, ""score_u2i"": 0.8023661375045776, ""score_comment_xgb"": 0.7922716736793518}"
7,10087901051820,xgb_hybrid_v1,0.7783633470535278,4,"{""source"": ""hybrid_u2i_comment_xgb"", ""alpha"": 0.65, ""score_u2i"": 0.669954240322113, ""score_comment_xgb"": 0.9796945452690125}"
7,100136079282,xgb_hybrid_v1,0.7660641670227051,5,"{""source"": ""hybrid_u2i_comment_xgb"", ""alpha"": 0.65, ""score_u2i"": 0.6701824069023132, ""score_comment_xgb"": 0.9441302418708801}"
7,10098681688567,xgb_hybrid_v1,0.7645873427391052,6,"{""source"": ""hybrid_u2i_comment_xgb"", ""alpha"": 0.65, ""score_u2i"": 0.9528220295906067, ""score_comment_xgb"": 0.41500869393348694}"
7,100114512933,xgb_hybrid_v1,0.763039767742157,7,"{""source"": ""hybrid_u2i_comment_xgb"", ""alpha"": 0.65, ""score_u2i"": 0.6755730509757996, ""score_comment_xgb"": 0.9254780411720276}"
7,100070794980,xgb_hybrid_v1,0.7619430422782898,8,"{""source"": ""hybrid_u2i_comment_xgb"", ""alpha"": 0.65, ""score_u2i"": 0.8027476072311401, ""score_comment_xgb"": 0.6861632466316223}"
7,100002187047,xgb_hybrid_v1,0.7360203266143799,9,"{""source"": ""hybrid_u2i_comment_xgb"", ""alpha"": 0.65, ""score_u2i"": 0.7876372933387756, ""score_comment_xgb"": 0.6401602625846863}"
7,5475198,xgb_hybrid_v1,0.7275838255882263,10,"{""source"": ""hybrid_u2i_comment_xgb"", ""alpha"": 0.65, ""score_u2i"": 0.9075139760971069, ""score_comment_xgb"": 0.3934279978275299}"
7,10109147342652,xgb_hybrid_v1,0.6662910580635071,11,"{""source"": ""hybrid_u2i_comment_xgb"", ""alpha"": 0.65, ""score_u2i"": 0.5240044593811035, ""score_comment_xgb"": 0.9305377006530762}"
7,10159600685389,xgb_hybrid_v1,0.6534616947174072,12,"{""source"": ""hybrid_u2i_comment_xgb"", ""alpha"": 0.65, ""score_u2i"": 0.47485774755477905, ""score_comment_xgb"": 0.9851548671722412}"
7,3409140,xgb_hybrid_v1,0.650402307510376,13,"{""source"": ""hybrid_u2i_comment_xgb"", ""alpha"": 0.65, ""score_u2i"": 0.8480225205421448, ""score_comment_xgb"": 0.28339341282844543}"
7,100064200322,xgb_hybrid_v1,0.6472645998001099,14,"{""source"": ""hybrid_u2i_comment_xgb"", ""alpha"": 0.65, ""score_u2i"": 0.5977714657783508, ""score_comment_xgb"": 0.7391803860664368}"
7,100288929442,xgb_hybrid_v1,0.6446367502212524,15,"{""source"": ""hybrid_u2i_comment_xgb"", ""alpha"": 0.65, ""score_u2i"": 0.5862635970115662, ""score_comment_xgb"": 0.7530441284179688}"
7,10212550372913,xgb_hybrid_v1,0.6430835723876953,16,"{""source"": ""hybrid_u2i_comment_xgb"", ""alpha"": 0.65, ""score_u2i"": 0.4562292993068695, ""score_comment_xgb"": 0.990098774433136}"
7,13065559672,xgb_hybrid_v1,0.6413825154304504,17,"{""source"": ""hybrid_u2i_comment_xgb"", ""alpha"": 0.65, ""score_u2i"": 0.6285393238067627, ""score_comment_xgb"": 0.6652342081069946}"
7,10037128752741,xgb_hybrid_v1,0.622207522392273,18,"{""source"": ""hybrid_u2i_comment_xgb"", ""alpha"": 0.65, ""score_u2i"": 0.6864814162254333, ""score_comment_xgb"": 0.5028416514396667}"
7,100201827671,xgb_hybrid_v1,0.6132007241249084,19,"{""source"": ""hybrid_u2i_comment_xgb"", ""alpha"": 0.65, ""score_u2i"": 0.4138292968273163, ""score_comment_xgb"": 0.9834620356559753}"
7,10132040325618,xgb_hybrid_v1,0.6074494123458862,20,"{""source"": ""hybrid_u2i_comment_xgb"", ""alpha"": 0.65, ""score_u2i"": 0.42938587069511414, ""score_comment_xgb"": 0.9381387829780579}"
8,100114512933,xgb_hybrid_v1,0.9540194272994995,1,"{""source"": ""hybrid_u2i_comment_xgb"", ""alpha"": 0.65, ""score_u2i"": 0.9693878889083862, ""score_comment_xgb"": 0.9254780411720276}"
8,100154268303,xgb_hybrid_v1,0.9275970458984375,2,"{""source"": ""hybrid_u2i_comment_xgb"", ""alpha"": 0.65, ""score_u2i"": 0.9536792039871216, ""score_comment_xgb"": 0.8791588544845581}"
8,100215876924,xgb_hybrid_v1,0.8909841775894165,3,"{""source"": ""hybrid_u2i_comment_xgb"", ""alpha"": 0.65, ""score_u2i"": 0.8414113521575928, ""score_comment_xgb"": 0.9830480813980103}"
8,11819155539,xgb_hybrid_v1,0.8843228816986084,4,"{""source"": ""hybrid_u2i_comment_xgb"", ""alpha"": 0.65, ""score_u2i"": 0.9338890314102173, ""score_comment_xgb"": 0.7922716736793518}"
8,10121602694516,xgb_hybrid_v1,0.8518373966217041,5,"{""source"": ""hybrid_u2i_comment_xgb"", ""alpha"": 0.65, ""score_u2i"": 0.8318934440612793, ""score_comment_xgb"": 0.88887619972229}"
8,100019031805,xgb_hybrid_v1,0.8342052698135376,6,"{""source"": ""hybrid_u2i_comment_xgb"", ""alpha"": 0.65, ""score_u2i"": 0.968346118927002, ""score_comment_xgb"": 0.5850866436958313}"
8,13065559672,xgb_hybrid_v1,0.8303588032722473,7,"{""source"": ""hybrid_u2i_comment_xgb"", ""alpha"": 0.65, ""score_u2i"": 0.9192721247673035, ""score_comment_xgb"": 0.6652342081069946}"
8,100112272948,xgb_hybrid_v1,0.8243114352226257,8,"{""source"": ""hybrid_u2i_comment_xgb"", ""alpha"": 0.65, ""score_u2i"": 0.8275974988937378, ""score_comment_xgb"": 0.8182088136672974}"
8,100064200322,xgb_hybrid_v1,0.7996686697006226,9,"{""source"": ""hybrid_u2i_comment_xgb"", ""alpha"": 0.65, ""score_u2i"": 0.8322393298149109, ""score_comment_xgb"": 0.7391803860664368}"
8,100136079284,xgb_hybrid_v1,0.7973871231079102,10,"{""source"": ""hybrid_u2i_comment_xgb"", ""alpha"": 0.65, ""score_u2i"": 0.7249158620834351, ""score_comment_xgb"": 0.9319767355918884}"
8,71577466395,xgb_hybrid_v1,0.7964459657669067,11,"{""source"": ""hybrid_u2i_comment_xgb"", ""alpha"": 0.65, ""score_u2i"": 0.8676489591598511, ""score_comment_xgb"": 0.6642119288444519}"
8,100195732408,xgb_hybrid_v1,0.7882764339447021,12,"{""source"": ""hybrid_u2i_comment_xgb"", ""alpha"": 0.65, ""score_u2i"": 0.7957667708396912, ""score_comment_xgb"": 0.7743659615516663}"
8,100230694872,xgb_hybrid_v1,0.7434631586074829,13,"{""source"": ""hybrid_u2i_comment_xgb"", ""alpha"": 0.65, ""score_u2i"": 0.6758801341056824, ""score_comment_xgb"": 0.8689746260643005}"
8,10070360840507,xgb_hybrid_v1,0.7225006818771362,14,"{""source"": ""hybrid_u2i_comment_xgb"", ""alpha"": 0.65, ""score_u2i"": 0.6882645487785339, ""score_comment_xgb"": 0.7860822081565857}"
8,10042124137320,xgb_hybrid_v1,0.7109746932983398,15,"{""source"": ""hybrid_u2i_comment_xgb"", ""alpha"": 0.65, ""score_u2i"": 0.9372841715812683, ""score_comment_xgb"": 0.29068565368652344}"
8,100071138925,xgb_hybrid_v1,0.7020655870437622,16,"{""source"": ""hybrid_u2i_comment_xgb"", ""alpha"": 0.65, ""score_u2i"": 0.6091678738594055, ""score_comment_xgb"": 0.8745898604393005}"
8,100268823874,xgb_hybrid_v1,0.6976144909858704,17,"{""source"": ""hybrid_u2i_comment_xgb"", ""alpha"": 0.65, ""score_u2i"": 0.5500566363334656, ""score_comment_xgb"": 0.9716505408287048}"
8,4246911,xgb_hybrid_v1,0.6926772594451904,18,"{""source"": ""hybrid_u2i_comment_xgb"", ""alpha"": 0.65, ""score_u2i"": 0.9883348941802979, ""score_comment_xgb"": 0.1435987800359726}"
8,100002187047,xgb_hybrid_v1,0.6842972636222839,19,"{""source"": ""hybrid_u2i_comment_xgb"", ""alpha"": 0.65, ""score_u2i"": 0.7080633640289307, ""score_comment_xgb"": 0.6401602625846863}"
8,100008164593,xgb_hybrid_v1,0.6691959500312805,20,"{""source"": ""hybrid_u2i_comment_xgb"", ""alpha"": 0.65, ""score_u2i"": 0.9343655705451965, ""score_comment_xgb"": 0.1767382025718689}"
9,100203000971,xgb_hybrid_v1,0.9058125019073486,1,"{""source"": ""hybrid_u2i_comment_xgb"", ""alpha"": 0.65, ""score_u2i"": 0.8562057018280029, ""score_comment_xgb"": 0.9979395270347595}"
9,100017016045,xgb_hybrid_v1,0.8321698904037476,2,"{""source"": ""hybrid_u2i_comment_xgb"", ""alpha"": 0.65, ""score_u2i"": 0.9571694135665894, ""score_comment_xgb"": 0.6000280380249023}"
9,11819155539,xgb_hybrid_v1,0.7988330125808716,3,"{""source"": ""hybrid_u2i_comment_xgb"", ""alpha"": 0.65, ""score_u2i"": 0.8023661375045776, ""score_comment_xgb"": 0.7922716736793518}"
9,10087901051820,xgb_hybrid_v1,0.7783633470535278,4,"{""source"": ""hybrid_u2i_comment_xgb"", ""alpha"": 0.65, ""score_u2i"": 0.669954240322113, ""score_comment_xgb"": 0.9796945452690125}"
9,100136079282,xgb_hybrid_v1,0.7660641670227051,5,"{""source"": ""hybrid_u2i_comment_xgb"", ""alpha"": 0.65, ""score_u2i"": 0.6701824069023132, ""score_comment_xgb"": 0.9441302418708801}"
9,10098681688567,xgb_hybrid_v1,0.7645873427391052,6,"{""source"": ""hybrid_u2i_comment_xgb"", ""alpha"": 0.65, ""score_u2i"": 0.9528220295906067, ""score_comment_xgb"": 0.41500869393348694}"
9,100114512933,xgb_hybrid_v1,0.763039767742157,7,"{""source"": ""hybrid_u2i_comment_xgb"", ""alpha"": 0.65, ""score_u2i"": 0.6755730509757996, ""score_comment_xgb"": 0.9254780411720276}"
9,100070794980,xgb_hybrid_v1,0.7619430422782898,8,"{""source"": ""hybrid_u2i_comment_xgb"", ""alpha"": 0.65, ""score_u2i"": 0.8027476072311401, ""score_comment_xgb"": 0.6861632466316223}"
9,100002187047,xgb_hybrid_v1,0.7360203266143799,9,"{""source"": ""hybrid_u2i_comment_xgb"", ""alpha"": 0.65, ""score_u2i"": 0.7876372933387756, ""score_comment_xgb"": 0.6401602625846863}"
9,5475198,xgb_hybrid_v1,0.7275838255882263,10,"{""source"": ""hybrid_u2i_comment_xgb"", ""alpha"": 0.65, ""score_u2i"": 0.9075139760971069, ""score_comment_xgb"": 0.3934279978275299}"
9,10109147342652,xgb_hybrid_v1,0.6662910580635071,11,"{""source"": ""hybrid_u2i_comment_xgb"", ""alpha"": 0.65, ""score_u2i"": 0.5240044593811035, ""score_comment_xgb"": 0.9305377006530762}"
9,10159600685389,xgb_hybrid_v1,0.6534616947174072,12,"{""source"": ""hybrid_u2i_comment_xgb"", ""alpha"": 0.65, ""score_u2i"": 0.47485774755477905, ""score_comment_xgb"": 0.9851548671722412}"
9,3409140,xgb_hybrid_v1,0.650402307510376,13,"{""source"": ""hybrid_u2i_comment_xgb"", ""alpha"": 0.65, ""score_u2i"": 0.8480225205421448, ""score_comment_xgb"": 0.28339341282844543}"
9,100064200322,xgb_hybrid_v1,0.6472645998001099,14,"{""source"": ""hybrid_u2i_comment_xgb"", ""alpha"": 0.65, ""score_u2i"": 0.5977714657783508, ""score_comment_xgb"": 0.7391803860664368}"
9,100288929442,xgb_hybrid_v1,0.6446367502212524,15,"{""source"": ""hybrid_u2i_comment_xgb"", ""alpha"": 0.65, ""score_u2i"": 0.5862635970115662, ""score_comment_xgb"": 0.7530441284179688}"
9,10212550372913,xgb_hybrid_v1,0.6430835723876953,16,"{""source"": ""hybrid_u2i_comment_xgb"", ""alpha"": 0.65, ""score_u2i"": 0.4562292993068695, ""score_comment_xgb"": 0.990098774433136}"
9,13065559672,xgb_hybrid_v1,0.6413825154304504,17,"{""source"": ""hybrid_u2i_comment_xgb"", ""alpha"": 0.65, ""score_u2i"": 0.6285393238067627, ""score_comment_xgb"": 0.6652342081069946}"
9,10037128752741,xgb_hybrid_v1,0.622207522392273,18,"{""source"": ""hybrid_u2i_comment_xgb"", ""alpha"": 0.65, ""score_u2i"": 0.6864814162254333, ""score_comment_xgb"": 0.5028416514396667}"
9,100201827671,xgb_hybrid_v1,0.6132007241249084,19,"{""source"": ""hybrid_u2i_comment_xgb"", ""alpha"": 0.65, ""score_u2i"": 0.4138292968273163, ""score_comment_xgb"": 0.9834620356559753}"
9,10132040325618,xgb_hybrid_v1,0.6074494123458862,20,"{""source"": ""hybrid_u2i_comment_xgb"", ""alpha"": 0.65, ""score_u2i"": 0.42938587069511414, ""score_comment_xgb"": 0.9381387829780579}"
10,100114512933,xgb_hybrid_v1,0.9640463590621948,1,"{""source"": ""hybrid_u2i_comment_xgb"", ""alpha"": 0.65, ""score_u2i"": 0.9848139882087708, ""score_comment_xgb"": 0.9254780411720276}"
10,100059911987,xgb_hybrid_v1,0.9485621452331543,2,"{""source"": ""hybrid_u2i_comment_xgb"", ""alpha"": 0.65, ""score_u2i"": 0.9254322052001953, ""score_comment_xgb"": 0.9915177226066589}"
10,100154268303,xgb_hybrid_v1,0.9417184591293335,3,"{""source"": ""hybrid_u2i_comment_xgb"", ""alpha"": 0.65, ""score_u2i"": 0.9754044413566589, ""score_comment_xgb"": 0.8791588544845581}"
10,11819155539,xgb_hybrid_v1,0.9121884107589722,4,"{""source"": ""hybrid_u2i_comment_xgb"", ""alpha"": 0.65, ""score_u2i"": 0.9767589569091797, ""score_comment_xgb"": 0.7922716736793518}"
10,10121602694516,xgb_hybrid_v1,0.9118934869766235,5,"{""source"": ""hybrid_u2i_comment_xgb"", ""alpha"": 0.65, ""score_u2i"": 0.9242874979972839, ""score_comment_xgb"": 0.88887619972229}"
10,100112272948,xgb_hybrid_v1,0.9034673571586609,6,"{""source"": ""hybrid_u2i_comment_xgb"", ""alpha"": 0.65, ""score_u2i"": 0.9493758082389832, ""score_comment_xgb"": 0.8182088136672974}"
10,100215876924,xgb_hybrid_v1,0.9010956287384033,7,"{""source"": ""hybrid_u2i_comment_xgb"", ""alpha"": 0.65, ""score_u2i"": 0.8569673895835876, ""score_comment_xgb"": 0.9830480813980103}"
10,100195732408,xgb_hybrid_v1,0.8910841941833496,8,"{""source"": ""hybrid_u2i_comment_xgb"", ""alpha"": 0.65, ""score_u2i"": 0.953932523727417, ""score_comment_xgb"": 0.7743659615516663}"
10,100184800271,xgb_hybrid_v1,0.8903204202651978,9,"{""source"": ""hybrid_u2i_comment_xgb"", ""alpha"": 0.65, ""score_u2i"": 0.8438010811805725, ""score_comment_xgb"": 0.9767134785652161}"
10,10070360840507,xgb_hybrid_v1,0.885025680065155,10,"{""source"": ""hybrid_u2i_comment_xgb"", ""alpha"": 0.65, ""score_u2i"": 0.9383029937744141, ""score_comment_xgb"": 0.7860822081565857}"
10,100071138925,xgb_hybrid_v1,0.8837848901748657,11,"{""source"": ""hybrid_u2i_comment_xgb"", ""alpha"": 0.65, ""score_u2i"": 0.8887361288070679, ""score_comment_xgb"": 0.8745898604393005}"
10,100203000983,xgb_hybrid_v1,0.8829163908958435,12,"{""source"": ""hybrid_u2i_comment_xgb"", ""alpha"": 0.65, ""score_u2i"": 0.8240046501159668, ""score_comment_xgb"": 0.9923239946365356}"
10,13065559672,xgb_hybrid_v1,0.8660677075386047,13,"{""source"": ""hybrid_u2i_comment_xgb"", ""alpha"": 0.65, ""score_u2i"": 0.9742088913917542, ""score_comment_xgb"": 0.6652342081069946}"
10,100115256936,xgb_hybrid_v1,0.8551304340362549,14,"{""source"": ""hybrid_u2i_comment_xgb"", ""alpha"": 0.65, ""score_u2i"": 0.9114986658096313, ""score_comment_xgb"": 0.750446617603302}"
10,100151315926,xgb_hybrid_v1,0.8301624059677124,15,"{""source"": ""hybrid_u2i_comment_xgb"", ""alpha"": 0.65, ""score_u2i"": 0.8915016651153564, ""score_comment_xgb"": 0.7162466645240784}"
10,100019031805,xgb_hybrid_v1,0.8162246346473694,16,"{""source"": ""hybrid_u2i_comment_xgb"", ""alpha"": 0.65, ""score_u2i"": 0.9406836032867432, ""score_comment_xgb"": 0.5850866436958313}"
10,71577466395,xgb_hybrid_v1,0.7927663326263428,17,"{""source"": ""hybrid_u2i_comment_xgb"", ""alpha"": 0.65, ""score_u2i"": 0.8619879484176636, ""score_comment_xgb"": 0.6642119288444519}"
10,100230694872,xgb_hybrid_v1,0.7902008295059204,18,"{""source"": ""hybrid_u2i_comment_xgb"", ""alpha"": 0.65, ""score_u2i"": 0.7477841973304749, ""score_comment_xgb"": 0.8689746260643005}"
10,11819155540,xgb_hybrid_v1,0.7568913102149963,19,"{""source"": ""hybrid_u2i_comment_xgb"", ""alpha"": 0.65, ""score_u2i"": 0.80050128698349, ""score_comment_xgb"": 0.6759012937545776}"
10,100000987566,xgb_hybrid_v1,0.7485824227333069,20,"{""source"": ""hybrid_u2i_comment_xgb"", ""alpha"": 0.65, ""score_u2i"": 0.849833607673645, ""score_comment_xgb"": 0.5605446100234985}"
11,100114512933,xgb_hybrid_v1,0.9539411067962646,1,"{""source"": ""hybrid_u2i_comment_xgb"", ""alpha"": 0.65, ""score_u2i"": 0.9692674875259399, ""score_comment_xgb"": 0.9254780411720276}"
11,100136079282,xgb_hybrid_v1,0.9504092335700989,2,"{""source"": ""hybrid_u2i_comment_xgb"", ""alpha"": 0.65, ""score_u2i"": 0.9537902474403381, ""score_comment_xgb"": 0.9441302418708801}"
11,100154268303,xgb_hybrid_v1,0.9478967785835266,3,"{""source"": ""hybrid_u2i_comment_xgb"", ""alpha"": 0.65, ""score_u2i"": 0.9849095940589905, ""score_comment_xgb"": 0.8791588544845581}"
11,100136079284,xgb_hybrid_v1,0.9215860366821289,4,"{""source"": ""hybrid_u2i_comment_xgb"", ""alpha"": 0.65, ""score_u2i"": 0.9159910678863525, ""score_comment_xgb"": 0.9319767355918884}"
11,11819155539,xgb_hybrid_v1,0.8860989809036255,5,"{""source"": ""hybrid_u2i_comment_xgb"", ""alpha"": 0.65, ""score_u2i"": 0.9366214275360107, ""score_comment_xgb"": 0.7922716736793518}"
11,100268823874,xgb_hybrid_v1,0.8599597215652466,6,"{""source"": ""hybrid_u2i_comment_xgb"", ""alpha"": 0.65, ""score_u2i"": 0.7998185157775879, ""score_comment_xgb"": 0.9716505408287048}"
11,10087901051820,xgb_hybrid_v1,0.8467367887496948,7,"{""source"": ""hybrid_u2i_comment_xgb"", ""alpha"": 0.65, ""score_u2i"": 0.7751441597938538, ""score_comment_xgb"": 0.9796945452690125}"
11,10192694267563,xgb_hybrid_v1,0.8454388380050659,8,"{""source"": ""hybrid_u2i_comment_xgb"", ""alpha"": 0.65, ""score_u2i"": 0.8468969464302063, ""score_comment_xgb"": 0.8427309393882751}"
11,100019031805,xgb_hybrid_v1,0.8443332314491272,9,"{""source"": ""hybrid_u2i_comment_xgb"", ""alpha"": 0.65, ""score_u2i"": 0.9839275479316711, ""score_comment_xgb"": 0.5850866436958313}"
11,100230694872,xgb_hybrid_v1,0.7894266247749329,10,"{""source"": ""hybrid_u2i_comment_xgb"", ""alpha"": 0.65, ""score_u2i"": 0.7465931177139282, ""score_comment_xgb"": 0.8689746260643005}"
11,100195732408,xgb_hybrid_v1,0.7834057807922363,11,"{""source"": ""hybrid_u2i_comment_xgb"", ""alpha"": 0.65, ""score_u2i"": 0.7882734537124634, ""score_comment_xgb"": 0.7743659615516663}"
11,5475198,xgb_hybrid_v1,0.7157570123672485,12,"{""source"": ""hybrid_u2i_comment_xgb"", ""alpha"": 0.65, ""score_u2i"": 0.8893188834190369, ""score_comment_xgb"": 0.3934279978275299}"
11,100009013165,xgb_hybrid_v1,0.7063034176826477,13,"{""source"": ""hybrid_u2i_comment_xgb"", ""alpha"": 0.65, ""score_u2i"": 0.9406123757362366, ""score_comment_xgb"": 0.27115824818611145}"
11,13065559672,xgb_hybrid_v1,0.703201413154602,14,"{""source"": ""hybrid_u2i_comment_xgb"", ""alpha"": 0.65, ""score_u2i"": 0.7236453294754028, ""score_comment_xgb"": 0.6652342081069946}"
11,10037128752741,xgb_hybrid_v1,0.697053074836731,15,"{""source"": ""hybrid_u2i_comment_xgb"", ""alpha"": 0.65, ""score_u2i"": 0.8016284704208374, ""score_comment_xgb"": 0.5028416514396667}"
11,69673075023,xgb_hybrid_v1,0.6936408877372742,16,"{""source"": ""hybrid_u2i_comment_xgb"", ""alpha"": 0.65, ""score_u2i"": 0.8362259268760681, ""score_comment_xgb"": 0.4288400709629059}"
11,4246911,xgb_hybrid_v1,0.6903039813041687,17,"{""source"": ""hybrid_u2i_comment_xgb"", ""alpha"": 0.65, ""score_u2i"": 0.9846836924552917, ""score_comment_xgb"": 0.1435987800359726}"
11,100002187047,xgb_hybrid_v1,0.6453851461410522,18,"{""source"": ""hybrid_u2i_comment_xgb"", ""alpha"": 0.65, ""score_u2i"": 0.6481986045837402, ""score_comment_xgb"": 0.6401602625846863}"
11,4246893,xgb_hybrid_v1,0.6436094641685486,19,"{""source"": ""hybrid_u2i_comment_xgb"", ""alpha"": 0.65, ""score_u2i"": 0.8408724069595337, ""score_comment_xgb"": 0.27726417779922485}"
11,100112272948,xgb_hybrid_v1,0.6387937068939209,20,"{""source"": ""hybrid_u2i_comment_xgb"", ""alpha"": 0.65, ""score_u2i"": 0.5421856045722961, ""score_comment_xgb"": 0.8182088136672974}"
12,100114512933,xgb_hybrid_v1,0.9539411067962646,1,"{""source"": ""hybrid_u2i_comment_xgb"", ""alpha"": 0.65, ""score_u2i"": 0.9692674875259399, ""score_comment_xgb"": 0.9254780411720276}"
12,100136079282,xgb_hybrid_v1,0.9504092335700989,2,"{""source"": ""hybrid_u2i_comment_xgb"", ""alpha"": 0.65, ""score_u2i"": 0.9537902474403381, ""score_comment_xgb"": 0.9441302418708801}"
12,100154268303,xgb_hybrid_v1,0.9478967785835266,3,"{""source"": ""hybrid_u2i_comment_xgb"", ""alpha"": 0.65, ""score_u2i"": 0.9849095940589905, ""score_comment_xgb"": 0.8791588544845581}"
12,100136079284,xgb_hybrid_v1,0.9215860366821289,4,"{""source"": ""hybrid_u2i_comment_xgb"", ""alpha"": 0.65, ""score_u2i"": 0.9159910678863525, ""score_comment_xgb"": 0.9319767355918884}"
12,11819155539,xgb_hybrid_v1,0.8860989809036255,5,"{""source"": ""hybrid_u2i_comment_xgb"", ""alpha"": 0.65, ""score_u2i"": 0.9366214275360107, ""score_comment_xgb"": 0.7922716736793518}"
12,100268823874,xgb_hybrid_v1,0.8599597215652466,6,"{""source"": ""hybrid_u2i_comment_xgb"", ""alpha"": 0.65, ""score_u2i"": 0.7998185157775879, ""score_comment_xgb"": 0.9716505408287048}"
12,10087901051820,xgb_hybrid_v1,0.8467367887496948,7,"{""source"": ""hybrid_u2i_comment_xgb"", ""alpha"": 0.65, ""score_u2i"": 0.7751441597938538, ""score_comment_xgb"": 0.9796945452690125}"
12,10192694267563,xgb_hybrid_v1,0.8454388380050659,8,"{""source"": ""hybrid_u2i_comment_xgb"", ""alpha"": 0.65, ""score_u2i"": 0.8468969464302063, ""score_comment_xgb"": 0.8427309393882751}"
12,100019031805,xgb_hybrid_v1,0.8443332314491272,9,"{""source"": ""hybrid_u2i_comment_xgb"", ""alpha"": 0.65, ""score_u2i"": 0.9839275479316711, ""score_comment_xgb"": 0.5850866436958313}"
12,100230694872,xgb_hybrid_v1,0.7894266247749329,10,"{""source"": ""hybrid_u2i_comment_xgb"", ""alpha"": 0.65, ""score_u2i"": 0.7465931177139282, ""score_comment_xgb"": 0.8689746260643005}"
12,100195732408,xgb_hybrid_v1,0.7834057807922363,11,"{""source"": ""hybrid_u2i_comment_xgb"", ""alpha"": 0.65, ""score_u2i"": 0.7882734537124634, ""score_comment_xgb"": 0.7743659615516663}"
12,5475198,xgb_hybrid_v1,0.7157570123672485,12,"{""source"": ""hybrid_u2i_comment_xgb"", ""alpha"": 0.65, ""score_u2i"": 0.8893188834190369, ""score_comment_xgb"": 0.3934279978275299}"
12,100009013165,xgb_hybrid_v1,0.7063034176826477,13,"{""source"": ""hybrid_u2i_comment_xgb"", ""alpha"": 0.65, ""score_u2i"": 0.9406123757362366, ""score_comment_xgb"": 0.27115824818611145}"
12,13065559672,xgb_hybrid_v1,0.703201413154602,14,"{""source"": ""hybrid_u2i_comment_xgb"", ""alpha"": 0.65, ""score_u2i"": 0.7236453294754028, ""score_comment_xgb"": 0.6652342081069946}"
12,10037128752741,xgb_hybrid_v1,0.697053074836731,15,"{""source"": ""hybrid_u2i_comment_xgb"", ""alpha"": 0.65, ""score_u2i"": 0.8016284704208374, ""score_comment_xgb"": 0.5028416514396667}"
12,69673075023,xgb_hybrid_v1,0.6936408877372742,16,"{""source"": ""hybrid_u2i_comment_xgb"", ""alpha"": 0.65, ""score_u2i"": 0.8362259268760681, ""score_comment_xgb"": 0.4288400709629059}"
12,4246911,xgb_hybrid_v1,0.6903039813041687,17,"{""source"": ""hybrid_u2i_comment_xgb"", ""alpha"": 0.65, ""score_u2i"": 0.9846836924552917, ""score_comment_xgb"": 0.1435987800359726}"
12,100002187047,xgb_hybrid_v1,0.6453851461410522,18,"{""source"": ""hybrid_u2i_comment_xgb"", ""alpha"": 0.65, ""score_u2i"": 0.6481986045837402, ""score_comment_xgb"": 0.6401602625846863}"
12,4246893,xgb_hybrid_v1,0.6436094641685486,19,"{""source"": ""hybrid_u2i_comment_xgb"", ""alpha"": 0.65, ""score_u2i"": 0.8408724069595337, ""score_comment_xgb"": 0.27726417779922485}"
12,100112272948,xgb_hybrid_v1,0.6387937068939209,20,"{""source"": ""hybrid_u2i_comment_xgb"", ""alpha"": 0.65, ""score_u2i"": 0.5421856045722961, ""score_comment_xgb"": 0.8182088136672974}"
13,100114512933,xgb_hybrid_v1,0.9555507898330688,1,"{""source"": ""hybrid_u2i_comment_xgb"", ""alpha"": 0.65, ""score_u2i"": 0.9717439413070679, ""score_comment_xgb"": 0.9254780411720276}"
13,100154268303,xgb_hybrid_v1,0.9339584112167358,2,"{""source"": ""hybrid_u2i_comment_xgb"", ""alpha"": 0.65, ""score_u2i"": 0.9634659290313721, ""score_comment_xgb"": 0.8791588544845581}"
13,100059911987,xgb_hybrid_v1,0.9148170948028564,3,"{""source"": ""hybrid_u2i_comment_xgb"", ""alpha"": 0.65, ""score_u2i"": 0.8735167980194092, ""score_comment_xgb"": 0.9915177226066589}"
13,11819155539,xgb_hybrid_v1,0.9094192981719971,4,"{""source"": ""hybrid_u2i_comment_xgb"", ""alpha"": 0.65, ""score_u2i"": 0.9724987745285034, ""score_comment_xgb"": 0.7922716736793518}"
13,100112272948,xgb_hybrid_v1,0.8937186598777771,5,"{""source"": ""hybrid_u2i_comment_xgb"", ""alpha"": 0.65, ""score_u2i"": 0.9343778491020203, ""score_comment_xgb"": 0.8182088136672974}"
13,100215876924,xgb_hybrid_v1,0.8771179914474487,6,"{""source"": ""hybrid_u2i_comment_xgb"", ""alpha"": 0.65, ""score_u2i"": 0.8200787305831909, ""score_comment_xgb"": 0.9830480813980103}"
13,100115256936,xgb_hybrid_v1,0.8657124042510986,7,"{""source"": ""hybrid_u2i_comment_xgb"", ""alpha"": 0.65, ""score_u2i"": 0.9277786612510681, ""score_comment_xgb"": 0.750446617603302}"
13,10070360840507,xgb_hybrid_v1,0.8600231409072876,8,"{""source"": ""hybrid_u2i_comment_xgb"", ""alpha"": 0.65, ""score_u2i"": 0.8998374938964844, ""score_comment_xgb"": 0.7860822081565857}"
13,10121602694516,xgb_hybrid_v1,0.8521618843078613,9,"{""source"": ""hybrid_u2i_comment_xgb"", ""alpha"": 0.65, ""score_u2i"": 0.8323927521705627, ""score_comment_xgb"": 0.88887619972229}"
13,13065559672,xgb_hybrid_v1,0.8501084446907043,10,"{""source"": ""hybrid_u2i_comment_xgb"", ""alpha"": 0.65, ""score_u2i"": 0.9496561288833618, ""score_comment_xgb"": 0.6652342081069946}"
13,100195732408,xgb_hybrid_v1,0.8484865427017212,11,"{""source"": ""hybrid_u2i_comment_xgb"", ""alpha"": 0.65, ""score_u2i"": 0.8883976936340332, ""score_comment_xgb"": 0.7743659615516663}"
13,100071138925,xgb_hybrid_v1,0.8476096391677856,12,"{""source"": ""hybrid_u2i_comment_xgb"", ""alpha"": 0.65, ""score_u2i"": 0.8330819010734558, ""score_comment_xgb"": 0.8745898604393005}"
13,100151315926,xgb_hybrid_v1,0.8335387706756592,13,"{""source"": ""hybrid_u2i_comment_xgb"", ""alpha"": 0.65, ""score_u2i"": 0.896696150302887, ""score_comment_xgb"": 0.7162466645240784}"
13,100203000983,xgb_hybrid_v1,0.8275578022003174,14,"{""source"": ""hybrid_u2i_comment_xgb"", ""alpha"": 0.65, ""score_u2i"": 0.7388375401496887, ""score_comment_xgb"": 0.9923239946365356}"
13,100184800271,xgb_hybrid_v1,0.8014432191848755,15,"{""source"": ""hybrid_u2i_comment_xgb"", ""alpha"": 0.65, ""score_u2i"": 0.7070670127868652, ""score_comment_xgb"": 0.9767134785652161}"
13,71577466395,xgb_hybrid_v1,0.7720057964324951,16,"{""source"": ""hybrid_u2i_comment_xgb"", ""alpha"": 0.65, ""score_u2i"": 0.830048680305481, ""score_comment_xgb"": 0.6642119288444519}"
13,100019031805,xgb_hybrid_v1,0.7698472738265991,17,"{""source"": ""hybrid_u2i_comment_xgb"", ""alpha"": 0.65, ""score_u2i"": 0.8693337440490723, ""score_comment_xgb"": 0.5850866436958313}"
13,10042124137320,xgb_hybrid_v1,0.7311073541641235,18,"{""source"": ""hybrid_u2i_comment_xgb"", ""alpha"": 0.65, ""score_u2i"": 0.968257486820221, ""score_comment_xgb"": 0.29068565368652344}"
13,100136079282,xgb_hybrid_v1,0.720185399055481,19,"{""source"": ""hybrid_u2i_comment_xgb"", ""alpha"": 0.65, ""score_u2i"": 0.5995997786521912, ""score_comment_xgb"": 0.9441302418708801}"
13,11819155540,xgb_hybrid_v1,0.7060192227363586,20,"{""source"": ""hybrid_u2i_comment_xgb"", ""alpha"": 0.65, ""score_u2i"": 0.7222365736961365, ""score_comment_xgb"": 0.6759012937545776}"
14,100203000971,xgb_hybrid_v1,0.9058125019073486,1,"{""source"": ""hybrid_u2i_comment_xgb"", ""alpha"": 0.65, ""score_u2i"": 0.8562057018280029, ""score_comment_xgb"": 0.9979395270347595}"
14,100017016045,xgb_hybrid_v1,0.8321698904037476,2,"{""source"": ""hybrid_u2i_comment_xgb"", ""alpha"": 0.65, ""score_u2i"": 0.9571694135665894, ""score_comment_xgb"": 0.6000280380249023}"
14,11819155539,xgb_hybrid_v1,0.7988330125808716,3,"{""source"": ""hybrid_u2i_comment_xgb"", ""alpha"": 0.65, ""score_u2i"": 0.8023661375045776, ""score_comment_xgb"": 0.7922716736793518}"
14,10087901051820,xgb_hybrid_v1,0.7783633470535278,4,"{""source"": ""hybrid_u2i_comment_xgb"", ""alpha"": 0.65, ""score_u2i"": 0.669954240322113, ""score_comment_xgb"": 0.9796945452690125}"
14,100136079282,xgb_hybrid_v1,0.7660641670227051,5,"{""source"": ""hybrid_u2i_comment_xgb"", ""alpha"": 0.65, ""score_u2i"": 0.6701824069023132, ""score_comment_xgb"": 0.9441302418708801}"
14,10098681688567,xgb_hybrid_v1,0.7645873427391052,6,"{""source"": ""hybrid_u2i_comment_xgb"", ""alpha"": 0.65, ""score_u2i"": 0.9528220295906067, ""score_comment_xgb"": 0.41500869393348694}"
14,100114512933,xgb_hybrid_v1,0.763039767742157,7,"{""source"": ""hybrid_u2i_comment_xgb"", ""alpha"": 0.65, ""score_u2i"": 0.6755730509757996, ""score_comment_xgb"": 0.9254780411720276}"
14,100070794980,xgb_hybrid_v1,0.7619430422782898,8,"{""source"": ""hybrid_u2i_comment_xgb"", ""alpha"": 0.65, ""score_u2i"": 0.8027476072311401, ""score_comment_xgb"": 0.6861632466316223}"
14,100002187047,xgb_hybrid_v1,0.7360203266143799,9,"{""source"": ""hybrid_u2i_comment_xgb"", ""alpha"": 0.65, ""score_u2i"": 0.7876372933387756, ""score_comment_xgb"": 0.6401602625846863}"
14,5475198,xgb_hybrid_v1,0.7275838255882263,10,"{""source"": ""hybrid_u2i_comment_xgb"", ""alpha"": 0.65, ""score_u2i"": 0.9075139760971069, ""score_comment_xgb"": 0.3934279978275299}"
14,10109147342652,xgb_hybrid_v1,0.6662910580635071,11,"{""source"": ""hybrid_u2i_comment_xgb"", ""alpha"": 0.65, ""score_u2i"": 0.5240044593811035, ""score_comment_xgb"": 0.9305377006530762}"
14,10159600685389,xgb_hybrid_v1,0.6534616947174072,12,"{""source"": ""hybrid_u2i_comment_xgb"", ""alpha"": 0.65, ""score_u2i"": 0.47485774755477905, ""score_comment_xgb"": 0.9851548671722412}"
14,3409140,xgb_hybrid_v1,0.650402307510376,13,"{""source"": ""hybrid_u2i_comment_xgb"", ""alpha"": 0.65, ""score_u2i"": 0.8480225205421448, ""score_comment_xgb"": 0.28339341282844543}"
14,100064200322,xgb_hybrid_v1,0.6472645998001099,14,"{""source"": ""hybrid_u2i_comment_xgb"", ""alpha"": 0.65, ""score_u2i"": 0.5977714657783508, ""score_comment_xgb"": 0.7391803860664368}"
14,100288929442,xgb_hybrid_v1,0.6446367502212524,15,"{""source"": ""hybrid_u2i_comment_xgb"", ""alpha"": 0.65, ""score_u2i"": 0.5862635970115662, ""score_comment_xgb"": 0.7530441284179688}"
14,10212550372913,xgb_hybrid_v1,0.6430835723876953,16,"{""source"": ""hybrid_u2i_comment_xgb"", ""alpha"": 0.65, ""score_u2i"": 0.4562292993068695, ""score_comment_xgb"": 0.990098774433136}"
14,13065559672,xgb_hybrid_v1,0.6413825154304504,17,"{""source"": ""hybrid_u2i_comment_xgb"", ""alpha"": 0.65, ""score_u2i"": 0.6285393238067627, ""score_comment_xgb"": 0.6652342081069946}"
14,10037128752741,xgb_hybrid_v1,0.622207522392273,18,"{""source"": ""hybrid_u2i_comment_xgb"", ""alpha"": 0.65, ""score_u2i"": 0.6864814162254333, ""score_comment_xgb"": 0.5028416514396667}"
14,100201827671,xgb_hybrid_v1,0.6132007241249084,19,"{""source"": ""hybrid_u2i_comment_xgb"", ""alpha"": 0.65, ""score_u2i"": 0.4138292968273163, ""score_comment_xgb"": 0.9834620356559753}"
14,10132040325618,xgb_hybrid_v1,0.6074494123458862,20,"{""source"": ""hybrid_u2i_comment_xgb"", ""alpha"": 0.65, ""score_u2i"": 0.42938587069511414, ""score_comment_xgb"": 0.9381387829780579}"
15,100114512933,xgb_hybrid_v1,0.9255198240280151,1,"{""source"": ""hybrid_u2i_comment_xgb"", ""alpha"": 0.65, ""score_u2i"": 0.9255422949790955, ""score_comment_xgb"": 0.9254780411720276}"
15,100230260134,xgb_hybrid_v1,0.8538813591003418,2,"{""source"": ""hybrid_u2i_comment_xgb"", ""alpha"": 0.65, ""score_u2i"": 0.8003807067871094, ""score_comment_xgb"": 0.9532397389411926}"
15,100064200322,xgb_hybrid_v1,0.8474775552749634,3,"{""source"": ""hybrid_u2i_comment_xgb"", ""alpha"": 0.65, ""score_u2i"": 0.9057914614677429, ""score_comment_xgb"": 0.7391803860664368}"
15,100017016045,xgb_hybrid_v1,0.8463192582130432,4,"{""source"": ""hybrid_u2i_comment_xgb"", ""alpha"": 0.65, ""score_u2i"": 0.9789376854896545, ""score_comment_xgb"": 0.6000280380249023}"
15,100171913423,xgb_hybrid_v1,0.8350460529327393,5,"{""source"": ""hybrid_u2i_comment_xgb"", ""alpha"": 0.65, ""score_u2i"": 0.8726850152015686, ""score_comment_xgb"": 0.7651453018188477}"
15,100062064085,xgb_hybrid_v1,0.82487952709198,6,"{""source"": ""hybrid_u2i_comment_xgb"", ""alpha"": 0.65, ""score_u2i"": 0.7510247230529785, ""score_comment_xgb"": 0.9620385766029358}"
15,100098831534,xgb_hybrid_v1,0.8200594186782837,7,"{""source"": ""hybrid_u2i_comment_xgb"", ""alpha"": 0.65, ""score_u2i"": 0.7820454835891724, ""score_comment_xgb"": 0.8906566500663757}"
15,100203000971,xgb_hybrid_v1,0.8105384111404419,8,"{""source"": ""hybrid_u2i_comment_xgb"", ""alpha"": 0.65, ""score_u2i"": 0.7096300721168518, ""score_comment_xgb"": 0.9979395270347595}"
15,100203043497,xgb_hybrid_v1,0.8034923076629639,9,"{""source"": ""hybrid_u2i_comment_xgb"", ""alpha"": 0.65, ""score_u2i"": 0.8020992279052734, ""score_comment_xgb"": 0.806079626083374}"
15,100136079282,xgb_hybrid_v1,0.7522194981575012,10,"{""source"": ""hybrid_u2i_comment_xgb"", ""alpha"": 0.65, ""score_u2i"": 0.6488829851150513, ""score_comment_xgb"": 0.9441302418708801}"
15,100002187047,xgb_hybrid_v1,0.7517449855804443,11,"{""source"": ""hybrid_u2i_comment_xgb"", ""alpha"": 0.65, ""score_u2i"": 0.811829149723053, ""score_comment_xgb"": 0.6401602625846863}"
15,69673075023,xgb_hybrid_v1,0.7363796830177307,12,"{""source"": ""hybrid_u2i_comment_xgb"", ""alpha"": 0.65, ""score_u2i"": 0.9019779562950134, ""score_comment_xgb"": 0.4288400709629059}"
15,10042124137320,xgb_hybrid_v1,0.7320837378501892,13,"{""source"": ""hybrid_u2i_comment_xgb"", ""alpha"": 0.65, ""score_u2i"": 0.9697596430778503, ""score_comment_xgb"": 0.29068565368652344}"
15,10098681688567,xgb_hybrid_v1,0.7311758399009705,14,"{""source"": ""hybrid_u2i_comment_xgb"", ""alpha"": 0.65, ""score_u2i"": 0.9014196991920471, ""score_comment_xgb"": 0.41500869393348694}"
15,10087901051820,xgb_hybrid_v1,0.7111511826515198,15,"{""source"": ""hybrid_u2i_comment_xgb"", ""alpha"": 0.65, ""score_u2i"": 0.5665509104728699, ""score_comment_xgb"": 0.9796945452690125}"
15,13065559672,xgb_hybrid_v1,0.6820541024208069,16,"{""source"": ""hybrid_u2i_comment_xgb"", ""alpha"": 0.65, ""score_u2i"": 0.6911109685897827, ""score_comment_xgb"": 0.6652342081069946}"
15,100008164593,xgb_hybrid_v1,0.6624743342399597,17,"{""source"": ""hybrid_u2i_comment_xgb"", ""alpha"": 0.65, ""score_u2i"": 0.9240246415138245, ""score_comment_xgb"": 0.1767382025718689}"
15,100008149331,xgb_hybrid_v1,0.6564145684242249,18,"{""source"": ""hybrid_u2i_comment_xgb"", ""alpha"": 0.65, ""score_u2i"": 0.8440901041030884, ""score_comment_xgb"": 0.30787432193756104}"
15,100205817100,xgb_hybrid_v1,0.6453382968902588,19,"{""source"": ""hybrid_u2i_comment_xgb"", ""alpha"": 0.65, ""score_u2i"": 0.46370670199394226, ""score_comment_xgb"": 0.9826540946960449}"
15,10109147342652,xgb_hybrid_v1,0.6448314785957336,20,"{""source"": ""hybrid_u2i_comment_xgb"", ""alpha"": 0.65, ""score_u2i"": 0.49098968505859375, ""score_comment_xgb"": 0.9305377006530762}"
16,100114512933,xgb_hybrid_v1,0.9540194272994995,1,"{""source"": ""hybrid_u2i_comment_xgb"", ""alpha"": 0.65, ""score_u2i"": 0.9693878889083862, ""score_comment_xgb"": 0.9254780411720276}"
16,100154268303,xgb_hybrid_v1,0.9275970458984375,2,"{""source"": ""hybrid_u2i_comment_xgb"", ""alpha"": 0.65, ""score_u2i"": 0.9536792039871216, ""score_comment_xgb"": 0.8791588544845581}"
16,100215876924,xgb_hybrid_v1,0.8909841775894165,3,"{""source"": ""hybrid_u2i_comment_xgb"", ""alpha"": 0.65, ""score_u2i"": 0.8414113521575928, ""score_comment_xgb"": 0.9830480813980103}"
16,11819155539,xgb_hybrid_v1,0.8843228816986084,4,"{""source"": ""hybrid_u2i_comment_xgb"", ""alpha"": 0.65, ""score_u2i"": 0.9338890314102173, ""score_comment_xgb"": 0.7922716736793518}"
16,10121602694516,xgb_hybrid_v1,0.8518373966217041,5,"{""source"": ""hybrid_u2i_comment_xgb"", ""alpha"": 0.65, ""score_u2i"": 0.8318934440612793, ""score_comment_xgb"": 0.88887619972229}"
16,100019031805,xgb_hybrid_v1,0.8342052698135376,6,"{""source"": ""hybrid_u2i_comment_xgb"", ""alpha"": 0.65, ""score_u2i"": 0.968346118927002, ""score_comment_xgb"": 0.5850866436958313}"
16,13065559672,xgb_hybrid_v1,0.8303588032722473,7,"{""source"": ""hybrid_u2i_comment_xgb"", ""alpha"": 0.65, ""score_u2i"": 0.9192721247673035, ""score_comment_xgb"": 0.6652342081069946}"
16,100112272948,xgb_hybrid_v1,0.8243114352226257,8,"{""source"": ""hybrid_u2i_comment_xgb"", ""alpha"": 0.65, ""score_u2i"": 0.8275974988937378, ""score_comment_xgb"": 0.8182088136672974}"
16,100064200322,xgb_hybrid_v1,0.7996686697006226,9,"{""source"": ""hybrid_u2i_comment_xgb"", ""alpha"": 0.65, ""score_u2i"": 0.8322393298149109, ""score_comment_xgb"": 0.7391803860664368}"
16,100136079284,xgb_hybrid_v1,0.7973871231079102,10,"{""source"": ""hybrid_u2i_comment_xgb"", ""alpha"": 0.65, ""score_u2i"": 0.7249158620834351, ""score_comment_xgb"": 0.9319767355918884}"
16,71577466395,xgb_hybrid_v1,0.7964459657669067,11,"{""source"": ""hybrid_u2i_comment_xgb"", ""alpha"": 0.65, ""score_u2i"": 0.8676489591598511, ""score_comment_xgb"": 0.6642119288444519}"
16,100195732408,xgb_hybrid_v1,0.7882764339447021,12,"{""source"": ""hybrid_u2i_comment_xgb"", ""alpha"": 0.65, ""score_u2i"": 0.7957667708396912, ""score_comment_xgb"": 0.7743659615516663}"
16,100230694872,xgb_hybrid_v1,0.7434631586074829,13,"{""source"": ""hybrid_u2i_comment_xgb"", ""alpha"": 0.65, ""score_u2i"": 0.6758801341056824, ""score_comment_xgb"": 0.8689746260643005}"
16,10070360840507,xgb_hybrid_v1,0.7225006818771362,14,"{""source"": ""hybrid_u2i_comment_xgb"", ""alpha"": 0.65, ""score_u2i"": 0.6882645487785339, ""score_comment_xgb"": 0.7860822081565857}"
16,10042124137320,xgb_hybrid_v1,0.7109746932983398,15,"{""source"": ""hybrid_u2i_comment_xgb"", ""alpha"": 0.65, ""score_u2i"": 0.9372841715812683, ""score_comment_xgb"": 0.29068565368652344}"
16,100071138925,xgb_hybrid_v1,0.7020655870437622,16,"{""source"": ""hybrid_u2i_comment_xgb"", ""alpha"": 0.65, ""score_u2i"": 0.6091678738594055, ""score_comment_xgb"": 0.8745898604393005}"
16,100268823874,xgb_hybrid_v1,0.6976144909858704,17,"{""source"": ""hybrid_u2i_comment_xgb"", ""alpha"": 0.65, ""score_u2i"": 0.5500566363334656, ""score_comment_xgb"": 0.9716505408287048}"
16,4246911,xgb_hybrid_v1,0.6926772594451904,18,"{""source"": ""hybrid_u2i_comment_xgb"", ""alpha"": 0.65, ""score_u2i"": 0.9883348941802979, ""score_comment_xgb"": 0.1435987800359726}"
16,100002187047,xgb_hybrid_v1,0.6842972636222839,19,"{""source"": ""hybrid_u2i_comment_xgb"", ""alpha"": 0.65, ""score_u2i"": 0.7080633640289307, ""score_comment_xgb"": 0.6401602625846863}"
16,100008164593,xgb_hybrid_v1,0.6691959500312805,20,"{""source"": ""hybrid_u2i_comment_xgb"", ""alpha"": 0.65, ""score_u2i"": 0.9343655705451965, ""score_comment_xgb"": 0.1767382025718689}"
17,100114512933,xgb_hybrid_v1,0.9555507898330688,1,"{""source"": ""hybrid_u2i_comment_xgb"", ""alpha"": 0.65, ""score_u2i"": 0.9717439413070679, ""score_comment_xgb"": 0.9254780411720276}"
17,100154268303,xgb_hybrid_v1,0.9339584112167358,2,"{""source"": ""hybrid_u2i_comment_xgb"", ""alpha"": 0.65, ""score_u2i"": 0.9634659290313721, ""score_comment_xgb"": 0.8791588544845581}"
17,100059911987,xgb_hybrid_v1,0.9148170948028564,3,"{""source"": ""hybrid_u2i_comment_xgb"", ""alpha"": 0.65, ""score_u2i"": 0.8735167980194092, ""score_comment_xgb"": 0.9915177226066589}"
17,11819155539,xgb_hybrid_v1,0.9094192981719971,4,"{""source"": ""hybrid_u2i_comment_xgb"", ""alpha"": 0.65, ""score_u2i"": 0.9724987745285034, ""score_comment_xgb"": 0.7922716736793518}"
17,100112272948,xgb_hybrid_v1,0.8937186598777771,5,"{""source"": ""hybrid_u2i_comment_xgb"", ""alpha"": 0.65, ""score_u2i"": 0.9343778491020203, ""score_comment_xgb"": 0.8182088136672974}"
17,100215876924,xgb_hybrid_v1,0.8771179914474487,6,"{""source"": ""hybrid_u2i_comment_xgb"", ""alpha"": 0.65, ""score_u2i"": 0.8200787305831909, ""score_comment_xgb"": 0.9830480813980103}"
17,100115256936,xgb_hybrid_v1,0.8657124042510986,7,"{""source"": ""hybrid_u2i_comment_xgb"", ""alpha"": 0.65, ""score_u2i"": 0.9277786612510681, ""score_comment_xgb"": 0.750446617603302}"
17,10070360840507,xgb_hybrid_v1,0.8600231409072876,8,"{""source"": ""hybrid_u2i_comment_xgb"", ""alpha"": 0.65, ""score_u2i"": 0.8998374938964844, ""score_comment_xgb"": 0.7860822081565857}"
17,10121602694516,xgb_hybrid_v1,0.8521618843078613,9,"{""source"": ""hybrid_u2i_comment_xgb"", ""alpha"": 0.65, ""score_u2i"": 0.8323927521705627, ""score_comment_xgb"": 0.88887619972229}"
17,13065559672,xgb_hybrid_v1,0.8501084446907043,10,"{""source"": ""hybrid_u2i_comment_xgb"", ""alpha"": 0.65, ""score_u2i"": 0.9496561288833618, ""score_comment_xgb"": 0.6652342081069946}"
17,100195732408,xgb_hybrid_v1,0.8484865427017212,11,"{""source"": ""hybrid_u2i_comment_xgb"", ""alpha"": 0.65, ""score_u2i"": 0.8883976936340332, ""score_comment_xgb"": 0.7743659615516663}"
17,100071138925,xgb_hybrid_v1,0.8476096391677856,12,"{""source"": ""hybrid_u2i_comment_xgb"", ""alpha"": 0.65, ""score_u2i"": 0.8330819010734558, ""score_comment_xgb"": 0.8745898604393005}"
17,100151315926,xgb_hybrid_v1,0.8335387706756592,13,"{""source"": ""hybrid_u2i_comment_xgb"", ""alpha"": 0.65, ""score_u2i"": 0.896696150302887, ""score_comment_xgb"": 0.7162466645240784}"
17,100203000983,xgb_hybrid_v1,0.8275578022003174,14,"{""source"": ""hybrid_u2i_comment_xgb"", ""alpha"": 0.65, ""score_u2i"": 0.7388375401496887, ""score_comment_xgb"": 0.9923239946365356}"
17,100184800271,xgb_hybrid_v1,0.8014432191848755,15,"{""source"": ""hybrid_u2i_comment_xgb"", ""alpha"": 0.65, ""score_u2i"": 0.7070670127868652, ""score_comment_xgb"": 0.9767134785652161}"
17,71577466395,xgb_hybrid_v1,0.7720057964324951,16,"{""source"": ""hybrid_u2i_comment_xgb"", ""alpha"": 0.65, ""score_u2i"": 0.830048680305481, ""score_comment_xgb"": 0.6642119288444519}"
17,100019031805,xgb_hybrid_v1,0.7698472738265991,17,"{""source"": ""hybrid_u2i_comment_xgb"", ""alpha"": 0.65, ""score_u2i"": 0.8693337440490723, ""score_comment_xgb"": 0.5850866436958313}"
17,10042124137320,xgb_hybrid_v1,0.7311073541641235,18,"{""source"": ""hybrid_u2i_comment_xgb"", ""alpha"": 0.65, ""score_u2i"": 0.968257486820221, ""score_comment_xgb"": 0.29068565368652344}"
17,100136079282,xgb_hybrid_v1,0.720185399055481,19,"{""source"": ""hybrid_u2i_comment_xgb"", ""alpha"": 0.65, ""score_u2i"": 0.5995997786521912, ""score_comment_xgb"": 0.9441302418708801}"
17,11819155540,xgb_hybrid_v1,0.7060192227363586,20,"{""source"": ""hybrid_u2i_comment_xgb"", ""alpha"": 0.65, ""score_u2i"": 0.7222365736961365, ""score_comment_xgb"": 0.6759012937545776}"
18,13065559672,xgb_hybrid_v1,0.8589136004447937,1,"{""source"": ""hybrid_u2i_comment_xgb"", ""alpha"": 0.65, ""score_u2i"": 0.9632025361061096, ""score_comment_xgb"": 0.6652342081069946}"
18,100288929442,xgb_hybrid_v1,0.8313864469528198,2,"{""source"": ""hybrid_u2i_comment_xgb"", ""alpha"": 0.65, ""score_u2i"": 0.8735707402229309, ""score_comment_xgb"": 0.7530441284179688}"
18,100136079282,xgb_hybrid_v1,0.8286261558532715,3,"{""source"": ""hybrid_u2i_comment_xgb"", ""alpha"": 0.65, ""score_u2i"": 0.7664316296577454, ""score_comment_xgb"": 0.9441302418708801}"
18,11819155539,xgb_hybrid_v1,0.8225306272506714,4,"{""source"": ""hybrid_u2i_comment_xgb"", ""alpha"": 0.65, ""score_u2i"": 0.8388240337371826, ""score_comment_xgb"": 0.7922716736793518}"
18,100121467835,xgb_hybrid_v1,0.8172107934951782,5,"{""source"": ""hybrid_u2i_comment_xgb"", ""alpha"": 0.65, ""score_u2i"": 0.7378661632537842, ""score_comment_xgb"": 0.9645651578903198}"
18,100019031805,xgb_hybrid_v1,0.81535404920578,6,"{""source"": ""hybrid_u2i_comment_xgb"", ""alpha"": 0.65, ""score_u2i"": 0.9393442273139954, ""score_comment_xgb"": 0.5850866436958313}"
18,5475198,xgb_hybrid_v1,0.756950318813324,7,"{""source"": ""hybrid_u2i_comment_xgb"", ""alpha"": 0.65, ""score_u2i"": 0.9526931643486023, ""score_comment_xgb"": 0.3934279978275299}"
18,100154268303,xgb_hybrid_v1,0.7502631545066833,8,"{""source"": ""hybrid_u2i_comment_xgb"", ""alpha"": 0.65, ""score_u2i"": 0.6808578372001648, ""score_comment_xgb"": 0.8791588544845581}"
18,10098681688567,xgb_hybrid_v1,0.7414751648902893,9,"{""source"": ""hybrid_u2i_comment_xgb"", ""alpha"": 0.65, ""score_u2i"": 0.9172648191452026, ""score_comment_xgb"": 0.41500869393348694}"
18,10098656892439,xgb_hybrid_v1,0.6905181407928467,10,"{""source"": ""hybrid_u2i_comment_xgb"", ""alpha"": 0.65, ""score_u2i"": 0.6469979286193848, ""score_comment_xgb"": 0.7713414430618286}"
18,100154268305,xgb_hybrid_v1,0.6898762583732605,11,"{""source"": ""hybrid_u2i_comment_xgb"", ""alpha"": 0.65, ""score_u2i"": 0.8252490758895874, ""score_comment_xgb"": 0.43846961855888367}"
18,3409140,xgb_hybrid_v1,0.6891852021217346,12,"{""source"": ""hybrid_u2i_comment_xgb"", ""alpha"": 0.65, ""score_u2i"": 0.907688558101654, ""score_comment_xgb"": 0.28339341282844543}"
18,11819155538,xgb_hybrid_v1,0.6786131858825684,13,"{""source"": ""hybrid_u2i_comment_xgb"", ""alpha"": 0.65, ""score_u2i"": 0.624653697013855, ""score_comment_xgb"": 0.7788236141204834}"
18,10087901051820,xgb_hybrid_v1,0.6670033931732178,14,"{""source"": ""hybrid_u2i_comment_xgb"", ""alpha"": 0.65, ""score_u2i"": 0.4986312985420227, ""score_comment_xgb"": 0.9796945452690125}"
18,10042124137320,xgb_hybrid_v1,0.657077431678772,15,"{""source"": ""hybrid_u2i_comment_xgb"", ""alpha"": 0.65, ""score_u2i"": 0.8543652892112732, ""score_comment_xgb"": 0.29068565368652344}"
18,4246911,xgb_hybrid_v1,0.6362335681915283,16,"{""source"": ""hybrid_u2i_comment_xgb"", ""alpha"": 0.65, ""score_u2i"": 0.9014984369277954, ""score_comment_xgb"": 0.1435987800359726}"
18,100009013165,xgb_hybrid_v1,0.6283693313598633,17,"{""source"": ""hybrid_u2i_comment_xgb"", ""alpha"": 0.65, ""score_u2i"": 0.8207138180732727, ""score_comment_xgb"": 0.27115824818611145}"
18,100195732408,xgb_hybrid_v1,0.6251187324523926,18,"{""source"": ""hybrid_u2i_comment_xgb"", ""alpha"": 0.65, ""score_u2i"": 0.5447548627853394, ""score_comment_xgb"": 0.7743659615516663}"
18,100008149331,xgb_hybrid_v1,0.6239172220230103,19,"{""source"": ""hybrid_u2i_comment_xgb"", ""alpha"": 0.65, ""score_u2i"": 0.7940942049026489, ""score_comment_xgb"": 0.30787432193756104}"
18,100010077605,xgb_hybrid_v1,0.6209626197814941,20,"{""source"": ""hybrid_u2i_comment_xgb"", ""alpha"": 0.65, ""score_u2i"": 0.4243660271167755, ""score_comment_xgb"": 0.9860705733299255}"
19,100114512933,xgb_hybrid_v1,0.9640463590621948,1,"{""source"": ""hybrid_u2i_comment_xgb"", ""alpha"": 0.65, ""score_u2i"": 0.9848139882087708, ""score_comment_xgb"": 0.9254780411720276}"
19,100059911987,xgb_hybrid_v1,0.9485621452331543,2,"{""source"": ""hybrid_u2i_comment_xgb"", ""alpha"": 0.65, ""score_u2i"": 0.9254322052001953, ""score_comment_xgb"": 0.9915177226066589}"
19,100154268303,xgb_hybrid_v1,0.9417184591293335,3,"{""source"": ""hybrid_u2i_comment_xgb"", ""alpha"": 0.65, ""score_u2i"": 0.9754044413566589, ""score_comment_xgb"": 0.8791588544845581}"
19,11819155539,xgb_hybrid_v1,0.9121884107589722,4,"{""source"": ""hybrid_u2i_comment_xgb"", ""alpha"": 0.65, ""score_u2i"": 0.9767589569091797, ""score_comment_xgb"": 0.7922716736793518}"
19,10121602694516,xgb_hybrid_v1,0.9118934869766235,5,"{""source"": ""hybrid_u2i_comment_xgb"", ""alpha"": 0.65, ""score_u2i"": 0.9242874979972839, ""score_comment_xgb"": 0.88887619972229}"
19,100112272948,xgb_hybrid_v1,0.9034673571586609,6,"{""source"": ""hybrid_u2i_comment_xgb"", ""alpha"": 0.65, ""score_u2i"": 0.9493758082389832, ""score_comment_xgb"": 0.8182088136672974}"
19,100215876924,xgb_hybrid_v1,0.9010956287384033,7,"{""source"": ""hybrid_u2i_comment_xgb"", ""alpha"": 0.65, ""score_u2i"": 0.8569673895835876, ""score_comment_xgb"": 0.9830480813980103}"
19,100195732408,xgb_hybrid_v1,0.8910841941833496,8,"{""source"": ""hybrid_u2i_comment_xgb"", ""alpha"": 0.65, ""score_u2i"": 0.953932523727417, ""score_comment_xgb"": 0.7743659615516663}"
19,100184800271,xgb_hybrid_v1,0.8903204202651978,9,"{""source"": ""hybrid_u2i_comment_xgb"", ""alpha"": 0.65, ""score_u2i"": 0.8438010811805725, ""score_comment_xgb"": 0.9767134785652161}"
19,10070360840507,xgb_hybrid_v1,0.885025680065155,10,"{""source"": ""hybrid_u2i_comment_xgb"", ""alpha"": 0.65, ""score_u2i"": 0.9383029937744141, ""score_comment_xgb"": 0.7860822081565857}"
19,100071138925,xgb_hybrid_v1,0.8837848901748657,11,"{""source"": ""hybrid_u2i_comment_xgb"", ""alpha"": 0.65, ""score_u2i"": 0.8887361288070679, ""score_comment_xgb"": 0.8745898604393005}"
19,100203000983,xgb_hybrid_v1,0.8829163908958435,12,"{""source"": ""hybrid_u2i_comment_xgb"", ""alpha"": 0.65, ""score_u2i"": 0.8240046501159668, ""score_comment_xgb"": 0.9923239946365356}"
19,13065559672,xgb_hybrid_v1,0.8660677075386047,13,"{""source"": ""hybrid_u2i_comment_xgb"", ""alpha"": 0.65, ""score_u2i"": 0.9742088913917542, ""score_comment_xgb"": 0.6652342081069946}"
19,100115256936,xgb_hybrid_v1,0.8551304340362549,14,"{""source"": ""hybrid_u2i_comment_xgb"", ""alpha"": 0.65, ""score_u2i"": 0.9114986658096313, ""score_comment_xgb"": 0.750446617603302}"
19,100151315926,xgb_hybrid_v1,0.8301624059677124,15,"{""source"": ""hybrid_u2i_comment_xgb"", ""alpha"": 0.65, ""score_u2i"": 0.8915016651153564, ""score_comment_xgb"": 0.7162466645240784}"
19,100019031805,xgb_hybrid_v1,0.8162246346473694,16,"{""source"": ""hybrid_u2i_comment_xgb"", ""alpha"": 0.65, ""score_u2i"": 0.9406836032867432, ""score_comment_xgb"": 0.5850866436958313}"
19,71577466395,xgb_hybrid_v1,0.7927663326263428,17,"{""source"": ""hybrid_u2i_comment_xgb"", ""alpha"": 0.65, ""score_u2i"": 0.8619879484176636, ""score_comment_xgb"": 0.6642119288444519}"
19,100230694872,xgb_hybrid_v1,0.7902008295059204,18,"{""source"": ""hybrid_u2i_comment_xgb"", ""alpha"": 0.65, ""score_u2i"": 0.7477841973304749, ""score_comment_xgb"": 0.8689746260643005}"
19,11819155540,xgb_hybrid_v1,0.7568913102149963,19,"{""source"": ""hybrid_u2i_comment_xgb"", ""alpha"": 0.65, ""score_u2i"": 0.80050128698349, ""score_comment_xgb"": 0.6759012937545776}"
19,100000987566,xgb_hybrid_v1,0.7485824227333069,20,"{""source"": ""hybrid_u2i_comment_xgb"", ""alpha"": 0.65, ""score_u2i"": 0.849833607673645, ""score_comment_xgb"": 0.5605446100234985}"
20,100136079282,xgb_hybrid_v1,0.9578642249107361,1,"{""source"": ""hybrid_u2i_comment_xgb"", ""alpha"": 0.65, ""score_u2i"": 0.9652594923973083, ""score_comment_xgb"": 0.9441302418708801}"
20,100154268303,xgb_hybrid_v1,0.9252631068229675,2,"{""source"": ""hybrid_u2i_comment_xgb"", ""alpha"": 0.65, ""score_u2i"": 0.9500885009765625, ""score_comment_xgb"": 0.8791588544845581}"
20,100249994404,xgb_hybrid_v1,0.9238307476043701,3,"{""source"": ""hybrid_u2i_comment_xgb"", ""alpha"": 0.65, ""score_u2i"": 0.914801299571991, ""score_comment_xgb"": 0.9405998587608337}"
20,100114512933,xgb_hybrid_v1,0.9019178152084351,4,"{""source"": ""hybrid_u2i_comment_xgb"", ""alpha"": 0.65, ""score_u2i"": 0.8892315626144409, ""score_comment_xgb"": 0.9254780411720276}"
20,13065559672,xgb_hybrid_v1,0.8539630174636841,5,"{""source"": ""hybrid_u2i_comment_xgb"", ""alpha"": 0.65, ""score_u2i"": 0.9555862545967102, ""score_comment_xgb"": 0.6652342081069946}"
20,100019031805,xgb_hybrid_v1,0.8454576134681702,6,"{""source"": ""hybrid_u2i_comment_xgb"", ""alpha"": 0.65, ""score_u2i"": 0.9856573343276978, ""score_comment_xgb"": 0.5850866436958313}"
20,100216501267,xgb_hybrid_v1,0.8380846977233887,7,"{""source"": ""hybrid_u2i_comment_xgb"", ""alpha"": 0.65, ""score_u2i"": 0.7541028261184692, ""score_comment_xgb"": 0.9940510988235474}"
20,100059257824,xgb_hybrid_v1,0.801767110824585,8,"{""source"": ""hybrid_u2i_comment_xgb"", ""alpha"": 0.65, ""score_u2i"": 0.7494468688964844, ""score_comment_xgb"": 0.8989334106445312}"
20,10121602694516,xgb_hybrid_v1,0.7937854528427124,9,"{""source"": ""hybrid_u2i_comment_xgb"", ""alpha"": 0.65, ""score_u2i"": 0.7425827383995056, ""score_comment_xgb"": 0.88887619972229}"
20,5475198,xgb_hybrid_v1,0.766459584236145,10,"{""source"": ""hybrid_u2i_comment_xgb"", ""alpha"": 0.65, ""score_u2i"": 0.967322826385498, ""score_comment_xgb"": 0.3934279978275299}"
20,10098656892439,xgb_hybrid_v1,0.7533578872680664,11,"{""source"": ""hybrid_u2i_comment_xgb"", ""alpha"": 0.65, ""score_u2i"": 0.7436744570732117, ""score_comment_xgb"": 0.7713414430618286}"
20,100230694872,xgb_hybrid_v1,0.7224733829498291,12,"{""source"": ""hybrid_u2i_comment_xgb"", ""alpha"": 0.65, ""score_u2i"": 0.6435881853103638, ""score_comment_xgb"": 0.8689746260643005}"
20,100009013165,xgb_hybrid_v1,0.7103872895240784,13,"{""source"": ""hybrid_u2i_comment_xgb"", ""alpha"": 0.65, ""score_u2i"": 0.9468953013420105, ""score_comment_xgb"": 0.27115824818611145}"
20,10087901051820,xgb_hybrid_v1,0.7076643705368042,14,"{""source"": ""hybrid_u2i_comment_xgb"", ""alpha"": 0.65, ""score_u2i"": 0.5611865520477295, ""score_comment_xgb"": 0.9796945452690125}"
20,10192694267563,xgb_hybrid_v1,0.704818606376648,15,"{""source"": ""hybrid_u2i_comment_xgb"", ""alpha"": 0.65, ""score_u2i"": 0.63055819272995, ""score_comment_xgb"": 0.8427309393882751}"
20,11819155539,xgb_hybrid_v1,0.670998215675354,16,"{""source"": ""hybrid_u2i_comment_xgb"", ""alpha"": 0.65, ""score_u2i"": 0.6056971549987793, ""score_comment_xgb"": 0.7922716736793518}"
20,100136079284,xgb_hybrid_v1,0.6616933941841125,17,"{""source"": ""hybrid_u2i_comment_xgb"", ""alpha"": 0.65, ""score_u2i"": 0.5161562561988831, ""score_comment_xgb"": 0.9319767355918884}"
20,4246911,xgb_hybrid_v1,0.6602914333343506,18,"{""source"": ""hybrid_u2i_comment_xgb"", ""alpha"": 0.65, ""score_u2i"": 0.938510537147522, ""score_comment_xgb"": 0.1435987800359726}"
20,100002187045,xgb_hybrid_v1,0.652262806892395,19,"{""source"": ""hybrid_u2i_comment_xgb"", ""alpha"": 0.65, ""score_u2i"": 0.7935611605644226, ""score_comment_xgb"": 0.3898515999317169}"
20,69673075023,xgb_hybrid_v1,0.6505300998687744,20,"{""source"": ""hybrid_u2i_comment_xgb"", ""alpha"": 0.65, ""score_u2i"": 0.769901692867279, ""score_comment_xgb"": 0.4288400709629059}"
21,100136079282,xgb_hybrid_v1,0.9578642249107361,1,"{""source"": ""hybrid_u2i_comment_xgb"", ""alpha"": 0.65, ""score_u2i"": 0.9652594923973083, ""score_comment_xgb"": 0.9441302418708801}"
21,100154268303,xgb_hybrid_v1,0.9252631068229675,2,"{""source"": ""hybrid_u2i_comment_xgb"", ""alpha"": 0.65, ""score_u2i"": 0.9500885009765625, ""score_comment_xgb"": 0.8791588544845581}"
21,100249994404,xgb_hybrid_v1,0.9238307476043701,3,"{""source"": ""hybrid_u2i_comment_xgb"", ""alpha"": 0.65, ""score_u2i"": 0.914801299571991, ""score_comment_xgb"": 0.9405998587608337}"
21,100114512933,xgb_hybrid_v1,0.9019178152084351,4,"{""source"": ""hybrid_u2i_comment_xgb"", ""alpha"": 0.65, ""score_u2i"": 0.8892315626144409, ""score_comment_xgb"": 0.9254780411720276}"
21,13065559672,xgb_hybrid_v1,0.8539630174636841,5,"{""source"": ""hybrid_u2i_comment_xgb"", ""alpha"": 0.65, ""score_u2i"": 0.9555862545967102, ""score_comment_xgb"": 0.6652342081069946}"
21,100019031805,xgb_hybrid_v1,0.8454576134681702,6,"{""source"": ""hybrid_u2i_comment_xgb"", ""alpha"": 0.65, ""score_u2i"": 0.9856573343276978, ""score_comment_xgb"": 0.5850866436958313}"
21,100216501267,xgb_hybrid_v1,0.8380846977233887,7,"{""source"": ""hybrid_u2i_comment_xgb"", ""alpha"": 0.65, ""score_u2i"": 0.7541028261184692, ""score_comment_xgb"": 0.9940510988235474}"
21,100059257824,xgb_hybrid_v1,0.801767110824585,8,"{""source"": ""hybrid_u2i_comment_xgb"", ""alpha"": 0.65, ""score_u2i"": 0.7494468688964844, ""score_comment_xgb"": 0.8989334106445312}"
21,10121602694516,xgb_hybrid_v1,0.7937854528427124,9,"{""source"": ""hybrid_u2i_comment_xgb"", ""alpha"": 0.65, ""score_u2i"": 0.7425827383995056, ""score_comment_xgb"": 0.88887619972229}"
21,5475198,xgb_hybrid_v1,0.766459584236145,10,"{""source"": ""hybrid_u2i_comment_xgb"", ""alpha"": 0.65, ""score_u2i"": 0.967322826385498, ""score_comment_xgb"": 0.3934279978275299}"
21,10098656892439,xgb_hybrid_v1,0.7533578872680664,11,"{""source"": ""hybrid_u2i_comment_xgb"", ""alpha"": 0.65, ""score_u2i"": 0.7436744570732117, ""score_comment_xgb"": 0.7713414430618286}"
21,100230694872,xgb_hybrid_v1,0.7224733829498291,12,"{""source"": ""hybrid_u2i_comment_xgb"", ""alpha"": 0.65, ""score_u2i"": 0.6435881853103638, ""score_comment_xgb"": 0.8689746260643005}"
21,100009013165,xgb_hybrid_v1,0.7103872895240784,13,"{""source"": ""hybrid_u2i_comment_xgb"", ""alpha"": 0.65, ""score_u2i"": 0.9468953013420105, ""score_comment_xgb"": 0.27115824818611145}"
21,10087901051820,xgb_hybrid_v1,0.7076643705368042,14,"{""source"": ""hybrid_u2i_comment_xgb"", ""alpha"": 0.65, ""score_u2i"": 0.5611865520477295, ""score_comment_xgb"": 0.9796945452690125}"
21,10192694267563,xgb_hybrid_v1,0.704818606376648,15,"{""source"": ""hybrid_u2i_comment_xgb"", ""alpha"": 0.65, ""score_u2i"": 0.63055819272995, ""score_comment_xgb"": 0.8427309393882751}"
21,11819155539,xgb_hybrid_v1,0.670998215675354,16,"{""source"": ""hybrid_u2i_comment_xgb"", ""alpha"": 0.65, ""score_u2i"": 0.6056971549987793, ""score_comment_xgb"": 0.7922716736793518}"
21,100136079284,xgb_hybrid_v1,0.6616933941841125,17,"{""source"": ""hybrid_u2i_comment_xgb"", ""alpha"": 0.65, ""score_u2i"": 0.5161562561988831, ""score_comment_xgb"": 0.9319767355918884}"
21,4246911,xgb_hybrid_v1,0.6602914333343506,18,"{""source"": ""hybrid_u2i_comment_xgb"", ""alpha"": 0.65, ""score_u2i"": 0.938510537147522, ""score_comment_xgb"": 0.1435987800359726}"
21,100002187045,xgb_hybrid_v1,0.652262806892395,19,"{""source"": ""hybrid_u2i_comment_xgb"", ""alpha"": 0.65, ""score_u2i"": 0.7935611605644226, ""score_comment_xgb"": 0.3898515999317169}"
21,69673075023,xgb_hybrid_v1,0.6505300998687744,20,"{""source"": ""hybrid_u2i_comment_xgb"", ""alpha"": 0.65, ""score_u2i"": 0.769901692867279, ""score_comment_xgb"": 0.4288400709629059}"
22,100114512933,xgb_hybrid_v1,0.9539411067962646,1,"{""source"": ""hybrid_u2i_comment_xgb"", ""alpha"": 0.65, ""score_u2i"": 0.9692674875259399, ""score_comment_xgb"": 0.9254780411720276}"
22,100136079282,xgb_hybrid_v1,0.9504092335700989,2,"{""source"": ""hybrid_u2i_comment_xgb"", ""alpha"": 0.65, ""score_u2i"": 0.9537902474403381, ""score_comment_xgb"": 0.9441302418708801}"
22,100154268303,xgb_hybrid_v1,0.9478967785835266,3,"{""source"": ""hybrid_u2i_comment_xgb"", ""alpha"": 0.65, ""score_u2i"": 0.9849095940589905, ""score_comment_xgb"": 0.8791588544845581}"
22,100136079284,xgb_hybrid_v1,0.9215860366821289,4,"{""source"": ""hybrid_u2i_comment_xgb"", ""alpha"": 0.65, ""score_u2i"": 0.9159910678863525, ""score_comment_xgb"": 0.9319767355918884}"
22,11819155539,xgb_hybrid_v1,0.8860989809036255,5,"{""source"": ""hybrid_u2i_comment_xgb"", ""alpha"": 0.65, ""score_u2i"": 0.9366214275360107, ""score_comment_xgb"": 0.7922716736793518}"
22,100268823874,xgb_hybrid_v1,0.8599597215652466,6,"{""source"": ""hybrid_u2i_comment_xgb"", ""alpha"": 0.65, ""score_u2i"": 0.7998185157775879, ""score_comment_xgb"": 0.9716505408287048}"
22,10087901051820,xgb_hybrid_v1,0.8467367887496948,7,"{""source"": ""hybrid_u2i_comment_xgb"", ""alpha"": 0.65, ""score_u2i"": 0.7751441597938538, ""score_comment_xgb"": 0.9796945452690125}"
22,10192694267563,xgb_hybrid_v1,0.8454388380050659,8,"{""source"": ""hybrid_u2i_comment_xgb"", ""alpha"": 0.65, ""score_u2i"": 0.8468969464302063, ""score_comment_xgb"": 0.8427309393882751}"
22,100019031805,xgb_hybrid_v1,0.8443332314491272,9,"{""source"": ""hybrid_u2i_comment_xgb"", ""alpha"": 0.65, ""score_u2i"": 0.9839275479316711, ""score_comment_xgb"": 0.5850866436958313}"
22,100230694872,xgb_hybrid_v1,0.7894266247749329,10,"{""source"": ""hybrid_u2i_comment_xgb"", ""alpha"": 0.65, ""score_u2i"": 0.7465931177139282, ""score_comment_xgb"": 0.8689746260643005}"
22,100195732408,xgb_hybrid_v1,0.7834057807922363,11,"{""source"": ""hybrid_u2i_comment_xgb"", ""alpha"": 0.65, ""score_u2i"": 0.7882734537124634, ""score_comment_xgb"": 0.7743659615516663}"
22,5475198,xgb_hybrid_v1,0.7157570123672485,12,"{""source"": ""hybrid_u2i_comment_xgb"", ""alpha"": 0.65, ""score_u2i"": 0.8893188834190369, ""score_comment_xgb"": 0.3934279978275299}"
22,100009013165,xgb_hybrid_v1,0.7063034176826477,13,"{""source"": ""hybrid_u2i_comment_xgb"", ""alpha"": 0.65, ""score_u2i"": 0.9406123757362366, ""score_comment_xgb"": 0.27115824818611145}"
22,13065559672,xgb_hybrid_v1,0.703201413154602,14,"{""source"": ""hybrid_u2i_comment_xgb"", ""alpha"": 0.65, ""score_u2i"": 0.7236453294754028, ""score_comment_xgb"": 0.6652342081069946}"
22,10037128752741,xgb_hybrid_v1,0.697053074836731,15,"{""source"": ""hybrid_u2i_comment_xgb"", ""alpha"": 0.65, ""score_u2i"": 0.8016284704208374, ""score_comment_xgb"": 0.5028416514396667}"
22,69673075023,xgb_hybrid_v1,0.6936408877372742,16,"{""source"": ""hybrid_u2i_comment_xgb"", ""alpha"": 0.65, ""score_u2i"": 0.8362259268760681, ""score_comment_xgb"": 0.4288400709629059}"
22,4246911,xgb_hybrid_v1,0.6903039813041687,17,"{""source"": ""hybrid_u2i_comment_xgb"", ""alpha"": 0.65, ""score_u2i"": 0.9846836924552917, ""score_comment_xgb"": 0.1435987800359726}"
22,100002187047,xgb_hybrid_v1,0.6453851461410522,18,"{""source"": ""hybrid_u2i_comment_xgb"", ""alpha"": 0.65, ""score_u2i"": 0.6481986045837402, ""score_comment_xgb"": 0.6401602625846863}"
22,4246893,xgb_hybrid_v1,0.6436094641685486,19,"{""source"": ""hybrid_u2i_comment_xgb"", ""alpha"": 0.65, ""score_u2i"": 0.8408724069595337, ""score_comment_xgb"": 0.27726417779922485}"
22,100112272948,xgb_hybrid_v1,0.6387937068939209,20,"{""source"": ""hybrid_u2i_comment_xgb"", ""alpha"": 0.65, ""score_u2i"": 0.5421856045722961, ""score_comment_xgb"": 0.8182088136672974}"
23,100114512933,xgb_hybrid_v1,0.9555507898330688,1,"{""source"": ""hybrid_u2i_comment_xgb"", ""alpha"": 0.65, ""score_u2i"": 0.9717439413070679, ""score_comment_xgb"": 0.9254780411720276}"
23,100154268303,xgb_hybrid_v1,0.9339584112167358,2,"{""source"": ""hybrid_u2i_comment_xgb"", ""alpha"": 0.65, ""score_u2i"": 0.9634659290313721, ""score_comment_xgb"": 0.8791588544845581}"
23,100059911987,xgb_hybrid_v1,0.9148170948028564,3,"{""source"": ""hybrid_u2i_comment_xgb"", ""alpha"": 0.65, ""score_u2i"": 0.8735167980194092, ""score_comment_xgb"": 0.9915177226066589}"
23,11819155539,xgb_hybrid_v1,0.9094192981719971,4,"{""source"": ""hybrid_u2i_comment_xgb"", ""alpha"": 0.65, ""score_u2i"": 0.9724987745285034, ""score_comment_xgb"": 0.7922716736793518}"
23,100112272948,xgb_hybrid_v1,0.8937186598777771,5,"{""source"": ""hybrid_u2i_comment_xgb"", ""alpha"": 0.65, ""score_u2i"": 0.9343778491020203, ""score_comment_xgb"": 0.8182088136672974}"
23,100215876924,xgb_hybrid_v1,0.8771179914474487,6,"{""source"": ""hybrid_u2i_comment_xgb"", ""alpha"": 0.65, ""score_u2i"": 0.8200787305831909, ""score_comment_xgb"": 0.9830480813980103}"
23,100115256936,xgb_hybrid_v1,0.8657124042510986,7,"{""source"": ""hybrid_u2i_comment_xgb"", ""alpha"": 0.65, ""score_u2i"": 0.9277786612510681, ""score_comment_xgb"": 0.750446617603302}"
23,10070360840507,xgb_hybrid_v1,0.8600231409072876,8,"{""source"": ""hybrid_u2i_comment_xgb"", ""alpha"": 0.65, ""score_u2i"": 0.8998374938964844, ""score_comment_xgb"": 0.7860822081565857}"
23,10121602694516,xgb_hybrid_v1,0.8521618843078613,9,"{""source"": ""hybrid_u2i_comment_xgb"", ""alpha"": 0.65, ""score_u2i"": 0.8323927521705627, ""score_comment_xgb"": 0.88887619972229}"
23,13065559672,xgb_hybrid_v1,0.8501084446907043,10,"{""source"": ""hybrid_u2i_comment_xgb"", ""alpha"": 0.65, ""score_u2i"": 0.9496561288833618, ""score_comment_xgb"": 0.6652342081069946}"
23,100195732408,xgb_hybrid_v1,0.8484865427017212,11,"{""source"": ""hybrid_u2i_comment_xgb"", ""alpha"": 0.65, ""score_u2i"": 0.8883976936340332, ""score_comment_xgb"": 0.7743659615516663}"
23,100071138925,xgb_hybrid_v1,0.8476096391677856,12,"{""source"": ""hybrid_u2i_comment_xgb"", ""alpha"": 0.65, ""score_u2i"": 0.8330819010734558, ""score_comment_xgb"": 0.8745898604393005}"
23,100151315926,xgb_hybrid_v1,0.8335387706756592,13,"{""source"": ""hybrid_u2i_comment_xgb"", ""alpha"": 0.65, ""score_u2i"": 0.896696150302887, ""score_comment_xgb"": 0.7162466645240784}"
23,100203000983,xgb_hybrid_v1,0.8275578022003174,14,"{""source"": ""hybrid_u2i_comment_xgb"", ""alpha"": 0.65, ""score_u2i"": 0.7388375401496887, ""score_comment_xgb"": 0.9923239946365356}"
23,100184800271,xgb_hybrid_v1,0.8014432191848755,15,"{""source"": ""hybrid_u2i_comment_xgb"", ""alpha"": 0.65, ""score_u2i"": 0.7070670127868652, ""score_comment_xgb"": 0.9767134785652161}"
23,71577466395,xgb_hybrid_v1,0.7720057964324951,16,"{""source"": ""hybrid_u2i_comment_xgb"", ""alpha"": 0.65, ""score_u2i"": 0.830048680305481, ""score_comment_xgb"": 0.6642119288444519}"
23,100019031805,xgb_hybrid_v1,0.7698472738265991,17,"{""source"": ""hybrid_u2i_comment_xgb"", ""alpha"": 0.65, ""score_u2i"": 0.8693337440490723, ""score_comment_xgb"": 0.5850866436958313}"
23,10042124137320,xgb_hybrid_v1,0.7311073541641235,18,"{""source"": ""hybrid_u2i_comment_xgb"", ""alpha"": 0.65, ""score_u2i"": 0.968257486820221, ""score_comment_xgb"": 0.29068565368652344}"
23,100136079282,xgb_hybrid_v1,0.720185399055481,19,"{""source"": ""hybrid_u2i_comment_xgb"", ""alpha"": 0.65, ""score_u2i"": 0.5995997786521912, ""score_comment_xgb"": 0.9441302418708801}"
23,11819155540,xgb_hybrid_v1,0.7060192227363586,20,"{""source"": ""hybrid_u2i_comment_xgb"", ""alpha"": 0.65, ""score_u2i"": 0.7222365736961365, ""score_comment_xgb"": 0.6759012937545776}"
24,100203000971,xgb_hybrid_v1,0.9058125019073486,1,"{""source"": ""hybrid_u2i_comment_xgb"", ""alpha"": 0.65, ""score_u2i"": 0.8562057018280029, ""score_comment_xgb"": 0.9979395270347595}"
24,100017016045,xgb_hybrid_v1,0.8321698904037476,2,"{""source"": ""hybrid_u2i_comment_xgb"", ""alpha"": 0.65, ""score_u2i"": 0.9571694135665894, ""score_comment_xgb"": 0.6000280380249023}"
24,11819155539,xgb_hybrid_v1,0.7988330125808716,3,"{""source"": ""hybrid_u2i_comment_xgb"", ""alpha"": 0.65, ""score_u2i"": 0.8023661375045776, ""score_comment_xgb"": 0.7922716736793518}"
24,10087901051820,xgb_hybrid_v1,0.7783633470535278,4,"{""source"": ""hybrid_u2i_comment_xgb"", ""alpha"": 0.65, ""score_u2i"": 0.669954240322113, ""score_comment_xgb"": 0.9796945452690125}"
24,100136079282,xgb_hybrid_v1,0.7660641670227051,5,"{""source"": ""hybrid_u2i_comment_xgb"", ""alpha"": 0.65, ""score_u2i"": 0.6701824069023132, ""score_comment_xgb"": 0.9441302418708801}"
24,10098681688567,xgb_hybrid_v1,0.7645873427391052,6,"{""source"": ""hybrid_u2i_comment_xgb"", ""alpha"": 0.65, ""score_u2i"": 0.9528220295906067, ""score_comment_xgb"": 0.41500869393348694}"
24,100114512933,xgb_hybrid_v1,0.763039767742157,7,"{""source"": ""hybrid_u2i_comment_xgb"", ""alpha"": 0.65, ""score_u2i"": 0.6755730509757996, ""score_comment_xgb"": 0.9254780411720276}"
24,100070794980,xgb_hybrid_v1,0.7619430422782898,8,"{""source"": ""hybrid_u2i_comment_xgb"", ""alpha"": 0.65, ""score_u2i"": 0.8027476072311401, ""score_comment_xgb"": 0.6861632466316223}"
24,100002187047,xgb_hybrid_v1,0.7360203266143799,9,"{""source"": ""hybrid_u2i_comment_xgb"", ""alpha"": 0.65, ""score_u2i"": 0.7876372933387756, ""score_comment_xgb"": 0.6401602625846863}"
24,5475198,xgb_hybrid_v1,0.7275838255882263,10,"{""source"": ""hybrid_u2i_comment_xgb"", ""alpha"": 0.65, ""score_u2i"": 0.9075139760971069, ""score_comment_xgb"": 0.3934279978275299}"
24,10109147342652,xgb_hybrid_v1,0.6662910580635071,11,"{""source"": ""hybrid_u2i_comment_xgb"", ""alpha"": 0.65, ""score_u2i"": 0.5240044593811035, ""score_comment_xgb"": 0.9305377006530762}"
24,10159600685389,xgb_hybrid_v1,0.6534616947174072,12,"{""source"": ""hybrid_u2i_comment_xgb"", ""alpha"": 0.65, ""score_u2i"": 0.47485774755477905, ""score_comment_xgb"": 0.9851548671722412}"
24,3409140,xgb_hybrid_v1,0.650402307510376,13,"{""source"": ""hybrid_u2i_comment_xgb"", ""alpha"": 0.65, ""score_u2i"": 0.8480225205421448, ""score_comment_xgb"": 0.28339341282844543}"
24,100064200322,xgb_hybrid_v1,0.6472645998001099,14,"{""source"": ""hybrid_u2i_comment_xgb"", ""alpha"": 0.65, ""score_u2i"": 0.5977714657783508, ""score_comment_xgb"": 0.7391803860664368}"
24,100288929442,xgb_hybrid_v1,0.6446367502212524,15,"{""source"": ""hybrid_u2i_comment_xgb"", ""alpha"": 0.65, ""score_u2i"": 0.5862635970115662, ""score_comment_xgb"": 0.7530441284179688}"
24,10212550372913,xgb_hybrid_v1,0.6430835723876953,16,"{""source"": ""hybrid_u2i_comment_xgb"", ""alpha"": 0.65, ""score_u2i"": 0.4562292993068695, ""score_comment_xgb"": 0.990098774433136}"
24,13065559672,xgb_hybrid_v1,0.6413825154304504,17,"{""source"": ""hybrid_u2i_comment_xgb"", ""alpha"": 0.65, ""score_u2i"": 0.6285393238067627, ""score_comment_xgb"": 0.6652342081069946}"
24,10037128752741,xgb_hybrid_v1,0.622207522392273,18,"{""source"": ""hybrid_u2i_comment_xgb"", ""alpha"": 0.65, ""score_u2i"": 0.6864814162254333, ""score_comment_xgb"": 0.5028416514396667}"
24,100201827671,xgb_hybrid_v1,0.6132007241249084,19,"{""source"": ""hybrid_u2i_comment_xgb"", ""alpha"": 0.65, ""score_u2i"": 0.4138292968273163, ""score_comment_xgb"": 0.9834620356559753}"
24,10132040325618,xgb_hybrid_v1,0.6074494123458862,20,"{""source"": ""hybrid_u2i_comment_xgb"", ""alpha"": 0.65, ""score_u2i"": 0.42938587069511414, ""score_comment_xgb"": 0.9381387829780579}"
25,100114512933,xgb_hybrid_v1,0.9640463590621948,1,"{""source"": ""hybrid_u2i_comment_xgb"", ""alpha"": 0.65, ""score_u2i"": 0.9848139882087708, ""score_comment_xgb"": 0.9254780411720276}"
25,100059911987,xgb_hybrid_v1,0.9485621452331543,2,"{""source"": ""hybrid_u2i_comment_xgb"", ""alpha"": 0.65, ""score_u2i"": 0.9254322052001953, ""score_comment_xgb"": 0.9915177226066589}"
25,100154268303,xgb_hybrid_v1,0.9417184591293335,3,"{""source"": ""hybrid_u2i_comment_xgb"", ""alpha"": 0.65, ""score_u2i"": 0.9754044413566589, ""score_comment_xgb"": 0.8791588544845581}"
25,11819155539,xgb_hybrid_v1,0.9121884107589722,4,"{""source"": ""hybrid_u2i_comment_xgb"", ""alpha"": 0.65, ""score_u2i"": 0.9767589569091797, ""score_comment_xgb"": 0.7922716736793518}"
25,10121602694516,xgb_hybrid_v1,0.9118934869766235,5,"{""source"": ""hybrid_u2i_comment_xgb"", ""alpha"": 0.65, ""score_u2i"": 0.9242874979972839, ""score_comment_xgb"": 0.88887619972229}"
25,100112272948,xgb_hybrid_v1,0.9034673571586609,6,"{""source"": ""hybrid_u2i_comment_xgb"", ""alpha"": 0.65, ""score_u2i"": 0.9493758082389832, ""score_comment_xgb"": 0.8182088136672974}"
25,100215876924,xgb_hybrid_v1,0.9010956287384033,7,"{""source"": ""hybrid_u2i_comment_xgb"", ""alpha"": 0.65, ""score_u2i"": 0.8569673895835876, ""score_comment_xgb"": 0.9830480813980103}"
25,100195732408,xgb_hybrid_v1,0.8910841941833496,8,"{""source"": ""hybrid_u2i_comment_xgb"", ""alpha"": 0.65, ""score_u2i"": 0.953932523727417, ""score_comment_xgb"": 0.7743659615516663}"
25,100184800271,xgb_hybrid_v1,0.8903204202651978,9,"{""source"": ""hybrid_u2i_comment_xgb"", ""alpha"": 0.65, ""score_u2i"": 0.8438010811805725, ""score_comment_xgb"": 0.9767134785652161}"
25,10070360840507,xgb_hybrid_v1,0.885025680065155,10,"{""source"": ""hybrid_u2i_comment_xgb"", ""alpha"": 0.65, ""score_u2i"": 0.9383029937744141, ""score_comment_xgb"": 0.7860822081565857}"
25,100071138925,xgb_hybrid_v1,0.8837848901748657,11,"{""source"": ""hybrid_u2i_comment_xgb"", ""alpha"": 0.65, ""score_u2i"": 0.8887361288070679, ""score_comment_xgb"": 0.8745898604393005}"
25,100203000983,xgb_hybrid_v1,0.8829163908958435,12,"{""source"": ""hybrid_u2i_comment_xgb"", ""alpha"": 0.65, ""score_u2i"": 0.8240046501159668, ""score_comment_xgb"": 0.9923239946365356}"
25,13065559672,xgb_hybrid_v1,0.8660677075386047,13,"{""source"": ""hybrid_u2i_comment_xgb"", ""alpha"": 0.65, ""score_u2i"": 0.9742088913917542, ""score_comment_xgb"": 0.6652342081069946}"
25,100115256936,xgb_hybrid_v1,0.8551304340362549,14,"{""source"": ""hybrid_u2i_comment_xgb"", ""alpha"": 0.65, ""score_u2i"": 0.9114986658096313, ""score_comment_xgb"": 0.750446617603302}"
25,100151315926,xgb_hybrid_v1,0.8301624059677124,15,"{""source"": ""hybrid_u2i_comment_xgb"", ""alpha"": 0.65, ""score_u2i"": 0.8915016651153564, ""score_comment_xgb"": 0.7162466645240784}"
25,100019031805,xgb_hybrid_v1,0.8162246346473694,16,"{""source"": ""hybrid_u2i_comment_xgb"", ""alpha"": 0.65, ""score_u2i"": 0.9406836032867432, ""score_comment_xgb"": 0.5850866436958313}"
25,71577466395,xgb_hybrid_v1,0.7927663326263428,17,"{""source"": ""hybrid_u2i_comment_xgb"", ""alpha"": 0.65, ""score_u2i"": 0.8619879484176636, ""score_comment_xgb"": 0.6642119288444519}"
25,100230694872,xgb_hybrid_v1,0.7902008295059204,18,"{""source"": ""hybrid_u2i_comment_xgb"", ""alpha"": 0.65, ""score_u2i"": 0.7477841973304749, ""score_comment_xgb"": 0.8689746260643005}"
25,11819155540,xgb_hybrid_v1,0.7568913102149963,19,"{""source"": ""hybrid_u2i_comment_xgb"", ""alpha"": 0.65, ""score_u2i"": 0.80050128698349, ""score_comment_xgb"": 0.6759012937545776}"
25,100000987566,xgb_hybrid_v1,0.7485824227333069,20,"{""source"": ""hybrid_u2i_comment_xgb"", ""alpha"": 0.65, ""score_u2i"": 0.849833607673645, ""score_comment_xgb"": 0.5605446100234985}"
26,100114512933,xgb_hybrid_v1,0.9540194272994995,1,"{""source"": ""hybrid_u2i_comment_xgb"", ""alpha"": 0.65, ""score_u2i"": 0.9693878889083862, ""score_comment_xgb"": 0.9254780411720276}"
26,100154268303,xgb_hybrid_v1,0.9275970458984375,2,"{""source"": ""hybrid_u2i_comment_xgb"", ""alpha"": 0.65, ""score_u2i"": 0.9536792039871216, ""score_comment_xgb"": 0.8791588544845581}"
26,100215876924,xgb_hybrid_v1,0.8909841775894165,3,"{""source"": ""hybrid_u2i_comment_xgb"", ""alpha"": 0.65, ""score_u2i"": 0.8414113521575928, ""score_comment_xgb"": 0.9830480813980103}"
26,11819155539,xgb_hybrid_v1,0.8843228816986084,4,"{""source"": ""hybrid_u2i_comment_xgb"", ""alpha"": 0.65, ""score_u2i"": 0.9338890314102173, ""score_comment_xgb"": 0.7922716736793518}"
26,10121602694516,xgb_hybrid_v1,0.8518373966217041,5,"{""source"": ""hybrid_u2i_comment_xgb"", ""alpha"": 0.65, ""score_u2i"": 0.8318934440612793, ""score_comment_xgb"": 0.88887619972229}"
26,100019031805,xgb_hybrid_v1,0.8342052698135376,6,"{""source"": ""hybrid_u2i_comment_xgb"", ""alpha"": 0.65, ""score_u2i"": 0.968346118927002, ""score_comment_xgb"": 0.5850866436958313}"
26,13065559672,xgb_hybrid_v1,0.8303588032722473,7,"{""source"": ""hybrid_u2i_comment_xgb"", ""alpha"": 0.65, ""score_u2i"": 0.9192721247673035, ""score_comment_xgb"": 0.6652342081069946}"
26,100112272948,xgb_hybrid_v1,0.8243114352226257,8,"{""source"": ""hybrid_u2i_comment_xgb"", ""alpha"": 0.65, ""score_u2i"": 0.8275974988937378, ""score_comment_xgb"": 0.8182088136672974}"
26,100064200322,xgb_hybrid_v1,0.7996686697006226,9,"{""source"": ""hybrid_u2i_comment_xgb"", ""alpha"": 0.65, ""score_u2i"": 0.8322393298149109, ""score_comment_xgb"": 0.7391803860664368}"
26,100136079284,xgb_hybrid_v1,0.7973871231079102,10,"{""source"": ""hybrid_u2i_comment_xgb"", ""alpha"": 0.65, ""score_u2i"": 0.7249158620834351, ""score_comment_xgb"": 0.9319767355918884}"
26,71577466395,xgb_hybrid_v1,0.7964459657669067,11,"{""source"": ""hybrid_u2i_comment_xgb"", ""alpha"": 0.65, ""score_u2i"": 0.8676489591598511, ""score_comment_xgb"": 0.6642119288444519}"
26,100195732408,xgb_hybrid_v1,0.7882764339447021,12,"{""source"": ""hybrid_u2i_comment_xgb"", ""alpha"": 0.65, ""score_u2i"": 0.7957667708396912, ""score_comment_xgb"": 0.7743659615516663}"
26,100230694872,xgb_hybrid_v1,0.7434631586074829,13,"{""source"": ""hybrid_u2i_comment_xgb"", ""alpha"": 0.65, ""score_u2i"": 0.6758801341056824, ""score_comment_xgb"": 0.8689746260643005}"
26,10070360840507,xgb_hybrid_v1,0.7225006818771362,14,"{""source"": ""hybrid_u2i_comment_xgb"", ""alpha"": 0.65, ""score_u2i"": 0.6882645487785339, ""score_comment_xgb"": 0.7860822081565857}"
26,10042124137320,xgb_hybrid_v1,0.7109746932983398,15,"{""source"": ""hybrid_u2i_comment_xgb"", ""alpha"": 0.65, ""score_u2i"": 0.9372841715812683, ""score_comment_xgb"": 0.29068565368652344}"
26,100071138925,xgb_hybrid_v1,0.7020655870437622,16,"{""source"": ""hybrid_u2i_comment_xgb"", ""alpha"": 0.65, ""score_u2i"": 0.6091678738594055, ""score_comment_xgb"": 0.8745898604393005}"
26,100268823874,xgb_hybrid_v1,0.6976144909858704,17,"{""source"": ""hybrid_u2i_comment_xgb"", ""alpha"": 0.65, ""score_u2i"": 0.5500566363334656, ""score_comment_xgb"": 0.9716505408287048}"
26,4246911,xgb_hybrid_v1,0.6926772594451904,18,"{""source"": ""hybrid_u2i_comment_xgb"", ""alpha"": 0.65, ""score_u2i"": 0.9883348941802979, ""score_comment_xgb"": 0.1435987800359726}"
26,100002187047,xgb_hybrid_v1,0.6842972636222839,19,"{""source"": ""hybrid_u2i_comment_xgb"", ""alpha"": 0.65, ""score_u2i"": 0.7080633640289307, ""score_comment_xgb"": 0.6401602625846863}"
26,100008164593,xgb_hybrid_v1,0.6691959500312805,20,"{""source"": ""hybrid_u2i_comment_xgb"", ""alpha"": 0.65, ""score_u2i"": 0.9343655705451965, ""score_comment_xgb"": 0.1767382025718689}"
27,100136079282,xgb_hybrid_v1,0.9578642249107361,1,"{""source"": ""hybrid_u2i_comment_xgb"", ""alpha"": 0.65, ""score_u2i"": 0.9652594923973083, ""score_comment_xgb"": 0.9441302418708801}"
27,100154268303,xgb_hybrid_v1,0.9252631068229675,2,"{""source"": ""hybrid_u2i_comment_xgb"", ""alpha"": 0.65, ""score_u2i"": 0.9500885009765625, ""score_comment_xgb"": 0.8791588544845581}"
27,100249994404,xgb_hybrid_v1,0.9238307476043701,3,"{""source"": ""hybrid_u2i_comment_xgb"", ""alpha"": 0.65, ""score_u2i"": 0.914801299571991, ""score_comment_xgb"": 0.9405998587608337}"
27,100114512933,xgb_hybrid_v1,0.9019178152084351,4,"{""source"": ""hybrid_u2i_comment_xgb"", ""alpha"": 0.65, ""score_u2i"": 0.8892315626144409, ""score_comment_xgb"": 0.9254780411720276}"
27,13065559672,xgb_hybrid_v1,0.8539630174636841,5,"{""source"": ""hybrid_u2i_comment_xgb"", ""alpha"": 0.65, ""score_u2i"": 0.9555862545967102, ""score_comment_xgb"": 0.6652342081069946}"
27,100019031805,xgb_hybrid_v1,0.8454576134681702,6,"{""source"": ""hybrid_u2i_comment_xgb"", ""alpha"": 0.65, ""score_u2i"": 0.9856573343276978, ""score_comment_xgb"": 0.5850866436958313}"
27,100216501267,xgb_hybrid_v1,0.8380846977233887,7,"{""source"": ""hybrid_u2i_comment_xgb"", ""alpha"": 0.65, ""score_u2i"": 0.7541028261184692, ""score_comment_xgb"": 0.9940510988235474}"
27,100059257824,xgb_hybrid_v1,0.801767110824585,8,"{""source"": ""hybrid_u2i_comment_xgb"", ""alpha"": 0.65, ""score_u2i"": 0.7494468688964844, ""score_comment_xgb"": 0.8989334106445312}"
27,10121602694516,xgb_hybrid_v1,0.7937854528427124,9,"{""source"": ""hybrid_u2i_comment_xgb"", ""alpha"": 0.65, ""score_u2i"": 0.7425827383995056, ""score_comment_xgb"": 0.88887619972229}"
27,5475198,xgb_hybrid_v1,0.766459584236145,10,"{""source"": ""hybrid_u2i_comment_xgb"", ""alpha"": 0.65, ""score_u2i"": 0.967322826385498, ""score_comment_xgb"": 0.3934279978275299}"
27,10098656892439,xgb_hybrid_v1,0.7533578872680664,11,"{""source"": ""hybrid_u2i_comment_xgb"", ""alpha"": 0.65, ""score_u2i"": 0.7436744570732117, ""score_comment_xgb"": 0.7713414430618286}"
27,100230694872,xgb_hybrid_v1,0.7224733829498291,12,"{""source"": ""hybrid_u2i_comment_xgb"", ""alpha"": 0.65, ""score_u2i"": 0.6435881853103638, ""score_comment_xgb"": 0.8689746260643005}"
27,100009013165,xgb_hybrid_v1,0.7103872895240784,13,"{""source"": ""hybrid_u2i_comment_xgb"", ""alpha"": 0.65, ""score_u2i"": 0.9468953013420105, ""score_comment_xgb"": 0.27115824818611145}"
27,10087901051820,xgb_hybrid_v1,0.7076643705368042,14,"{""source"": ""hybrid_u2i_comment_xgb"", ""alpha"": 0.65, ""score_u2i"": 0.5611865520477295, ""score_comment_xgb"": 0.9796945452690125}"
27,10192694267563,xgb_hybrid_v1,0.704818606376648,15,"{""source"": ""hybrid_u2i_comment_xgb"", ""alpha"": 0.65, ""score_u2i"": 0.63055819272995, ""score_comment_xgb"": 0.8427309393882751}"
27,11819155539,xgb_hybrid_v1,0.670998215675354,16,"{""source"": ""hybrid_u2i_comment_xgb"", ""alpha"": 0.65, ""score_u2i"": 0.6056971549987793, ""score_comment_xgb"": 0.7922716736793518}"
27,100136079284,xgb_hybrid_v1,0.6616933941841125,17,"{""source"": ""hybrid_u2i_comment_xgb"", ""alpha"": 0.65, ""score_u2i"": 0.5161562561988831, ""score_comment_xgb"": 0.9319767355918884}"
27,4246911,xgb_hybrid_v1,0.6602914333343506,18,"{""source"": ""hybrid_u2i_comment_xgb"", ""alpha"": 0.65, ""score_u2i"": 0.938510537147522, ""score_comment_xgb"": 0.1435987800359726}"
27,100002187045,xgb_hybrid_v1,0.652262806892395,19,"{""source"": ""hybrid_u2i_comment_xgb"", ""alpha"": 0.65, ""score_u2i"": 0.7935611605644226, ""score_comment_xgb"": 0.3898515999317169}"
27,69673075023,xgb_hybrid_v1,0.6505300998687744,20,"{""source"": ""hybrid_u2i_comment_xgb"", ""alpha"": 0.65, ""score_u2i"": 0.769901692867279, ""score_comment_xgb"": 0.4288400709629059}"
28,100114512933,xgb_hybrid_v1,0.9539411067962646,1,"{""source"": ""hybrid_u2i_comment_xgb"", ""alpha"": 0.65, ""score_u2i"": 0.9692674875259399, ""score_comment_xgb"": 0.9254780411720276}"
28,100136079282,xgb_hybrid_v1,0.9504092335700989,2,"{""source"": ""hybrid_u2i_comment_xgb"", ""alpha"": 0.65, ""score_u2i"": 0.9537902474403381, ""score_comment_xgb"": 0.9441302418708801}"
28,100154268303,xgb_hybrid_v1,0.9478967785835266,3,"{""source"": ""hybrid_u2i_comment_xgb"", ""alpha"": 0.65, ""score_u2i"": 0.9849095940589905, ""score_comment_xgb"": 0.8791588544845581}"
28,100136079284,xgb_hybrid_v1,0.9215860366821289,4,"{""source"": ""hybrid_u2i_comment_xgb"", ""alpha"": 0.65, ""score_u2i"": 0.9159910678863525, ""score_comment_xgb"": 0.9319767355918884}"
28,11819155539,xgb_hybrid_v1,0.8860989809036255,5,"{""source"": ""hybrid_u2i_comment_xgb"", ""alpha"": 0.65, ""score_u2i"": 0.9366214275360107, ""score_comment_xgb"": 0.7922716736793518}"
28,100268823874,xgb_hybrid_v1,0.8599597215652466,6,"{""source"": ""hybrid_u2i_comment_xgb"", ""alpha"": 0.65, ""score_u2i"": 0.7998185157775879, ""score_comment_xgb"": 0.9716505408287048}"
28,10087901051820,xgb_hybrid_v1,0.8467367887496948,7,"{""source"": ""hybrid_u2i_comment_xgb"", ""alpha"": 0.65, ""score_u2i"": 0.7751441597938538, ""score_comment_xgb"": 0.9796945452690125}"
28,10192694267563,xgb_hybrid_v1,0.8454388380050659,8,"{""source"": ""hybrid_u2i_comment_xgb"", ""alpha"": 0.65, ""score_u2i"": 0.8468969464302063, ""score_comment_xgb"": 0.8427309393882751}"
28,100019031805,xgb_hybrid_v1,0.8443332314491272,9,"{""source"": ""hybrid_u2i_comment_xgb"", ""alpha"": 0.65, ""score_u2i"": 0.9839275479316711, ""score_comment_xgb"": 0.5850866436958313}"
28,100230694872,xgb_hybrid_v1,0.7894266247749329,10,"{""source"": ""hybrid_u2i_comment_xgb"", ""alpha"": 0.65, ""score_u2i"": 0.7465931177139282, ""score_comment_xgb"": 0.8689746260643005}"
28,100195732408,xgb_hybrid_v1,0.7834057807922363,11,"{""source"": ""hybrid_u2i_comment_xgb"", ""alpha"": 0.65, ""score_u2i"": 0.7882734537124634, ""score_comment_xgb"": 0.7743659615516663}"
28,5475198,xgb_hybrid_v1,0.7157570123672485,12,"{""source"": ""hybrid_u2i_comment_xgb"", ""alpha"": 0.65, ""score_u2i"": 0.8893188834190369, ""score_comment_xgb"": 0.3934279978275299}"
28,100009013165,xgb_hybrid_v1,0.7063034176826477,13,"{""source"": ""hybrid_u2i_comment_xgb"", ""alpha"": 0.65, ""score_u2i"": 0.9406123757362366, ""score_comment_xgb"": 0.27115824818611145}"
28,13065559672,xgb_hybrid_v1,0.703201413154602,14,"{""source"": ""hybrid_u2i_comment_xgb"", ""alpha"": 0.65, ""score_u2i"": 0.7236453294754028, ""score_comment_xgb"": 0.6652342081069946}"
28,10037128752741,xgb_hybrid_v1,0.697053074836731,15,"{""source"": ""hybrid_u2i_comment_xgb"", ""alpha"": 0.65, ""score_u2i"": 0.8016284704208374, ""score_comment_xgb"": 0.5028416514396667}"
28,69673075023,xgb_hybrid_v1,0.6936408877372742,16,"{""source"": ""hybrid_u2i_comment_xgb"", ""alpha"": 0.65, ""score_u2i"": 0.8362259268760681, ""score_comment_xgb"": 0.4288400709629059}"
28,4246911,xgb_hybrid_v1,0.6903039813041687,17,"{""source"": ""hybrid_u2i_comment_xgb"", ""alpha"": 0.65, ""score_u2i"": 0.9846836924552917, ""score_comment_xgb"": 0.1435987800359726}"
28,100002187047,xgb_hybrid_v1,0.6453851461410522,18,"{""source"": ""hybrid_u2i_comment_xgb"", ""alpha"": 0.65, ""score_u2i"": 0.6481986045837402, ""score_comment_xgb"": 0.6401602625846863}"
28,4246893,xgb_hybrid_v1,0.6436094641685486,19,"{""source"": ""hybrid_u2i_comment_xgb"", ""alpha"": 0.65, ""score_u2i"": 0.8408724069595337, ""score_comment_xgb"": 0.27726417779922485}"
28,100112272948,xgb_hybrid_v1,0.6387937068939209,20,"{""source"": ""hybrid_u2i_comment_xgb"", ""alpha"": 0.65, ""score_u2i"": 0.5421856045722961, ""score_comment_xgb"": 0.8182088136672974}"
29,100203000971,xgb_hybrid_v1,0.9058125019073486,1,"{""source"": ""hybrid_u2i_comment_xgb"", ""alpha"": 0.65, ""score_u2i"": 0.8562057018280029, ""score_comment_xgb"": 0.9979395270347595}"
29,100017016045,xgb_hybrid_v1,0.8321698904037476,2,"{""source"": ""hybrid_u2i_comment_xgb"", ""alpha"": 0.65, ""score_u2i"": 0.9571694135665894, ""score_comment_xgb"": 0.6000280380249023}"
29,11819155539,xgb_hybrid_v1,0.7988330125808716,3,"{""source"": ""hybrid_u2i_comment_xgb"", ""alpha"": 0.65, ""score_u2i"": 0.8023661375045776, ""score_comment_xgb"": 0.7922716736793518}"
29,10087901051820,xgb_hybrid_v1,0.7783633470535278,4,"{""source"": ""hybrid_u2i_comment_xgb"", ""alpha"": 0.65, ""score_u2i"": 0.669954240322113, ""score_comment_xgb"": 0.9796945452690125}"
29,100136079282,xgb_hybrid_v1,0.7660641670227051,5,"{""source"": ""hybrid_u2i_comment_xgb"", ""alpha"": 0.65, ""score_u2i"": 0.6701824069023132, ""score_comment_xgb"": 0.9441302418708801}"
29,10098681688567,xgb_hybrid_v1,0.7645873427391052,6,"{""source"": ""hybrid_u2i_comment_xgb"", ""alpha"": 0.65, ""score_u2i"": 0.9528220295906067, ""score_comment_xgb"": 0.41500869393348694}"
29,100114512933,xgb_hybrid_v1,0.763039767742157,7,"{""source"": ""hybrid_u2i_comment_xgb"", ""alpha"": 0.65, ""score_u2i"": 0.6755730509757996, ""score_comment_xgb"": 0.9254780411720276}"
29,100070794980,xgb_hybrid_v1,0.7619430422782898,8,"{""source"": ""hybrid_u2i_comment_xgb"", ""alpha"": 0.65, ""score_u2i"": 0.8027476072311401, ""score_comment_xgb"": 0.6861632466316223}"
29,100002187047,xgb_hybrid_v1,0.7360203266143799,9,"{""source"": ""hybrid_u2i_comment_xgb"", ""alpha"": 0.65, ""score_u2i"": 0.7876372933387756, ""score_comment_xgb"": 0.6401602625846863}"
29,5475198,xgb_hybrid_v1,0.7275838255882263,10,"{""source"": ""hybrid_u2i_comment_xgb"", ""alpha"": 0.65, ""score_u2i"": 0.9075139760971069, ""score_comment_xgb"": 0.3934279978275299}"
29,10109147342652,xgb_hybrid_v1,0.6662910580635071,11,"{""source"": ""hybrid_u2i_comment_xgb"", ""alpha"": 0.65, ""score_u2i"": 0.5240044593811035, ""score_comment_xgb"": 0.9305377006530762}"
29,10159600685389,xgb_hybrid_v1,0.6534616947174072,12,"{""source"": ""hybrid_u2i_comment_xgb"", ""alpha"": 0.65, ""score_u2i"": 0.47485774755477905, ""score_comment_xgb"": 0.9851548671722412}"
29,3409140,xgb_hybrid_v1,0.650402307510376,13,"{""source"": ""hybrid_u2i_comment_xgb"", ""alpha"": 0.65, ""score_u2i"": 0.8480225205421448, ""score_comment_xgb"": 0.28339341282844543}"
29,100064200322,xgb_hybrid_v1,0.6472645998001099,14,"{""source"": ""hybrid_u2i_comment_xgb"", ""alpha"": 0.65, ""score_u2i"": 0.5977714657783508, ""score_comment_xgb"": 0.7391803860664368}"
29,100288929442,xgb_hybrid_v1,0.6446367502212524,15,"{""source"": ""hybrid_u2i_comment_xgb"", ""alpha"": 0.65, ""score_u2i"": 0.5862635970115662, ""score_comment_xgb"": 0.7530441284179688}"
29,10212550372913,xgb_hybrid_v1,0.6430835723876953,16,"{""source"": ""hybrid_u2i_comment_xgb"", ""alpha"": 0.65, ""score_u2i"": 0.4562292993068695, ""score_comment_xgb"": 0.990098774433136}"
29,13065559672,xgb_hybrid_v1,0.6413825154304504,17,"{""source"": ""hybrid_u2i_comment_xgb"", ""alpha"": 0.65, ""score_u2i"": 0.6285393238067627, ""score_comment_xgb"": 0.6652342081069946}"
29,10037128752741,xgb_hybrid_v1,0.622207522392273,18,"{""source"": ""hybrid_u2i_comment_xgb"", ""alpha"": 0.65, ""score_u2i"": 0.6864814162254333, ""score_comment_xgb"": 0.5028416514396667}"
29,100201827671,xgb_hybrid_v1,0.6132007241249084,19,"{""source"": ""hybrid_u2i_comment_xgb"", ""alpha"": 0.65, ""score_u2i"": 0.4138292968273163, ""score_comment_xgb"": 0.9834620356559753}"
29,10132040325618,xgb_hybrid_v1,0.6074494123458862,20,"{""source"": ""hybrid_u2i_comment_xgb"", ""alpha"": 0.65, ""score_u2i"": 0.42938587069511414, ""score_comment_xgb"": 0.9381387829780579}"
30,100114512933,xgb_hybrid_v1,0.9539411067962646,1,"{""source"": ""hybrid_u2i_comment_xgb"", ""alpha"": 0.65, ""score_u2i"": 0.9692674875259399, ""score_comment_xgb"": 0.9254780411720276}"
30,100136079282,xgb_hybrid_v1,0.9504092335700989,2,"{""source"": ""hybrid_u2i_comment_xgb"", ""alpha"": 0.65, ""score_u2i"": 0.9537902474403381, ""score_comment_xgb"": 0.9441302418708801}"
30,100154268303,xgb_hybrid_v1,0.9478967785835266,3,"{""source"": ""hybrid_u2i_comment_xgb"", ""alpha"": 0.65, ""score_u2i"": 0.9849095940589905, ""score_comment_xgb"": 0.8791588544845581}"
30,100136079284,xgb_hybrid_v1,0.9215860366821289,4,"{""source"": ""hybrid_u2i_comment_xgb"", ""alpha"": 0.65, ""score_u2i"": 0.9159910678863525, ""score_comment_xgb"": 0.9319767355918884}"
30,11819155539,xgb_hybrid_v1,0.8860989809036255,5,"{""source"": ""hybrid_u2i_comment_xgb"", ""alpha"": 0.65, ""score_u2i"": 0.9366214275360107, ""score_comment_xgb"": 0.7922716736793518}"
30,100268823874,xgb_hybrid_v1,0.8599597215652466,6,"{""source"": ""hybrid_u2i_comment_xgb"", ""alpha"": 0.65, ""score_u2i"": 0.7998185157775879, ""score_comment_xgb"": 0.9716505408287048}"
30,10087901051820,xgb_hybrid_v1,0.8467367887496948,7,"{""source"": ""hybrid_u2i_comment_xgb"", ""alpha"": 0.65, ""score_u2i"": 0.7751441597938538, ""score_comment_xgb"": 0.9796945452690125}"
30,10192694267563,xgb_hybrid_v1,0.8454388380050659,8,"{""source"": ""hybrid_u2i_comment_xgb"", ""alpha"": 0.65, ""score_u2i"": 0.8468969464302063, ""score_comment_xgb"": 0.8427309393882751}"
30,100019031805,xgb_hybrid_v1,0.8443332314491272,9,"{""source"": ""hybrid_u2i_comment_xgb"", ""alpha"": 0.65, ""score_u2i"": 0.9839275479316711, ""score_comment_xgb"": 0.5850866436958313}"
30,100230694872,xgb_hybrid_v1,0.7894266247749329,10,"{""source"": ""hybrid_u2i_comment_xgb"", ""alpha"": 0.65, ""score_u2i"": 0.7465931177139282, ""score_comment_xgb"": 0.8689746260643005}"
30,100195732408,xgb_hybrid_v1,0.7834057807922363,11,"{""source"": ""hybrid_u2i_comment_xgb"", ""alpha"": 0.65, ""score_u2i"": 0.7882734537124634, ""score_comment_xgb"": 0.7743659615516663}"
30,5475198,xgb_hybrid_v1,0.7157570123672485,12,"{""source"": ""hybrid_u2i_comment_xgb"", ""alpha"": 0.65, ""score_u2i"": 0.8893188834190369, ""score_comment_xgb"": 0.3934279978275299}"
30,100009013165,xgb_hybrid_v1,0.7063034176826477,13,"{""source"": ""hybrid_u2i_comment_xgb"", ""alpha"": 0.65, ""score_u2i"": 0.9406123757362366, ""score_comment_xgb"": 0.27115824818611145}"
30,13065559672,xgb_hybrid_v1,0.703201413154602,14,"{""source"": ""hybrid_u2i_comment_xgb"", ""alpha"": 0.65, ""score_u2i"": 0.7236453294754028, ""score_comment_xgb"": 0.6652342081069946}"
30,10037128752741,xgb_hybrid_v1,0.697053074836731,15,"{""source"": ""hybrid_u2i_comment_xgb"", ""alpha"": 0.65, ""score_u2i"": 0.8016284704208374, ""score_comment_xgb"": 0.5028416514396667}"
30,69673075023,xgb_hybrid_v1,0.6936408877372742,16,"{""source"": ""hybrid_u2i_comment_xgb"", ""alpha"": 0.65, ""score_u2i"": 0.8362259268760681, ""score_comment_xgb"": 0.4288400709629059}"
30,4246911,xgb_hybrid_v1,0.6903039813041687,17,"{""source"": ""hybrid_u2i_comment_xgb"", ""alpha"": 0.65, ""score_u2i"": 0.9846836924552917, ""score_comment_xgb"": 0.1435987800359726}"
30,100002187047,xgb_hybrid_v1,0.6453851461410522,18,"{""source"": ""hybrid_u2i_comment_xgb"", ""alpha"": 0.65, ""score_u2i"": 0.6481986045837402, ""score_comment_xgb"": 0.6401602625846863}"
30,4246893,xgb_hybrid_v1,0.6436094641685486,19,"{""source"": ""hybrid_u2i_comment_xgb"", ""alpha"": 0.65, ""score_u2i"": 0.8408724069595337, ""score_comment_xgb"": 0.27726417779922485}"
30,100112272948,xgb_hybrid_v1,0.6387937068939209,20,"{""source"": ""hybrid_u2i_comment_xgb"", ""alpha"": 0.65, ""score_u2i"": 0.5421856045722961, ""score_comment_xgb"": 0.8182088136672974}"
31,100136079282,xgb_hybrid_v1,0.9578642249107361,1,"{""source"": ""hybrid_u2i_comment_xgb"", ""alpha"": 0.65, ""score_u2i"": 0.9652594923973083, ""score_comment_xgb"": 0.9441302418708801}"
31,100154268303,xgb_hybrid_v1,0.9252631068229675,2,"{""source"": ""hybrid_u2i_comment_xgb"", ""alpha"": 0.65, ""score_u2i"": 0.9500885009765625, ""score_comment_xgb"": 0.8791588544845581}"
31,100249994404,xgb_hybrid_v1,0.9238307476043701,3,"{""source"": ""hybrid_u2i_comment_xgb"", ""alpha"": 0.65, ""score_u2i"": 0.914801299571991, ""score_comment_xgb"": 0.9405998587608337}"
31,100114512933,xgb_hybrid_v1,0.9019178152084351,4,"{""source"": ""hybrid_u2i_comment_xgb"", ""alpha"": 0.65, ""score_u2i"": 0.8892315626144409, ""score_comment_xgb"": 0.9254780411720276}"
31,13065559672,xgb_hybrid_v1,0.8539630174636841,5,"{""source"": ""hybrid_u2i_comment_xgb"", ""alpha"": 0.65, ""score_u2i"": 0.9555862545967102, ""score_comment_xgb"": 0.6652342081069946}"
31,100019031805,xgb_hybrid_v1,0.8454576134681702,6,"{""source"": ""hybrid_u2i_comment_xgb"", ""alpha"": 0.65, ""score_u2i"": 0.9856573343276978, ""score_comment_xgb"": 0.5850866436958313}"
31,100216501267,xgb_hybrid_v1,0.8380846977233887,7,"{""source"": ""hybrid_u2i_comment_xgb"", ""alpha"": 0.65, ""score_u2i"": 0.7541028261184692, ""score_comment_xgb"": 0.9940510988235474}"
31,100059257824,xgb_hybrid_v1,0.801767110824585,8,"{""source"": ""hybrid_u2i_comment_xgb"", ""alpha"": 0.65, ""score_u2i"": 0.7494468688964844, ""score_comment_xgb"": 0.8989334106445312}"
31,10121602694516,xgb_hybrid_v1,0.7937854528427124,9,"{""source"": ""hybrid_u2i_comment_xgb"", ""alpha"": 0.65, ""score_u2i"": 0.7425827383995056, ""score_comment_xgb"": 0.88887619972229}"
31,5475198,xgb_hybrid_v1,0.766459584236145,10,"{""source"": ""hybrid_u2i_comment_xgb"", ""alpha"": 0.65, ""score_u2i"": 0.967322826385498, ""score_comment_xgb"": 0.3934279978275299}"
31,10098656892439,xgb_hybrid_v1,0.7533578872680664,11,"{""source"": ""hybrid_u2i_comment_xgb"", ""alpha"": 0.65, ""score_u2i"": 0.7436744570732117, ""score_comment_xgb"": 0.7713414430618286}"
31,100230694872,xgb_hybrid_v1,0.7224733829498291,12,"{""source"": ""hybrid_u2i_comment_xgb"", ""alpha"": 0.65, ""score_u2i"": 0.6435881853103638, ""score_comment_xgb"": 0.8689746260643005}"
31,100009013165,xgb_hybrid_v1,0.7103872895240784,13,"{""source"": ""hybrid_u2i_comment_xgb"", ""alpha"": 0.65, ""score_u2i"": 0.9468953013420105, ""score_comment_xgb"": 0.27115824818611145}"
31,10087901051820,xgb_hybrid_v1,0.7076643705368042,14,"{""source"": ""hybrid_u2i_comment_xgb"", ""alpha"": 0.65, ""score_u2i"": 0.5611865520477295, ""score_comment_xgb"": 0.9796945452690125}"
31,10192694267563,xgb_hybrid_v1,0.704818606376648,15,"{""source"": ""hybrid_u2i_comment_xgb"", ""alpha"": 0.65, ""score_u2i"": 0.63055819272995, ""score_comment_xgb"": 0.8427309393882751}"
31,11819155539,xgb_hybrid_v1,0.670998215675354,16,"{""source"": ""hybrid_u2i_comment_xgb"", ""alpha"": 0.65, ""score_u2i"": 0.6056971549987793, ""score_comment_xgb"": 0.7922716736793518}"
31,100136079284,xgb_hybrid_v1,0.6616933941841125,17,"{""source"": ""hybrid_u2i_comment_xgb"", ""alpha"": 0.65, ""score_u2i"": 0.5161562561988831, ""score_comment_xgb"": 0.9319767355918884}"
31,4246911,xgb_hybrid_v1,0.6602914333343506,18,"{""source"": ""hybrid_u2i_comment_xgb"", ""alpha"": 0.65, ""score_u2i"": 0.938510537147522, ""score_comment_xgb"": 0.1435987800359726}"
31,100002187045,xgb_hybrid_v1,0.652262806892395,19,"{""source"": ""hybrid_u2i_comment_xgb"", ""alpha"": 0.65, ""score_u2i"": 0.7935611605644226, ""score_comment_xgb"": 0.3898515999317169}"
31,69673075023,xgb_hybrid_v1,0.6505300998687744,20,"{""source"": ""hybrid_u2i_comment_xgb"", ""alpha"": 0.65, ""score_u2i"": 0.769901692867279, ""score_comment_xgb"": 0.4288400709629059}"
32,100203000971,xgb_hybrid_v1,0.9058125019073486,1,"{""source"": ""hybrid_u2i_comment_xgb"", ""alpha"": 0.65, ""score_u2i"": 0.8562057018280029, ""score_comment_xgb"": 0.9979395270347595}"
32,100017016045,xgb_hybrid_v1,0.8321698904037476,2,"{""source"": ""hybrid_u2i_comment_xgb"", ""alpha"": 0.65, ""score_u2i"": 0.9571694135665894, ""score_comment_xgb"": 0.6000280380249023}"
32,11819155539,xgb_hybrid_v1,0.7988330125808716,3,"{""source"": ""hybrid_u2i_comment_xgb"", ""alpha"": 0.65, ""score_u2i"": 0.8023661375045776, ""score_comment_xgb"": 0.7922716736793518}"
32,10087901051820,xgb_hybrid_v1,0.7783633470535278,4,"{""source"": ""hybrid_u2i_comment_xgb"", ""alpha"": 0.65, ""score_u2i"": 0.669954240322113, ""score_comment_xgb"": 0.9796945452690125}"
32,100136079282,xgb_hybrid_v1,0.7660641670227051,5,"{""source"": ""hybrid_u2i_comment_xgb"", ""alpha"": 0.65, ""score_u2i"": 0.6701824069023132, ""score_comment_xgb"": 0.9441302418708801}"
32,10098681688567,xgb_hybrid_v1,0.7645873427391052,6,"{""source"": ""hybrid_u2i_comment_xgb"", ""alpha"": 0.65, ""score_u2i"": 0.9528220295906067, ""score_comment_xgb"": 0.41500869393348694}"
32,100114512933,xgb_hybrid_v1,0.763039767742157,7,"{""source"": ""hybrid_u2i_comment_xgb"", ""alpha"": 0.65, ""score_u2i"": 0.6755730509757996, ""score_comment_xgb"": 0.9254780411720276}"
32,100070794980,xgb_hybrid_v1,0.7619430422782898,8,"{""source"": ""hybrid_u2i_comment_xgb"", ""alpha"": 0.65, ""score_u2i"": 0.8027476072311401, ""score_comment_xgb"": 0.6861632466316223}"
32,100002187047,xgb_hybrid_v1,0.7360203266143799,9,"{""source"": ""hybrid_u2i_comment_xgb"", ""alpha"": 0.65, ""score_u2i"": 0.7876372933387756, ""score_comment_xgb"": 0.6401602625846863}"
32,5475198,xgb_hybrid_v1,0.7275838255882263,10,"{""source"": ""hybrid_u2i_comment_xgb"", ""alpha"": 0.65, ""score_u2i"": 0.9075139760971069, ""score_comment_xgb"": 0.3934279978275299}"
32,10109147342652,xgb_hybrid_v1,0.6662910580635071,11,"{""source"": ""hybrid_u2i_comment_xgb"", ""alpha"": 0.65, ""score_u2i"": 0.5240044593811035, ""score_comment_xgb"": 0.9305377006530762}"
32,10159600685389,xgb_hybrid_v1,0.6534616947174072,12,"{""source"": ""hybrid_u2i_comment_xgb"", ""alpha"": 0.65, ""score_u2i"": 0.47485774755477905, ""score_comment_xgb"": 0.9851548671722412}"
32,3409140,xgb_hybrid_v1,0.650402307510376,13,"{""source"": ""hybrid_u2i_comment_xgb"", ""alpha"": 0.65, ""score_u2i"": 0.8480225205421448, ""score_comment_xgb"": 0.28339341282844543}"
32,100064200322,xgb_hybrid_v1,0.6472645998001099,14,"{""source"": ""hybrid_u2i_comment_xgb"", ""alpha"": 0.65, ""score_u2i"": 0.5977714657783508, ""score_comment_xgb"": 0.7391803860664368}"
32,100288929442,xgb_hybrid_v1,0.6446367502212524,15,"{""source"": ""hybrid_u2i_comment_xgb"", ""alpha"": 0.65, ""score_u2i"": 0.5862635970115662, ""score_comment_xgb"": 0.7530441284179688}"
32,10212550372913,xgb_hybrid_v1,0.6430835723876953,16,"{""source"": ""hybrid_u2i_comment_xgb"", ""alpha"": 0.65, ""score_u2i"": 0.4562292993068695, ""score_comment_xgb"": 0.990098774433136}"
32,13065559672,xgb_hybrid_v1,0.6413825154304504,17,"{""source"": ""hybrid_u2i_comment_xgb"", ""alpha"": 0.65, ""score_u2i"": 0.6285393238067627, ""score_comment_xgb"": 0.6652342081069946}"
32,10037128752741,xgb_hybrid_v1,0.622207522392273,18,"{""source"": ""hybrid_u2i_comment_xgb"", ""alpha"": 0.65, ""score_u2i"": 0.6864814162254333, ""score_comment_xgb"": 0.5028416514396667}"
32,100201827671,xgb_hybrid_v1,0.6132007241249084,19,"{""source"": ""hybrid_u2i_comment_xgb"", ""alpha"": 0.65, ""score_u2i"": 0.4138292968273163, ""score_comment_xgb"": 0.9834620356559753}"
32,10132040325618,xgb_hybrid_v1,0.6074494123458862,20,"{""source"": ""hybrid_u2i_comment_xgb"", ""alpha"": 0.65, ""score_u2i"": 0.42938587069511414, ""score_comment_xgb"": 0.9381387829780579}"
33,100114512933,xgb_hybrid_v1,0.9555507898330688,1,"{""source"": ""hybrid_u2i_comment_xgb"", ""alpha"": 0.65, ""score_u2i"": 0.9717439413070679, ""score_comment_xgb"": 0.9254780411720276}"
33,100154268303,xgb_hybrid_v1,0.9339584112167358,2,"{""source"": ""hybrid_u2i_comment_xgb"", ""alpha"": 0.65, ""score_u2i"": 0.9634659290313721, ""score_comment_xgb"": 0.8791588544845581}"
33,100059911987,xgb_hybrid_v1,0.9148170948028564,3,"{""source"": ""hybrid_u2i_comment_xgb"", ""alpha"": 0.65, ""score_u2i"": 0.8735167980194092, ""score_comment_xgb"": 0.9915177226066589}"
33,11819155539,xgb_hybrid_v1,0.9094192981719971,4,"{""source"": ""hybrid_u2i_comment_xgb"", ""alpha"": 0.65, ""score_u2i"": 0.9724987745285034, ""score_comment_xgb"": 0.7922716736793518}"
33,100112272948,xgb_hybrid_v1,0.8937186598777771,5,"{""source"": ""hybrid_u2i_comment_xgb"", ""alpha"": 0.65, ""score_u2i"": 0.9343778491020203, ""score_comment_xgb"": 0.8182088136672974}"
33,100215876924,xgb_hybrid_v1,0.8771179914474487,6,"{""source"": ""hybrid_u2i_comment_xgb"", ""alpha"": 0.65, ""score_u2i"": 0.8200787305831909, ""score_comment_xgb"": 0.9830480813980103}"
33,100115256936,xgb_hybrid_v1,0.8657124042510986,7,"{""source"": ""hybrid_u2i_comment_xgb"", ""alpha"": 0.65, ""score_u2i"": 0.9277786612510681, ""score_comment_xgb"": 0.750446617603302}"
33,10070360840507,xgb_hybrid_v1,0.8600231409072876,8,"{""source"": ""hybrid_u2i_comment_xgb"", ""alpha"": 0.65, ""score_u2i"": 0.8998374938964844, ""score_comment_xgb"": 0.7860822081565857}"
33,10121602694516,xgb_hybrid_v1,0.8521618843078613,9,"{""source"": ""hybrid_u2i_comment_xgb"", ""alpha"": 0.65, ""score_u2i"": 0.8323927521705627, ""score_comment_xgb"": 0.88887619972229}"
33,13065559672,xgb_hybrid_v1,0.8501084446907043,10,"{""source"": ""hybrid_u2i_comment_xgb"", ""alpha"": 0.65, ""score_u2i"": 0.9496561288833618, ""score_comment_xgb"": 0.6652342081069946}"
33,100195732408,xgb_hybrid_v1,0.8484865427017212,11,"{""source"": ""hybrid_u2i_comment_xgb"", ""alpha"": 0.65, ""score_u2i"": 0.8883976936340332, ""score_comment_xgb"": 0.7743659615516663}"
33,100071138925,xgb_hybrid_v1,0.8476096391677856,12,"{""source"": ""hybrid_u2i_comment_xgb"", ""alpha"": 0.65, ""score_u2i"": 0.8330819010734558, ""score_comment_xgb"": 0.8745898604393005}"
33,100151315926,xgb_hybrid_v1,0.8335387706756592,13,"{""source"": ""hybrid_u2i_comment_xgb"", ""alpha"": 0.65, ""score_u2i"": 0.896696150302887, ""score_comment_xgb"": 0.7162466645240784}"
33,100203000983,xgb_hybrid_v1,0.8275578022003174,14,"{""source"": ""hybrid_u2i_comment_xgb"", ""alpha"": 0.65, ""score_u2i"": 0.7388375401496887, ""score_comment_xgb"": 0.9923239946365356}"
33,100184800271,xgb_hybrid_v1,0.8014432191848755,15,"{""source"": ""hybrid_u2i_comment_xgb"", ""alpha"": 0.65, ""score_u2i"": 0.7070670127868652, ""score_comment_xgb"": 0.9767134785652161}"
33,71577466395,xgb_hybrid_v1,0.7720057964324951,16,"{""source"": ""hybrid_u2i_comment_xgb"", ""alpha"": 0.65, ""score_u2i"": 0.830048680305481, ""score_comment_xgb"": 0.6642119288444519}"
33,100019031805,xgb_hybrid_v1,0.7698472738265991,17,"{""source"": ""hybrid_u2i_comment_xgb"", ""alpha"": 0.65, ""score_u2i"": 0.8693337440490723, ""score_comment_xgb"": 0.5850866436958313}"
33,10042124137320,xgb_hybrid_v1,0.7311073541641235,18,"{""source"": ""hybrid_u2i_comment_xgb"", ""alpha"": 0.65, ""score_u2i"": 0.968257486820221, ""score_comment_xgb"": 0.29068565368652344}"
33,100136079282,xgb_hybrid_v1,0.720185399055481,19,"{""source"": ""hybrid_u2i_comment_xgb"", ""alpha"": 0.65, ""score_u2i"": 0.5995997786521912, ""score_comment_xgb"": 0.9441302418708801}"
33,11819155540,xgb_hybrid_v1,0.7060192227363586,20,"{""source"": ""hybrid_u2i_comment_xgb"", ""alpha"": 0.65, ""score_u2i"": 0.7222365736961365, ""score_comment_xgb"": 0.6759012937545776}"
34,100114512933,xgb_hybrid_v1,0.9640463590621948,1,"{""source"": ""hybrid_u2i_comment_xgb"", ""alpha"": 0.65, ""score_u2i"": 0.9848139882087708, ""score_comment_xgb"": 0.9254780411720276}"
34,100059911987,xgb_hybrid_v1,0.9485621452331543,2,"{""source"": ""hybrid_u2i_comment_xgb"", ""alpha"": 0.65, ""score_u2i"": 0.9254322052001953, ""score_comment_xgb"": 0.9915177226066589}"
34,100154268303,xgb_hybrid_v1,0.9417184591293335,3,"{""source"": ""hybrid_u2i_comment_xgb"", ""alpha"": 0.65, ""score_u2i"": 0.9754044413566589, ""score_comment_xgb"": 0.8791588544845581}"
34,11819155539,xgb_hybrid_v1,0.9121884107589722,4,"{""source"": ""hybrid_u2i_comment_xgb"", ""alpha"": 0.65, ""score_u2i"": 0.9767589569091797, ""score_comment_xgb"": 0.7922716736793518}"
34,10121602694516,xgb_hybrid_v1,0.9118934869766235,5,"{""source"": ""hybrid_u2i_comment_xgb"", ""alpha"": 0.65, ""score_u2i"": 0.9242874979972839, ""score_comment_xgb"": 0.88887619972229}"
34,100112272948,xgb_hybrid_v1,0.9034673571586609,6,"{""source"": ""hybrid_u2i_comment_xgb"", ""alpha"": 0.65, ""score_u2i"": 0.9493758082389832, ""score_comment_xgb"": 0.8182088136672974}"
34,100215876924,xgb_hybrid_v1,0.9010956287384033,7,"{""source"": ""hybrid_u2i_comment_xgb"", ""alpha"": 0.65, ""score_u2i"": 0.8569673895835876, ""score_comment_xgb"": 0.9830480813980103}"
34,100195732408,xgb_hybrid_v1,0.8910841941833496,8,"{""source"": ""hybrid_u2i_comment_xgb"", ""alpha"": 0.65, ""score_u2i"": 0.953932523727417, ""score_comment_xgb"": 0.7743659615516663}"
34,100184800271,xgb_hybrid_v1,0.8903204202651978,9,"{""source"": ""hybrid_u2i_comment_xgb"", ""alpha"": 0.65, ""score_u2i"": 0.8438010811805725, ""score_comment_xgb"": 0.9767134785652161}"
34,10070360840507,xgb_hybrid_v1,0.885025680065155,10,"{""source"": ""hybrid_u2i_comment_xgb"", ""alpha"": 0.65, ""score_u2i"": 0.9383029937744141, ""score_comment_xgb"": 0.7860822081565857}"
34,100071138925,xgb_hybrid_v1,0.8837848901748657,11,"{""source"": ""hybrid_u2i_comment_xgb"", ""alpha"": 0.65, ""score_u2i"": 0.8887361288070679, ""score_comment_xgb"": 0.8745898604393005}"
34,100203000983,xgb_hybrid_v1,0.8829163908958435,12,"{""source"": ""hybrid_u2i_comment_xgb"", ""alpha"": 0.65, ""score_u2i"": 0.8240046501159668, ""score_comment_xgb"": 0.9923239946365356}"
34,13065559672,xgb_hybrid_v1,0.8660677075386047,13,"{""source"": ""hybrid_u2i_comment_xgb"", ""alpha"": 0.65, ""score_u2i"": 0.9742088913917542, ""score_comment_xgb"": 0.6652342081069946}"
34,100115256936,xgb_hybrid_v1,0.8551304340362549,14,"{""source"": ""hybrid_u2i_comment_xgb"", ""alpha"": 0.65, ""score_u2i"": 0.9114986658096313, ""score_comment_xgb"": 0.750446617603302}"
34,100151315926,xgb_hybrid_v1,0.8301624059677124,15,"{""source"": ""hybrid_u2i_comment_xgb"", ""alpha"": 0.65, ""score_u2i"": 0.8915016651153564, ""score_comment_xgb"": 0.7162466645240784}"
34,100019031805,xgb_hybrid_v1,0.8162246346473694,16,"{""source"": ""hybrid_u2i_comment_xgb"", ""alpha"": 0.65, ""score_u2i"": 0.9406836032867432, ""score_comment_xgb"": 0.5850866436958313}"
34,71577466395,xgb_hybrid_v1,0.7927663326263428,17,"{""source"": ""hybrid_u2i_comment_xgb"", ""alpha"": 0.65, ""score_u2i"": 0.8619879484176636, ""score_comment_xgb"": 0.6642119288444519}"
34,100230694872,xgb_hybrid_v1,0.7902008295059204,18,"{""source"": ""hybrid_u2i_comment_xgb"", ""alpha"": 0.65, ""score_u2i"": 0.7477841973304749, ""score_comment_xgb"": 0.8689746260643005}"
34,11819155540,xgb_hybrid_v1,0.7568913102149963,19,"{""source"": ""hybrid_u2i_comment_xgb"", ""alpha"": 0.65, ""score_u2i"": 0.80050128698349, ""score_comment_xgb"": 0.6759012937545776}"
34,100000987566,xgb_hybrid_v1,0.7485824227333069,20,"{""source"": ""hybrid_u2i_comment_xgb"", ""alpha"": 0.65, ""score_u2i"": 0.849833607673645, ""score_comment_xgb"": 0.5605446100234985}"
35,100114512933,xgb_hybrid_v1,0.9640463590621948,1,"{""source"": ""hybrid_u2i_comment_xgb"", ""alpha"": 0.65, ""score_u2i"": 0.9848139882087708, ""score_comment_xgb"": 0.9254780411720276}"
35,100059911987,xgb_hybrid_v1,0.9485621452331543,2,"{""source"": ""hybrid_u2i_comment_xgb"", ""alpha"": 0.65, ""score_u2i"": 0.9254322052001953, ""score_comment_xgb"": 0.9915177226066589}"
35,100154268303,xgb_hybrid_v1,0.9417184591293335,3,"{""source"": ""hybrid_u2i_comment_xgb"", ""alpha"": 0.65, ""score_u2i"": 0.9754044413566589, ""score_comment_xgb"": 0.8791588544845581}"
35,11819155539,xgb_hybrid_v1,0.9121884107589722,4,"{""source"": ""hybrid_u2i_comment_xgb"", ""alpha"": 0.65, ""score_u2i"": 0.9767589569091797, ""score_comment_xgb"": 0.7922716736793518}"
35,10121602694516,xgb_hybrid_v1,0.9118934869766235,5,"{""source"": ""hybrid_u2i_comment_xgb"", ""alpha"": 0.65, ""score_u2i"": 0.9242874979972839, ""score_comment_xgb"": 0.88887619972229}"
35,100112272948,xgb_hybrid_v1,0.9034673571586609,6,"{""source"": ""hybrid_u2i_comment_xgb"", ""alpha"": 0.65, ""score_u2i"": 0.9493758082389832, ""score_comment_xgb"": 0.8182088136672974}"
35,100215876924,xgb_hybrid_v1,0.9010956287384033,7,"{""source"": ""hybrid_u2i_comment_xgb"", ""alpha"": 0.65, ""score_u2i"": 0.8569673895835876, ""score_comment_xgb"": 0.9830480813980103}"
35,100195732408,xgb_hybrid_v1,0.8910841941833496,8,"{""source"": ""hybrid_u2i_comment_xgb"", ""alpha"": 0.65, ""score_u2i"": 0.953932523727417, ""score_comment_xgb"": 0.7743659615516663}"
35,100184800271,xgb_hybrid_v1,0.8903204202651978,9,"{""source"": ""hybrid_u2i_comment_xgb"", ""alpha"": 0.65, ""score_u2i"": 0.8438010811805725, ""score_comment_xgb"": 0.9767134785652161}"
35,10070360840507,xgb_hybrid_v1,0.885025680065155,10,"{""source"": ""hybrid_u2i_comment_xgb"", ""alpha"": 0.65, ""score_u2i"": 0.9383029937744141, ""score_comment_xgb"": 0.7860822081565857}"
35,100071138925,xgb_hybrid_v1,0.8837848901748657,11,"{""source"": ""hybrid_u2i_comment_xgb"", ""alpha"": 0.65, ""score_u2i"": 0.8887361288070679, ""score_comment_xgb"": 0.8745898604393005}"
35,100203000983,xgb_hybrid_v1,0.8829163908958435,12,"{""source"": ""hybrid_u2i_comment_xgb"", ""alpha"": 0.65, ""score_u2i"": 0.8240046501159668, ""score_comment_xgb"": 0.9923239946365356}"
35,13065559672,xgb_hybrid_v1,0.8660677075386047,13,"{""source"": ""hybrid_u2i_comment_xgb"", ""alpha"": 0.65, ""score_u2i"": 0.9742088913917542, ""score_comment_xgb"": 0.6652342081069946}"
35,100115256936,xgb_hybrid_v1,0.8551304340362549,14,"{""source"": ""hybrid_u2i_comment_xgb"", ""alpha"": 0.65, ""score_u2i"": 0.9114986658096313, ""score_comment_xgb"": 0.750446617603302}"
35,100151315926,xgb_hybrid_v1,0.8301624059677124,15,"{""source"": ""hybrid_u2i_comment_xgb"", ""alpha"": 0.65, ""score_u2i"": 0.8915016651153564, ""score_comment_xgb"": 0.7162466645240784}"
35,100019031805,xgb_hybrid_v1,0.8162246346473694,16,"{""source"": ""hybrid_u2i_comment_xgb"", ""alpha"": 0.65, ""score_u2i"": 0.9406836032867432, ""score_comment_xgb"": 0.5850866436958313}"
35,71577466395,xgb_hybrid_v1,0.7927663326263428,17,"{""source"": ""hybrid_u2i_comment_xgb"", ""alpha"": 0.65, ""score_u2i"": 0.8619879484176636, ""score_comment_xgb"": 0.6642119288444519}"
35,100230694872,xgb_hybrid_v1,0.7902008295059204,18,"{""source"": ""hybrid_u2i_comment_xgb"", ""alpha"": 0.65, ""score_u2i"": 0.7477841973304749, ""score_comment_xgb"": 0.8689746260643005}"
35,11819155540,xgb_hybrid_v1,0.7568913102149963,19,"{""source"": ""hybrid_u2i_comment_xgb"", ""alpha"": 0.65, ""score_u2i"": 0.80050128698349, ""score_comment_xgb"": 0.6759012937545776}"
35,100000987566,xgb_hybrid_v1,0.7485824227333069,20,"{""source"": ""hybrid_u2i_comment_xgb"", ""alpha"": 0.65, ""score_u2i"": 0.849833607673645, ""score_comment_xgb"": 0.5605446100234985}"
36,100203000971,xgb_hybrid_v1,0.9058125019073486,1,"{""source"": ""hybrid_u2i_comment_xgb"", ""alpha"": 0.65, ""score_u2i"": 0.8562057018280029, ""score_comment_xgb"": 0.9979395270347595}"
36,100017016045,xgb_hybrid_v1,0.8321698904037476,2,"{""source"": ""hybrid_u2i_comment_xgb"", ""alpha"": 0.65, ""score_u2i"": 0.9571694135665894, ""score_comment_xgb"": 0.6000280380249023}"
36,11819155539,xgb_hybrid_v1,0.7988330125808716,3,"{""source"": ""hybrid_u2i_comment_xgb"", ""alpha"": 0.65, ""score_u2i"": 0.8023661375045776, ""score_comment_xgb"": 0.7922716736793518}"
36,10087901051820,xgb_hybrid_v1,0.7783633470535278,4,"{""source"": ""hybrid_u2i_comment_xgb"", ""alpha"": 0.65, ""score_u2i"": 0.669954240322113, ""score_comment_xgb"": 0.9796945452690125}"
36,100136079282,xgb_hybrid_v1,0.7660641670227051,5,"{""source"": ""hybrid_u2i_comment_xgb"", ""alpha"": 0.65, ""score_u2i"": 0.6701824069023132, ""score_comment_xgb"": 0.9441302418708801}"
36,10098681688567,xgb_hybrid_v1,0.7645873427391052,6,"{""source"": ""hybrid_u2i_comment_xgb"", ""alpha"": 0.65, ""score_u2i"": 0.9528220295906067, ""score_comment_xgb"": 0.41500869393348694}"
36,100114512933,xgb_hybrid_v1,0.763039767742157,7,"{""source"": ""hybrid_u2i_comment_xgb"", ""alpha"": 0.65, ""score_u2i"": 0.6755730509757996, ""score_comment_xgb"": 0.9254780411720276}"
36,100070794980,xgb_hybrid_v1,0.7619430422782898,8,"{""source"": ""hybrid_u2i_comment_xgb"", ""alpha"": 0.65, ""score_u2i"": 0.8027476072311401, ""score_comment_xgb"": 0.6861632466316223}"
36,100002187047,xgb_hybrid_v1,0.7360203266143799,9,"{""source"": ""hybrid_u2i_comment_xgb"", ""alpha"": 0.65, ""score_u2i"": 0.7876372933387756, ""score_comment_xgb"": 0.6401602625846863}"
36,5475198,xgb_hybrid_v1,0.7275838255882263,10,"{""source"": ""hybrid_u2i_comment_xgb"", ""alpha"": 0.65, ""score_u2i"": 0.9075139760971069, ""score_comment_xgb"": 0.3934279978275299}"
36,10109147342652,xgb_hybrid_v1,0.6662910580635071,11,"{""source"": ""hybrid_u2i_comment_xgb"", ""alpha"": 0.65, ""score_u2i"": 0.5240044593811035, ""score_comment_xgb"": 0.9305377006530762}"
36,10159600685389,xgb_hybrid_v1,0.6534616947174072,12,"{""source"": ""hybrid_u2i_comment_xgb"", ""alpha"": 0.65, ""score_u2i"": 0.47485774755477905, ""score_comment_xgb"": 0.9851548671722412}"
36,3409140,xgb_hybrid_v1,0.650402307510376,13,"{""source"": ""hybrid_u2i_comment_xgb"", ""alpha"": 0.65, ""score_u2i"": 0.8480225205421448, ""score_comment_xgb"": 0.28339341282844543}"
36,100064200322,xgb_hybrid_v1,0.6472645998001099,14,"{""source"": ""hybrid_u2i_comment_xgb"", ""alpha"": 0.65, ""score_u2i"": 0.5977714657783508, ""score_comment_xgb"": 0.7391803860664368}"
36,100288929442,xgb_hybrid_v1,0.6446367502212524,15,"{""source"": ""hybrid_u2i_comment_xgb"", ""alpha"": 0.65, ""score_u2i"": 0.5862635970115662, ""score_comment_xgb"": 0.7530441284179688}"
36,10212550372913,xgb_hybrid_v1,0.6430835723876953,16,"{""source"": ""hybrid_u2i_comment_xgb"", ""alpha"": 0.65, ""score_u2i"": 0.4562292993068695, ""score_comment_xgb"": 0.990098774433136}"
36,13065559672,xgb_hybrid_v1,0.6413825154304504,17,"{""source"": ""hybrid_u2i_comment_xgb"", ""alpha"": 0.65, ""score_u2i"": 0.6285393238067627, ""score_comment_xgb"": 0.6652342081069946}"
36,10037128752741,xgb_hybrid_v1,0.622207522392273,18,"{""source"": ""hybrid_u2i_comment_xgb"", ""alpha"": 0.65, ""score_u2i"": 0.6864814162254333, ""score_comment_xgb"": 0.5028416514396667}"
36,100201827671,xgb_hybrid_v1,0.6132007241249084,19,"{""source"": ""hybrid_u2i_comment_xgb"", ""alpha"": 0.65, ""score_u2i"": 0.4138292968273163, ""score_comment_xgb"": 0.9834620356559753}"
36,10132040325618,xgb_hybrid_v1,0.6074494123458862,20,"{""source"": ""hybrid_u2i_comment_xgb"", ""alpha"": 0.65, ""score_u2i"": 0.42938587069511414, ""score_comment_xgb"": 0.9381387829780579}"
37,100114512933,xgb_hybrid_v1,0.9555507898330688,1,"{""source"": ""hybrid_u2i_comment_xgb"", ""alpha"": 0.65, ""score_u2i"": 0.9717439413070679, ""score_comment_xgb"": 0.9254780411720276}"
37,100154268303,xgb_hybrid_v1,0.9339584112167358,2,"{""source"": ""hybrid_u2i_comment_xgb"", ""alpha"": 0.65, ""score_u2i"": 0.9634659290313721, ""score_comment_xgb"": 0.8791588544845581}"
37,100059911987,xgb_hybrid_v1,0.9148170948028564,3,"{""source"": ""hybrid_u2i_comment_xgb"", ""alpha"": 0.65, ""score_u2i"": 0.8735167980194092, ""score_comment_xgb"": 0.9915177226066589}"
37,11819155539,xgb_hybrid_v1,0.9094192981719971,4,"{""source"": ""hybrid_u2i_comment_xgb"", ""alpha"": 0.65, ""score_u2i"": 0.9724987745285034, ""score_comment_xgb"": 0.7922716736793518}"
37,100112272948,xgb_hybrid_v1,0.8937186598777771,5,"{""source"": ""hybrid_u2i_comment_xgb"", ""alpha"": 0.65, ""score_u2i"": 0.9343778491020203, ""score_comment_xgb"": 0.8182088136672974}"
37,100215876924,xgb_hybrid_v1,0.8771179914474487,6,"{""source"": ""hybrid_u2i_comment_xgb"", ""alpha"": 0.65, ""score_u2i"": 0.8200787305831909, ""score_comment_xgb"": 0.9830480813980103}"
37,100115256936,xgb_hybrid_v1,0.8657124042510986,7,"{""source"": ""hybrid_u2i_comment_xgb"", ""alpha"": 0.65, ""score_u2i"": 0.9277786612510681, ""score_comment_xgb"": 0.750446617603302}"
37,10070360840507,xgb_hybrid_v1,0.8600231409072876,8,"{""source"": ""hybrid_u2i_comment_xgb"", ""alpha"": 0.65, ""score_u2i"": 0.8998374938964844, ""score_comment_xgb"": 0.7860822081565857}"
37,10121602694516,xgb_hybrid_v1,0.8521618843078613,9,"{""source"": ""hybrid_u2i_comment_xgb"", ""alpha"": 0.65, ""score_u2i"": 0.8323927521705627, ""score_comment_xgb"": 0.88887619972229}"
37,13065559672,xgb_hybrid_v1,0.8501084446907043,10,"{""source"": ""hybrid_u2i_comment_xgb"", ""alpha"": 0.65, ""score_u2i"": 0.9496561288833618, ""score_comment_xgb"": 0.6652342081069946}"
37,100195732408,xgb_hybrid_v1,0.8484865427017212,11,"{""source"": ""hybrid_u2i_comment_xgb"", ""alpha"": 0.65, ""score_u2i"": 0.8883976936340332, ""score_comment_xgb"": 0.7743659615516663}"
37,100071138925,xgb_hybrid_v1,0.8476096391677856,12,"{""source"": ""hybrid_u2i_comment_xgb"", ""alpha"": 0.65, ""score_u2i"": 0.8330819010734558, ""score_comment_xgb"": 0.8745898604393005}"
37,100151315926,xgb_hybrid_v1,0.8335387706756592,13,"{""source"": ""hybrid_u2i_comment_xgb"", ""alpha"": 0.65, ""score_u2i"": 0.896696150302887, ""score_comment_xgb"": 0.7162466645240784}"
37,100203000983,xgb_hybrid_v1,0.8275578022003174,14,"{""source"": ""hybrid_u2i_comment_xgb"", ""alpha"": 0.65, ""score_u2i"": 0.7388375401496887, ""score_comment_xgb"": 0.9923239946365356}"
37,100184800271,xgb_hybrid_v1,0.8014432191848755,15,"{""source"": ""hybrid_u2i_comment_xgb"", ""alpha"": 0.65, ""score_u2i"": 0.7070670127868652, ""score_comment_xgb"": 0.9767134785652161}"
37,71577466395,xgb_hybrid_v1,0.7720057964324951,16,"{""source"": ""hybrid_u2i_comment_xgb"", ""alpha"": 0.65, ""score_u2i"": 0.830048680305481, ""score_comment_xgb"": 0.6642119288444519}"
37,100019031805,xgb_hybrid_v1,0.7698472738265991,17,"{""source"": ""hybrid_u2i_comment_xgb"", ""alpha"": 0.65, ""score_u2i"": 0.8693337440490723, ""score_comment_xgb"": 0.5850866436958313}"
37,10042124137320,xgb_hybrid_v1,0.7311073541641235,18,"{""source"": ""hybrid_u2i_comment_xgb"", ""alpha"": 0.65, ""score_u2i"": 0.968257486820221, ""score_comment_xgb"": 0.29068565368652344}"
37,100136079282,xgb_hybrid_v1,0.720185399055481,19,"{""source"": ""hybrid_u2i_comment_xgb"", ""alpha"": 0.65, ""score_u2i"": 0.5995997786521912, ""score_comment_xgb"": 0.9441302418708801}"
37,11819155540,xgb_hybrid_v1,0.7060192227363586,20,"{""source"": ""hybrid_u2i_comment_xgb"", ""alpha"": 0.65, ""score_u2i"": 0.7222365736961365, ""score_comment_xgb"": 0.6759012937545776}"
38,100114512933,xgb_hybrid_v1,0.9539411067962646,1,"{""source"": ""hybrid_u2i_comment_xgb"", ""alpha"": 0.65, ""score_u2i"": 0.9692674875259399, ""score_comment_xgb"": 0.9254780411720276}"
38,100136079282,xgb_hybrid_v1,0.9504092335700989,2,"{""source"": ""hybrid_u2i_comment_xgb"", ""alpha"": 0.65, ""score_u2i"": 0.9537902474403381, ""score_comment_xgb"": 0.9441302418708801}"
38,100154268303,xgb_hybrid_v1,0.9478967785835266,3,"{""source"": ""hybrid_u2i_comment_xgb"", ""alpha"": 0.65, ""score_u2i"": 0.9849095940589905, ""score_comment_xgb"": 0.8791588544845581}"
38,100136079284,xgb_hybrid_v1,0.9215860366821289,4,"{""source"": ""hybrid_u2i_comment_xgb"", ""alpha"": 0.65, ""score_u2i"": 0.9159910678863525, ""score_comment_xgb"": 0.9319767355918884}"
38,11819155539,xgb_hybrid_v1,0.8860989809036255,5,"{""source"": ""hybrid_u2i_comment_xgb"", ""alpha"": 0.65, ""score_u2i"": 0.9366214275360107, ""score_comment_xgb"": 0.7922716736793518}"
38,100268823874,xgb_hybrid_v1,0.8599597215652466,6,"{""source"": ""hybrid_u2i_comment_xgb"", ""alpha"": 0.65, ""score_u2i"": 0.7998185157775879, ""score_comment_xgb"": 0.9716505408287048}"
38,10087901051820,xgb_hybrid_v1,0.8467367887496948,7,"{""source"": ""hybrid_u2i_comment_xgb"", ""alpha"": 0.65, ""score_u2i"": 0.7751441597938538, ""score_comment_xgb"": 0.9796945452690125}"
38,10192694267563,xgb_hybrid_v1,0.8454388380050659,8,"{""source"": ""hybrid_u2i_comment_xgb"", ""alpha"": 0.65, ""score_u2i"": 0.8468969464302063, ""score_comment_xgb"": 0.8427309393882751}"
38,100019031805,xgb_hybrid_v1,0.8443332314491272,9,"{""source"": ""hybrid_u2i_comment_xgb"", ""alpha"": 0.65, ""score_u2i"": 0.9839275479316711, ""score_comment_xgb"": 0.5850866436958313}"
38,100230694872,xgb_hybrid_v1,0.7894266247749329,10,"{""source"": ""hybrid_u2i_comment_xgb"", ""alpha"": 0.65, ""score_u2i"": 0.7465931177139282, ""score_comment_xgb"": 0.8689746260643005}"
38,100195732408,xgb_hybrid_v1,0.7834057807922363,11,"{""source"": ""hybrid_u2i_comment_xgb"", ""alpha"": 0.65, ""score_u2i"": 0.7882734537124634, ""score_comment_xgb"": 0.7743659615516663}"
38,5475198,xgb_hybrid_v1,0.7157570123672485,12,"{""source"": ""hybrid_u2i_comment_xgb"", ""alpha"": 0.65, ""score_u2i"": 0.8893188834190369, ""score_comment_xgb"": 0.3934279978275299}"
38,100009013165,xgb_hybrid_v1,0.7063034176826477,13,"{""source"": ""hybrid_u2i_comment_xgb"", ""alpha"": 0.65, ""score_u2i"": 0.9406123757362366, ""score_comment_xgb"": 0.27115824818611145}"
38,13065559672,xgb_hybrid_v1,0.703201413154602,14,"{""source"": ""hybrid_u2i_comment_xgb"", ""alpha"": 0.65, ""score_u2i"": 0.7236453294754028, ""score_comment_xgb"": 0.6652342081069946}"
38,10037128752741,xgb_hybrid_v1,0.697053074836731,15,"{""source"": ""hybrid_u2i_comment_xgb"", ""alpha"": 0.65, ""score_u2i"": 0.8016284704208374, ""score_comment_xgb"": 0.5028416514396667}"
38,69673075023,xgb_hybrid_v1,0.6936408877372742,16,"{""source"": ""hybrid_u2i_comment_xgb"", ""alpha"": 0.65, ""score_u2i"": 0.8362259268760681, ""score_comment_xgb"": 0.4288400709629059}"
38,4246911,xgb_hybrid_v1,0.6903039813041687,17,"{""source"": ""hybrid_u2i_comment_xgb"", ""alpha"": 0.65, ""score_u2i"": 0.9846836924552917, ""score_comment_xgb"": 0.1435987800359726}"
38,100002187047,xgb_hybrid_v1,0.6453851461410522,18,"{""source"": ""hybrid_u2i_comment_xgb"", ""alpha"": 0.65, ""score_u2i"": 0.6481986045837402, ""score_comment_xgb"": 0.6401602625846863}"
38,4246893,xgb_hybrid_v1,0.6436094641685486,19,"{""source"": ""hybrid_u2i_comment_xgb"", ""alpha"": 0.65, ""score_u2i"": 0.8408724069595337, ""score_comment_xgb"": 0.27726417779922485}"
38,100112272948,xgb_hybrid_v1,0.6387937068939209,20,"{""source"": ""hybrid_u2i_comment_xgb"", ""alpha"": 0.65, ""score_u2i"": 0.5421856045722961, ""score_comment_xgb"": 0.8182088136672974}"
39,100114512933,xgb_hybrid_v1,0.9555507898330688,1,"{""source"": ""hybrid_u2i_comment_xgb"", ""alpha"": 0.65, ""score_u2i"": 0.9717439413070679, ""score_comment_xgb"": 0.9254780411720276}"
39,100154268303,xgb_hybrid_v1,0.9339584112167358,2,"{""source"": ""hybrid_u2i_comment_xgb"", ""alpha"": 0.65, ""score_u2i"": 0.9634659290313721, ""score_comment_xgb"": 0.8791588544845581}"
39,100059911987,xgb_hybrid_v1,0.9148170948028564,3,"{""source"": ""hybrid_u2i_comment_xgb"", ""alpha"": 0.65, ""score_u2i"": 0.8735167980194092, ""score_comment_xgb"": 0.9915177226066589}"
39,11819155539,xgb_hybrid_v1,0.9094192981719971,4,"{""source"": ""hybrid_u2i_comment_xgb"", ""alpha"": 0.65, ""score_u2i"": 0.9724987745285034, ""score_comment_xgb"": 0.7922716736793518}"
39,100112272948,xgb_hybrid_v1,0.8937186598777771,5,"{""source"": ""hybrid_u2i_comment_xgb"", ""alpha"": 0.65, ""score_u2i"": 0.9343778491020203, ""score_comment_xgb"": 0.8182088136672974}"
39,100215876924,xgb_hybrid_v1,0.8771179914474487,6,"{""source"": ""hybrid_u2i_comment_xgb"", ""alpha"": 0.65, ""score_u2i"": 0.8200787305831909, ""score_comment_xgb"": 0.9830480813980103}"
39,100115256936,xgb_hybrid_v1,0.8657124042510986,7,"{""source"": ""hybrid_u2i_comment_xgb"", ""alpha"": 0.65, ""score_u2i"": 0.9277786612510681, ""score_comment_xgb"": 0.750446617603302}"
39,10070360840507,xgb_hybrid_v1,0.8600231409072876,8,"{""source"": ""hybrid_u2i_comment_xgb"", ""alpha"": 0.65, ""score_u2i"": 0.8998374938964844, ""score_comment_xgb"": 0.7860822081565857}"
39,10121602694516,xgb_hybrid_v1,0.8521618843078613,9,"{""source"": ""hybrid_u2i_comment_xgb"", ""alpha"": 0.65, ""score_u2i"": 0.8323927521705627, ""score_comment_xgb"": 0.88887619972229}"
39,13065559672,xgb_hybrid_v1,0.8501084446907043,10,"{""source"": ""hybrid_u2i_comment_xgb"", ""alpha"": 0.65, ""score_u2i"": 0.9496561288833618, ""score_comment_xgb"": 0.6652342081069946}"
39,100195732408,xgb_hybrid_v1,0.8484865427017212,11,"{""source"": ""hybrid_u2i_comment_xgb"", ""alpha"": 0.65, ""score_u2i"": 0.8883976936340332, ""score_comment_xgb"": 0.7743659615516663}"
39,100071138925,xgb_hybrid_v1,0.8476096391677856,12,"{""source"": ""hybrid_u2i_comment_xgb"", ""alpha"": 0.65, ""score_u2i"": 0.8330819010734558, ""score_comment_xgb"": 0.8745898604393005}"
39,100151315926,xgb_hybrid_v1,0.8335387706756592,13,"{""source"": ""hybrid_u2i_comment_xgb"", ""alpha"": 0.65, ""score_u2i"": 0.896696150302887, ""score_comment_xgb"": 0.7162466645240784}"
39,100203000983,xgb_hybrid_v1,0.8275578022003174,14,"{""source"": ""hybrid_u2i_comment_xgb"", ""alpha"": 0.65, ""score_u2i"": 0.7388375401496887, ""score_comment_xgb"": 0.9923239946365356}"
39,100184800271,xgb_hybrid_v1,0.8014432191848755,15,"{""source"": ""hybrid_u2i_comment_xgb"", ""alpha"": 0.65, ""score_u2i"": 0.7070670127868652, ""score_comment_xgb"": 0.9767134785652161}"
39,71577466395,xgb_hybrid_v1,0.7720057964324951,16,"{""source"": ""hybrid_u2i_comment_xgb"", ""alpha"": 0.65, ""score_u2i"": 0.830048680305481, ""score_comment_xgb"": 0.6642119288444519}"
39,100019031805,xgb_hybrid_v1,0.7698472738265991,17,"{""source"": ""hybrid_u2i_comment_xgb"", ""alpha"": 0.65, ""score_u2i"": 0.8693337440490723, ""score_comment_xgb"": 0.5850866436958313}"
39,10042124137320,xgb_hybrid_v1,0.7311073541641235,18,"{""source"": ""hybrid_u2i_comment_xgb"", ""alpha"": 0.65, ""score_u2i"": 0.968257486820221, ""score_comment_xgb"": 0.29068565368652344}"
39,100136079282,xgb_hybrid_v1,0.720185399055481,19,"{""source"": ""hybrid_u2i_comment_xgb"", ""alpha"": 0.65, ""score_u2i"": 0.5995997786521912, ""score_comment_xgb"": 0.9441302418708801}"
39,11819155540,xgb_hybrid_v1,0.7060192227363586,20,"{""source"": ""hybrid_u2i_comment_xgb"", ""alpha"": 0.65, ""score_u2i"": 0.7222365736961365, ""score_comment_xgb"": 0.6759012937545776}"
40,100114512933,xgb_hybrid_v1,0.9555507898330688,1,"{""source"": ""hybrid_u2i_comment_xgb"", ""alpha"": 0.65, ""score_u2i"": 0.9717439413070679, ""score_comment_xgb"": 0.9254780411720276}"
40,100154268303,xgb_hybrid_v1,0.9339584112167358,2,"{""source"": ""hybrid_u2i_comment_xgb"", ""alpha"": 0.65, ""score_u2i"": 0.9634659290313721, ""score_comment_xgb"": 0.8791588544845581}"
40,100059911987,xgb_hybrid_v1,0.9148170948028564,3,"{""source"": ""hybrid_u2i_comment_xgb"", ""alpha"": 0.65, ""score_u2i"": 0.8735167980194092, ""score_comment_xgb"": 0.9915177226066589}"
40,11819155539,xgb_hybrid_v1,0.9094192981719971,4,"{""source"": ""hybrid_u2i_comment_xgb"", ""alpha"": 0.65, ""score_u2i"": 0.9724987745285034, ""score_comment_xgb"": 0.7922716736793518}"
40,100112272948,xgb_hybrid_v1,0.8937186598777771,5,"{""source"": ""hybrid_u2i_comment_xgb"", ""alpha"": 0.65, ""score_u2i"": 0.9343778491020203, ""score_comment_xgb"": 0.8182088136672974}"
40,100215876924,xgb_hybrid_v1,0.8771179914474487,6,"{""source"": ""hybrid_u2i_comment_xgb"", ""alpha"": 0.65, ""score_u2i"": 0.8200787305831909, ""score_comment_xgb"": 0.9830480813980103}"
40,100115256936,xgb_hybrid_v1,0.8657124042510986,7,"{""source"": ""hybrid_u2i_comment_xgb"", ""alpha"": 0.65, ""score_u2i"": 0.9277786612510681, ""score_comment_xgb"": 0.750446617603302}"
40,10070360840507,xgb_hybrid_v1,0.8600231409072876,8,"{""source"": ""hybrid_u2i_comment_xgb"", ""alpha"": 0.65, ""score_u2i"": 0.8998374938964844, ""score_comment_xgb"": 0.7860822081565857}"
40,10121602694516,xgb_hybrid_v1,0.8521618843078613,9,"{""source"": ""hybrid_u2i_comment_xgb"", ""alpha"": 0.65, ""score_u2i"": 0.8323927521705627, ""score_comment_xgb"": 0.88887619972229}"
40,13065559672,xgb_hybrid_v1,0.8501084446907043,10,"{""source"": ""hybrid_u2i_comment_xgb"", ""alpha"": 0.65, ""score_u2i"": 0.9496561288833618, ""score_comment_xgb"": 0.6652342081069946}"
40,100195732408,xgb_hybrid_v1,0.8484865427017212,11,"{""source"": ""hybrid_u2i_comment_xgb"", ""alpha"": 0.65, ""score_u2i"": 0.8883976936340332, ""score_comment_xgb"": 0.7743659615516663}"
40,100071138925,xgb_hybrid_v1,0.8476096391677856,12,"{""source"": ""hybrid_u2i_comment_xgb"", ""alpha"": 0.65, ""score_u2i"": 0.8330819010734558, ""score_comment_xgb"": 0.8745898604393005}"
40,100151315926,xgb_hybrid_v1,0.8335387706756592,13,"{""source"": ""hybrid_u2i_comment_xgb"", ""alpha"": 0.65, ""score_u2i"": 0.896696150302887, ""score_comment_xgb"": 0.7162466645240784}"
40,100203000983,xgb_hybrid_v1,0.8275578022003174,14,"{""source"": ""hybrid_u2i_comment_xgb"", ""alpha"": 0.65, ""score_u2i"": 0.7388375401496887, ""score_comment_xgb"": 0.9923239946365356}"
40,100184800271,xgb_hybrid_v1,0.8014432191848755,15,"{""source"": ""hybrid_u2i_comment_xgb"", ""alpha"": 0.65, ""score_u2i"": 0.7070670127868652, ""score_comment_xgb"": 0.9767134785652161}"
40,71577466395,xgb_hybrid_v1,0.7720057964324951,16,"{""source"": ""hybrid_u2i_comment_xgb"", ""alpha"": 0.65, ""score_u2i"": 0.830048680305481, ""score_comment_xgb"": 0.6642119288444519}"
40,100019031805,xgb_hybrid_v1,0.7698472738265991,17,"{""source"": ""hybrid_u2i_comment_xgb"", ""alpha"": 0.65, ""score_u2i"": 0.8693337440490723, ""score_comment_xgb"": 0.5850866436958313}"
40,10042124137320,xgb_hybrid_v1,0.7311073541641235,18,"{""source"": ""hybrid_u2i_comment_xgb"", ""alpha"": 0.65, ""score_u2i"": 0.968257486820221, ""score_comment_xgb"": 0.29068565368652344}"
40,100136079282,xgb_hybrid_v1,0.720185399055481,19,"{""source"": ""hybrid_u2i_comment_xgb"", ""alpha"": 0.65, ""score_u2i"": 0.5995997786521912, ""score_comment_xgb"": 0.9441302418708801}"
40,11819155540,xgb_hybrid_v1,0.7060192227363586,20,"{""source"": ""hybrid_u2i_comment_xgb"", ""alpha"": 0.65, ""score_u2i"": 0.7222365736961365, ""score_comment_xgb"": 0.6759012937545776}"
41,100136079282,xgb_hybrid_v1,0.9578642249107361,1,"{""source"": ""hybrid_u2i_comment_xgb"", ""alpha"": 0.65, ""score_u2i"": 0.9652594923973083, ""score_comment_xgb"": 0.9441302418708801}"
41,100154268303,xgb_hybrid_v1,0.9252631068229675,2,"{""source"": ""hybrid_u2i_comment_xgb"", ""alpha"": 0.65, ""score_u2i"": 0.9500885009765625, ""score_comment_xgb"": 0.8791588544845581}"
41,100249994404,xgb_hybrid_v1,0.9238307476043701,3,"{""source"": ""hybrid_u2i_comment_xgb"", ""alpha"": 0.65, ""score_u2i"": 0.914801299571991, ""score_comment_xgb"": 0.9405998587608337}"
41,100114512933,xgb_hybrid_v1,0.9019178152084351,4,"{""source"": ""hybrid_u2i_comment_xgb"", ""alpha"": 0.65, ""score_u2i"": 0.8892315626144409, ""score_comment_xgb"": 0.9254780411720276}"
41,13065559672,xgb_hybrid_v1,0.8539630174636841,5,"{""source"": ""hybrid_u2i_comment_xgb"", ""alpha"": 0.65, ""score_u2i"": 0.9555862545967102, ""score_comment_xgb"": 0.6652342081069946}"
41,100019031805,xgb_hybrid_v1,0.8454576134681702,6,"{""source"": ""hybrid_u2i_comment_xgb"", ""alpha"": 0.65, ""score_u2i"": 0.9856573343276978, ""score_comment_xgb"": 0.5850866436958313}"
41,100216501267,xgb_hybrid_v1,0.8380846977233887,7,"{""source"": ""hybrid_u2i_comment_xgb"", ""alpha"": 0.65, ""score_u2i"": 0.7541028261184692, ""score_comment_xgb"": 0.9940510988235474}"
41,100059257824,xgb_hybrid_v1,0.801767110824585,8,"{""source"": ""hybrid_u2i_comment_xgb"", ""alpha"": 0.65, ""score_u2i"": 0.7494468688964844, ""score_comment_xgb"": 0.8989334106445312}"
41,10121602694516,xgb_hybrid_v1,0.7937854528427124,9,"{""source"": ""hybrid_u2i_comment_xgb"", ""alpha"": 0.65, ""score_u2i"": 0.7425827383995056, ""score_comment_xgb"": 0.88887619972229}"
41,5475198,xgb_hybrid_v1,0.766459584236145,10,"{""source"": ""hybrid_u2i_comment_xgb"", ""alpha"": 0.65, ""score_u2i"": 0.967322826385498, ""score_comment_xgb"": 0.3934279978275299}"
41,10098656892439,xgb_hybrid_v1,0.7533578872680664,11,"{""source"": ""hybrid_u2i_comment_xgb"", ""alpha"": 0.65, ""score_u2i"": 0.7436744570732117, ""score_comment_xgb"": 0.7713414430618286}"
41,100230694872,xgb_hybrid_v1,0.7224733829498291,12,"{""source"": ""hybrid_u2i_comment_xgb"", ""alpha"": 0.65, ""score_u2i"": 0.6435881853103638, ""score_comment_xgb"": 0.8689746260643005}"
41,100009013165,xgb_hybrid_v1,0.7103872895240784,13,"{""source"": ""hybrid_u2i_comment_xgb"", ""alpha"": 0.65, ""score_u2i"": 0.9468953013420105, ""score_comment_xgb"": 0.27115824818611145}"
41,10087901051820,xgb_hybrid_v1,0.7076643705368042,14,"{""source"": ""hybrid_u2i_comment_xgb"", ""alpha"": 0.65, ""score_u2i"": 0.5611865520477295, ""score_comment_xgb"": 0.9796945452690125}"
41,10192694267563,xgb_hybrid_v1,0.704818606376648,15,"{""source"": ""hybrid_u2i_comment_xgb"", ""alpha"": 0.65, ""score_u2i"": 0.63055819272995, ""score_comment_xgb"": 0.8427309393882751}"
41,11819155539,xgb_hybrid_v1,0.670998215675354,16,"{""source"": ""hybrid_u2i_comment_xgb"", ""alpha"": 0.65, ""score_u2i"": 0.6056971549987793, ""score_comment_xgb"": 0.7922716736793518}"
41,100136079284,xgb_hybrid_v1,0.6616933941841125,17,"{""source"": ""hybrid_u2i_comment_xgb"", ""alpha"": 0.65, ""score_u2i"": 0.5161562561988831, ""score_comment_xgb"": 0.9319767355918884}"
41,4246911,xgb_hybrid_v1,0.6602914333343506,18,"{""source"": ""hybrid_u2i_comment_xgb"", ""alpha"": 0.65, ""score_u2i"": 0.938510537147522, ""score_comment_xgb"": 0.1435987800359726}"
41,100002187045,xgb_hybrid_v1,0.652262806892395,19,"{""source"": ""hybrid_u2i_comment_xgb"", ""alpha"": 0.65, ""score_u2i"": 0.7935611605644226, ""score_comment_xgb"": 0.3898515999317169}"
41,69673075023,xgb_hybrid_v1,0.6505300998687744,20,"{""source"": ""hybrid_u2i_comment_xgb"", ""alpha"": 0.65, ""score_u2i"": 0.769901692867279, ""score_comment_xgb"": 0.4288400709629059}"
42,100203000971,xgb_hybrid_v1,0.9058125019073486,1,"{""source"": ""hybrid_u2i_comment_xgb"", ""alpha"": 0.65, ""score_u2i"": 0.8562057018280029, ""score_comment_xgb"": 0.9979395270347595}"
42,100017016045,xgb_hybrid_v1,0.8321698904037476,2,"{""source"": ""hybrid_u2i_comment_xgb"", ""alpha"": 0.65, ""score_u2i"": 0.9571694135665894, ""score_comment_xgb"": 0.6000280380249023}"
42,11819155539,xgb_hybrid_v1,0.7988330125808716,3,"{""source"": ""hybrid_u2i_comment_xgb"", ""alpha"": 0.65, ""score_u2i"": 0.8023661375045776, ""score_comment_xgb"": 0.7922716736793518}"
42,10087901051820,xgb_hybrid_v1,0.7783633470535278,4,"{""source"": ""hybrid_u2i_comment_xgb"", ""alpha"": 0.65, ""score_u2i"": 0.669954240322113, ""score_comment_xgb"": 0.9796945452690125}"
42,100136079282,xgb_hybrid_v1,0.7660641670227051,5,"{""source"": ""hybrid_u2i_comment_xgb"", ""alpha"": 0.65, ""score_u2i"": 0.6701824069023132, ""score_comment_xgb"": 0.9441302418708801}"
42,10098681688567,xgb_hybrid_v1,0.7645873427391052,6,"{""source"": ""hybrid_u2i_comment_xgb"", ""alpha"": 0.65, ""score_u2i"": 0.9528220295906067, ""score_comment_xgb"": 0.41500869393348694}"
42,100114512933,xgb_hybrid_v1,0.763039767742157,7,"{""source"": ""hybrid_u2i_comment_xgb"", ""alpha"": 0.65, ""score_u2i"": 0.6755730509757996, ""score_comment_xgb"": 0.9254780411720276}"
42,100070794980,xgb_hybrid_v1,0.7619430422782898,8,"{""source"": ""hybrid_u2i_comment_xgb"", ""alpha"": 0.65, ""score_u2i"": 0.8027476072311401, ""score_comment_xgb"": 0.6861632466316223}"
42,100002187047,xgb_hybrid_v1,0.7360203266143799,9,"{""source"": ""hybrid_u2i_comment_xgb"", ""alpha"": 0.65, ""score_u2i"": 0.7876372933387756, ""score_comment_xgb"": 0.6401602625846863}"
42,5475198,xgb_hybrid_v1,0.7275838255882263,10,"{""source"": ""hybrid_u2i_comment_xgb"", ""alpha"": 0.65, ""score_u2i"": 0.9075139760971069, ""score_comment_xgb"": 0.3934279978275299}"
42,10109147342652,xgb_hybrid_v1,0.6662910580635071,11,"{""source"": ""hybrid_u2i_comment_xgb"", ""alpha"": 0.65, ""score_u2i"": 0.5240044593811035, ""score_comment_xgb"": 0.9305377006530762}"
42,10159600685389,xgb_hybrid_v1,0.6534616947174072,12,"{""source"": ""hybrid_u2i_comment_xgb"", ""alpha"": 0.65, ""score_u2i"": 0.47485774755477905, ""score_comment_xgb"": 0.9851548671722412}"
42,3409140,xgb_hybrid_v1,0.650402307510376,13,"{""source"": ""hybrid_u2i_comment_xgb"", ""alpha"": 0.65, ""score_u2i"": 0.8480225205421448, ""score_comment_xgb"": 0.28339341282844543}"
42,100064200322,xgb_hybrid_v1,0.6472645998001099,14,"{""source"": ""hybrid_u2i_comment_xgb"", ""alpha"": 0.65, ""score_u2i"": 0.5977714657783508, ""score_comment_xgb"": 0.7391803860664368}"
42,100288929442,xgb_hybrid_v1,0.6446367502212524,15,"{""source"": ""hybrid_u2i_comment_xgb"", ""alpha"": 0.65, ""score_u2i"": 0.5862635970115662, ""score_comment_xgb"": 0.7530441284179688}"
42,10212550372913,xgb_hybrid_v1,0.6430835723876953,16,"{""source"": ""hybrid_u2i_comment_xgb"", ""alpha"": 0.65, ""score_u2i"": 0.4562292993068695, ""score_comment_xgb"": 0.990098774433136}"
42,13065559672,xgb_hybrid_v1,0.6413825154304504,17,"{""source"": ""hybrid_u2i_comment_xgb"", ""alpha"": 0.65, ""score_u2i"": 0.6285393238067627, ""score_comment_xgb"": 0.6652342081069946}"
42,10037128752741,xgb_hybrid_v1,0.622207522392273,18,"{""source"": ""hybrid_u2i_comment_xgb"", ""alpha"": 0.65, ""score_u2i"": 0.6864814162254333, ""score_comment_xgb"": 0.5028416514396667}"
42,100201827671,xgb_hybrid_v1,0.6132007241249084,19,"{""source"": ""hybrid_u2i_comment_xgb"", ""alpha"": 0.65, ""score_u2i"": 0.4138292968273163, ""score_comment_xgb"": 0.9834620356559753}"
42,10132040325618,xgb_hybrid_v1,0.6074494123458862,20,"{""source"": ""hybrid_u2i_comment_xgb"", ""alpha"": 0.65, ""score_u2i"": 0.42938587069511414, ""score_comment_xgb"": 0.9381387829780579}"
43,100114512933,xgb_hybrid_v1,0.9540194272994995,1,"{""source"": ""hybrid_u2i_comment_xgb"", ""alpha"": 0.65, ""score_u2i"": 0.9693878889083862, ""score_comment_xgb"": 0.9254780411720276}"
43,100154268303,xgb_hybrid_v1,0.9275970458984375,2,"{""source"": ""hybrid_u2i_comment_xgb"", ""alpha"": 0.65, ""score_u2i"": 0.9536792039871216, ""score_comment_xgb"": 0.8791588544845581}"
43,100215876924,xgb_hybrid_v1,0.8909841775894165,3,"{""source"": ""hybrid_u2i_comment_xgb"", ""alpha"": 0.65, ""score_u2i"": 0.8414113521575928, ""score_comment_xgb"": 0.9830480813980103}"
43,11819155539,xgb_hybrid_v1,0.8843228816986084,4,"{""source"": ""hybrid_u2i_comment_xgb"", ""alpha"": 0.65, ""score_u2i"": 0.9338890314102173, ""score_comment_xgb"": 0.7922716736793518}"
43,10121602694516,xgb_hybrid_v1,0.8518373966217041,5,"{""source"": ""hybrid_u2i_comment_xgb"", ""alpha"": 0.65, ""score_u2i"": 0.8318934440612793, ""score_comment_xgb"": 0.88887619972229}"
43,100019031805,xgb_hybrid_v1,0.8342052698135376,6,"{""source"": ""hybrid_u2i_comment_xgb"", ""alpha"": 0.65, ""score_u2i"": 0.968346118927002, ""score_comment_xgb"": 0.5850866436958313}"
43,13065559672,xgb_hybrid_v1,0.8303588032722473,7,"{""source"": ""hybrid_u2i_comment_xgb"", ""alpha"": 0.65, ""score_u2i"": 0.9192721247673035, ""score_comment_xgb"": 0.6652342081069946}"
43,100112272948,xgb_hybrid_v1,0.8243114352226257,8,"{""source"": ""hybrid_u2i_comment_xgb"", ""alpha"": 0.65, ""score_u2i"": 0.8275974988937378, ""score_comment_xgb"": 0.8182088136672974}"
43,100064200322,xgb_hybrid_v1,0.7996686697006226,9,"{""source"": ""hybrid_u2i_comment_xgb"", ""alpha"": 0.65, ""score_u2i"": 0.8322393298149109, ""score_comment_xgb"": 0.7391803860664368}"
43,100136079284,xgb_hybrid_v1,0.7973871231079102,10,"{""source"": ""hybrid_u2i_comment_xgb"", ""alpha"": 0.65, ""score_u2i"": 0.7249158620834351, ""score_comment_xgb"": 0.9319767355918884}"
43,71577466395,xgb_hybrid_v1,0.7964459657669067,11,"{""source"": ""hybrid_u2i_comment_xgb"", ""alpha"": 0.65, ""score_u2i"": 0.8676489591598511, ""score_comment_xgb"": 0.6642119288444519}"
43,100195732408,xgb_hybrid_v1,0.7882764339447021,12,"{""source"": ""hybrid_u2i_comment_xgb"", ""alpha"": 0.65, ""score_u2i"": 0.7957667708396912, ""score_comment_xgb"": 0.7743659615516663}"
43,100230694872,xgb_hybrid_v1,0.7434631586074829,13,"{""source"": ""hybrid_u2i_comment_xgb"", ""alpha"": 0.65, ""score_u2i"": 0.6758801341056824, ""score_comment_xgb"": 0.8689746260643005}"
43,10070360840507,xgb_hybrid_v1,0.7225006818771362,14,"{""source"": ""hybrid_u2i_comment_xgb"", ""alpha"": 0.65, ""score_u2i"": 0.6882645487785339, ""score_comment_xgb"": 0.7860822081565857}"
43,10042124137320,xgb_hybrid_v1,0.7109746932983398,15,"{""source"": ""hybrid_u2i_comment_xgb"", ""alpha"": 0.65, ""score_u2i"": 0.9372841715812683, ""score_comment_xgb"": 0.29068565368652344}"
43,100071138925,xgb_hybrid_v1,0.7020655870437622,16,"{""source"": ""hybrid_u2i_comment_xgb"", ""alpha"": 0.65, ""score_u2i"": 0.6091678738594055, ""score_comment_xgb"": 0.8745898604393005}"
43,100268823874,xgb_hybrid_v1,0.6976144909858704,17,"{""source"": ""hybrid_u2i_comment_xgb"", ""alpha"": 0.65, ""score_u2i"": 0.5500566363334656, ""score_comment_xgb"": 0.9716505408287048}"
43,4246911,xgb_hybrid_v1,0.6926772594451904,18,"{""source"": ""hybrid_u2i_comment_xgb"", ""alpha"": 0.65, ""score_u2i"": 0.9883348941802979, ""score_comment_xgb"": 0.1435987800359726}"
43,100002187047,xgb_hybrid_v1,0.6842972636222839,19,"{""source"": ""hybrid_u2i_comment_xgb"", ""alpha"": 0.65, ""score_u2i"": 0.7080633640289307, ""score_comment_xgb"": 0.6401602625846863}"
43,100008164593,xgb_hybrid_v1,0.6691959500312805,20,"{""source"": ""hybrid_u2i_comment_xgb"", ""alpha"": 0.65, ""score_u2i"": 0.9343655705451965, ""score_comment_xgb"": 0.1767382025718689}"
44,100114512933,xgb_hybrid_v1,0.9640463590621948,1,"{""source"": ""hybrid_u2i_comment_xgb"", ""alpha"": 0.65, ""score_u2i"": 0.9848139882087708, ""score_comment_xgb"": 0.9254780411720276}"
44,100059911987,xgb_hybrid_v1,0.9485621452331543,2,"{""source"": ""hybrid_u2i_comment_xgb"", ""alpha"": 0.65, ""score_u2i"": 0.9254322052001953, ""score_comment_xgb"": 0.9915177226066589}"
44,100154268303,xgb_hybrid_v1,0.9417184591293335,3,"{""source"": ""hybrid_u2i_comment_xgb"", ""alpha"": 0.65, ""score_u2i"": 0.9754044413566589, ""score_comment_xgb"": 0.8791588544845581}"
44,11819155539,xgb_hybrid_v1,0.9121884107589722,4,"{""source"": ""hybrid_u2i_comment_xgb"", ""alpha"": 0.65, ""score_u2i"": 0.9767589569091797, ""score_comment_xgb"": 0.7922716736793518}"
44,10121602694516,xgb_hybrid_v1,0.9118934869766235,5,"{""source"": ""hybrid_u2i_comment_xgb"", ""alpha"": 0.65, ""score_u2i"": 0.9242874979972839, ""score_comment_xgb"": 0.88887619972229}"
44,100112272948,xgb_hybrid_v1,0.9034673571586609,6,"{""source"": ""hybrid_u2i_comment_xgb"", ""alpha"": 0.65, ""score_u2i"": 0.9493758082389832, ""score_comment_xgb"": 0.8182088136672974}"
44,100215876924,xgb_hybrid_v1,0.9010956287384033,7,"{""source"": ""hybrid_u2i_comment_xgb"", ""alpha"": 0.65, ""score_u2i"": 0.8569673895835876, ""score_comment_xgb"": 0.9830480813980103}"
44,100195732408,xgb_hybrid_v1,0.8910841941833496,8,"{""source"": ""hybrid_u2i_comment_xgb"", ""alpha"": 0.65, ""score_u2i"": 0.953932523727417, ""score_comment_xgb"": 0.7743659615516663}"
44,100184800271,xgb_hybrid_v1,0.8903204202651978,9,"{""source"": ""hybrid_u2i_comment_xgb"", ""alpha"": 0.65, ""score_u2i"": 0.8438010811805725, ""score_comment_xgb"": 0.9767134785652161}"
44,10070360840507,xgb_hybrid_v1,0.885025680065155,10,"{""source"": ""hybrid_u2i_comment_xgb"", ""alpha"": 0.65, ""score_u2i"": 0.9383029937744141, ""score_comment_xgb"": 0.7860822081565857}"
44,100071138925,xgb_hybrid_v1,0.8837848901748657,11,"{""source"": ""hybrid_u2i_comment_xgb"", ""alpha"": 0.65, ""score_u2i"": 0.8887361288070679, ""score_comment_xgb"": 0.8745898604393005}"
44,100203000983,xgb_hybrid_v1,0.8829163908958435,12,"{""source"": ""hybrid_u2i_comment_xgb"", ""alpha"": 0.65, ""score_u2i"": 0.8240046501159668, ""score_comment_xgb"": 0.9923239946365356}"
44,13065559672,xgb_hybrid_v1,0.8660677075386047,13,"{""source"": ""hybrid_u2i_comment_xgb"", ""alpha"": 0.65, ""score_u2i"": 0.9742088913917542, ""score_comment_xgb"": 0.6652342081069946}"
44,100115256936,xgb_hybrid_v1,0.8551304340362549,14,"{""source"": ""hybrid_u2i_comment_xgb"", ""alpha"": 0.65, ""score_u2i"": 0.9114986658096313, ""score_comment_xgb"": 0.750446617603302}"
44,100151315926,xgb_hybrid_v1,0.8301624059677124,15,"{""source"": ""hybrid_u2i_comment_xgb"", ""alpha"": 0.65, ""score_u2i"": 0.8915016651153564, ""score_comment_xgb"": 0.7162466645240784}"
44,100019031805,xgb_hybrid_v1,0.8162246346473694,16,"{""source"": ""hybrid_u2i_comment_xgb"", ""alpha"": 0.65, ""score_u2i"": 0.9406836032867432, ""score_comment_xgb"": 0.5850866436958313}"
44,71577466395,xgb_hybrid_v1,0.7927663326263428,17,"{""source"": ""hybrid_u2i_comment_xgb"", ""alpha"": 0.65, ""score_u2i"": 0.8619879484176636, ""score_comment_xgb"": 0.6642119288444519}"
44,100230694872,xgb_hybrid_v1,0.7902008295059204,18,"{""source"": ""hybrid_u2i_comment_xgb"", ""alpha"": 0.65, ""score_u2i"": 0.7477841973304749, ""score_comment_xgb"": 0.8689746260643005}"
44,11819155540,xgb_hybrid_v1,0.7568913102149963,19,"{""source"": ""hybrid_u2i_comment_xgb"", ""alpha"": 0.65, ""score_u2i"": 0.80050128698349, ""score_comment_xgb"": 0.6759012937545776}"
44,100000987566,xgb_hybrid_v1,0.7485824227333069,20,"{""source"": ""hybrid_u2i_comment_xgb"", ""alpha"": 0.65, ""score_u2i"": 0.849833607673645, ""score_comment_xgb"": 0.5605446100234985}"
45,100114512933,xgb_hybrid_v1,0.9539411067962646,1,"{""source"": ""hybrid_u2i_comment_xgb"", ""alpha"": 0.65, ""score_u2i"": 0.9692674875259399, ""score_comment_xgb"": 0.9254780411720276}"
45,100136079282,xgb_hybrid_v1,0.9504092335700989,2,"{""source"": ""hybrid_u2i_comment_xgb"", ""alpha"": 0.65, ""score_u2i"": 0.9537902474403381, ""score_comment_xgb"": 0.9441302418708801}"
45,100154268303,xgb_hybrid_v1,0.9478967785835266,3,"{""source"": ""hybrid_u2i_comment_xgb"", ""alpha"": 0.65, ""score_u2i"": 0.9849095940589905, ""score_comment_xgb"": 0.8791588544845581}"
45,100136079284,xgb_hybrid_v1,0.9215860366821289,4,"{""source"": ""hybrid_u2i_comment_xgb"", ""alpha"": 0.65, ""score_u2i"": 0.9159910678863525, ""score_comment_xgb"": 0.9319767355918884}"
45,11819155539,xgb_hybrid_v1,0.8860989809036255,5,"{""source"": ""hybrid_u2i_comment_xgb"", ""alpha"": 0.65, ""score_u2i"": 0.9366214275360107, ""score_comment_xgb"": 0.7922716736793518}"
45,100268823874,xgb_hybrid_v1,0.8599597215652466,6,"{""source"": ""hybrid_u2i_comment_xgb"", ""alpha"": 0.65, ""score_u2i"": 0.7998185157775879, ""score_comment_xgb"": 0.9716505408287048}"
45,10087901051820,xgb_hybrid_v1,0.8467367887496948,7,"{""source"": ""hybrid_u2i_comment_xgb"", ""alpha"": 0.65, ""score_u2i"": 0.7751441597938538, ""score_comment_xgb"": 0.9796945452690125}"
45,10192694267563,xgb_hybrid_v1,0.8454388380050659,8,"{""source"": ""hybrid_u2i_comment_xgb"", ""alpha"": 0.65, ""score_u2i"": 0.8468969464302063, ""score_comment_xgb"": 0.8427309393882751}"
45,100019031805,xgb_hybrid_v1,0.8443332314491272,9,"{""source"": ""hybrid_u2i_comment_xgb"", ""alpha"": 0.65, ""score_u2i"": 0.9839275479316711, ""score_comment_xgb"": 0.5850866436958313}"
45,100230694872,xgb_hybrid_v1,0.7894266247749329,10,"{""source"": ""hybrid_u2i_comment_xgb"", ""alpha"": 0.65, ""score_u2i"": 0.7465931177139282, ""score_comment_xgb"": 0.8689746260643005}"
45,100195732408,xgb_hybrid_v1,0.7834057807922363,11,"{""source"": ""hybrid_u2i_comment_xgb"", ""alpha"": 0.65, ""score_u2i"": 0.7882734537124634, ""score_comment_xgb"": 0.7743659615516663}"
45,5475198,xgb_hybrid_v1,0.7157570123672485,12,"{""source"": ""hybrid_u2i_comment_xgb"", ""alpha"": 0.65, ""score_u2i"": 0.8893188834190369, ""score_comment_xgb"": 0.3934279978275299}"
45,100009013165,xgb_hybrid_v1,0.7063034176826477,13,"{""source"": ""hybrid_u2i_comment_xgb"", ""alpha"": 0.65, ""score_u2i"": 0.9406123757362366, ""score_comment_xgb"": 0.27115824818611145}"
45,13065559672,xgb_hybrid_v1,0.703201413154602,14,"{""source"": ""hybrid_u2i_comment_xgb"", ""alpha"": 0.65, ""score_u2i"": 0.7236453294754028, ""score_comment_xgb"": 0.6652342081069946}"
45,10037128752741,xgb_hybrid_v1,0.697053074836731,15,"{""source"": ""hybrid_u2i_comment_xgb"", ""alpha"": 0.65, ""score_u2i"": 0.8016284704208374, ""score_comment_xgb"": 0.5028416514396667}"
45,69673075023,xgb_hybrid_v1,0.6936408877372742,16,"{""source"": ""hybrid_u2i_comment_xgb"", ""alpha"": 0.65, ""score_u2i"": 0.8362259268760681, ""score_comment_xgb"": 0.4288400709629059}"
45,4246911,xgb_hybrid_v1,0.6903039813041687,17,"{""source"": ""hybrid_u2i_comment_xgb"", ""alpha"": 0.65, ""score_u2i"": 0.9846836924552917, ""score_comment_xgb"": 0.1435987800359726}"
45,100002187047,xgb_hybrid_v1,0.6453851461410522,18,"{""source"": ""hybrid_u2i_comment_xgb"", ""alpha"": 0.65, ""score_u2i"": 0.6481986045837402, ""score_comment_xgb"": 0.6401602625846863}"
45,4246893,xgb_hybrid_v1,0.6436094641685486,19,"{""source"": ""hybrid_u2i_comment_xgb"", ""alpha"": 0.65, ""score_u2i"": 0.8408724069595337, ""score_comment_xgb"": 0.27726417779922485}"
45,100112272948,xgb_hybrid_v1,0.6387937068939209,20,"{""source"": ""hybrid_u2i_comment_xgb"", ""alpha"": 0.65, ""score_u2i"": 0.5421856045722961, ""score_comment_xgb"": 0.8182088136672974}"
46,100114512933,xgb_hybrid_v1,0.9555507898330688,1,"{""source"": ""hybrid_u2i_comment_xgb"", ""alpha"": 0.65, ""score_u2i"": 0.9717439413070679, ""score_comment_xgb"": 0.9254780411720276}"
46,100154268303,xgb_hybrid_v1,0.9339584112167358,2,"{""source"": ""hybrid_u2i_comment_xgb"", ""alpha"": 0.65, ""score_u2i"": 0.9634659290313721, ""score_comment_xgb"": 0.8791588544845581}"
46,100059911987,xgb_hybrid_v1,0.9148170948028564,3,"{""source"": ""hybrid_u2i_comment_xgb"", ""alpha"": 0.65, ""score_u2i"": 0.8735167980194092, ""score_comment_xgb"": 0.9915177226066589}"
46,11819155539,xgb_hybrid_v1,0.9094192981719971,4,"{""source"": ""hybrid_u2i_comment_xgb"", ""alpha"": 0.65, ""score_u2i"": 0.9724987745285034, ""score_comment_xgb"": 0.7922716736793518}"
46,100112272948,xgb_hybrid_v1,0.8937186598777771,5,"{""source"": ""hybrid_u2i_comment_xgb"", ""alpha"": 0.65, ""score_u2i"": 0.9343778491020203, ""score_comment_xgb"": 0.8182088136672974}"
46,100215876924,xgb_hybrid_v1,0.8771179914474487,6,"{""source"": ""hybrid_u2i_comment_xgb"", ""alpha"": 0.65, ""score_u2i"": 0.8200787305831909, ""score_comment_xgb"": 0.9830480813980103}"
46,100115256936,xgb_hybrid_v1,0.8657124042510986,7,"{""source"": ""hybrid_u2i_comment_xgb"", ""alpha"": 0.65, ""score_u2i"": 0.9277786612510681, ""score_comment_xgb"": 0.750446617603302}"
46,10070360840507,xgb_hybrid_v1,0.8600231409072876,8,"{""source"": ""hybrid_u2i_comment_xgb"", ""alpha"": 0.65, ""score_u2i"": 0.8998374938964844, ""score_comment_xgb"": 0.7860822081565857}"
46,10121602694516,xgb_hybrid_v1,0.8521618843078613,9,"{""source"": ""hybrid_u2i_comment_xgb"", ""alpha"": 0.65, ""score_u2i"": 0.8323927521705627, ""score_comment_xgb"": 0.88887619972229}"
46,13065559672,xgb_hybrid_v1,0.8501084446907043,10,"{""source"": ""hybrid_u2i_comment_xgb"", ""alpha"": 0.65, ""score_u2i"": 0.9496561288833618, ""score_comment_xgb"": 0.6652342081069946}"
46,100195732408,xgb_hybrid_v1,0.8484865427017212,11,"{""source"": ""hybrid_u2i_comment_xgb"", ""alpha"": 0.65, ""score_u2i"": 0.8883976936340332, ""score_comment_xgb"": 0.7743659615516663}"
46,100071138925,xgb_hybrid_v1,0.8476096391677856,12,"{""source"": ""hybrid_u2i_comment_xgb"", ""alpha"": 0.65, ""score_u2i"": 0.8330819010734558, ""score_comment_xgb"": 0.8745898604393005}"
46,100151315926,xgb_hybrid_v1,0.8335387706756592,13,"{""source"": ""hybrid_u2i_comment_xgb"", ""alpha"": 0.65, ""score_u2i"": 0.896696150302887, ""score_comment_xgb"": 0.7162466645240784}"
46,100203000983,xgb_hybrid_v1,0.8275578022003174,14,"{""source"": ""hybrid_u2i_comment_xgb"", ""alpha"": 0.65, ""score_u2i"": 0.7388375401496887, ""score_comment_xgb"": 0.9923239946365356}"
46,100184800271,xgb_hybrid_v1,0.8014432191848755,15,"{""source"": ""hybrid_u2i_comment_xgb"", ""alpha"": 0.65, ""score_u2i"": 0.7070670127868652, ""score_comment_xgb"": 0.9767134785652161}"
46,71577466395,xgb_hybrid_v1,0.7720057964324951,16,"{""source"": ""hybrid_u2i_comment_xgb"", ""alpha"": 0.65, ""score_u2i"": 0.830048680305481, ""score_comment_xgb"": 0.6642119288444519}"
46,100019031805,xgb_hybrid_v1,0.7698472738265991,17,"{""source"": ""hybrid_u2i_comment_xgb"", ""alpha"": 0.65, ""score_u2i"": 0.8693337440490723, ""score_comment_xgb"": 0.5850866436958313}"
46,10042124137320,xgb_hybrid_v1,0.7311073541641235,18,"{""source"": ""hybrid_u2i_comment_xgb"", ""alpha"": 0.65, ""score_u2i"": 0.968257486820221, ""score_comment_xgb"": 0.29068565368652344}"
46,100136079282,xgb_hybrid_v1,0.720185399055481,19,"{""source"": ""hybrid_u2i_comment_xgb"", ""alpha"": 0.65, ""score_u2i"": 0.5995997786521912, ""score_comment_xgb"": 0.9441302418708801}"
46,11819155540,xgb_hybrid_v1,0.7060192227363586,20,"{""source"": ""hybrid_u2i_comment_xgb"", ""alpha"": 0.65, ""score_u2i"": 0.7222365736961365, ""score_comment_xgb"": 0.6759012937545776}"
47,100136079282,xgb_hybrid_v1,0.9578642249107361,1,"{""source"": ""hybrid_u2i_comment_xgb"", ""alpha"": 0.65, ""score_u2i"": 0.9652594923973083, ""score_comment_xgb"": 0.9441302418708801}"
47,100154268303,xgb_hybrid_v1,0.9252631068229675,2,"{""source"": ""hybrid_u2i_comment_xgb"", ""alpha"": 0.65, ""score_u2i"": 0.9500885009765625, ""score_comment_xgb"": 0.8791588544845581}"
47,100249994404,xgb_hybrid_v1,0.9238307476043701,3,"{""source"": ""hybrid_u2i_comment_xgb"", ""alpha"": 0.65, ""score_u2i"": 0.914801299571991, ""score_comment_xgb"": 0.9405998587608337}"
47,100114512933,xgb_hybrid_v1,0.9019178152084351,4,"{""source"": ""hybrid_u2i_comment_xgb"", ""alpha"": 0.65, ""score_u2i"": 0.8892315626144409, ""score_comment_xgb"": 0.9254780411720276}"
47,13065559672,xgb_hybrid_v1,0.8539630174636841,5,"{""source"": ""hybrid_u2i_comment_xgb"", ""alpha"": 0.65, ""score_u2i"": 0.9555862545967102, ""score_comment_xgb"": 0.6652342081069946}"
47,100019031805,xgb_hybrid_v1,0.8454576134681702,6,"{""source"": ""hybrid_u2i_comment_xgb"", ""alpha"": 0.65, ""score_u2i"": 0.9856573343276978, ""score_comment_xgb"": 0.5850866436958313}"
47,100216501267,xgb_hybrid_v1,0.8380846977233887,7,"{""source"": ""hybrid_u2i_comment_xgb"", ""alpha"": 0.65, ""score_u2i"": 0.7541028261184692, ""score_comment_xgb"": 0.9940510988235474}"
47,100059257824,xgb_hybrid_v1,0.801767110824585,8,"{""source"": ""hybrid_u2i_comment_xgb"", ""alpha"": 0.65, ""score_u2i"": 0.7494468688964844, ""score_comment_xgb"": 0.8989334106445312}"
47,10121602694516,xgb_hybrid_v1,0.7937854528427124,9,"{""source"": ""hybrid_u2i_comment_xgb"", ""alpha"": 0.65, ""score_u2i"": 0.7425827383995056, ""score_comment_xgb"": 0.88887619972229}"
47,5475198,xgb_hybrid_v1,0.766459584236145,10,"{""source"": ""hybrid_u2i_comment_xgb"", ""alpha"": 0.65, ""score_u2i"": 0.967322826385498, ""score_comment_xgb"": 0.3934279978275299}"
47,10098656892439,xgb_hybrid_v1,0.7533578872680664,11,"{""source"": ""hybrid_u2i_comment_xgb"", ""alpha"": 0.65, ""score_u2i"": 0.7436744570732117, ""score_comment_xgb"": 0.7713414430618286}"
47,100230694872,xgb_hybrid_v1,0.7224733829498291,12,"{""source"": ""hybrid_u2i_comment_xgb"", ""alpha"": 0.65, ""score_u2i"": 0.6435881853103638, ""score_comment_xgb"": 0.8689746260643005}"
47,100009013165,xgb_hybrid_v1,0.7103872895240784,13,"{""source"": ""hybrid_u2i_comment_xgb"", ""alpha"": 0.65, ""score_u2i"": 0.9468953013420105, ""score_comment_xgb"": 0.27115824818611145}"
47,10087901051820,xgb_hybrid_v1,0.7076643705368042,14,"{""source"": ""hybrid_u2i_comment_xgb"", ""alpha"": 0.65, ""score_u2i"": 0.5611865520477295, ""score_comment_xgb"": 0.9796945452690125}"
47,10192694267563,xgb_hybrid_v1,0.704818606376648,15,"{""source"": ""hybrid_u2i_comment_xgb"", ""alpha"": 0.65, ""score_u2i"": 0.63055819272995, ""score_comment_xgb"": 0.8427309393882751}"
47,11819155539,xgb_hybrid_v1,0.670998215675354,16,"{""source"": ""hybrid_u2i_comment_xgb"", ""alpha"": 0.65, ""score_u2i"": 0.6056971549987793, ""score_comment_xgb"": 0.7922716736793518}"
47,100136079284,xgb_hybrid_v1,0.6616933941841125,17,"{""source"": ""hybrid_u2i_comment_xgb"", ""alpha"": 0.65, ""score_u2i"": 0.5161562561988831, ""score_comment_xgb"": 0.9319767355918884}"
47,4246911,xgb_hybrid_v1,0.6602914333343506,18,"{""source"": ""hybrid_u2i_comment_xgb"", ""alpha"": 0.65, ""score_u2i"": 0.938510537147522, ""score_comment_xgb"": 0.1435987800359726}"
47,100002187045,xgb_hybrid_v1,0.652262806892395,19,"{""source"": ""hybrid_u2i_comment_xgb"", ""alpha"": 0.65, ""score_u2i"": 0.7935611605644226, ""score_comment_xgb"": 0.3898515999317169}"
47,69673075023,xgb_hybrid_v1,0.6505300998687744,20,"{""source"": ""hybrid_u2i_comment_xgb"", ""alpha"": 0.65, ""score_u2i"": 0.769901692867279, ""score_comment_xgb"": 0.4288400709629059}"
48,100114512933,xgb_hybrid_v1,0.9540194272994995,1,"{""source"": ""hybrid_u2i_comment_xgb"", ""alpha"": 0.65, ""score_u2i"": 0.9693878889083862, ""score_comment_xgb"": 0.9254780411720276}"
48,100154268303,xgb_hybrid_v1,0.9275970458984375,2,"{""source"": ""hybrid_u2i_comment_xgb"", ""alpha"": 0.65, ""score_u2i"": 0.9536792039871216, ""score_comment_xgb"": 0.8791588544845581}"
48,100215876924,xgb_hybrid_v1,0.8909841775894165,3,"{""source"": ""hybrid_u2i_comment_xgb"", ""alpha"": 0.65, ""score_u2i"": 0.8414113521575928, ""score_comment_xgb"": 0.9830480813980103}"
48,11819155539,xgb_hybrid_v1,0.8843228816986084,4,"{""source"": ""hybrid_u2i_comment_xgb"", ""alpha"": 0.65, ""score_u2i"": 0.9338890314102173, ""score_comment_xgb"": 0.7922716736793518}"
48,10121602694516,xgb_hybrid_v1,0.8518373966217041,5,"{""source"": ""hybrid_u2i_comment_xgb"", ""alpha"": 0.65, ""score_u2i"": 0.8318934440612793, ""score_comment_xgb"": 0.88887619972229}"
48,100019031805,xgb_hybrid_v1,0.8342052698135376,6,"{""source"": ""hybrid_u2i_comment_xgb"", ""alpha"": 0.65, ""score_u2i"": 0.968346118927002, ""score_comment_xgb"": 0.5850866436958313}"
48,13065559672,xgb_hybrid_v1,0.8303588032722473,7,"{""source"": ""hybrid_u2i_comment_xgb"", ""alpha"": 0.65, ""score_u2i"": 0.9192721247673035, ""score_comment_xgb"": 0.6652342081069946}"
48,100112272948,xgb_hybrid_v1,0.8243114352226257,8,"{""source"": ""hybrid_u2i_comment_xgb"", ""alpha"": 0.65, ""score_u2i"": 0.8275974988937378, ""score_comment_xgb"": 0.8182088136672974}"
48,100064200322,xgb_hybrid_v1,0.7996686697006226,9,"{""source"": ""hybrid_u2i_comment_xgb"", ""alpha"": 0.65, ""score_u2i"": 0.8322393298149109, ""score_comment_xgb"": 0.7391803860664368}"
48,100136079284,xgb_hybrid_v1,0.7973871231079102,10,"{""source"": ""hybrid_u2i_comment_xgb"", ""alpha"": 0.65, ""score_u2i"": 0.7249158620834351, ""score_comment_xgb"": 0.9319767355918884}"
48,71577466395,xgb_hybrid_v1,0.7964459657669067,11,"{""source"": ""hybrid_u2i_comment_xgb"", ""alpha"": 0.65, ""score_u2i"": 0.8676489591598511, ""score_comment_xgb"": 0.6642119288444519}"
48,100195732408,xgb_hybrid_v1,0.7882764339447021,12,"{""source"": ""hybrid_u2i_comment_xgb"", ""alpha"": 0.65, ""score_u2i"": 0.7957667708396912, ""score_comment_xgb"": 0.7743659615516663}"
48,100230694872,xgb_hybrid_v1,0.7434631586074829,13,"{""source"": ""hybrid_u2i_comment_xgb"", ""alpha"": 0.65, ""score_u2i"": 0.6758801341056824, ""score_comment_xgb"": 0.8689746260643005}"
48,10070360840507,xgb_hybrid_v1,0.7225006818771362,14,"{""source"": ""hybrid_u2i_comment_xgb"", ""alpha"": 0.65, ""score_u2i"": 0.6882645487785339, ""score_comment_xgb"": 0.7860822081565857}"
48,10042124137320,xgb_hybrid_v1,0.7109746932983398,15,"{""source"": ""hybrid_u2i_comment_xgb"", ""alpha"": 0.65, ""score_u2i"": 0.9372841715812683, ""score_comment_xgb"": 0.29068565368652344}"
48,100071138925,xgb_hybrid_v1,0.7020655870437622,16,"{""source"": ""hybrid_u2i_comment_xgb"", ""alpha"": 0.65, ""score_u2i"": 0.6091678738594055, ""score_comment_xgb"": 0.8745898604393005}"
48,100268823874,xgb_hybrid_v1,0.6976144909858704,17,"{""source"": ""hybrid_u2i_comment_xgb"", ""alpha"": 0.65, ""score_u2i"": 0.5500566363334656, ""score_comment_xgb"": 0.9716505408287048}"
48,4246911,xgb_hybrid_v1,0.6926772594451904,18,"{""source"": ""hybrid_u2i_comment_xgb"", ""alpha"": 0.65, ""score_u2i"": 0.9883348941802979, ""score_comment_xgb"": 0.1435987800359726}"
48,100002187047,xgb_hybrid_v1,0.6842972636222839,19,"{""source"": ""hybrid_u2i_comment_xgb"", ""alpha"": 0.65, ""score_u2i"": 0.7080633640289307, ""score_comment_xgb"": 0.6401602625846863}"
48,100008164593,xgb_hybrid_v1,0.6691959500312805,20,"{""source"": ""hybrid_u2i_comment_xgb"", ""alpha"": 0.65, ""score_u2i"": 0.9343655705451965, ""score_comment_xgb"": 0.1767382025718689}"
49,100114512933,xgb_hybrid_v1,0.9640463590621948,1,"{""source"": ""hybrid_u2i_comment_xgb"", ""alpha"": 0.65, ""score_u2i"": 0.9848139882087708, ""score_comment_xgb"": 0.9254780411720276}"
49,100059911987,xgb_hybrid_v1,0.9485621452331543,2,"{""source"": ""hybrid_u2i_comment_xgb"", ""alpha"": 0.65, ""score_u2i"": 0.9254322052001953, ""score_comment_xgb"": 0.9915177226066589}"
49,100154268303,xgb_hybrid_v1,0.9417184591293335,3,"{""source"": ""hybrid_u2i_comment_xgb"", ""alpha"": 0.65, ""score_u2i"": 0.9754044413566589, ""score_comment_xgb"": 0.8791588544845581}"
49,11819155539,xgb_hybrid_v1,0.9121884107589722,4,"{""source"": ""hybrid_u2i_comment_xgb"", ""alpha"": 0.65, ""score_u2i"": 0.9767589569091797, ""score_comment_xgb"": 0.7922716736793518}"
49,10121602694516,xgb_hybrid_v1,0.9118934869766235,5,"{""source"": ""hybrid_u2i_comment_xgb"", ""alpha"": 0.65, ""score_u2i"": 0.9242874979972839, ""score_comment_xgb"": 0.88887619972229}"
49,100112272948,xgb_hybrid_v1,0.9034673571586609,6,"{""source"": ""hybrid_u2i_comment_xgb"", ""alpha"": 0.65, ""score_u2i"": 0.9493758082389832, ""score_comment_xgb"": 0.8182088136672974}"
49,100215876924,xgb_hybrid_v1,0.9010956287384033,7,"{""source"": ""hybrid_u2i_comment_xgb"", ""alpha"": 0.65, ""score_u2i"": 0.8569673895835876, ""score_comment_xgb"": 0.9830480813980103}"
49,100195732408,xgb_hybrid_v1,0.8910841941833496,8,"{""source"": ""hybrid_u2i_comment_xgb"", ""alpha"": 0.65, ""score_u2i"": 0.953932523727417, ""score_comment_xgb"": 0.7743659615516663}"
49,100184800271,xgb_hybrid_v1,0.8903204202651978,9,"{""source"": ""hybrid_u2i_comment_xgb"", ""alpha"": 0.65, ""score_u2i"": 0.8438010811805725, ""score_comment_xgb"": 0.9767134785652161}"
49,10070360840507,xgb_hybrid_v1,0.885025680065155,10,"{""source"": ""hybrid_u2i_comment_xgb"", ""alpha"": 0.65, ""score_u2i"": 0.9383029937744141, ""score_comment_xgb"": 0.7860822081565857}"
49,100071138925,xgb_hybrid_v1,0.8837848901748657,11,"{""source"": ""hybrid_u2i_comment_xgb"", ""alpha"": 0.65, ""score_u2i"": 0.8887361288070679, ""score_comment_xgb"": 0.8745898604393005}"
49,100203000983,xgb_hybrid_v1,0.8829163908958435,12,"{""source"": ""hybrid_u2i_comment_xgb"", ""alpha"": 0.65, ""score_u2i"": 0.8240046501159668, ""score_comment_xgb"": 0.9923239946365356}"
49,13065559672,xgb_hybrid_v1,0.8660677075386047,13,"{""source"": ""hybrid_u2i_comment_xgb"", ""alpha"": 0.65, ""score_u2i"": 0.9742088913917542, ""score_comment_xgb"": 0.6652342081069946}"
49,100115256936,xgb_hybrid_v1,0.8551304340362549,14,"{""source"": ""hybrid_u2i_comment_xgb"", ""alpha"": 0.65, ""score_u2i"": 0.9114986658096313, ""score_comment_xgb"": 0.750446617603302}"
49,100151315926,xgb_hybrid_v1,0.8301624059677124,15,"{""source"": ""hybrid_u2i_comment_xgb"", ""alpha"": 0.65, ""score_u2i"": 0.8915016651153564, ""score_comment_xgb"": 0.7162466645240784}"
49,100019031805,xgb_hybrid_v1,0.8162246346473694,16,"{""source"": ""hybrid_u2i_comment_xgb"", ""alpha"": 0.65, ""score_u2i"": 0.9406836032867432, ""score_comment_xgb"": 0.5850866436958313}"
49,71577466395,xgb_hybrid_v1,0.7927663326263428,17,"{""source"": ""hybrid_u2i_comment_xgb"", ""alpha"": 0.65, ""score_u2i"": 0.8619879484176636, ""score_comment_xgb"": 0.6642119288444519}"
49,100230694872,xgb_hybrid_v1,0.7902008295059204,18,"{""source"": ""hybrid_u2i_comment_xgb"", ""alpha"": 0.65, ""score_u2i"": 0.7477841973304749, ""score_comment_xgb"": 0.8689746260643005}"
49,11819155540,xgb_hybrid_v1,0.7568913102149963,19,"{""source"": ""hybrid_u2i_comment_xgb"", ""alpha"": 0.65, ""score_u2i"": 0.80050128698349, ""score_comment_xgb"": 0.6759012937545776}"
49,100000987566,xgb_hybrid_v1,0.7485824227333069,20,"{""source"": ""hybrid_u2i_comment_xgb"", ""alpha"": 0.65, ""score_u2i"": 0.849833607673645, ""score_comment_xgb"": 0.5605446100234985}"
50,100114512933,xgb_hybrid_v1,0.9640463590621948,1,"{""source"": ""hybrid_u2i_comment_xgb"", ""alpha"": 0.65, ""score_u2i"": 0.9848139882087708, ""score_comment_xgb"": 0.9254780411720276}"
50,100059911987,xgb_hybrid_v1,0.9485621452331543,2,"{""source"": ""hybrid_u2i_comment_xgb"", ""alpha"": 0.65, ""score_u2i"": 0.9254322052001953, ""score_comment_xgb"": 0.9915177226066589}"
50,100154268303,xgb_hybrid_v1,0.9417184591293335,3,"{""source"": ""hybrid_u2i_comment_xgb"", ""alpha"": 0.65, ""score_u2i"": 0.9754044413566589, ""score_comment_xgb"": 0.8791588544845581}"
50,11819155539,xgb_hybrid_v1,0.9121884107589722,4,"{""source"": ""hybrid_u2i_comment_xgb"", ""alpha"": 0.65, ""score_u2i"": 0.9767589569091797, ""score_comment_xgb"": 0.7922716736793518}"
50,10121602694516,xgb_hybrid_v1,0.9118934869766235,5,"{""source"": ""hybrid_u2i_comment_xgb"", ""alpha"": 0.65, ""score_u2i"": 0.9242874979972839, ""score_comment_xgb"": 0.88887619972229}"
50,100112272948,xgb_hybrid_v1,0.9034673571586609,6,"{""source"": ""hybrid_u2i_comment_xgb"", ""alpha"": 0.65, ""score_u2i"": 0.9493758082389832, ""score_comment_xgb"": 0.8182088136672974}"
50,100215876924,xgb_hybrid_v1,0.9010956287384033,7,"{""source"": ""hybrid_u2i_comment_xgb"", ""alpha"": 0.65, ""score_u2i"": 0.8569673895835876, ""score_comment_xgb"": 0.9830480813980103}"
50,100195732408,xgb_hybrid_v1,0.8910841941833496,8,"{""source"": ""hybrid_u2i_comment_xgb"", ""alpha"": 0.65, ""score_u2i"": 0.953932523727417, ""score_comment_xgb"": 0.7743659615516663}"
50,100184800271,xgb_hybrid_v1,0.8903204202651978,9,"{""source"": ""hybrid_u2i_comment_xgb"", ""alpha"": 0.65, ""score_u2i"": 0.8438010811805725, ""score_comment_xgb"": 0.9767134785652161}"
50,10070360840507,xgb_hybrid_v1,0.885025680065155,10,"{""source"": ""hybrid_u2i_comment_xgb"", ""alpha"": 0.65, ""score_u2i"": 0.9383029937744141, ""score_comment_xgb"": 0.7860822081565857}"
50,100071138925,xgb_hybrid_v1,0.8837848901748657,11,"{""source"": ""hybrid_u2i_comment_xgb"", ""alpha"": 0.65, ""score_u2i"": 0.8887361288070679, ""score_comment_xgb"": 0.8745898604393005}"
50,100203000983,xgb_hybrid_v1,0.8829163908958435,12,"{""source"": ""hybrid_u2i_comment_xgb"", ""alpha"": 0.65, ""score_u2i"": 0.8240046501159668, ""score_comment_xgb"": 0.9923239946365356}"
50,13065559672,xgb_hybrid_v1,0.8660677075386047,13,"{""source"": ""hybrid_u2i_comment_xgb"", ""alpha"": 0.65, ""score_u2i"": 0.9742088913917542, ""score_comment_xgb"": 0.6652342081069946}"
50,100115256936,xgb_hybrid_v1,0.8551304340362549,14,"{""source"": ""hybrid_u2i_comment_xgb"", ""alpha"": 0.65, ""score_u2i"": 0.9114986658096313, ""score_comment_xgb"": 0.750446617603302}"
50,100151315926,xgb_hybrid_v1,0.8301624059677124,15,"{""source"": ""hybrid_u2i_comment_xgb"", ""alpha"": 0.65, ""score_u2i"": 0.8915016651153564, ""score_comment_xgb"": 0.7162466645240784}"
50,100019031805,xgb_hybrid_v1,0.8162246346473694,16,"{""source"": ""hybrid_u2i_comment_xgb"", ""alpha"": 0.65, ""score_u2i"": 0.9406836032867432, ""score_comment_xgb"": 0.5850866436958313}"
50,71577466395,xgb_hybrid_v1,0.7927663326263428,17,"{""source"": ""hybrid_u2i_comment_xgb"", ""alpha"": 0.65, ""score_u2i"": 0.8619879484176636, ""score_comment_xgb"": 0.6642119288444519}"
50,100230694872,xgb_hybrid_v1,0.7902008295059204,18,"{""source"": ""hybrid_u2i_comment_xgb"", ""alpha"": 0.65, ""score_u2i"": 0.7477841973304749, ""score_comment_xgb"": 0.8689746260643005}"
50,11819155540,xgb_hybrid_v1,0.7568913102149963,19,"{""source"": ""hybrid_u2i_comment_xgb"", ""alpha"": 0.65, ""score_u2i"": 0.80050128698349, ""score_comment_xgb"": 0.6759012937545776}"
50,100000987566,xgb_hybrid_v1,0.7485824227333069,20,"{""source"": ""hybrid_u2i_comment_xgb"", ""alpha"": 0.65, ""score_u2i"": 0.849833607673645, ""score_comment_xgb"": 0.5605446100234985}"
51,100136079282,xgb_hybrid_v1,0.9578642249107361,1,"{""source"": ""hybrid_u2i_comment_xgb"", ""alpha"": 0.65, ""score_u2i"": 0.9652594923973083, ""score_comment_xgb"": 0.9441302418708801}"
51,100154268303,xgb_hybrid_v1,0.9252631068229675,2,"{""source"": ""hybrid_u2i_comment_xgb"", ""alpha"": 0.65, ""score_u2i"": 0.9500885009765625, ""score_comment_xgb"": 0.8791588544845581}"
51,100249994404,xgb_hybrid_v1,0.9238307476043701,3,"{""source"": ""hybrid_u2i_comment_xgb"", ""alpha"": 0.65, ""score_u2i"": 0.914801299571991, ""score_comment_xgb"": 0.9405998587608337}"
51,100114512933,xgb_hybrid_v1,0.9019178152084351,4,"{""source"": ""hybrid_u2i_comment_xgb"", ""alpha"": 0.65, ""score_u2i"": 0.8892315626144409, ""score_comment_xgb"": 0.9254780411720276}"
51,13065559672,xgb_hybrid_v1,0.8539630174636841,5,"{""source"": ""hybrid_u2i_comment_xgb"", ""alpha"": 0.65, ""score_u2i"": 0.9555862545967102, ""score_comment_xgb"": 0.6652342081069946}"
51,100019031805,xgb_hybrid_v1,0.8454576134681702,6,"{""source"": ""hybrid_u2i_comment_xgb"", ""alpha"": 0.65, ""score_u2i"": 0.9856573343276978, ""score_comment_xgb"": 0.5850866436958313}"
51,100216501267,xgb_hybrid_v1,0.8380846977233887,7,"{""source"": ""hybrid_u2i_comment_xgb"", ""alpha"": 0.65, ""score_u2i"": 0.7541028261184692, ""score_comment_xgb"": 0.9940510988235474}"
51,100059257824,xgb_hybrid_v1,0.801767110824585,8,"{""source"": ""hybrid_u2i_comment_xgb"", ""alpha"": 0.65, ""score_u2i"": 0.7494468688964844, ""score_comment_xgb"": 0.8989334106445312}"
51,10121602694516,xgb_hybrid_v1,0.7937854528427124,9,"{""source"": ""hybrid_u2i_comment_xgb"", ""alpha"": 0.65, ""score_u2i"": 0.7425827383995056, ""score_comment_xgb"": 0.88887619972229}"
51,5475198,xgb_hybrid_v1,0.766459584236145,10,"{""source"": ""hybrid_u2i_comment_xgb"", ""alpha"": 0.65, ""score_u2i"": 0.967322826385498, ""score_comment_xgb"": 0.3934279978275299}"
51,10098656892439,xgb_hybrid_v1,0.7533578872680664,11,"{""source"": ""hybrid_u2i_comment_xgb"", ""alpha"": 0.65, ""score_u2i"": 0.7436744570732117, ""score_comment_xgb"": 0.7713414430618286}"
51,100230694872,xgb_hybrid_v1,0.7224733829498291,12,"{""source"": ""hybrid_u2i_comment_xgb"", ""alpha"": 0.65, ""score_u2i"": 0.6435881853103638, ""score_comment_xgb"": 0.8689746260643005}"
51,100009013165,xgb_hybrid_v1,0.7103872895240784,13,"{""source"": ""hybrid_u2i_comment_xgb"", ""alpha"": 0.65, ""score_u2i"": 0.9468953013420105, ""score_comment_xgb"": 0.27115824818611145}"
51,10087901051820,xgb_hybrid_v1,0.7076643705368042,14,"{""source"": ""hybrid_u2i_comment_xgb"", ""alpha"": 0.65, ""score_u2i"": 0.5611865520477295, ""score_comment_xgb"": 0.9796945452690125}"
51,10192694267563,xgb_hybrid_v1,0.704818606376648,15,"{""source"": ""hybrid_u2i_comment_xgb"", ""alpha"": 0.65, ""score_u2i"": 0.63055819272995, ""score_comment_xgb"": 0.8427309393882751}"
51,11819155539,xgb_hybrid_v1,0.670998215675354,16,"{""source"": ""hybrid_u2i_comment_xgb"", ""alpha"": 0.65, ""score_u2i"": 0.6056971549987793, ""score_comment_xgb"": 0.7922716736793518}"
51,100136079284,xgb_hybrid_v1,0.6616933941841125,17,"{""source"": ""hybrid_u2i_comment_xgb"", ""alpha"": 0.65, ""score_u2i"": 0.5161562561988831, ""score_comment_xgb"": 0.9319767355918884}"
51,4246911,xgb_hybrid_v1,0.6602914333343506,18,"{""source"": ""hybrid_u2i_comment_xgb"", ""alpha"": 0.65, ""score_u2i"": 0.938510537147522, ""score_comment_xgb"": 0.1435987800359726}"
51,100002187045,xgb_hybrid_v1,0.652262806892395,19,"{""source"": ""hybrid_u2i_comment_xgb"", ""alpha"": 0.65, ""score_u2i"": 0.7935611605644226, ""score_comment_xgb"": 0.3898515999317169}"
51,69673075023,xgb_hybrid_v1,0.6505300998687744,20,"{""source"": ""hybrid_u2i_comment_xgb"", ""alpha"": 0.65, ""score_u2i"": 0.769901692867279, ""score_comment_xgb"": 0.4288400709629059}"
52,100203000971,xgb_hybrid_v1,0.9058125019073486,1,"{""source"": ""hybrid_u2i_comment_xgb"", ""alpha"": 0.65, ""score_u2i"": 0.8562057018280029, ""score_comment_xgb"": 0.9979395270347595}"
52,100017016045,xgb_hybrid_v1,0.8321698904037476,2,"{""source"": ""hybrid_u2i_comment_xgb"", ""alpha"": 0.65, ""score_u2i"": 0.9571694135665894, ""score_comment_xgb"": 0.6000280380249023}"
52,11819155539,xgb_hybrid_v1,0.7988330125808716,3,"{""source"": ""hybrid_u2i_comment_xgb"", ""alpha"": 0.65, ""score_u2i"": 0.8023661375045776, ""score_comment_xgb"": 0.7922716736793518}"
52,10087901051820,xgb_hybrid_v1,0.7783633470535278,4,"{""source"": ""hybrid_u2i_comment_xgb"", ""alpha"": 0.65, ""score_u2i"": 0.669954240322113, ""score_comment_xgb"": 0.9796945452690125}"
52,100136079282,xgb_hybrid_v1,0.7660641670227051,5,"{""source"": ""hybrid_u2i_comment_xgb"", ""alpha"": 0.65, ""score_u2i"": 0.6701824069023132, ""score_comment_xgb"": 0.9441302418708801}"
52,10098681688567,xgb_hybrid_v1,0.7645873427391052,6,"{""source"": ""hybrid_u2i_comment_xgb"", ""alpha"": 0.65, ""score_u2i"": 0.9528220295906067, ""score_comment_xgb"": 0.41500869393348694}"
52,100114512933,xgb_hybrid_v1,0.763039767742157,7,"{""source"": ""hybrid_u2i_comment_xgb"", ""alpha"": 0.65, ""score_u2i"": 0.6755730509757996, ""score_comment_xgb"": 0.9254780411720276}"
52,100070794980,xgb_hybrid_v1,0.7619430422782898,8,"{""source"": ""hybrid_u2i_comment_xgb"", ""alpha"": 0.65, ""score_u2i"": 0.8027476072311401, ""score_comment_xgb"": 0.6861632466316223}"
52,100002187047,xgb_hybrid_v1,0.7360203266143799,9,"{""source"": ""hybrid_u2i_comment_xgb"", ""alpha"": 0.65, ""score_u2i"": 0.7876372933387756, ""score_comment_xgb"": 0.6401602625846863}"
52,5475198,xgb_hybrid_v1,0.7275838255882263,10,"{""source"": ""hybrid_u2i_comment_xgb"", ""alpha"": 0.65, ""score_u2i"": 0.9075139760971069, ""score_comment_xgb"": 0.3934279978275299}"
52,10109147342652,xgb_hybrid_v1,0.6662910580635071,11,"{""source"": ""hybrid_u2i_comment_xgb"", ""alpha"": 0.65, ""score_u2i"": 0.5240044593811035, ""score_comment_xgb"": 0.9305377006530762}"
52,10159600685389,xgb_hybrid_v1,0.6534616947174072,12,"{""source"": ""hybrid_u2i_comment_xgb"", ""alpha"": 0.65, ""score_u2i"": 0.47485774755477905, ""score_comment_xgb"": 0.9851548671722412}"
52,3409140,xgb_hybrid_v1,0.650402307510376,13,"{""source"": ""hybrid_u2i_comment_xgb"", ""alpha"": 0.65, ""score_u2i"": 0.8480225205421448, ""score_comment_xgb"": 0.28339341282844543}"
52,100064200322,xgb_hybrid_v1,0.6472645998001099,14,"{""source"": ""hybrid_u2i_comment_xgb"", ""alpha"": 0.65, ""score_u2i"": 0.5977714657783508, ""score_comment_xgb"": 0.7391803860664368}"
52,100288929442,xgb_hybrid_v1,0.6446367502212524,15,"{""source"": ""hybrid_u2i_comment_xgb"", ""alpha"": 0.65, ""score_u2i"": 0.5862635970115662, ""score_comment_xgb"": 0.7530441284179688}"
52,10212550372913,xgb_hybrid_v1,0.6430835723876953,16,"{""source"": ""hybrid_u2i_comment_xgb"", ""alpha"": 0.65, ""score_u2i"": 0.4562292993068695, ""score_comment_xgb"": 0.990098774433136}"
52,13065559672,xgb_hybrid_v1,0.6413825154304504,17,"{""source"": ""hybrid_u2i_comment_xgb"", ""alpha"": 0.65, ""score_u2i"": 0.6285393238067627, ""score_comment_xgb"": 0.6652342081069946}"
52,10037128752741,xgb_hybrid_v1,0.622207522392273,18,"{""source"": ""hybrid_u2i_comment_xgb"", ""alpha"": 0.65, ""score_u2i"": 0.6864814162254333, ""score_comment_xgb"": 0.5028416514396667}"
52,100201827671,xgb_hybrid_v1,0.6132007241249084,19,"{""source"": ""hybrid_u2i_comment_xgb"", ""alpha"": 0.65, ""score_u2i"": 0.4138292968273163, ""score_comment_xgb"": 0.9834620356559753}"
52,10132040325618,xgb_hybrid_v1,0.6074494123458862,20,"{""source"": ""hybrid_u2i_comment_xgb"", ""alpha"": 0.65, ""score_u2i"": 0.42938587069511414, ""score_comment_xgb"": 0.9381387829780579}"
53,100114512933,xgb_hybrid_v1,0.9640463590621948,1,"{""source"": ""hybrid_u2i_comment_xgb"", ""alpha"": 0.65, ""score_u2i"": 0.9848139882087708, ""score_comment_xgb"": 0.9254780411720276}"
53,100059911987,xgb_hybrid_v1,0.9485621452331543,2,"{""source"": ""hybrid_u2i_comment_xgb"", ""alpha"": 0.65, ""score_u2i"": 0.9254322052001953, ""score_comment_xgb"": 0.9915177226066589}"
53,100154268303,xgb_hybrid_v1,0.9417184591293335,3,"{""source"": ""hybrid_u2i_comment_xgb"", ""alpha"": 0.65, ""score_u2i"": 0.9754044413566589, ""score_comment_xgb"": 0.8791588544845581}"
53,11819155539,xgb_hybrid_v1,0.9121884107589722,4,"{""source"": ""hybrid_u2i_comment_xgb"", ""alpha"": 0.65, ""score_u2i"": 0.9767589569091797, ""score_comment_xgb"": 0.7922716736793518}"
53,10121602694516,xgb_hybrid_v1,0.9118934869766235,5,"{""source"": ""hybrid_u2i_comment_xgb"", ""alpha"": 0.65, ""score_u2i"": 0.9242874979972839, ""score_comment_xgb"": 0.88887619972229}"
53,100112272948,xgb_hybrid_v1,0.9034673571586609,6,"{""source"": ""hybrid_u2i_comment_xgb"", ""alpha"": 0.65, ""score_u2i"": 0.9493758082389832, ""score_comment_xgb"": 0.8182088136672974}"
53,100215876924,xgb_hybrid_v1,0.9010956287384033,7,"{""source"": ""hybrid_u2i_comment_xgb"", ""alpha"": 0.65, ""score_u2i"": 0.8569673895835876, ""score_comment_xgb"": 0.9830480813980103}"
53,100195732408,xgb_hybrid_v1,0.8910841941833496,8,"{""source"": ""hybrid_u2i_comment_xgb"", ""alpha"": 0.65, ""score_u2i"": 0.953932523727417, ""score_comment_xgb"": 0.7743659615516663}"
53,100184800271,xgb_hybrid_v1,0.8903204202651978,9,"{""source"": ""hybrid_u2i_comment_xgb"", ""alpha"": 0.65, ""score_u2i"": 0.8438010811805725, ""score_comment_xgb"": 0.9767134785652161}"
53,10070360840507,xgb_hybrid_v1,0.885025680065155,10,"{""source"": ""hybrid_u2i_comment_xgb"", ""alpha"": 0.65, ""score_u2i"": 0.9383029937744141, ""score_comment_xgb"": 0.7860822081565857}"
53,100071138925,xgb_hybrid_v1,0.8837848901748657,11,"{""source"": ""hybrid_u2i_comment_xgb"", ""alpha"": 0.65, ""score_u2i"": 0.8887361288070679, ""score_comment_xgb"": 0.8745898604393005}"
53,100203000983,xgb_hybrid_v1,0.8829163908958435,12,"{""source"": ""hybrid_u2i_comment_xgb"", ""alpha"": 0.65, ""score_u2i"": 0.8240046501159668, ""score_comment_xgb"": 0.9923239946365356}"
53,13065559672,xgb_hybrid_v1,0.8660677075386047,13,"{""source"": ""hybrid_u2i_comment_xgb"", ""alpha"": 0.65, ""score_u2i"": 0.9742088913917542, ""score_comment_xgb"": 0.6652342081069946}"
53,100115256936,xgb_hybrid_v1,0.8551304340362549,14,"{""source"": ""hybrid_u2i_comment_xgb"", ""alpha"": 0.65, ""score_u2i"": 0.9114986658096313, ""score_comment_xgb"": 0.750446617603302}"
53,100151315926,xgb_hybrid_v1,0.8301624059677124,15,"{""source"": ""hybrid_u2i_comment_xgb"", ""alpha"": 0.65, ""score_u2i"": 0.8915016651153564, ""score_comment_xgb"": 0.7162466645240784}"
53,100019031805,xgb_hybrid_v1,0.8162246346473694,16,"{""source"": ""hybrid_u2i_comment_xgb"", ""alpha"": 0.65, ""score_u2i"": 0.9406836032867432, ""score_comment_xgb"": 0.5850866436958313}"
53,71577466395,xgb_hybrid_v1,0.7927663326263428,17,"{""source"": ""hybrid_u2i_comment_xgb"", ""alpha"": 0.65, ""score_u2i"": 0.8619879484176636, ""score_comment_xgb"": 0.6642119288444519}"
53,100230694872,xgb_hybrid_v1,0.7902008295059204,18,"{""source"": ""hybrid_u2i_comment_xgb"", ""alpha"": 0.65, ""score_u2i"": 0.7477841973304749, ""score_comment_xgb"": 0.8689746260643005}"
53,11819155540,xgb_hybrid_v1,0.7568913102149963,19,"{""source"": ""hybrid_u2i_comment_xgb"", ""alpha"": 0.65, ""score_u2i"": 0.80050128698349, ""score_comment_xgb"": 0.6759012937545776}"
53,100000987566,xgb_hybrid_v1,0.7485824227333069,20,"{""source"": ""hybrid_u2i_comment_xgb"", ""alpha"": 0.65, ""score_u2i"": 0.849833607673645, ""score_comment_xgb"": 0.5605446100234985}"
54,100114512933,xgb_hybrid_v1,0.9640463590621948,1,"{""source"": ""hybrid_u2i_comment_xgb"", ""alpha"": 0.65, ""score_u2i"": 0.9848139882087708, ""score_comment_xgb"": 0.9254780411720276}"
54,100059911987,xgb_hybrid_v1,0.9485621452331543,2,"{""source"": ""hybrid_u2i_comment_xgb"", ""alpha"": 0.65, ""score_u2i"": 0.9254322052001953, ""score_comment_xgb"": 0.9915177226066589}"
54,100154268303,xgb_hybrid_v1,0.9417184591293335,3,"{""source"": ""hybrid_u2i_comment_xgb"", ""alpha"": 0.65, ""score_u2i"": 0.9754044413566589, ""score_comment_xgb"": 0.8791588544845581}"
54,11819155539,xgb_hybrid_v1,0.9121884107589722,4,"{""source"": ""hybrid_u2i_comment_xgb"", ""alpha"": 0.65, ""score_u2i"": 0.9767589569091797, ""score_comment_xgb"": 0.7922716736793518}"
54,10121602694516,xgb_hybrid_v1,0.9118934869766235,5,"{""source"": ""hybrid_u2i_comment_xgb"", ""alpha"": 0.65, ""score_u2i"": 0.9242874979972839, ""score_comment_xgb"": 0.88887619972229}"
54,100112272948,xgb_hybrid_v1,0.9034673571586609,6,"{""source"": ""hybrid_u2i_comment_xgb"", ""alpha"": 0.65, ""score_u2i"": 0.9493758082389832, ""score_comment_xgb"": 0.8182088136672974}"
54,100215876924,xgb_hybrid_v1,0.9010956287384033,7,"{""source"": ""hybrid_u2i_comment_xgb"", ""alpha"": 0.65, ""score_u2i"": 0.8569673895835876, ""score_comment_xgb"": 0.9830480813980103}"
54,100195732408,xgb_hybrid_v1,0.8910841941833496,8,"{""source"": ""hybrid_u2i_comment_xgb"", ""alpha"": 0.65, ""score_u2i"": 0.953932523727417, ""score_comment_xgb"": 0.7743659615516663}"
54,100184800271,xgb_hybrid_v1,0.8903204202651978,9,"{""source"": ""hybrid_u2i_comment_xgb"", ""alpha"": 0.65, ""score_u2i"": 0.8438010811805725, ""score_comment_xgb"": 0.9767134785652161}"
54,10070360840507,xgb_hybrid_v1,0.885025680065155,10,"{""source"": ""hybrid_u2i_comment_xgb"", ""alpha"": 0.65, ""score_u2i"": 0.9383029937744141, ""score_comment_xgb"": 0.7860822081565857}"
54,100071138925,xgb_hybrid_v1,0.8837848901748657,11,"{""source"": ""hybrid_u2i_comment_xgb"", ""alpha"": 0.65, ""score_u2i"": 0.8887361288070679, ""score_comment_xgb"": 0.8745898604393005}"
54,100203000983,xgb_hybrid_v1,0.8829163908958435,12,"{""source"": ""hybrid_u2i_comment_xgb"", ""alpha"": 0.65, ""score_u2i"": 0.8240046501159668, ""score_comment_xgb"": 0.9923239946365356}"
54,13065559672,xgb_hybrid_v1,0.8660677075386047,13,"{""source"": ""hybrid_u2i_comment_xgb"", ""alpha"": 0.65, ""score_u2i"": 0.9742088913917542, ""score_comment_xgb"": 0.6652342081069946}"
54,100115256936,xgb_hybrid_v1,0.8551304340362549,14,"{""source"": ""hybrid_u2i_comment_xgb"", ""alpha"": 0.65, ""score_u2i"": 0.9114986658096313, ""score_comment_xgb"": 0.750446617603302}"
54,100151315926,xgb_hybrid_v1,0.8301624059677124,15,"{""source"": ""hybrid_u2i_comment_xgb"", ""alpha"": 0.65, ""score_u2i"": 0.8915016651153564, ""score_comment_xgb"": 0.7162466645240784}"
54,100019031805,xgb_hybrid_v1,0.8162246346473694,16,"{""source"": ""hybrid_u2i_comment_xgb"", ""alpha"": 0.65, ""score_u2i"": 0.9406836032867432, ""score_comment_xgb"": 0.5850866436958313}"
54,71577466395,xgb_hybrid_v1,0.7927663326263428,17,"{""source"": ""hybrid_u2i_comment_xgb"", ""alpha"": 0.65, ""score_u2i"": 0.8619879484176636, ""score_comment_xgb"": 0.6642119288444519}"
54,100230694872,xgb_hybrid_v1,0.7902008295059204,18,"{""source"": ""hybrid_u2i_comment_xgb"", ""alpha"": 0.65, ""score_u2i"": 0.7477841973304749, ""score_comment_xgb"": 0.8689746260643005}"
54,11819155540,xgb_hybrid_v1,0.7568913102149963,19,"{""source"": ""hybrid_u2i_comment_xgb"", ""alpha"": 0.65, ""score_u2i"": 0.80050128698349, ""score_comment_xgb"": 0.6759012937545776}"
54,100000987566,xgb_hybrid_v1,0.7485824227333069,20,"{""source"": ""hybrid_u2i_comment_xgb"", ""alpha"": 0.65, ""score_u2i"": 0.849833607673645, ""score_comment_xgb"": 0.5605446100234985}"
55,100114512933,xgb_hybrid_v1,0.9540194272994995,1,"{""source"": ""hybrid_u2i_comment_xgb"", ""alpha"": 0.65, ""score_u2i"": 0.9693878889083862, ""score_comment_xgb"": 0.9254780411720276}"
55,100154268303,xgb_hybrid_v1,0.9275970458984375,2,"{""source"": ""hybrid_u2i_comment_xgb"", ""alpha"": 0.65, ""score_u2i"": 0.9536792039871216, ""score_comment_xgb"": 0.8791588544845581}"
55,100215876924,xgb_hybrid_v1,0.8909841775894165,3,"{""source"": ""hybrid_u2i_comment_xgb"", ""alpha"": 0.65, ""score_u2i"": 0.8414113521575928, ""score_comment_xgb"": 0.9830480813980103}"
55,11819155539,xgb_hybrid_v1,0.8843228816986084,4,"{""source"": ""hybrid_u2i_comment_xgb"", ""alpha"": 0.65, ""score_u2i"": 0.9338890314102173, ""score_comment_xgb"": 0.7922716736793518}"
55,10121602694516,xgb_hybrid_v1,0.8518373966217041,5,"{""source"": ""hybrid_u2i_comment_xgb"", ""alpha"": 0.65, ""score_u2i"": 0.8318934440612793, ""score_comment_xgb"": 0.88887619972229}"
55,100019031805,xgb_hybrid_v1,0.8342052698135376,6,"{""source"": ""hybrid_u2i_comment_xgb"", ""alpha"": 0.65, ""score_u2i"": 0.968346118927002, ""score_comment_xgb"": 0.5850866436958313}"
55,13065559672,xgb_hybrid_v1,0.8303588032722473,7,"{""source"": ""hybrid_u2i_comment_xgb"", ""alpha"": 0.65, ""score_u2i"": 0.9192721247673035, ""score_comment_xgb"": 0.6652342081069946}"
55,100112272948,xgb_hybrid_v1,0.8243114352226257,8,"{""source"": ""hybrid_u2i_comment_xgb"", ""alpha"": 0.65, ""score_u2i"": 0.8275974988937378, ""score_comment_xgb"": 0.8182088136672974}"
55,100064200322,xgb_hybrid_v1,0.7996686697006226,9,"{""source"": ""hybrid_u2i_comment_xgb"", ""alpha"": 0.65, ""score_u2i"": 0.8322393298149109, ""score_comment_xgb"": 0.7391803860664368}"
55,100136079284,xgb_hybrid_v1,0.7973871231079102,10,"{""source"": ""hybrid_u2i_comment_xgb"", ""alpha"": 0.65, ""score_u2i"": 0.7249158620834351, ""score_comment_xgb"": 0.9319767355918884}"
55,71577466395,xgb_hybrid_v1,0.7964459657669067,11,"{""source"": ""hybrid_u2i_comment_xgb"", ""alpha"": 0.65, ""score_u2i"": 0.8676489591598511, ""score_comment_xgb"": 0.6642119288444519}"
55,100195732408,xgb_hybrid_v1,0.7882764339447021,12,"{""source"": ""hybrid_u2i_comment_xgb"", ""alpha"": 0.65, ""score_u2i"": 0.7957667708396912, ""score_comment_xgb"": 0.7743659615516663}"
55,100230694872,xgb_hybrid_v1,0.7434631586074829,13,"{""source"": ""hybrid_u2i_comment_xgb"", ""alpha"": 0.65, ""score_u2i"": 0.6758801341056824, ""score_comment_xgb"": 0.8689746260643005}"
55,10070360840507,xgb_hybrid_v1,0.7225006818771362,14,"{""source"": ""hybrid_u2i_comment_xgb"", ""alpha"": 0.65, ""score_u2i"": 0.6882645487785339, ""score_comment_xgb"": 0.7860822081565857}"
55,10042124137320,xgb_hybrid_v1,0.7109746932983398,15,"{""source"": ""hybrid_u2i_comment_xgb"", ""alpha"": 0.65, ""score_u2i"": 0.9372841715812683, ""score_comment_xgb"": 0.29068565368652344}"
55,100071138925,xgb_hybrid_v1,0.7020655870437622,16,"{""source"": ""hybrid_u2i_comment_xgb"", ""alpha"": 0.65, ""score_u2i"": 0.6091678738594055, ""score_comment_xgb"": 0.8745898604393005}"
55,100268823874,xgb_hybrid_v1,0.6976144909858704,17,"{""source"": ""hybrid_u2i_comment_xgb"", ""alpha"": 0.65, ""score_u2i"": 0.5500566363334656, ""score_comment_xgb"": 0.9716505408287048}"
55,4246911,xgb_hybrid_v1,0.6926772594451904,18,"{""source"": ""hybrid_u2i_comment_xgb"", ""alpha"": 0.65, ""score_u2i"": 0.9883348941802979, ""score_comment_xgb"": 0.1435987800359726}"
55,100002187047,xgb_hybrid_v1,0.6842972636222839,19,"{""source"": ""hybrid_u2i_comment_xgb"", ""alpha"": 0.65, ""score_u2i"": 0.7080633640289307, ""score_comment_xgb"": 0.6401602625846863}"
55,100008164593,xgb_hybrid_v1,0.6691959500312805,20,"{""source"": ""hybrid_u2i_comment_xgb"", ""alpha"": 0.65, ""score_u2i"": 0.9343655705451965, ""score_comment_xgb"": 0.1767382025718689}"
56,100114512933,xgb_hybrid_v1,0.9539411067962646,1,"{""source"": ""hybrid_u2i_comment_xgb"", ""alpha"": 0.65, ""score_u2i"": 0.9692674875259399, ""score_comment_xgb"": 0.9254780411720276}"
56,100136079282,xgb_hybrid_v1,0.9504092335700989,2,"{""source"": ""hybrid_u2i_comment_xgb"", ""alpha"": 0.65, ""score_u2i"": 0.9537902474403381, ""score_comment_xgb"": 0.9441302418708801}"
56,100154268303,xgb_hybrid_v1,0.9478967785835266,3,"{""source"": ""hybrid_u2i_comment_xgb"", ""alpha"": 0.65, ""score_u2i"": 0.9849095940589905, ""score_comment_xgb"": 0.8791588544845581}"
56,100136079284,xgb_hybrid_v1,0.9215860366821289,4,"{""source"": ""hybrid_u2i_comment_xgb"", ""alpha"": 0.65, ""score_u2i"": 0.9159910678863525, ""score_comment_xgb"": 0.9319767355918884}"
56,11819155539,xgb_hybrid_v1,0.8860989809036255,5,"{""source"": ""hybrid_u2i_comment_xgb"", ""alpha"": 0.65, ""score_u2i"": 0.9366214275360107, ""score_comment_xgb"": 0.7922716736793518}"
56,100268823874,xgb_hybrid_v1,0.8599597215652466,6,"{""source"": ""hybrid_u2i_comment_xgb"", ""alpha"": 0.65, ""score_u2i"": 0.7998185157775879, ""score_comment_xgb"": 0.9716505408287048}"
56,10087901051820,xgb_hybrid_v1,0.8467367887496948,7,"{""source"": ""hybrid_u2i_comment_xgb"", ""alpha"": 0.65, ""score_u2i"": 0.7751441597938538, ""score_comment_xgb"": 0.9796945452690125}"
56,10192694267563,xgb_hybrid_v1,0.8454388380050659,8,"{""source"": ""hybrid_u2i_comment_xgb"", ""alpha"": 0.65, ""score_u2i"": 0.8468969464302063, ""score_comment_xgb"": 0.8427309393882751}"
56,100019031805,xgb_hybrid_v1,0.8443332314491272,9,"{""source"": ""hybrid_u2i_comment_xgb"", ""alpha"": 0.65, ""score_u2i"": 0.9839275479316711, ""score_comment_xgb"": 0.5850866436958313}"
56,100230694872,xgb_hybrid_v1,0.7894266247749329,10,"{""source"": ""hybrid_u2i_comment_xgb"", ""alpha"": 0.65, ""score_u2i"": 0.7465931177139282, ""score_comment_xgb"": 0.8689746260643005}"
56,100195732408,xgb_hybrid_v1,0.7834057807922363,11,"{""source"": ""hybrid_u2i_comment_xgb"", ""alpha"": 0.65, ""score_u2i"": 0.7882734537124634, ""score_comment_xgb"": 0.7743659615516663}"
56,5475198,xgb_hybrid_v1,0.7157570123672485,12,"{""source"": ""hybrid_u2i_comment_xgb"", ""alpha"": 0.65, ""score_u2i"": 0.8893188834190369, ""score_comment_xgb"": 0.3934279978275299}"
56,100009013165,xgb_hybrid_v1,0.7063034176826477,13,"{""source"": ""hybrid_u2i_comment_xgb"", ""alpha"": 0.65, ""score_u2i"": 0.9406123757362366, ""score_comment_xgb"": 0.27115824818611145}"
56,13065559672,xgb_hybrid_v1,0.703201413154602,14,"{""source"": ""hybrid_u2i_comment_xgb"", ""alpha"": 0.65, ""score_u2i"": 0.7236453294754028, ""score_comment_xgb"": 0.6652342081069946}"
56,10037128752741,xgb_hybrid_v1,0.697053074836731,15,"{""source"": ""hybrid_u2i_comment_xgb"", ""alpha"": 0.65, ""score_u2i"": 0.8016284704208374, ""score_comment_xgb"": 0.5028416514396667}"
56,69673075023,xgb_hybrid_v1,0.6936408877372742,16,"{""source"": ""hybrid_u2i_comment_xgb"", ""alpha"": 0.65, ""score_u2i"": 0.8362259268760681, ""score_comment_xgb"": 0.4288400709629059}"
56,4246911,xgb_hybrid_v1,0.6903039813041687,17,"{""source"": ""hybrid_u2i_comment_xgb"", ""alpha"": 0.65, ""score_u2i"": 0.9846836924552917, ""score_comment_xgb"": 0.1435987800359726}"
56,100002187047,xgb_hybrid_v1,0.6453851461410522,18,"{""source"": ""hybrid_u2i_comment_xgb"", ""alpha"": 0.65, ""score_u2i"": 0.6481986045837402, ""score_comment_xgb"": 0.6401602625846863}"
56,4246893,xgb_hybrid_v1,0.6436094641685486,19,"{""source"": ""hybrid_u2i_comment_xgb"", ""alpha"": 0.65, ""score_u2i"": 0.8408724069595337, ""score_comment_xgb"": 0.27726417779922485}"
56,100112272948,xgb_hybrid_v1,0.6387937068939209,20,"{""source"": ""hybrid_u2i_comment_xgb"", ""alpha"": 0.65, ""score_u2i"": 0.5421856045722961, ""score_comment_xgb"": 0.8182088136672974}"
57,100114512933,xgb_hybrid_v1,0.9555507898330688,1,"{""source"": ""hybrid_u2i_comment_xgb"", ""alpha"": 0.65, ""score_u2i"": 0.9717439413070679, ""score_comment_xgb"": 0.9254780411720276}"
57,100154268303,xgb_hybrid_v1,0.9339584112167358,2,"{""source"": ""hybrid_u2i_comment_xgb"", ""alpha"": 0.65, ""score_u2i"": 0.9634659290313721, ""score_comment_xgb"": 0.8791588544845581}"
57,100059911987,xgb_hybrid_v1,0.9148170948028564,3,"{""source"": ""hybrid_u2i_comment_xgb"", ""alpha"": 0.65, ""score_u2i"": 0.8735167980194092, ""score_comment_xgb"": 0.9915177226066589}"
57,11819155539,xgb_hybrid_v1,0.9094192981719971,4,"{""source"": ""hybrid_u2i_comment_xgb"", ""alpha"": 0.65, ""score_u2i"": 0.9724987745285034, ""score_comment_xgb"": 0.7922716736793518}"
57,100112272948,xgb_hybrid_v1,0.8937186598777771,5,"{""source"": ""hybrid_u2i_comment_xgb"", ""alpha"": 0.65, ""score_u2i"": 0.9343778491020203, ""score_comment_xgb"": 0.8182088136672974}"
57,100215876924,xgb_hybrid_v1,0.8771179914474487,6,"{""source"": ""hybrid_u2i_comment_xgb"", ""alpha"": 0.65, ""score_u2i"": 0.8200787305831909, ""score_comment_xgb"": 0.9830480813980103}"
57,100115256936,xgb_hybrid_v1,0.8657124042510986,7,"{""source"": ""hybrid_u2i_comment_xgb"", ""alpha"": 0.65, ""score_u2i"": 0.9277786612510681, ""score_comment_xgb"": 0.750446617603302}"
57,10070360840507,xgb_hybrid_v1,0.8600231409072876,8,"{""source"": ""hybrid_u2i_comment_xgb"", ""alpha"": 0.65, ""score_u2i"": 0.8998374938964844, ""score_comment_xgb"": 0.7860822081565857}"
57,10121602694516,xgb_hybrid_v1,0.8521618843078613,9,"{""source"": ""hybrid_u2i_comment_xgb"", ""alpha"": 0.65, ""score_u2i"": 0.8323927521705627, ""score_comment_xgb"": 0.88887619972229}"
57,13065559672,xgb_hybrid_v1,0.8501084446907043,10,"{""source"": ""hybrid_u2i_comment_xgb"", ""alpha"": 0.65, ""score_u2i"": 0.9496561288833618, ""score_comment_xgb"": 0.6652342081069946}"
57,100195732408,xgb_hybrid_v1,0.8484865427017212,11,"{""source"": ""hybrid_u2i_comment_xgb"", ""alpha"": 0.65, ""score_u2i"": 0.8883976936340332, ""score_comment_xgb"": 0.7743659615516663}"
57,100071138925,xgb_hybrid_v1,0.8476096391677856,12,"{""source"": ""hybrid_u2i_comment_xgb"", ""alpha"": 0.65, ""score_u2i"": 0.8330819010734558, ""score_comment_xgb"": 0.8745898604393005}"
57,100151315926,xgb_hybrid_v1,0.8335387706756592,13,"{""source"": ""hybrid_u2i_comment_xgb"", ""alpha"": 0.65, ""score_u2i"": 0.896696150302887, ""score_comment_xgb"": 0.7162466645240784}"
57,100203000983,xgb_hybrid_v1,0.8275578022003174,14,"{""source"": ""hybrid_u2i_comment_xgb"", ""alpha"": 0.65, ""score_u2i"": 0.7388375401496887, ""score_comment_xgb"": 0.9923239946365356}"
57,100184800271,xgb_hybrid_v1,0.8014432191848755,15,"{""source"": ""hybrid_u2i_comment_xgb"", ""alpha"": 0.65, ""score_u2i"": 0.7070670127868652, ""score_comment_xgb"": 0.9767134785652161}"
57,71577466395,xgb_hybrid_v1,0.7720057964324951,16,"{""source"": ""hybrid_u2i_comment_xgb"", ""alpha"": 0.65, ""score_u2i"": 0.830048680305481, ""score_comment_xgb"": 0.6642119288444519}"
57,100019031805,xgb_hybrid_v1,0.7698472738265991,17,"{""source"": ""hybrid_u2i_comment_xgb"", ""alpha"": 0.65, ""score_u2i"": 0.8693337440490723, ""score_comment_xgb"": 0.5850866436958313}"
57,10042124137320,xgb_hybrid_v1,0.7311073541641235,18,"{""source"": ""hybrid_u2i_comment_xgb"", ""alpha"": 0.65, ""score_u2i"": 0.968257486820221, ""score_comment_xgb"": 0.29068565368652344}"
57,100136079282,xgb_hybrid_v1,0.720185399055481,19,"{""source"": ""hybrid_u2i_comment_xgb"", ""alpha"": 0.65, ""score_u2i"": 0.5995997786521912, ""score_comment_xgb"": 0.9441302418708801}"
57,11819155540,xgb_hybrid_v1,0.7060192227363586,20,"{""source"": ""hybrid_u2i_comment_xgb"", ""alpha"": 0.65, ""score_u2i"": 0.7222365736961365, ""score_comment_xgb"": 0.6759012937545776}"
58,100203000971,xgb_hybrid_v1,0.9058125019073486,1,"{""source"": ""hybrid_u2i_comment_xgb"", ""alpha"": 0.65, ""score_u2i"": 0.8562057018280029, ""score_comment_xgb"": 0.9979395270347595}"
58,100017016045,xgb_hybrid_v1,0.8321698904037476,2,"{""source"": ""hybrid_u2i_comment_xgb"", ""alpha"": 0.65, ""score_u2i"": 0.9571694135665894, ""score_comment_xgb"": 0.6000280380249023}"
58,11819155539,xgb_hybrid_v1,0.7988330125808716,3,"{""source"": ""hybrid_u2i_comment_xgb"", ""alpha"": 0.65, ""score_u2i"": 0.8023661375045776, ""score_comment_xgb"": 0.7922716736793518}"
58,10087901051820,xgb_hybrid_v1,0.7783633470535278,4,"{""source"": ""hybrid_u2i_comment_xgb"", ""alpha"": 0.65, ""score_u2i"": 0.669954240322113, ""score_comment_xgb"": 0.9796945452690125}"
58,100136079282,xgb_hybrid_v1,0.7660641670227051,5,"{""source"": ""hybrid_u2i_comment_xgb"", ""alpha"": 0.65, ""score_u2i"": 0.6701824069023132, ""score_comment_xgb"": 0.9441302418708801}"
58,10098681688567,xgb_hybrid_v1,0.7645873427391052,6,"{""source"": ""hybrid_u2i_comment_xgb"", ""alpha"": 0.65, ""score_u2i"": 0.9528220295906067, ""score_comment_xgb"": 0.41500869393348694}"
58,100114512933,xgb_hybrid_v1,0.763039767742157,7,"{""source"": ""hybrid_u2i_comment_xgb"", ""alpha"": 0.65, ""score_u2i"": 0.6755730509757996, ""score_comment_xgb"": 0.9254780411720276}"
58,100070794980,xgb_hybrid_v1,0.7619430422782898,8,"{""source"": ""hybrid_u2i_comment_xgb"", ""alpha"": 0.65, ""score_u2i"": 0.8027476072311401, ""score_comment_xgb"": 0.6861632466316223}"
58,100002187047,xgb_hybrid_v1,0.7360203266143799,9,"{""source"": ""hybrid_u2i_comment_xgb"", ""alpha"": 0.65, ""score_u2i"": 0.7876372933387756, ""score_comment_xgb"": 0.6401602625846863}"
58,5475198,xgb_hybrid_v1,0.7275838255882263,10,"{""source"": ""hybrid_u2i_comment_xgb"", ""alpha"": 0.65, ""score_u2i"": 0.9075139760971069, ""score_comment_xgb"": 0.3934279978275299}"
58,10109147342652,xgb_hybrid_v1,0.6662910580635071,11,"{""source"": ""hybrid_u2i_comment_xgb"", ""alpha"": 0.65, ""score_u2i"": 0.5240044593811035, ""score_comment_xgb"": 0.9305377006530762}"
58,10159600685389,xgb_hybrid_v1,0.6534616947174072,12,"{""source"": ""hybrid_u2i_comment_xgb"", ""alpha"": 0.65, ""score_u2i"": 0.47485774755477905, ""score_comment_xgb"": 0.9851548671722412}"
58,3409140,xgb_hybrid_v1,0.650402307510376,13,"{""source"": ""hybrid_u2i_comment_xgb"", ""alpha"": 0.65, ""score_u2i"": 0.8480225205421448, ""score_comment_xgb"": 0.28339341282844543}"
58,100064200322,xgb_hybrid_v1,0.6472645998001099,14,"{""source"": ""hybrid_u2i_comment_xgb"", ""alpha"": 0.65, ""score_u2i"": 0.5977714657783508, ""score_comment_xgb"": 0.7391803860664368}"
58,100288929442,xgb_hybrid_v1,0.6446367502212524,15,"{""source"": ""hybrid_u2i_comment_xgb"", ""alpha"": 0.65, ""score_u2i"": 0.5862635970115662, ""score_comment_xgb"": 0.7530441284179688}"
58,10212550372913,xgb_hybrid_v1,0.6430835723876953,16,"{""source"": ""hybrid_u2i_comment_xgb"", ""alpha"": 0.65, ""score_u2i"": 0.4562292993068695, ""score_comment_xgb"": 0.990098774433136}"
58,13065559672,xgb_hybrid_v1,0.6413825154304504,17,"{""source"": ""hybrid_u2i_comment_xgb"", ""alpha"": 0.65, ""score_u2i"": 0.6285393238067627, ""score_comment_xgb"": 0.6652342081069946}"
58,10037128752741,xgb_hybrid_v1,0.622207522392273,18,"{""source"": ""hybrid_u2i_comment_xgb"", ""alpha"": 0.65, ""score_u2i"": 0.6864814162254333, ""score_comment_xgb"": 0.5028416514396667}"
58,100201827671,xgb_hybrid_v1,0.6132007241249084,19,"{""source"": ""hybrid_u2i_comment_xgb"", ""alpha"": 0.65, ""score_u2i"": 0.4138292968273163, ""score_comment_xgb"": 0.9834620356559753}"
58,10132040325618,xgb_hybrid_v1,0.6074494123458862,20,"{""source"": ""hybrid_u2i_comment_xgb"", ""alpha"": 0.65, ""score_u2i"": 0.42938587069511414, ""score_comment_xgb"": 0.9381387829780579}"
59,100203000971,xgb_hybrid_v1,0.9058125019073486,1,"{""source"": ""hybrid_u2i_comment_xgb"", ""alpha"": 0.65, ""score_u2i"": 0.8562057018280029, ""score_comment_xgb"": 0.9979395270347595}"
59,100017016045,xgb_hybrid_v1,0.8321698904037476,2,"{""source"": ""hybrid_u2i_comment_xgb"", ""alpha"": 0.65, ""score_u2i"": 0.9571694135665894, ""score_comment_xgb"": 0.6000280380249023}"
59,11819155539,xgb_hybrid_v1,0.7988330125808716,3,"{""source"": ""hybrid_u2i_comment_xgb"", ""alpha"": 0.65, ""score_u2i"": 0.8023661375045776, ""score_comment_xgb"": 0.7922716736793518}"
59,10087901051820,xgb_hybrid_v1,0.7783633470535278,4,"{""source"": ""hybrid_u2i_comment_xgb"", ""alpha"": 0.65, ""score_u2i"": 0.669954240322113, ""score_comment_xgb"": 0.9796945452690125}"
59,100136079282,xgb_hybrid_v1,0.7660641670227051,5,"{""source"": ""hybrid_u2i_comment_xgb"", ""alpha"": 0.65, ""score_u2i"": 0.6701824069023132, ""score_comment_xgb"": 0.9441302418708801}"
59,10098681688567,xgb_hybrid_v1,0.7645873427391052,6,"{""source"": ""hybrid_u2i_comment_xgb"", ""alpha"": 0.65, ""score_u2i"": 0.9528220295906067, ""score_comment_xgb"": 0.41500869393348694}"
59,100114512933,xgb_hybrid_v1,0.763039767742157,7,"{""source"": ""hybrid_u2i_comment_xgb"", ""alpha"": 0.65, ""score_u2i"": 0.6755730509757996, ""score_comment_xgb"": 0.9254780411720276}"
59,100070794980,xgb_hybrid_v1,0.7619430422782898,8,"{""source"": ""hybrid_u2i_comment_xgb"", ""alpha"": 0.65, ""score_u2i"": 0.8027476072311401, ""score_comment_xgb"": 0.6861632466316223}"
59,100002187047,xgb_hybrid_v1,0.7360203266143799,9,"{""source"": ""hybrid_u2i_comment_xgb"", ""alpha"": 0.65, ""score_u2i"": 0.7876372933387756, ""score_comment_xgb"": 0.6401602625846863}"
59,5475198,xgb_hybrid_v1,0.7275838255882263,10,"{""source"": ""hybrid_u2i_comment_xgb"", ""alpha"": 0.65, ""score_u2i"": 0.9075139760971069, ""score_comment_xgb"": 0.3934279978275299}"
59,10109147342652,xgb_hybrid_v1,0.6662910580635071,11,"{""source"": ""hybrid_u2i_comment_xgb"", ""alpha"": 0.65, ""score_u2i"": 0.5240044593811035, ""score_comment_xgb"": 0.9305377006530762}"
59,10159600685389,xgb_hybrid_v1,0.6534616947174072,12,"{""source"": ""hybrid_u2i_comment_xgb"", ""alpha"": 0.65, ""score_u2i"": 0.47485774755477905, ""score_comment_xgb"": 0.9851548671722412}"
59,3409140,xgb_hybrid_v1,0.650402307510376,13,"{""source"": ""hybrid_u2i_comment_xgb"", ""alpha"": 0.65, ""score_u2i"": 0.8480225205421448, ""score_comment_xgb"": 0.28339341282844543}"
59,100064200322,xgb_hybrid_v1,0.6472645998001099,14,"{""source"": ""hybrid_u2i_comment_xgb"", ""alpha"": 0.65, ""score_u2i"": 0.5977714657783508, ""score_comment_xgb"": 0.7391803860664368}"
59,100288929442,xgb_hybrid_v1,0.6446367502212524,15,"{""source"": ""hybrid_u2i_comment_xgb"", ""alpha"": 0.65, ""score_u2i"": 0.5862635970115662, ""score_comment_xgb"": 0.7530441284179688}"
59,10212550372913,xgb_hybrid_v1,0.6430835723876953,16,"{""source"": ""hybrid_u2i_comment_xgb"", ""alpha"": 0.65, ""score_u2i"": 0.4562292993068695, ""score_comment_xgb"": 0.990098774433136}"
59,13065559672,xgb_hybrid_v1,0.6413825154304504,17,"{""source"": ""hybrid_u2i_comment_xgb"", ""alpha"": 0.65, ""score_u2i"": 0.6285393238067627, ""score_comment_xgb"": 0.6652342081069946}"
59,10037128752741,xgb_hybrid_v1,0.622207522392273,18,"{""source"": ""hybrid_u2i_comment_xgb"", ""alpha"": 0.65, ""score_u2i"": 0.6864814162254333, ""score_comment_xgb"": 0.5028416514396667}"
59,100201827671,xgb_hybrid_v1,0.6132007241249084,19,"{""source"": ""hybrid_u2i_comment_xgb"", ""alpha"": 0.65, ""score_u2i"": 0.4138292968273163, ""score_comment_xgb"": 0.9834620356559753}"
59,10132040325618,xgb_hybrid_v1,0.6074494123458862,20,"{""source"": ""hybrid_u2i_comment_xgb"", ""alpha"": 0.65, ""score_u2i"": 0.42938587069511414, ""score_comment_xgb"": 0.9381387829780579}"
60,100114512933,xgb_hybrid_v1,0.9540194272994995,1,"{""source"": ""hybrid_u2i_comment_xgb"", ""alpha"": 0.65, ""score_u2i"": 0.9693878889083862, ""score_comment_xgb"": 0.9254780411720276}"
60,100154268303,xgb_hybrid_v1,0.9275970458984375,2,"{""source"": ""hybrid_u2i_comment_xgb"", ""alpha"": 0.65, ""score_u2i"": 0.9536792039871216, ""score_comment_xgb"": 0.8791588544845581}"
60,100215876924,xgb_hybrid_v1,0.8909841775894165,3,"{""source"": ""hybrid_u2i_comment_xgb"", ""alpha"": 0.65, ""score_u2i"": 0.8414113521575928, ""score_comment_xgb"": 0.9830480813980103}"
60,11819155539,xgb_hybrid_v1,0.8843228816986084,4,"{""source"": ""hybrid_u2i_comment_xgb"", ""alpha"": 0.65, ""score_u2i"": 0.9338890314102173, ""score_comment_xgb"": 0.7922716736793518}"
60,10121602694516,xgb_hybrid_v1,0.8518373966217041,5,"{""source"": ""hybrid_u2i_comment_xgb"", ""alpha"": 0.65, ""score_u2i"": 0.8318934440612793, ""score_comment_xgb"": 0.88887619972229}"
60,100019031805,xgb_hybrid_v1,0.8342052698135376,6,"{""source"": ""hybrid_u2i_comment_xgb"", ""alpha"": 0.65, ""score_u2i"": 0.968346118927002, ""score_comment_xgb"": 0.5850866436958313}"
60,13065559672,xgb_hybrid_v1,0.8303588032722473,7,"{""source"": ""hybrid_u2i_comment_xgb"", ""alpha"": 0.65, ""score_u2i"": 0.9192721247673035, ""score_comment_xgb"": 0.6652342081069946}"
60,100112272948,xgb_hybrid_v1,0.8243114352226257,8,"{""source"": ""hybrid_u2i_comment_xgb"", ""alpha"": 0.65, ""score_u2i"": 0.8275974988937378, ""score_comment_xgb"": 0.8182088136672974}"
60,100064200322,xgb_hybrid_v1,0.7996686697006226,9,"{""source"": ""hybrid_u2i_comment_xgb"", ""alpha"": 0.65, ""score_u2i"": 0.8322393298149109, ""score_comment_xgb"": 0.7391803860664368}"
60,100136079284,xgb_hybrid_v1,0.7973871231079102,10,"{""source"": ""hybrid_u2i_comment_xgb"", ""alpha"": 0.65, ""score_u2i"": 0.7249158620834351, ""score_comment_xgb"": 0.9319767355918884}"
60,71577466395,xgb_hybrid_v1,0.7964459657669067,11,"{""source"": ""hybrid_u2i_comment_xgb"", ""alpha"": 0.65, ""score_u2i"": 0.8676489591598511, ""score_comment_xgb"": 0.6642119288444519}"
60,100195732408,xgb_hybrid_v1,0.7882764339447021,12,"{""source"": ""hybrid_u2i_comment_xgb"", ""alpha"": 0.65, ""score_u2i"": 0.7957667708396912, ""score_comment_xgb"": 0.7743659615516663}"
60,100230694872,xgb_hybrid_v1,0.7434631586074829,13,"{""source"": ""hybrid_u2i_comment_xgb"", ""alpha"": 0.65, ""score_u2i"": 0.6758801341056824, ""score_comment_xgb"": 0.8689746260643005}"
60,10070360840507,xgb_hybrid_v1,0.7225006818771362,14,"{""source"": ""hybrid_u2i_comment_xgb"", ""alpha"": 0.65, ""score_u2i"": 0.6882645487785339, ""score_comment_xgb"": 0.7860822081565857}"
60,10042124137320,xgb_hybrid_v1,0.7109746932983398,15,"{""source"": ""hybrid_u2i_comment_xgb"", ""alpha"": 0.65, ""score_u2i"": 0.9372841715812683, ""score_comment_xgb"": 0.29068565368652344}"
60,100071138925,xgb_hybrid_v1,0.7020655870437622,16,"{""source"": ""hybrid_u2i_comment_xgb"", ""alpha"": 0.65, ""score_u2i"": 0.6091678738594055, ""score_comment_xgb"": 0.8745898604393005}"
60,100268823874,xgb_hybrid_v1,0.6976144909858704,17,"{""source"": ""hybrid_u2i_comment_xgb"", ""alpha"": 0.65, ""score_u2i"": 0.5500566363334656, ""score_comment_xgb"": 0.9716505408287048}"
60,4246911,xgb_hybrid_v1,0.6926772594451904,18,"{""source"": ""hybrid_u2i_comment_xgb"", ""alpha"": 0.65, ""score_u2i"": 0.9883348941802979, ""score_comment_xgb"": 0.1435987800359726}"
60,100002187047,xgb_hybrid_v1,0.6842972636222839,19,"{""source"": ""hybrid_u2i_comment_xgb"", ""alpha"": 0.65, ""score_u2i"": 0.7080633640289307, ""score_comment_xgb"": 0.6401602625846863}"
60,100008164593,xgb_hybrid_v1,0.6691959500312805,20,"{""source"": ""hybrid_u2i_comment_xgb"", ""alpha"": 0.65, ""score_u2i"": 0.9343655705451965, ""score_comment_xgb"": 0.1767382025718689}"
61,100114512933,xgb_hybrid_v1,0.9555507898330688,1,"{""source"": ""hybrid_u2i_comment_xgb"", ""alpha"": 0.65, ""score_u2i"": 0.9717439413070679, ""score_comment_xgb"": 0.9254780411720276}"
61,100154268303,xgb_hybrid_v1,0.9339584112167358,2,"{""source"": ""hybrid_u2i_comment_xgb"", ""alpha"": 0.65, ""score_u2i"": 0.9634659290313721, ""score_comment_xgb"": 0.8791588544845581}"
61,100059911987,xgb_hybrid_v1,0.9148170948028564,3,"{""source"": ""hybrid_u2i_comment_xgb"", ""alpha"": 0.65, ""score_u2i"": 0.8735167980194092, ""score_comment_xgb"": 0.9915177226066589}"
61,11819155539,xgb_hybrid_v1,0.9094192981719971,4,"{""source"": ""hybrid_u2i_comment_xgb"", ""alpha"": 0.65, ""score_u2i"": 0.9724987745285034, ""score_comment_xgb"": 0.7922716736793518}"
61,100112272948,xgb_hybrid_v1,0.8937186598777771,5,"{""source"": ""hybrid_u2i_comment_xgb"", ""alpha"": 0.65, ""score_u2i"": 0.9343778491020203, ""score_comment_xgb"": 0.8182088136672974}"
61,100215876924,xgb_hybrid_v1,0.8771179914474487,6,"{""source"": ""hybrid_u2i_comment_xgb"", ""alpha"": 0.65, ""score_u2i"": 0.8200787305831909, ""score_comment_xgb"": 0.9830480813980103}"
61,100115256936,xgb_hybrid_v1,0.8657124042510986,7,"{""source"": ""hybrid_u2i_comment_xgb"", ""alpha"": 0.65, ""score_u2i"": 0.9277786612510681, ""score_comment_xgb"": 0.750446617603302}"
61,10070360840507,xgb_hybrid_v1,0.8600231409072876,8,"{""source"": ""hybrid_u2i_comment_xgb"", ""alpha"": 0.65, ""score_u2i"": 0.8998374938964844, ""score_comment_xgb"": 0.7860822081565857}"
61,10121602694516,xgb_hybrid_v1,0.8521618843078613,9,"{""source"": ""hybrid_u2i_comment_xgb"", ""alpha"": 0.65, ""score_u2i"": 0.8323927521705627, ""score_comment_xgb"": 0.88887619972229}"
61,13065559672,xgb_hybrid_v1,0.8501084446907043,10,"{""source"": ""hybrid_u2i_comment_xgb"", ""alpha"": 0.65, ""score_u2i"": 0.9496561288833618, ""score_comment_xgb"": 0.6652342081069946}"
61,100195732408,xgb_hybrid_v1,0.8484865427017212,11,"{""source"": ""hybrid_u2i_comment_xgb"", ""alpha"": 0.65, ""score_u2i"": 0.8883976936340332, ""score_comment_xgb"": 0.7743659615516663}"
61,100071138925,xgb_hybrid_v1,0.8476096391677856,12,"{""source"": ""hybrid_u2i_comment_xgb"", ""alpha"": 0.65, ""score_u2i"": 0.8330819010734558, ""score_comment_xgb"": 0.8745898604393005}"
61,100151315926,xgb_hybrid_v1,0.8335387706756592,13,"{""source"": ""hybrid_u2i_comment_xgb"", ""alpha"": 0.65, ""score_u2i"": 0.896696150302887, ""score_comment_xgb"": 0.7162466645240784}"
61,100203000983,xgb_hybrid_v1,0.8275578022003174,14,"{""source"": ""hybrid_u2i_comment_xgb"", ""alpha"": 0.65, ""score_u2i"": 0.7388375401496887, ""score_comment_xgb"": 0.9923239946365356}"
61,100184800271,xgb_hybrid_v1,0.8014432191848755,15,"{""source"": ""hybrid_u2i_comment_xgb"", ""alpha"": 0.65, ""score_u2i"": 0.7070670127868652, ""score_comment_xgb"": 0.9767134785652161}"
61,71577466395,xgb_hybrid_v1,0.7720057964324951,16,"{""source"": ""hybrid_u2i_comment_xgb"", ""alpha"": 0.65, ""score_u2i"": 0.830048680305481, ""score_comment_xgb"": 0.6642119288444519}"
61,100019031805,xgb_hybrid_v1,0.7698472738265991,17,"{""source"": ""hybrid_u2i_comment_xgb"", ""alpha"": 0.65, ""score_u2i"": 0.8693337440490723, ""score_comment_xgb"": 0.5850866436958313}"
61,10042124137320,xgb_hybrid_v1,0.7311073541641235,18,"{""source"": ""hybrid_u2i_comment_xgb"", ""alpha"": 0.65, ""score_u2i"": 0.968257486820221, ""score_comment_xgb"": 0.29068565368652344}"
61,100136079282,xgb_hybrid_v1,0.720185399055481,19,"{""source"": ""hybrid_u2i_comment_xgb"", ""alpha"": 0.65, ""score_u2i"": 0.5995997786521912, ""score_comment_xgb"": 0.9441302418708801}"
61,11819155540,xgb_hybrid_v1,0.7060192227363586,20,"{""source"": ""hybrid_u2i_comment_xgb"", ""alpha"": 0.65, ""score_u2i"": 0.7222365736961365, ""score_comment_xgb"": 0.6759012937545776}"
62,100114512933,xgb_hybrid_v1,0.9539411067962646,1,"{""source"": ""hybrid_u2i_comment_xgb"", ""alpha"": 0.65, ""score_u2i"": 0.9692674875259399, ""score_comment_xgb"": 0.9254780411720276}"
62,100136079282,xgb_hybrid_v1,0.9504092335700989,2,"{""source"": ""hybrid_u2i_comment_xgb"", ""alpha"": 0.65, ""score_u2i"": 0.9537902474403381, ""score_comment_xgb"": 0.9441302418708801}"
62,100154268303,xgb_hybrid_v1,0.9478967785835266,3,"{""source"": ""hybrid_u2i_comment_xgb"", ""alpha"": 0.65, ""score_u2i"": 0.9849095940589905, ""score_comment_xgb"": 0.8791588544845581}"
62,100136079284,xgb_hybrid_v1,0.9215860366821289,4,"{""source"": ""hybrid_u2i_comment_xgb"", ""alpha"": 0.65, ""score_u2i"": 0.9159910678863525, ""score_comment_xgb"": 0.9319767355918884}"
62,11819155539,xgb_hybrid_v1,0.8860989809036255,5,"{""source"": ""hybrid_u2i_comment_xgb"", ""alpha"": 0.65, ""score_u2i"": 0.9366214275360107, ""score_comment_xgb"": 0.7922716736793518}"
62,100268823874,xgb_hybrid_v1,0.8599597215652466,6,"{""source"": ""hybrid_u2i_comment_xgb"", ""alpha"": 0.65, ""score_u2i"": 0.7998185157775879, ""score_comment_xgb"": 0.9716505408287048}"
62,10087901051820,xgb_hybrid_v1,0.8467367887496948,7,"{""source"": ""hybrid_u2i_comment_xgb"", ""alpha"": 0.65, ""score_u2i"": 0.7751441597938538, ""score_comment_xgb"": 0.9796945452690125}"
62,10192694267563,xgb_hybrid_v1,0.8454388380050659,8,"{""source"": ""hybrid_u2i_comment_xgb"", ""alpha"": 0.65, ""score_u2i"": 0.8468969464302063, ""score_comment_xgb"": 0.8427309393882751}"
62,100019031805,xgb_hybrid_v1,0.8443332314491272,9,"{""source"": ""hybrid_u2i_comment_xgb"", ""alpha"": 0.65, ""score_u2i"": 0.9839275479316711, ""score_comment_xgb"": 0.5850866436958313}"
62,100230694872,xgb_hybrid_v1,0.7894266247749329,10,"{""source"": ""hybrid_u2i_comment_xgb"", ""alpha"": 0.65, ""score_u2i"": 0.7465931177139282, ""score_comment_xgb"": 0.8689746260643005}"
62,100195732408,xgb_hybrid_v1,0.7834057807922363,11,"{""source"": ""hybrid_u2i_comment_xgb"", ""alpha"": 0.65, ""score_u2i"": 0.7882734537124634, ""score_comment_xgb"": 0.7743659615516663}"
62,5475198,xgb_hybrid_v1,0.7157570123672485,12,"{""source"": ""hybrid_u2i_comment_xgb"", ""alpha"": 0.65, ""score_u2i"": 0.8893188834190369, ""score_comment_xgb"": 0.3934279978275299}"
62,100009013165,xgb_hybrid_v1,0.7063034176826477,13,"{""source"": ""hybrid_u2i_comment_xgb"", ""alpha"": 0.65, ""score_u2i"": 0.9406123757362366, ""score_comment_xgb"": 0.27115824818611145}"
62,13065559672,xgb_hybrid_v1,0.703201413154602,14,"{""source"": ""hybrid_u2i_comment_xgb"", ""alpha"": 0.65, ""score_u2i"": 0.7236453294754028, ""score_comment_xgb"": 0.6652342081069946}"
62,10037128752741,xgb_hybrid_v1,0.697053074836731,15,"{""source"": ""hybrid_u2i_comment_xgb"", ""alpha"": 0.65, ""score_u2i"": 0.8016284704208374, ""score_comment_xgb"": 0.5028416514396667}"
62,69673075023,xgb_hybrid_v1,0.6936408877372742,16,"{""source"": ""hybrid_u2i_comment_xgb"", ""alpha"": 0.65, ""score_u2i"": 0.8362259268760681, ""score_comment_xgb"": 0.4288400709629059}"
62,4246911,xgb_hybrid_v1,0.6903039813041687,17,"{""source"": ""hybrid_u2i_comment_xgb"", ""alpha"": 0.65, ""score_u2i"": 0.9846836924552917, ""score_comment_xgb"": 0.1435987800359726}"
62,100002187047,xgb_hybrid_v1,0.6453851461410522,18,"{""source"": ""hybrid_u2i_comment_xgb"", ""alpha"": 0.65, ""score_u2i"": 0.6481986045837402, ""score_comment_xgb"": 0.6401602625846863}"
62,4246893,xgb_hybrid_v1,0.6436094641685486,19,"{""source"": ""hybrid_u2i_comment_xgb"", ""alpha"": 0.65, ""score_u2i"": 0.8408724069595337, ""score_comment_xgb"": 0.27726417779922485}"
62,100112272948,xgb_hybrid_v1,0.6387937068939209,20,"{""source"": ""hybrid_u2i_comment_xgb"", ""alpha"": 0.65, ""score_u2i"": 0.5421856045722961, ""score_comment_xgb"": 0.8182088136672974}"
63,100203000971,xgb_hybrid_v1,0.9058125019073486,1,"{""source"": ""hybrid_u2i_comment_xgb"", ""alpha"": 0.65, ""score_u2i"": 0.8562057018280029, ""score_comment_xgb"": 0.9979395270347595}"
63,100017016045,xgb_hybrid_v1,0.8321698904037476,2,"{""source"": ""hybrid_u2i_comment_xgb"", ""alpha"": 0.65, ""score_u2i"": 0.9571694135665894, ""score_comment_xgb"": 0.6000280380249023}"
63,11819155539,xgb_hybrid_v1,0.7988330125808716,3,"{""source"": ""hybrid_u2i_comment_xgb"", ""alpha"": 0.65, ""score_u2i"": 0.8023661375045776, ""score_comment_xgb"": 0.7922716736793518}"
63,10087901051820,xgb_hybrid_v1,0.7783633470535278,4,"{""source"": ""hybrid_u2i_comment_xgb"", ""alpha"": 0.65, ""score_u2i"": 0.669954240322113, ""score_comment_xgb"": 0.9796945452690125}"
63,100136079282,xgb_hybrid_v1,0.7660641670227051,5,"{""source"": ""hybrid_u2i_comment_xgb"", ""alpha"": 0.65, ""score_u2i"": 0.6701824069023132, ""score_comment_xgb"": 0.9441302418708801}"
63,10098681688567,xgb_hybrid_v1,0.7645873427391052,6,"{""source"": ""hybrid_u2i_comment_xgb"", ""alpha"": 0.65, ""score_u2i"": 0.9528220295906067, ""score_comment_xgb"": 0.41500869393348694}"
63,100114512933,xgb_hybrid_v1,0.763039767742157,7,"{""source"": ""hybrid_u2i_comment_xgb"", ""alpha"": 0.65, ""score_u2i"": 0.6755730509757996, ""score_comment_xgb"": 0.9254780411720276}"
63,100070794980,xgb_hybrid_v1,0.7619430422782898,8,"{""source"": ""hybrid_u2i_comment_xgb"", ""alpha"": 0.65, ""score_u2i"": 0.8027476072311401, ""score_comment_xgb"": 0.6861632466316223}"
63,100002187047,xgb_hybrid_v1,0.7360203266143799,9,"{""source"": ""hybrid_u2i_comment_xgb"", ""alpha"": 0.65, ""score_u2i"": 0.7876372933387756, ""score_comment_xgb"": 0.6401602625846863}"
63,5475198,xgb_hybrid_v1,0.7275838255882263,10,"{""source"": ""hybrid_u2i_comment_xgb"", ""alpha"": 0.65, ""score_u2i"": 0.9075139760971069, ""score_comment_xgb"": 0.3934279978275299}"
63,10109147342652,xgb_hybrid_v1,0.6662910580635071,11,"{""source"": ""hybrid_u2i_comment_xgb"", ""alpha"": 0.65, ""score_u2i"": 0.5240044593811035, ""score_comment_xgb"": 0.9305377006530762}"
63,10159600685389,xgb_hybrid_v1,0.6534616947174072,12,"{""source"": ""hybrid_u2i_comment_xgb"", ""alpha"": 0.65, ""score_u2i"": 0.47485774755477905, ""score_comment_xgb"": 0.9851548671722412}"
63,3409140,xgb_hybrid_v1,0.650402307510376,13,"{""source"": ""hybrid_u2i_comment_xgb"", ""alpha"": 0.65, ""score_u2i"": 0.8480225205421448, ""score_comment_xgb"": 0.28339341282844543}"
63,100064200322,xgb_hybrid_v1,0.6472645998001099,14,"{""source"": ""hybrid_u2i_comment_xgb"", ""alpha"": 0.65, ""score_u2i"": 0.5977714657783508, ""score_comment_xgb"": 0.7391803860664368}"
63,100288929442,xgb_hybrid_v1,0.6446367502212524,15,"{""source"": ""hybrid_u2i_comment_xgb"", ""alpha"": 0.65, ""score_u2i"": 0.5862635970115662, ""score_comment_xgb"": 0.7530441284179688}"
63,10212550372913,xgb_hybrid_v1,0.6430835723876953,16,"{""source"": ""hybrid_u2i_comment_xgb"", ""alpha"": 0.65, ""score_u2i"": 0.4562292993068695, ""score_comment_xgb"": 0.990098774433136}"
63,13065559672,xgb_hybrid_v1,0.6413825154304504,17,"{""source"": ""hybrid_u2i_comment_xgb"", ""alpha"": 0.65, ""score_u2i"": 0.6285393238067627, ""score_comment_xgb"": 0.6652342081069946}"
63,10037128752741,xgb_hybrid_v1,0.622207522392273,18,"{""source"": ""hybrid_u2i_comment_xgb"", ""alpha"": 0.65, ""score_u2i"": 0.6864814162254333, ""score_comment_xgb"": 0.5028416514396667}"
63,100201827671,xgb_hybrid_v1,0.6132007241249084,19,"{""source"": ""hybrid_u2i_comment_xgb"", ""alpha"": 0.65, ""score_u2i"": 0.4138292968273163, ""score_comment_xgb"": 0.9834620356559753}"
63,10132040325618,xgb_hybrid_v1,0.6074494123458862,20,"{""source"": ""hybrid_u2i_comment_xgb"", ""alpha"": 0.65, ""score_u2i"": 0.42938587069511414, ""score_comment_xgb"": 0.9381387829780579}"
64,100203000971,xgb_hybrid_v1,0.9058125019073486,1,"{""source"": ""hybrid_u2i_comment_xgb"", ""alpha"": 0.65, ""score_u2i"": 0.8562057018280029, ""score_comment_xgb"": 0.9979395270347595}"
64,100017016045,xgb_hybrid_v1,0.8321698904037476,2,"{""source"": ""hybrid_u2i_comment_xgb"", ""alpha"": 0.65, ""score_u2i"": 0.9571694135665894, ""score_comment_xgb"": 0.6000280380249023}"
64,11819155539,xgb_hybrid_v1,0.7988330125808716,3,"{""source"": ""hybrid_u2i_comment_xgb"", ""alpha"": 0.65, ""score_u2i"": 0.8023661375045776, ""score_comment_xgb"": 0.7922716736793518}"
64,10087901051820,xgb_hybrid_v1,0.7783633470535278,4,"{""source"": ""hybrid_u2i_comment_xgb"", ""alpha"": 0.65, ""score_u2i"": 0.669954240322113, ""score_comment_xgb"": 0.9796945452690125}"
64,100136079282,xgb_hybrid_v1,0.7660641670227051,5,"{""source"": ""hybrid_u2i_comment_xgb"", ""alpha"": 0.65, ""score_u2i"": 0.6701824069023132, ""score_comment_xgb"": 0.9441302418708801}"
64,10098681688567,xgb_hybrid_v1,0.7645873427391052,6,"{""source"": ""hybrid_u2i_comment_xgb"", ""alpha"": 0.65, ""score_u2i"": 0.9528220295906067, ""score_comment_xgb"": 0.41500869393348694}"
64,100114512933,xgb_hybrid_v1,0.763039767742157,7,"{""source"": ""hybrid_u2i_comment_xgb"", ""alpha"": 0.65, ""score_u2i"": 0.6755730509757996, ""score_comment_xgb"": 0.9254780411720276}"
64,100070794980,xgb_hybrid_v1,0.7619430422782898,8,"{""source"": ""hybrid_u2i_comment_xgb"", ""alpha"": 0.65, ""score_u2i"": 0.8027476072311401, ""score_comment_xgb"": 0.6861632466316223}"
64,100002187047,xgb_hybrid_v1,0.7360203266143799,9,"{""source"": ""hybrid_u2i_comment_xgb"", ""alpha"": 0.65, ""score_u2i"": 0.7876372933387756, ""score_comment_xgb"": 0.6401602625846863}"
64,5475198,xgb_hybrid_v1,0.7275838255882263,10,"{""source"": ""hybrid_u2i_comment_xgb"", ""alpha"": 0.65, ""score_u2i"": 0.9075139760971069, ""score_comment_xgb"": 0.3934279978275299}"
64,10109147342652,xgb_hybrid_v1,0.6662910580635071,11,"{""source"": ""hybrid_u2i_comment_xgb"", ""alpha"": 0.65, ""score_u2i"": 0.5240044593811035, ""score_comment_xgb"": 0.9305377006530762}"
64,10159600685389,xgb_hybrid_v1,0.6534616947174072,12,"{""source"": ""hybrid_u2i_comment_xgb"", ""alpha"": 0.65, ""score_u2i"": 0.47485774755477905, ""score_comment_xgb"": 0.9851548671722412}"
64,3409140,xgb_hybrid_v1,0.650402307510376,13,"{""source"": ""hybrid_u2i_comment_xgb"", ""alpha"": 0.65, ""score_u2i"": 0.8480225205421448, ""score_comment_xgb"": 0.28339341282844543}"
64,100064200322,xgb_hybrid_v1,0.6472645998001099,14,"{""source"": ""hybrid_u2i_comment_xgb"", ""alpha"": 0.65, ""score_u2i"": 0.5977714657783508, ""score_comment_xgb"": 0.7391803860664368}"
64,100288929442,xgb_hybrid_v1,0.6446367502212524,15,"{""source"": ""hybrid_u2i_comment_xgb"", ""alpha"": 0.65, ""score_u2i"": 0.5862635970115662, ""score_comment_xgb"": 0.7530441284179688}"
64,10212550372913,xgb_hybrid_v1,0.6430835723876953,16,"{""source"": ""hybrid_u2i_comment_xgb"", ""alpha"": 0.65, ""score_u2i"": 0.4562292993068695, ""score_comment_xgb"": 0.990098774433136}"
64,13065559672,xgb_hybrid_v1,0.6413825154304504,17,"{""source"": ""hybrid_u2i_comment_xgb"", ""alpha"": 0.65, ""score_u2i"": 0.6285393238067627, ""score_comment_xgb"": 0.6652342081069946}"
64,10037128752741,xgb_hybrid_v1,0.622207522392273,18,"{""source"": ""hybrid_u2i_comment_xgb"", ""alpha"": 0.65, ""score_u2i"": 0.6864814162254333, ""score_comment_xgb"": 0.5028416514396667}"
64,100201827671,xgb_hybrid_v1,0.6132007241249084,19,"{""source"": ""hybrid_u2i_comment_xgb"", ""alpha"": 0.65, ""score_u2i"": 0.4138292968273163, ""score_comment_xgb"": 0.9834620356559753}"
64,10132040325618,xgb_hybrid_v1,0.6074494123458862,20,"{""source"": ""hybrid_u2i_comment_xgb"", ""alpha"": 0.65, ""score_u2i"": 0.42938587069511414, ""score_comment_xgb"": 0.9381387829780579}"
65,100136079282,xgb_hybrid_v1,0.9578642249107361,1,"{""source"": ""hybrid_u2i_comment_xgb"", ""alpha"": 0.65, ""score_u2i"": 0.9652594923973083, ""score_comment_xgb"": 0.9441302418708801}"
65,100154268303,xgb_hybrid_v1,0.9252631068229675,2,"{""source"": ""hybrid_u2i_comment_xgb"", ""alpha"": 0.65, ""score_u2i"": 0.9500885009765625, ""score_comment_xgb"": 0.8791588544845581}"
65,100249994404,xgb_hybrid_v1,0.9238307476043701,3,"{""source"": ""hybrid_u2i_comment_xgb"", ""alpha"": 0.65, ""score_u2i"": 0.914801299571991, ""score_comment_xgb"": 0.9405998587608337}"
65,100114512933,xgb_hybrid_v1,0.9019178152084351,4,"{""source"": ""hybrid_u2i_comment_xgb"", ""alpha"": 0.65, ""score_u2i"": 0.8892315626144409, ""score_comment_xgb"": 0.9254780411720276}"
65,13065559672,xgb_hybrid_v1,0.8539630174636841,5,"{""source"": ""hybrid_u2i_comment_xgb"", ""alpha"": 0.65, ""score_u2i"": 0.9555862545967102, ""score_comment_xgb"": 0.6652342081069946}"
65,100019031805,xgb_hybrid_v1,0.8454576134681702,6,"{""source"": ""hybrid_u2i_comment_xgb"", ""alpha"": 0.65, ""score_u2i"": 0.9856573343276978, ""score_comment_xgb"": 0.5850866436958313}"
65,100216501267,xgb_hybrid_v1,0.8380846977233887,7,"{""source"": ""hybrid_u2i_comment_xgb"", ""alpha"": 0.65, ""score_u2i"": 0.7541028261184692, ""score_comment_xgb"": 0.9940510988235474}"
65,100059257824,xgb_hybrid_v1,0.801767110824585,8,"{""source"": ""hybrid_u2i_comment_xgb"", ""alpha"": 0.65, ""score_u2i"": 0.7494468688964844, ""score_comment_xgb"": 0.8989334106445312}"
65,10121602694516,xgb_hybrid_v1,0.7937854528427124,9,"{""source"": ""hybrid_u2i_comment_xgb"", ""alpha"": 0.65, ""score_u2i"": 0.7425827383995056, ""score_comment_xgb"": 0.88887619972229}"
65,5475198,xgb_hybrid_v1,0.766459584236145,10,"{""source"": ""hybrid_u2i_comment_xgb"", ""alpha"": 0.65, ""score_u2i"": 0.967322826385498, ""score_comment_xgb"": 0.3934279978275299}"
65,10098656892439,xgb_hybrid_v1,0.7533578872680664,11,"{""source"": ""hybrid_u2i_comment_xgb"", ""alpha"": 0.65, ""score_u2i"": 0.7436744570732117, ""score_comment_xgb"": 0.7713414430618286}"
65,100230694872,xgb_hybrid_v1,0.7224733829498291,12,"{""source"": ""hybrid_u2i_comment_xgb"", ""alpha"": 0.65, ""score_u2i"": 0.6435881853103638, ""score_comment_xgb"": 0.8689746260643005}"
65,100009013165,xgb_hybrid_v1,0.7103872895240784,13,"{""source"": ""hybrid_u2i_comment_xgb"", ""alpha"": 0.65, ""score_u2i"": 0.9468953013420105, ""score_comment_xgb"": 0.27115824818611145}"
65,10087901051820,xgb_hybrid_v1,0.7076643705368042,14,"{""source"": ""hybrid_u2i_comment_xgb"", ""alpha"": 0.65, ""score_u2i"": 0.5611865520477295, ""score_comment_xgb"": 0.9796945452690125}"
65,10192694267563,xgb_hybrid_v1,0.704818606376648,15,"{""source"": ""hybrid_u2i_comment_xgb"", ""alpha"": 0.65, ""score_u2i"": 0.63055819272995, ""score_comment_xgb"": 0.8427309393882751}"
65,11819155539,xgb_hybrid_v1,0.670998215675354,16,"{""source"": ""hybrid_u2i_comment_xgb"", ""alpha"": 0.65, ""score_u2i"": 0.6056971549987793, ""score_comment_xgb"": 0.7922716736793518}"
65,100136079284,xgb_hybrid_v1,0.6616933941841125,17,"{""source"": ""hybrid_u2i_comment_xgb"", ""alpha"": 0.65, ""score_u2i"": 0.5161562561988831, ""score_comment_xgb"": 0.9319767355918884}"
65,4246911,xgb_hybrid_v1,0.6602914333343506,18,"{""source"": ""hybrid_u2i_comment_xgb"", ""alpha"": 0.65, ""score_u2i"": 0.938510537147522, ""score_comment_xgb"": 0.1435987800359726}"
65,100002187045,xgb_hybrid_v1,0.652262806892395,19,"{""source"": ""hybrid_u2i_comment_xgb"", ""alpha"": 0.65, ""score_u2i"": 0.7935611605644226, ""score_comment_xgb"": 0.3898515999317169}"
65,69673075023,xgb_hybrid_v1,0.6505300998687744,20,"{""source"": ""hybrid_u2i_comment_xgb"", ""alpha"": 0.65, ""score_u2i"": 0.769901692867279, ""score_comment_xgb"": 0.4288400709629059}"
66,100114512933,xgb_hybrid_v1,0.9539411067962646,1,"{""source"": ""hybrid_u2i_comment_xgb"", ""alpha"": 0.65, ""score_u2i"": 0.9692674875259399, ""score_comment_xgb"": 0.9254780411720276}"
66,100136079282,xgb_hybrid_v1,0.9504092335700989,2,"{""source"": ""hybrid_u2i_comment_xgb"", ""alpha"": 0.65, ""score_u2i"": 0.9537902474403381, ""score_comment_xgb"": 0.9441302418708801}"
66,100154268303,xgb_hybrid_v1,0.9478967785835266,3,"{""source"": ""hybrid_u2i_comment_xgb"", ""alpha"": 0.65, ""score_u2i"": 0.9849095940589905, ""score_comment_xgb"": 0.8791588544845581}"
66,100136079284,xgb_hybrid_v1,0.9215860366821289,4,"{""source"": ""hybrid_u2i_comment_xgb"", ""alpha"": 0.65, ""score_u2i"": 0.9159910678863525, ""score_comment_xgb"": 0.9319767355918884}"
66,11819155539,xgb_hybrid_v1,0.8860989809036255,5,"{""source"": ""hybrid_u2i_comment_xgb"", ""alpha"": 0.65, ""score_u2i"": 0.9366214275360107, ""score_comment_xgb"": 0.7922716736793518}"
66,100268823874,xgb_hybrid_v1,0.8599597215652466,6,"{""source"": ""hybrid_u2i_comment_xgb"", ""alpha"": 0.65, ""score_u2i"": 0.7998185157775879, ""score_comment_xgb"": 0.9716505408287048}"
66,10087901051820,xgb_hybrid_v1,0.8467367887496948,7,"{""source"": ""hybrid_u2i_comment_xgb"", ""alpha"": 0.65, ""score_u2i"": 0.7751441597938538, ""score_comment_xgb"": 0.9796945452690125}"
66,10192694267563,xgb_hybrid_v1,0.8454388380050659,8,"{""source"": ""hybrid_u2i_comment_xgb"", ""alpha"": 0.65, ""score_u2i"": 0.8468969464302063, ""score_comment_xgb"": 0.8427309393882751}"
66,100019031805,xgb_hybrid_v1,0.8443332314491272,9,"{""source"": ""hybrid_u2i_comment_xgb"", ""alpha"": 0.65, ""score_u2i"": 0.9839275479316711, ""score_comment_xgb"": 0.5850866436958313}"
66,100230694872,xgb_hybrid_v1,0.7894266247749329,10,"{""source"": ""hybrid_u2i_comment_xgb"", ""alpha"": 0.65, ""score_u2i"": 0.7465931177139282, ""score_comment_xgb"": 0.8689746260643005}"
66,100195732408,xgb_hybrid_v1,0.7834057807922363,11,"{""source"": ""hybrid_u2i_comment_xgb"", ""alpha"": 0.65, ""score_u2i"": 0.7882734537124634, ""score_comment_xgb"": 0.7743659615516663}"
66,5475198,xgb_hybrid_v1,0.7157570123672485,12,"{""source"": ""hybrid_u2i_comment_xgb"", ""alpha"": 0.65, ""score_u2i"": 0.8893188834190369, ""score_comment_xgb"": 0.3934279978275299}"
66,100009013165,xgb_hybrid_v1,0.7063034176826477,13,"{""source"": ""hybrid_u2i_comment_xgb"", ""alpha"": 0.65, ""score_u2i"": 0.9406123757362366, ""score_comment_xgb"": 0.27115824818611145}"
66,13065559672,xgb_hybrid_v1,0.703201413154602,14,"{""source"": ""hybrid_u2i_comment_xgb"", ""alpha"": 0.65, ""score_u2i"": 0.7236453294754028, ""score_comment_xgb"": 0.6652342081069946}"
66,10037128752741,xgb_hybrid_v1,0.697053074836731,15,"{""source"": ""hybrid_u2i_comment_xgb"", ""alpha"": 0.65, ""score_u2i"": 0.8016284704208374, ""score_comment_xgb"": 0.5028416514396667}"
66,69673075023,xgb_hybrid_v1,0.6936408877372742,16,"{""source"": ""hybrid_u2i_comment_xgb"", ""alpha"": 0.65, ""score_u2i"": 0.8362259268760681, ""score_comment_xgb"": 0.4288400709629059}"
66,4246911,xgb_hybrid_v1,0.6903039813041687,17,"{""source"": ""hybrid_u2i_comment_xgb"", ""alpha"": 0.65, ""score_u2i"": 0.9846836924552917, ""score_comment_xgb"": 0.1435987800359726}"
66,100002187047,xgb_hybrid_v1,0.6453851461410522,18,"{""source"": ""hybrid_u2i_comment_xgb"", ""alpha"": 0.65, ""score_u2i"": 0.6481986045837402, ""score_comment_xgb"": 0.6401602625846863}"
66,4246893,xgb_hybrid_v1,0.6436094641685486,19,"{""source"": ""hybrid_u2i_comment_xgb"", ""alpha"": 0.65, ""score_u2i"": 0.8408724069595337, ""score_comment_xgb"": 0.27726417779922485}"
66,100112272948,xgb_hybrid_v1,0.6387937068939209,20,"{""source"": ""hybrid_u2i_comment_xgb"", ""alpha"": 0.65, ""score_u2i"": 0.5421856045722961, ""score_comment_xgb"": 0.8182088136672974}"
67,100114512933,xgb_hybrid_v1,0.9539411067962646,1,"{""source"": ""hybrid_u2i_comment_xgb"", ""alpha"": 0.65, ""score_u2i"": 0.9692674875259399, ""score_comment_xgb"": 0.9254780411720276}"
67,100136079282,xgb_hybrid_v1,0.9504092335700989,2,"{""source"": ""hybrid_u2i_comment_xgb"", ""alpha"": 0.65, ""score_u2i"": 0.9537902474403381, ""score_comment_xgb"": 0.9441302418708801}"
67,100154268303,xgb_hybrid_v1,0.9478967785835266,3,"{""source"": ""hybrid_u2i_comment_xgb"", ""alpha"": 0.65, ""score_u2i"": 0.9849095940589905, ""score_comment_xgb"": 0.8791588544845581}"
67,100136079284,xgb_hybrid_v1,0.9215860366821289,4,"{""source"": ""hybrid_u2i_comment_xgb"", ""alpha"": 0.65, ""score_u2i"": 0.9159910678863525, ""score_comment_xgb"": 0.9319767355918884}"
67,11819155539,xgb_hybrid_v1,0.8860989809036255,5,"{""source"": ""hybrid_u2i_comment_xgb"", ""alpha"": 0.65, ""score_u2i"": 0.9366214275360107, ""score_comment_xgb"": 0.7922716736793518}"
67,100268823874,xgb_hybrid_v1,0.8599597215652466,6,"{""source"": ""hybrid_u2i_comment_xgb"", ""alpha"": 0.65, ""score_u2i"": 0.7998185157775879, ""score_comment_xgb"": 0.9716505408287048}"
67,10087901051820,xgb_hybrid_v1,0.8467367887496948,7,"{""source"": ""hybrid_u2i_comment_xgb"", ""alpha"": 0.65, ""score_u2i"": 0.7751441597938538, ""score_comment_xgb"": 0.9796945452690125}"
67,10192694267563,xgb_hybrid_v1,0.8454388380050659,8,"{""source"": ""hybrid_u2i_comment_xgb"", ""alpha"": 0.65, ""score_u2i"": 0.8468969464302063, ""score_comment_xgb"": 0.8427309393882751}"
67,100019031805,xgb_hybrid_v1,0.8443332314491272,9,"{""source"": ""hybrid_u2i_comment_xgb"", ""alpha"": 0.65, ""score_u2i"": 0.9839275479316711, ""score_comment_xgb"": 0.5850866436958313}"
67,100230694872,xgb_hybrid_v1,0.7894266247749329,10,"{""source"": ""hybrid_u2i_comment_xgb"", ""alpha"": 0.65, ""score_u2i"": 0.7465931177139282, ""score_comment_xgb"": 0.8689746260643005}"
67,100195732408,xgb_hybrid_v1,0.7834057807922363,11,"{""source"": ""hybrid_u2i_comment_xgb"", ""alpha"": 0.65, ""score_u2i"": 0.7882734537124634, ""score_comment_xgb"": 0.7743659615516663}"
67,5475198,xgb_hybrid_v1,0.7157570123672485,12,"{""source"": ""hybrid_u2i_comment_xgb"", ""alpha"": 0.65, ""score_u2i"": 0.8893188834190369, ""score_comment_xgb"": 0.3934279978275299}"
67,100009013165,xgb_hybrid_v1,0.7063034176826477,13,"{""source"": ""hybrid_u2i_comment_xgb"", ""alpha"": 0.65, ""score_u2i"": 0.9406123757362366, ""score_comment_xgb"": 0.27115824818611145}"
67,13065559672,xgb_hybrid_v1,0.703201413154602,14,"{""source"": ""hybrid_u2i_comment_xgb"", ""alpha"": 0.65, ""score_u2i"": 0.7236453294754028, ""score_comment_xgb"": 0.6652342081069946}"
67,10037128752741,xgb_hybrid_v1,0.697053074836731,15,"{""source"": ""hybrid_u2i_comment_xgb"", ""alpha"": 0.65, ""score_u2i"": 0.8016284704208374, ""score_comment_xgb"": 0.5028416514396667}"
67,69673075023,xgb_hybrid_v1,0.6936408877372742,16,"{""source"": ""hybrid_u2i_comment_xgb"", ""alpha"": 0.65, ""score_u2i"": 0.8362259268760681, ""score_comment_xgb"": 0.4288400709629059}"
67,4246911,xgb_hybrid_v1,0.6903039813041687,17,"{""source"": ""hybrid_u2i_comment_xgb"", ""alpha"": 0.65, ""score_u2i"": 0.9846836924552917, ""score_comment_xgb"": 0.1435987800359726}"
67,100002187047,xgb_hybrid_v1,0.6453851461410522,18,"{""source"": ""hybrid_u2i_comment_xgb"", ""alpha"": 0.65, ""score_u2i"": 0.6481986045837402, ""score_comment_xgb"": 0.6401602625846863}"
67,4246893,xgb_hybrid_v1,0.6436094641685486,19,"{""source"": ""hybrid_u2i_comment_xgb"", ""alpha"": 0.65, ""score_u2i"": 0.8408724069595337, ""score_comment_xgb"": 0.27726417779922485}"
67,100112272948,xgb_hybrid_v1,0.6387937068939209,20,"{""source"": ""hybrid_u2i_comment_xgb"", ""alpha"": 0.65, ""score_u2i"": 0.5421856045722961, ""score_comment_xgb"": 0.8182088136672974}"
68,100114512933,xgb_hybrid_v1,0.9640463590621948,1,"{""source"": ""hybrid_u2i_comment_xgb"", ""alpha"": 0.65, ""score_u2i"": 0.9848139882087708, ""score_comment_xgb"": 0.9254780411720276}"
68,100059911987,xgb_hybrid_v1,0.9485621452331543,2,"{""source"": ""hybrid_u2i_comment_xgb"", ""alpha"": 0.65, ""score_u2i"": 0.9254322052001953, ""score_comment_xgb"": 0.9915177226066589}"
68,100154268303,xgb_hybrid_v1,0.9417184591293335,3,"{""source"": ""hybrid_u2i_comment_xgb"", ""alpha"": 0.65, ""score_u2i"": 0.9754044413566589, ""score_comment_xgb"": 0.8791588544845581}"
68,11819155539,xgb_hybrid_v1,0.9121884107589722,4,"{""source"": ""hybrid_u2i_comment_xgb"", ""alpha"": 0.65, ""score_u2i"": 0.9767589569091797, ""score_comment_xgb"": 0.7922716736793518}"
68,10121602694516,xgb_hybrid_v1,0.9118934869766235,5,"{""source"": ""hybrid_u2i_comment_xgb"", ""alpha"": 0.65, ""score_u2i"": 0.9242874979972839, ""score_comment_xgb"": 0.88887619972229}"
68,100112272948,xgb_hybrid_v1,0.9034673571586609,6,"{""source"": ""hybrid_u2i_comment_xgb"", ""alpha"": 0.65, ""score_u2i"": 0.9493758082389832, ""score_comment_xgb"": 0.8182088136672974}"
68,100215876924,xgb_hybrid_v1,0.9010956287384033,7,"{""source"": ""hybrid_u2i_comment_xgb"", ""alpha"": 0.65, ""score_u2i"": 0.8569673895835876, ""score_comment_xgb"": 0.9830480813980103}"
68,100195732408,xgb_hybrid_v1,0.8910841941833496,8,"{""source"": ""hybrid_u2i_comment_xgb"", ""alpha"": 0.65, ""score_u2i"": 0.953932523727417, ""score_comment_xgb"": 0.7743659615516663}"
68,100184800271,xgb_hybrid_v1,0.8903204202651978,9,"{""source"": ""hybrid_u2i_comment_xgb"", ""alpha"": 0.65, ""score_u2i"": 0.8438010811805725, ""score_comment_xgb"": 0.9767134785652161}"
68,10070360840507,xgb_hybrid_v1,0.885025680065155,10,"{""source"": ""hybrid_u2i_comment_xgb"", ""alpha"": 0.65, ""score_u2i"": 0.9383029937744141, ""score_comment_xgb"": 0.7860822081565857}"
68,100071138925,xgb_hybrid_v1,0.8837848901748657,11,"{""source"": ""hybrid_u2i_comment_xgb"", ""alpha"": 0.65, ""score_u2i"": 0.8887361288070679, ""score_comment_xgb"": 0.8745898604393005}"
68,100203000983,xgb_hybrid_v1,0.8829163908958435,12,"{""source"": ""hybrid_u2i_comment_xgb"", ""alpha"": 0.65, ""score_u2i"": 0.8240046501159668, ""score_comment_xgb"": 0.9923239946365356}"
68,13065559672,xgb_hybrid_v1,0.8660677075386047,13,"{""source"": ""hybrid_u2i_comment_xgb"", ""alpha"": 0.65, ""score_u2i"": 0.9742088913917542, ""score_comment_xgb"": 0.6652342081069946}"
68,100115256936,xgb_hybrid_v1,0.8551304340362549,14,"{""source"": ""hybrid_u2i_comment_xgb"", ""alpha"": 0.65, ""score_u2i"": 0.9114986658096313, ""score_comment_xgb"": 0.750446617603302}"
68,100151315926,xgb_hybrid_v1,0.8301624059677124,15,"{""source"": ""hybrid_u2i_comment_xgb"", ""alpha"": 0.65, ""score_u2i"": 0.8915016651153564, ""score_comment_xgb"": 0.7162466645240784}"
68,100019031805,xgb_hybrid_v1,0.8162246346473694,16,"{""source"": ""hybrid_u2i_comment_xgb"", ""alpha"": 0.65, ""score_u2i"": 0.9406836032867432, ""score_comment_xgb"": 0.5850866436958313}"
68,71577466395,xgb_hybrid_v1,0.7927663326263428,17,"{""source"": ""hybrid_u2i_comment_xgb"", ""alpha"": 0.65, ""score_u2i"": 0.8619879484176636, ""score_comment_xgb"": 0.6642119288444519}"
68,100230694872,xgb_hybrid_v1,0.7902008295059204,18,"{""source"": ""hybrid_u2i_comment_xgb"", ""alpha"": 0.65, ""score_u2i"": 0.7477841973304749, ""score_comment_xgb"": 0.8689746260643005}"
68,11819155540,xgb_hybrid_v1,0.7568913102149963,19,"{""source"": ""hybrid_u2i_comment_xgb"", ""alpha"": 0.65, ""score_u2i"": 0.80050128698349, ""score_comment_xgb"": 0.6759012937545776}"
68,100000987566,xgb_hybrid_v1,0.7485824227333069,20,"{""source"": ""hybrid_u2i_comment_xgb"", ""alpha"": 0.65, ""score_u2i"": 0.849833607673645, ""score_comment_xgb"": 0.5605446100234985}"
69,100203000971,xgb_hybrid_v1,0.9058125019073486,1,"{""source"": ""hybrid_u2i_comment_xgb"", ""alpha"": 0.65, ""score_u2i"": 0.8562057018280029, ""score_comment_xgb"": 0.9979395270347595}"
69,100017016045,xgb_hybrid_v1,0.8321698904037476,2,"{""source"": ""hybrid_u2i_comment_xgb"", ""alpha"": 0.65, ""score_u2i"": 0.9571694135665894, ""score_comment_xgb"": 0.6000280380249023}"
69,11819155539,xgb_hybrid_v1,0.7988330125808716,3,"{""source"": ""hybrid_u2i_comment_xgb"", ""alpha"": 0.65, ""score_u2i"": 0.8023661375045776, ""score_comment_xgb"": 0.7922716736793518}"
69,10087901051820,xgb_hybrid_v1,0.7783633470535278,4,"{""source"": ""hybrid_u2i_comment_xgb"", ""alpha"": 0.65, ""score_u2i"": 0.669954240322113, ""score_comment_xgb"": 0.9796945452690125}"
69,100136079282,xgb_hybrid_v1,0.7660641670227051,5,"{""source"": ""hybrid_u2i_comment_xgb"", ""alpha"": 0.65, ""score_u2i"": 0.6701824069023132, ""score_comment_xgb"": 0.9441302418708801}"
69,10098681688567,xgb_hybrid_v1,0.7645873427391052,6,"{""source"": ""hybrid_u2i_comment_xgb"", ""alpha"": 0.65, ""score_u2i"": 0.9528220295906067, ""score_comment_xgb"": 0.41500869393348694}"
69,100114512933,xgb_hybrid_v1,0.763039767742157,7,"{""source"": ""hybrid_u2i_comment_xgb"", ""alpha"": 0.65, ""score_u2i"": 0.6755730509757996, ""score_comment_xgb"": 0.9254780411720276}"
69,100070794980,xgb_hybrid_v1,0.7619430422782898,8,"{""source"": ""hybrid_u2i_comment_xgb"", ""alpha"": 0.65, ""score_u2i"": 0.8027476072311401, ""score_comment_xgb"": 0.6861632466316223}"
69,100002187047,xgb_hybrid_v1,0.7360203266143799,9,"{""source"": ""hybrid_u2i_comment_xgb"", ""alpha"": 0.65, ""score_u2i"": 0.7876372933387756, ""score_comment_xgb"": 0.6401602625846863}"
69,5475198,xgb_hybrid_v1,0.7275838255882263,10,"{""source"": ""hybrid_u2i_comment_xgb"", ""alpha"": 0.65, ""score_u2i"": 0.9075139760971069, ""score_comment_xgb"": 0.3934279978275299}"
69,10109147342652,xgb_hybrid_v1,0.6662910580635071,11,"{""source"": ""hybrid_u2i_comment_xgb"", ""alpha"": 0.65, ""score_u2i"": 0.5240044593811035, ""score_comment_xgb"": 0.9305377006530762}"
69,10159600685389,xgb_hybrid_v1,0.6534616947174072,12,"{""source"": ""hybrid_u2i_comment_xgb"", ""alpha"": 0.65, ""score_u2i"": 0.47485774755477905, ""score_comment_xgb"": 0.9851548671722412}"
69,3409140,xgb_hybrid_v1,0.650402307510376,13,"{""source"": ""hybrid_u2i_comment_xgb"", ""alpha"": 0.65, ""score_u2i"": 0.8480225205421448, ""score_comment_xgb"": 0.28339341282844543}"
69,100064200322,xgb_hybrid_v1,0.6472645998001099,14,"{""source"": ""hybrid_u2i_comment_xgb"", ""alpha"": 0.65, ""score_u2i"": 0.5977714657783508, ""score_comment_xgb"": 0.7391803860664368}"
69,100288929442,xgb_hybrid_v1,0.6446367502212524,15,"{""source"": ""hybrid_u2i_comment_xgb"", ""alpha"": 0.65, ""score_u2i"": 0.5862635970115662, ""score_comment_xgb"": 0.7530441284179688}"
69,10212550372913,xgb_hybrid_v1,0.6430835723876953,16,"{""source"": ""hybrid_u2i_comment_xgb"", ""alpha"": 0.65, ""score_u2i"": 0.4562292993068695, ""score_comment_xgb"": 0.990098774433136}"
69,13065559672,xgb_hybrid_v1,0.6413825154304504,17,"{""source"": ""hybrid_u2i_comment_xgb"", ""alpha"": 0.65, ""score_u2i"": 0.6285393238067627, ""score_comment_xgb"": 0.6652342081069946}"
69,10037128752741,xgb_hybrid_v1,0.622207522392273,18,"{""source"": ""hybrid_u2i_comment_xgb"", ""alpha"": 0.65, ""score_u2i"": 0.6864814162254333, ""score_comment_xgb"": 0.5028416514396667}"
69,100201827671,xgb_hybrid_v1,0.6132007241249084,19,"{""source"": ""hybrid_u2i_comment_xgb"", ""alpha"": 0.65, ""score_u2i"": 0.4138292968273163, ""score_comment_xgb"": 0.9834620356559753}"
69,10132040325618,xgb_hybrid_v1,0.6074494123458862,20,"{""source"": ""hybrid_u2i_comment_xgb"", ""alpha"": 0.65, ""score_u2i"": 0.42938587069511414, ""score_comment_xgb"": 0.9381387829780579}"
70,100136079282,xgb_hybrid_v1,0.9578642249107361,1,"{""source"": ""hybrid_u2i_comment_xgb"", ""alpha"": 0.65, ""score_u2i"": 0.9652594923973083, ""score_comment_xgb"": 0.9441302418708801}"
70,100154268303,xgb_hybrid_v1,0.9252631068229675,2,"{""source"": ""hybrid_u2i_comment_xgb"", ""alpha"": 0.65, ""score_u2i"": 0.9500885009765625, ""score_comment_xgb"": 0.8791588544845581}"
70,100249994404,xgb_hybrid_v1,0.9238307476043701,3,"{""source"": ""hybrid_u2i_comment_xgb"", ""alpha"": 0.65, ""score_u2i"": 0.914801299571991, ""score_comment_xgb"": 0.9405998587608337}"
70,100114512933,xgb_hybrid_v1,0.9019178152084351,4,"{""source"": ""hybrid_u2i_comment_xgb"", ""alpha"": 0.65, ""score_u2i"": 0.8892315626144409, ""score_comment_xgb"": 0.9254780411720276}"
70,13065559672,xgb_hybrid_v1,0.8539630174636841,5,"{""source"": ""hybrid_u2i_comment_xgb"", ""alpha"": 0.65, ""score_u2i"": 0.9555862545967102, ""score_comment_xgb"": 0.6652342081069946}"
70,100019031805,xgb_hybrid_v1,0.8454576134681702,6,"{""source"": ""hybrid_u2i_comment_xgb"", ""alpha"": 0.65, ""score_u2i"": 0.9856573343276978, ""score_comment_xgb"": 0.5850866436958313}"
70,100216501267,xgb_hybrid_v1,0.8380846977233887,7,"{""source"": ""hybrid_u2i_comment_xgb"", ""alpha"": 0.65, ""score_u2i"": 0.7541028261184692, ""score_comment_xgb"": 0.9940510988235474}"
70,100059257824,xgb_hybrid_v1,0.801767110824585,8,"{""source"": ""hybrid_u2i_comment_xgb"", ""alpha"": 0.65, ""score_u2i"": 0.7494468688964844, ""score_comment_xgb"": 0.8989334106445312}"
70,10121602694516,xgb_hybrid_v1,0.7937854528427124,9,"{""source"": ""hybrid_u2i_comment_xgb"", ""alpha"": 0.65, ""score_u2i"": 0.7425827383995056, ""score_comment_xgb"": 0.88887619972229}"
70,5475198,xgb_hybrid_v1,0.766459584236145,10,"{""source"": ""hybrid_u2i_comment_xgb"", ""alpha"": 0.65, ""score_u2i"": 0.967322826385498, ""score_comment_xgb"": 0.3934279978275299}"
70,10098656892439,xgb_hybrid_v1,0.7533578872680664,11,"{""source"": ""hybrid_u2i_comment_xgb"", ""alpha"": 0.65, ""score_u2i"": 0.7436744570732117, ""score_comment_xgb"": 0.7713414430618286}"
70,100230694872,xgb_hybrid_v1,0.7224733829498291,12,"{""source"": ""hybrid_u2i_comment_xgb"", ""alpha"": 0.65, ""score_u2i"": 0.6435881853103638, ""score_comment_xgb"": 0.8689746260643005}"
70,100009013165,xgb_hybrid_v1,0.7103872895240784,13,"{""source"": ""hybrid_u2i_comment_xgb"", ""alpha"": 0.65, ""score_u2i"": 0.9468953013420105, ""score_comment_xgb"": 0.27115824818611145}"
70,10087901051820,xgb_hybrid_v1,0.7076643705368042,14,"{""source"": ""hybrid_u2i_comment_xgb"", ""alpha"": 0.65, ""score_u2i"": 0.5611865520477295, ""score_comment_xgb"": 0.9796945452690125}"
70,10192694267563,xgb_hybrid_v1,0.704818606376648,15,"{""source"": ""hybrid_u2i_comment_xgb"", ""alpha"": 0.65, ""score_u2i"": 0.63055819272995, ""score_comment_xgb"": 0.8427309393882751}"
70,11819155539,xgb_hybrid_v1,0.670998215675354,16,"{""source"": ""hybrid_u2i_comment_xgb"", ""alpha"": 0.65, ""score_u2i"": 0.6056971549987793, ""score_comment_xgb"": 0.7922716736793518}"
70,100136079284,xgb_hybrid_v1,0.6616933941841125,17,"{""source"": ""hybrid_u2i_comment_xgb"", ""alpha"": 0.65, ""score_u2i"": 0.5161562561988831, ""score_comment_xgb"": 0.9319767355918884}"
70,4246911,xgb_hybrid_v1,0.6602914333343506,18,"{""source"": ""hybrid_u2i_comment_xgb"", ""alpha"": 0.65, ""score_u2i"": 0.938510537147522, ""score_comment_xgb"": 0.1435987800359726}"
70,100002187045,xgb_hybrid_v1,0.652262806892395,19,"{""source"": ""hybrid_u2i_comment_xgb"", ""alpha"": 0.65, ""score_u2i"": 0.7935611605644226, ""score_comment_xgb"": 0.3898515999317169}"
70,69673075023,xgb_hybrid_v1,0.6505300998687744,20,"{""source"": ""hybrid_u2i_comment_xgb"", ""alpha"": 0.65, ""score_u2i"": 0.769901692867279, ""score_comment_xgb"": 0.4288400709629059}"
71,100114512933,xgb_hybrid_v1,0.9640463590621948,1,"{""source"": ""hybrid_u2i_comment_xgb"", ""alpha"": 0.65, ""score_u2i"": 0.9848139882087708, ""score_comment_xgb"": 0.9254780411720276}"
71,100059911987,xgb_hybrid_v1,0.9485621452331543,2,"{""source"": ""hybrid_u2i_comment_xgb"", ""alpha"": 0.65, ""score_u2i"": 0.9254322052001953, ""score_comment_xgb"": 0.9915177226066589}"
71,100154268303,xgb_hybrid_v1,0.9417184591293335,3,"{""source"": ""hybrid_u2i_comment_xgb"", ""alpha"": 0.65, ""score_u2i"": 0.9754044413566589, ""score_comment_xgb"": 0.8791588544845581}"
71,11819155539,xgb_hybrid_v1,0.9121884107589722,4,"{""source"": ""hybrid_u2i_comment_xgb"", ""alpha"": 0.65, ""score_u2i"": 0.9767589569091797, ""score_comment_xgb"": 0.7922716736793518}"
71,10121602694516,xgb_hybrid_v1,0.9118934869766235,5,"{""source"": ""hybrid_u2i_comment_xgb"", ""alpha"": 0.65, ""score_u2i"": 0.9242874979972839, ""score_comment_xgb"": 0.88887619972229}"
71,100112272948,xgb_hybrid_v1,0.9034673571586609,6,"{""source"": ""hybrid_u2i_comment_xgb"", ""alpha"": 0.65, ""score_u2i"": 0.9493758082389832, ""score_comment_xgb"": 0.8182088136672974}"
71,100215876924,xgb_hybrid_v1,0.9010956287384033,7,"{""source"": ""hybrid_u2i_comment_xgb"", ""alpha"": 0.65, ""score_u2i"": 0.8569673895835876, ""score_comment_xgb"": 0.9830480813980103}"
71,100195732408,xgb_hybrid_v1,0.8910841941833496,8,"{""source"": ""hybrid_u2i_comment_xgb"", ""alpha"": 0.65, ""score_u2i"": 0.953932523727417, ""score_comment_xgb"": 0.7743659615516663}"
71,100184800271,xgb_hybrid_v1,0.8903204202651978,9,"{""source"": ""hybrid_u2i_comment_xgb"", ""alpha"": 0.65, ""score_u2i"": 0.8438010811805725, ""score_comment_xgb"": 0.9767134785652161}"
71,10070360840507,xgb_hybrid_v1,0.885025680065155,10,"{""source"": ""hybrid_u2i_comment_xgb"", ""alpha"": 0.65, ""score_u2i"": 0.9383029937744141, ""score_comment_xgb"": 0.7860822081565857}"
71,100071138925,xgb_hybrid_v1,0.8837848901748657,11,"{""source"": ""hybrid_u2i_comment_xgb"", ""alpha"": 0.65, ""score_u2i"": 0.8887361288070679, ""score_comment_xgb"": 0.8745898604393005}"
71,100203000983,xgb_hybrid_v1,0.8829163908958435,12,"{""source"": ""hybrid_u2i_comment_xgb"", ""alpha"": 0.65, ""score_u2i"": 0.8240046501159668, ""score_comment_xgb"": 0.9923239946365356}"
71,13065559672,xgb_hybrid_v1,0.8660677075386047,13,"{""source"": ""hybrid_u2i_comment_xgb"", ""alpha"": 0.65, ""score_u2i"": 0.9742088913917542, ""score_comment_xgb"": 0.6652342081069946}"
71,100115256936,xgb_hybrid_v1,0.8551304340362549,14,"{""source"": ""hybrid_u2i_comment_xgb"", ""alpha"": 0.65, ""score_u2i"": 0.9114986658096313, ""score_comment_xgb"": 0.750446617603302}"
71,100151315926,xgb_hybrid_v1,0.8301624059677124,15,"{""source"": ""hybrid_u2i_comment_xgb"", ""alpha"": 0.65, ""score_u2i"": 0.8915016651153564, ""score_comment_xgb"": 0.7162466645240784}"
71,100019031805,xgb_hybrid_v1,0.8162246346473694,16,"{""source"": ""hybrid_u2i_comment_xgb"", ""alpha"": 0.65, ""score_u2i"": 0.9406836032867432, ""score_comment_xgb"": 0.5850866436958313}"
71,71577466395,xgb_hybrid_v1,0.7927663326263428,17,"{""source"": ""hybrid_u2i_comment_xgb"", ""alpha"": 0.65, ""score_u2i"": 0.8619879484176636, ""score_comment_xgb"": 0.6642119288444519}"
71,100230694872,xgb_hybrid_v1,0.7902008295059204,18,"{""source"": ""hybrid_u2i_comment_xgb"", ""alpha"": 0.65, ""score_u2i"": 0.7477841973304749, ""score_comment_xgb"": 0.8689746260643005}"
71,11819155540,xgb_hybrid_v1,0.7568913102149963,19,"{""source"": ""hybrid_u2i_comment_xgb"", ""alpha"": 0.65, ""score_u2i"": 0.80050128698349, ""score_comment_xgb"": 0.6759012937545776}"
71,100000987566,xgb_hybrid_v1,0.7485824227333069,20,"{""source"": ""hybrid_u2i_comment_xgb"", ""alpha"": 0.65, ""score_u2i"": 0.849833607673645, ""score_comment_xgb"": 0.5605446100234985}"
72,100136079282,xgb_hybrid_v1,0.9578642249107361,1,"{""source"": ""hybrid_u2i_comment_xgb"", ""alpha"": 0.65, ""score_u2i"": 0.9652594923973083, ""score_comment_xgb"": 0.9441302418708801}"
72,100154268303,xgb_hybrid_v1,0.9252631068229675,2,"{""source"": ""hybrid_u2i_comment_xgb"", ""alpha"": 0.65, ""score_u2i"": 0.9500885009765625, ""score_comment_xgb"": 0.8791588544845581}"
72,100249994404,xgb_hybrid_v1,0.9238307476043701,3,"{""source"": ""hybrid_u2i_comment_xgb"", ""alpha"": 0.65, ""score_u2i"": 0.914801299571991, ""score_comment_xgb"": 0.9405998587608337}"
72,100114512933,xgb_hybrid_v1,0.9019178152084351,4,"{""source"": ""hybrid_u2i_comment_xgb"", ""alpha"": 0.65, ""score_u2i"": 0.8892315626144409, ""score_comment_xgb"": 0.9254780411720276}"
72,13065559672,xgb_hybrid_v1,0.8539630174636841,5,"{""source"": ""hybrid_u2i_comment_xgb"", ""alpha"": 0.65, ""score_u2i"": 0.9555862545967102, ""score_comment_xgb"": 0.6652342081069946}"
72,100019031805,xgb_hybrid_v1,0.8454576134681702,6,"{""source"": ""hybrid_u2i_comment_xgb"", ""alpha"": 0.65, ""score_u2i"": 0.9856573343276978, ""score_comment_xgb"": 0.5850866436958313}"
72,100216501267,xgb_hybrid_v1,0.8380846977233887,7,"{""source"": ""hybrid_u2i_comment_xgb"", ""alpha"": 0.65, ""score_u2i"": 0.7541028261184692, ""score_comment_xgb"": 0.9940510988235474}"
72,100059257824,xgb_hybrid_v1,0.801767110824585,8,"{""source"": ""hybrid_u2i_comment_xgb"", ""alpha"": 0.65, ""score_u2i"": 0.7494468688964844, ""score_comment_xgb"": 0.8989334106445312}"
72,10121602694516,xgb_hybrid_v1,0.7937854528427124,9,"{""source"": ""hybrid_u2i_comment_xgb"", ""alpha"": 0.65, ""score_u2i"": 0.7425827383995056, ""score_comment_xgb"": 0.88887619972229}"
72,5475198,xgb_hybrid_v1,0.766459584236145,10,"{""source"": ""hybrid_u2i_comment_xgb"", ""alpha"": 0.65, ""score_u2i"": 0.967322826385498, ""score_comment_xgb"": 0.3934279978275299}"
72,10098656892439,xgb_hybrid_v1,0.7533578872680664,11,"{""source"": ""hybrid_u2i_comment_xgb"", ""alpha"": 0.65, ""score_u2i"": 0.7436744570732117, ""score_comment_xgb"": 0.7713414430618286}"
72,100230694872,xgb_hybrid_v1,0.7224733829498291,12,"{""source"": ""hybrid_u2i_comment_xgb"", ""alpha"": 0.65, ""score_u2i"": 0.6435881853103638, ""score_comment_xgb"": 0.8689746260643005}"
72,100009013165,xgb_hybrid_v1,0.7103872895240784,13,"{""source"": ""hybrid_u2i_comment_xgb"", ""alpha"": 0.65, ""score_u2i"": 0.9468953013420105, ""score_comment_xgb"": 0.27115824818611145}"
72,10087901051820,xgb_hybrid_v1,0.7076643705368042,14,"{""source"": ""hybrid_u2i_comment_xgb"", ""alpha"": 0.65, ""score_u2i"": 0.5611865520477295, ""score_comment_xgb"": 0.9796945452690125}"
72,10192694267563,xgb_hybrid_v1,0.704818606376648,15,"{""source"": ""hybrid_u2i_comment_xgb"", ""alpha"": 0.65, ""score_u2i"": 0.63055819272995, ""score_comment_xgb"": 0.8427309393882751}"
72,11819155539,xgb_hybrid_v1,0.670998215675354,16,"{""source"": ""hybrid_u2i_comment_xgb"", ""alpha"": 0.65, ""score_u2i"": 0.6056971549987793, ""score_comment_xgb"": 0.7922716736793518}"
72,100136079284,xgb_hybrid_v1,0.6616933941841125,17,"{""source"": ""hybrid_u2i_comment_xgb"", ""alpha"": 0.65, ""score_u2i"": 0.5161562561988831, ""score_comment_xgb"": 0.9319767355918884}"
72,4246911,xgb_hybrid_v1,0.6602914333343506,18,"{""source"": ""hybrid_u2i_comment_xgb"", ""alpha"": 0.65, ""score_u2i"": 0.938510537147522, ""score_comment_xgb"": 0.1435987800359726}"
72,100002187045,xgb_hybrid_v1,0.652262806892395,19,"{""source"": ""hybrid_u2i_comment_xgb"", ""alpha"": 0.65, ""score_u2i"": 0.7935611605644226, ""score_comment_xgb"": 0.3898515999317169}"
72,69673075023,xgb_hybrid_v1,0.6505300998687744,20,"{""source"": ""hybrid_u2i_comment_xgb"", ""alpha"": 0.65, ""score_u2i"": 0.769901692867279, ""score_comment_xgb"": 0.4288400709629059}"
73,100114512933,xgb_hybrid_v1,0.9539411067962646,1,"{""source"": ""hybrid_u2i_comment_xgb"", ""alpha"": 0.65, ""score_u2i"": 0.9692674875259399, ""score_comment_xgb"": 0.9254780411720276}"
73,100136079282,xgb_hybrid_v1,0.9504092335700989,2,"{""source"": ""hybrid_u2i_comment_xgb"", ""alpha"": 0.65, ""score_u2i"": 0.9537902474403381, ""score_comment_xgb"": 0.9441302418708801}"
73,100154268303,xgb_hybrid_v1,0.9478967785835266,3,"{""source"": ""hybrid_u2i_comment_xgb"", ""alpha"": 0.65, ""score_u2i"": 0.9849095940589905, ""score_comment_xgb"": 0.8791588544845581}"
73,100136079284,xgb_hybrid_v1,0.9215860366821289,4,"{""source"": ""hybrid_u2i_comment_xgb"", ""alpha"": 0.65, ""score_u2i"": 0.9159910678863525, ""score_comment_xgb"": 0.9319767355918884}"
73,11819155539,xgb_hybrid_v1,0.8860989809036255,5,"{""source"": ""hybrid_u2i_comment_xgb"", ""alpha"": 0.65, ""score_u2i"": 0.9366214275360107, ""score_comment_xgb"": 0.7922716736793518}"
73,100268823874,xgb_hybrid_v1,0.8599597215652466,6,"{""source"": ""hybrid_u2i_comment_xgb"", ""alpha"": 0.65, ""score_u2i"": 0.7998185157775879, ""score_comment_xgb"": 0.9716505408287048}"
73,10087901051820,xgb_hybrid_v1,0.8467367887496948,7,"{""source"": ""hybrid_u2i_comment_xgb"", ""alpha"": 0.65, ""score_u2i"": 0.7751441597938538, ""score_comment_xgb"": 0.9796945452690125}"
73,10192694267563,xgb_hybrid_v1,0.8454388380050659,8,"{""source"": ""hybrid_u2i_comment_xgb"", ""alpha"": 0.65, ""score_u2i"": 0.8468969464302063, ""score_comment_xgb"": 0.8427309393882751}"
73,100019031805,xgb_hybrid_v1,0.8443332314491272,9,"{""source"": ""hybrid_u2i_comment_xgb"", ""alpha"": 0.65, ""score_u2i"": 0.9839275479316711, ""score_comment_xgb"": 0.5850866436958313}"
73,100230694872,xgb_hybrid_v1,0.7894266247749329,10,"{""source"": ""hybrid_u2i_comment_xgb"", ""alpha"": 0.65, ""score_u2i"": 0.7465931177139282, ""score_comment_xgb"": 0.8689746260643005}"
73,100195732408,xgb_hybrid_v1,0.7834057807922363,11,"{""source"": ""hybrid_u2i_comment_xgb"", ""alpha"": 0.65, ""score_u2i"": 0.7882734537124634, ""score_comment_xgb"": 0.7743659615516663}"
73,5475198,xgb_hybrid_v1,0.7157570123672485,12,"{""source"": ""hybrid_u2i_comment_xgb"", ""alpha"": 0.65, ""score_u2i"": 0.8893188834190369, ""score_comment_xgb"": 0.3934279978275299}"
73,100009013165,xgb_hybrid_v1,0.7063034176826477,13,"{""source"": ""hybrid_u2i_comment_xgb"", ""alpha"": 0.65, ""score_u2i"": 0.9406123757362366, ""score_comment_xgb"": 0.27115824818611145}"
73,13065559672,xgb_hybrid_v1,0.703201413154602,14,"{""source"": ""hybrid_u2i_comment_xgb"", ""alpha"": 0.65, ""score_u2i"": 0.7236453294754028, ""score_comment_xgb"": 0.6652342081069946}"
73,10037128752741,xgb_hybrid_v1,0.697053074836731,15,"{""source"": ""hybrid_u2i_comment_xgb"", ""alpha"": 0.65, ""score_u2i"": 0.8016284704208374, ""score_comment_xgb"": 0.5028416514396667}"
73,69673075023,xgb_hybrid_v1,0.6936408877372742,16,"{""source"": ""hybrid_u2i_comment_xgb"", ""alpha"": 0.65, ""score_u2i"": 0.8362259268760681, ""score_comment_xgb"": 0.4288400709629059}"
73,4246911,xgb_hybrid_v1,0.6903039813041687,17,"{""source"": ""hybrid_u2i_comment_xgb"", ""alpha"": 0.65, ""score_u2i"": 0.9846836924552917, ""score_comment_xgb"": 0.1435987800359726}"
73,100002187047,xgb_hybrid_v1,0.6453851461410522,18,"{""source"": ""hybrid_u2i_comment_xgb"", ""alpha"": 0.65, ""score_u2i"": 0.6481986045837402, ""score_comment_xgb"": 0.6401602625846863}"
73,4246893,xgb_hybrid_v1,0.6436094641685486,19,"{""source"": ""hybrid_u2i_comment_xgb"", ""alpha"": 0.65, ""score_u2i"": 0.8408724069595337, ""score_comment_xgb"": 0.27726417779922485}"
73,100112272948,xgb_hybrid_v1,0.6387937068939209,20,"{""source"": ""hybrid_u2i_comment_xgb"", ""alpha"": 0.65, ""score_u2i"": 0.5421856045722961, ""score_comment_xgb"": 0.8182088136672974}"
74,100136079282,xgb_hybrid_v1,0.9578642249107361,1,"{""source"": ""hybrid_u2i_comment_xgb"", ""alpha"": 0.65, ""score_u2i"": 0.9652594923973083, ""score_comment_xgb"": 0.9441302418708801}"
74,100154268303,xgb_hybrid_v1,0.9252631068229675,2,"{""source"": ""hybrid_u2i_comment_xgb"", ""alpha"": 0.65, ""score_u2i"": 0.9500885009765625, ""score_comment_xgb"": 0.8791588544845581}"
74,100249994404,xgb_hybrid_v1,0.9238307476043701,3,"{""source"": ""hybrid_u2i_comment_xgb"", ""alpha"": 0.65, ""score_u2i"": 0.914801299571991, ""score_comment_xgb"": 0.9405998587608337}"
74,100114512933,xgb_hybrid_v1,0.9019178152084351,4,"{""source"": ""hybrid_u2i_comment_xgb"", ""alpha"": 0.65, ""score_u2i"": 0.8892315626144409, ""score_comment_xgb"": 0.9254780411720276}"
74,13065559672,xgb_hybrid_v1,0.8539630174636841,5,"{""source"": ""hybrid_u2i_comment_xgb"", ""alpha"": 0.65, ""score_u2i"": 0.9555862545967102, ""score_comment_xgb"": 0.6652342081069946}"
74,100019031805,xgb_hybrid_v1,0.8454576134681702,6,"{""source"": ""hybrid_u2i_comment_xgb"", ""alpha"": 0.65, ""score_u2i"": 0.9856573343276978, ""score_comment_xgb"": 0.5850866436958313}"
74,100216501267,xgb_hybrid_v1,0.8380846977233887,7,"{""source"": ""hybrid_u2i_comment_xgb"", ""alpha"": 0.65, ""score_u2i"": 0.7541028261184692, ""score_comment_xgb"": 0.9940510988235474}"
74,100059257824,xgb_hybrid_v1,0.801767110824585,8,"{""source"": ""hybrid_u2i_comment_xgb"", ""alpha"": 0.65, ""score_u2i"": 0.7494468688964844, ""score_comment_xgb"": 0.8989334106445312}"
74,10121602694516,xgb_hybrid_v1,0.7937854528427124,9,"{""source"": ""hybrid_u2i_comment_xgb"", ""alpha"": 0.65, ""score_u2i"": 0.7425827383995056, ""score_comment_xgb"": 0.88887619972229}"
74,5475198,xgb_hybrid_v1,0.766459584236145,10,"{""source"": ""hybrid_u2i_comment_xgb"", ""alpha"": 0.65, ""score_u2i"": 0.967322826385498, ""score_comment_xgb"": 0.3934279978275299}"
74,10098656892439,xgb_hybrid_v1,0.7533578872680664,11,"{""source"": ""hybrid_u2i_comment_xgb"", ""alpha"": 0.65, ""score_u2i"": 0.7436744570732117, ""score_comment_xgb"": 0.7713414430618286}"
74,100230694872,xgb_hybrid_v1,0.7224733829498291,12,"{""source"": ""hybrid_u2i_comment_xgb"", ""alpha"": 0.65, ""score_u2i"": 0.6435881853103638, ""score_comment_xgb"": 0.8689746260643005}"
74,100009013165,xgb_hybrid_v1,0.7103872895240784,13,"{""source"": ""hybrid_u2i_comment_xgb"", ""alpha"": 0.65, ""score_u2i"": 0.9468953013420105, ""score_comment_xgb"": 0.27115824818611145}"
74,10087901051820,xgb_hybrid_v1,0.7076643705368042,14,"{""source"": ""hybrid_u2i_comment_xgb"", ""alpha"": 0.65, ""score_u2i"": 0.5611865520477295, ""score_comment_xgb"": 0.9796945452690125}"
74,10192694267563,xgb_hybrid_v1,0.704818606376648,15,"{""source"": ""hybrid_u2i_comment_xgb"", ""alpha"": 0.65, ""score_u2i"": 0.63055819272995, ""score_comment_xgb"": 0.8427309393882751}"
74,11819155539,xgb_hybrid_v1,0.670998215675354,16,"{""source"": ""hybrid_u2i_comment_xgb"", ""alpha"": 0.65, ""score_u2i"": 0.6056971549987793, ""score_comment_xgb"": 0.7922716736793518}"
74,100136079284,xgb_hybrid_v1,0.6616933941841125,17,"{""source"": ""hybrid_u2i_comment_xgb"", ""alpha"": 0.65, ""score_u2i"": 0.5161562561988831, ""score_comment_xgb"": 0.9319767355918884}"
74,4246911,xgb_hybrid_v1,0.6602914333343506,18,"{""source"": ""hybrid_u2i_comment_xgb"", ""alpha"": 0.65, ""score_u2i"": 0.938510537147522, ""score_comment_xgb"": 0.1435987800359726}"
74,100002187045,xgb_hybrid_v1,0.652262806892395,19,"{""source"": ""hybrid_u2i_comment_xgb"", ""alpha"": 0.65, ""score_u2i"": 0.7935611605644226, ""score_comment_xgb"": 0.3898515999317169}"
74,69673075023,xgb_hybrid_v1,0.6505300998687744,20,"{""source"": ""hybrid_u2i_comment_xgb"", ""alpha"": 0.65, ""score_u2i"": 0.769901692867279, ""score_comment_xgb"": 0.4288400709629059}"
75,100136079282,xgb_hybrid_v1,0.9578642249107361,1,"{""source"": ""hybrid_u2i_comment_xgb"", ""alpha"": 0.65, ""score_u2i"": 0.9652594923973083, ""score_comment_xgb"": 0.9441302418708801}"
75,100154268303,xgb_hybrid_v1,0.9252631068229675,2,"{""source"": ""hybrid_u2i_comment_xgb"", ""alpha"": 0.65, ""score_u2i"": 0.9500885009765625, ""score_comment_xgb"": 0.8791588544845581}"
75,100249994404,xgb_hybrid_v1,0.9238307476043701,3,"{""source"": ""hybrid_u2i_comment_xgb"", ""alpha"": 0.65, ""score_u2i"": 0.914801299571991, ""score_comment_xgb"": 0.9405998587608337}"
75,100114512933,xgb_hybrid_v1,0.9019178152084351,4,"{""source"": ""hybrid_u2i_comment_xgb"", ""alpha"": 0.65, ""score_u2i"": 0.8892315626144409, ""score_comment_xgb"": 0.9254780411720276}"
75,13065559672,xgb_hybrid_v1,0.8539630174636841,5,"{""source"": ""hybrid_u2i_comment_xgb"", ""alpha"": 0.65, ""score_u2i"": 0.9555862545967102, ""score_comment_xgb"": 0.6652342081069946}"
75,100019031805,xgb_hybrid_v1,0.8454576134681702,6,"{""source"": ""hybrid_u2i_comment_xgb"", ""alpha"": 0.65, ""score_u2i"": 0.9856573343276978, ""score_comment_xgb"": 0.5850866436958313}"
75,100216501267,xgb_hybrid_v1,0.8380846977233887,7,"{""source"": ""hybrid_u2i_comment_xgb"", ""alpha"": 0.65, ""score_u2i"": 0.7541028261184692, ""score_comment_xgb"": 0.9940510988235474}"
75,100059257824,xgb_hybrid_v1,0.801767110824585,8,"{""source"": ""hybrid_u2i_comment_xgb"", ""alpha"": 0.65, ""score_u2i"": 0.7494468688964844, ""score_comment_xgb"": 0.8989334106445312}"
75,10121602694516,xgb_hybrid_v1,0.7937854528427124,9,"{""source"": ""hybrid_u2i_comment_xgb"", ""alpha"": 0.65, ""score_u2i"": 0.7425827383995056, ""score_comment_xgb"": 0.88887619972229}"
75,5475198,xgb_hybrid_v1,0.766459584236145,10,"{""source"": ""hybrid_u2i_comment_xgb"", ""alpha"": 0.65, ""score_u2i"": 0.967322826385498, ""score_comment_xgb"": 0.3934279978275299}"
75,10098656892439,xgb_hybrid_v1,0.7533578872680664,11,"{""source"": ""hybrid_u2i_comment_xgb"", ""alpha"": 0.65, ""score_u2i"": 0.7436744570732117, ""score_comment_xgb"": 0.7713414430618286}"
75,100230694872,xgb_hybrid_v1,0.7224733829498291,12,"{""source"": ""hybrid_u2i_comment_xgb"", ""alpha"": 0.65, ""score_u2i"": 0.6435881853103638, ""score_comment_xgb"": 0.8689746260643005}"
75,100009013165,xgb_hybrid_v1,0.7103872895240784,13,"{""source"": ""hybrid_u2i_comment_xgb"", ""alpha"": 0.65, ""score_u2i"": 0.9468953013420105, ""score_comment_xgb"": 0.27115824818611145}"
75,10087901051820,xgb_hybrid_v1,0.7076643705368042,14,"{""source"": ""hybrid_u2i_comment_xgb"", ""alpha"": 0.65, ""score_u2i"": 0.5611865520477295, ""score_comment_xgb"": 0.9796945452690125}"
75,10192694267563,xgb_hybrid_v1,0.704818606376648,15,"{""source"": ""hybrid_u2i_comment_xgb"", ""alpha"": 0.65, ""score_u2i"": 0.63055819272995, ""score_comment_xgb"": 0.8427309393882751}"
75,11819155539,xgb_hybrid_v1,0.670998215675354,16,"{""source"": ""hybrid_u2i_comment_xgb"", ""alpha"": 0.65, ""score_u2i"": 0.6056971549987793, ""score_comment_xgb"": 0.7922716736793518}"
75,100136079284,xgb_hybrid_v1,0.6616933941841125,17,"{""source"": ""hybrid_u2i_comment_xgb"", ""alpha"": 0.65, ""score_u2i"": 0.5161562561988831, ""score_comment_xgb"": 0.9319767355918884}"
75,4246911,xgb_hybrid_v1,0.6602914333343506,18,"{""source"": ""hybrid_u2i_comment_xgb"", ""alpha"": 0.65, ""score_u2i"": 0.938510537147522, ""score_comment_xgb"": 0.1435987800359726}"
75,100002187045,xgb_hybrid_v1,0.652262806892395,19,"{""source"": ""hybrid_u2i_comment_xgb"", ""alpha"": 0.65, ""score_u2i"": 0.7935611605644226, ""score_comment_xgb"": 0.3898515999317169}"
75,69673075023,xgb_hybrid_v1,0.6505300998687744,20,"{""source"": ""hybrid_u2i_comment_xgb"", ""alpha"": 0.65, ""score_u2i"": 0.769901692867279, ""score_comment_xgb"": 0.4288400709629059}"
76,100114512933,xgb_hybrid_v1,0.9540194272994995,1,"{""source"": ""hybrid_u2i_comment_xgb"", ""alpha"": 0.65, ""score_u2i"": 0.9693878889083862, ""score_comment_xgb"": 0.9254780411720276}"
76,100154268303,xgb_hybrid_v1,0.9275970458984375,2,"{""source"": ""hybrid_u2i_comment_xgb"", ""alpha"": 0.65, ""score_u2i"": 0.9536792039871216, ""score_comment_xgb"": 0.8791588544845581}"
76,100215876924,xgb_hybrid_v1,0.8909841775894165,3,"{""source"": ""hybrid_u2i_comment_xgb"", ""alpha"": 0.65, ""score_u2i"": 0.8414113521575928, ""score_comment_xgb"": 0.9830480813980103}"
76,11819155539,xgb_hybrid_v1,0.8843228816986084,4,"{""source"": ""hybrid_u2i_comment_xgb"", ""alpha"": 0.65, ""score_u2i"": 0.9338890314102173, ""score_comment_xgb"": 0.7922716736793518}"
76,10121602694516,xgb_hybrid_v1,0.8518373966217041,5,"{""source"": ""hybrid_u2i_comment_xgb"", ""alpha"": 0.65, ""score_u2i"": 0.8318934440612793, ""score_comment_xgb"": 0.88887619972229}"
76,100019031805,xgb_hybrid_v1,0.8342052698135376,6,"{""source"": ""hybrid_u2i_comment_xgb"", ""alpha"": 0.65, ""score_u2i"": 0.968346118927002, ""score_comment_xgb"": 0.5850866436958313}"
76,13065559672,xgb_hybrid_v1,0.8303588032722473,7,"{""source"": ""hybrid_u2i_comment_xgb"", ""alpha"": 0.65, ""score_u2i"": 0.9192721247673035, ""score_comment_xgb"": 0.6652342081069946}"
76,100112272948,xgb_hybrid_v1,0.8243114352226257,8,"{""source"": ""hybrid_u2i_comment_xgb"", ""alpha"": 0.65, ""score_u2i"": 0.8275974988937378, ""score_comment_xgb"": 0.8182088136672974}"
76,100064200322,xgb_hybrid_v1,0.7996686697006226,9,"{""source"": ""hybrid_u2i_comment_xgb"", ""alpha"": 0.65, ""score_u2i"": 0.8322393298149109, ""score_comment_xgb"": 0.7391803860664368}"
76,100136079284,xgb_hybrid_v1,0.7973871231079102,10,"{""source"": ""hybrid_u2i_comment_xgb"", ""alpha"": 0.65, ""score_u2i"": 0.7249158620834351, ""score_comment_xgb"": 0.9319767355918884}"
76,71577466395,xgb_hybrid_v1,0.7964459657669067,11,"{""source"": ""hybrid_u2i_comment_xgb"", ""alpha"": 0.65, ""score_u2i"": 0.8676489591598511, ""score_comment_xgb"": 0.6642119288444519}"
76,100195732408,xgb_hybrid_v1,0.7882764339447021,12,"{""source"": ""hybrid_u2i_comment_xgb"", ""alpha"": 0.65, ""score_u2i"": 0.7957667708396912, ""score_comment_xgb"": 0.7743659615516663}"
76,100230694872,xgb_hybrid_v1,0.7434631586074829,13,"{""source"": ""hybrid_u2i_comment_xgb"", ""alpha"": 0.65, ""score_u2i"": 0.6758801341056824, ""score_comment_xgb"": 0.8689746260643005}"
76,10070360840507,xgb_hybrid_v1,0.7225006818771362,14,"{""source"": ""hybrid_u2i_comment_xgb"", ""alpha"": 0.65, ""score_u2i"": 0.6882645487785339, ""score_comment_xgb"": 0.7860822081565857}"
76,10042124137320,xgb_hybrid_v1,0.7109746932983398,15,"{""source"": ""hybrid_u2i_comment_xgb"", ""alpha"": 0.65, ""score_u2i"": 0.9372841715812683, ""score_comment_xgb"": 0.29068565368652344}"
76,100071138925,xgb_hybrid_v1,0.7020655870437622,16,"{""source"": ""hybrid_u2i_comment_xgb"", ""alpha"": 0.65, ""score_u2i"": 0.6091678738594055, ""score_comment_xgb"": 0.8745898604393005}"
76,100268823874,xgb_hybrid_v1,0.6976144909858704,17,"{""source"": ""hybrid_u2i_comment_xgb"", ""alpha"": 0.65, ""score_u2i"": 0.5500566363334656, ""score_comment_xgb"": 0.9716505408287048}"
76,4246911,xgb_hybrid_v1,0.6926772594451904,18,"{""source"": ""hybrid_u2i_comment_xgb"", ""alpha"": 0.65, ""score_u2i"": 0.9883348941802979, ""score_comment_xgb"": 0.1435987800359726}"
76,100002187047,xgb_hybrid_v1,0.6842972636222839,19,"{""source"": ""hybrid_u2i_comment_xgb"", ""alpha"": 0.65, ""score_u2i"": 0.7080633640289307, ""score_comment_xgb"": 0.6401602625846863}"
76,100008164593,xgb_hybrid_v1,0.6691959500312805,20,"{""source"": ""hybrid_u2i_comment_xgb"", ""alpha"": 0.65, ""score_u2i"": 0.9343655705451965, ""score_comment_xgb"": 0.1767382025718689}"
77,100114512933,xgb_hybrid_v1,0.9555507898330688,1,"{""source"": ""hybrid_u2i_comment_xgb"", ""alpha"": 0.65, ""score_u2i"": 0.9717439413070679, ""score_comment_xgb"": 0.9254780411720276}"
77,100154268303,xgb_hybrid_v1,0.9339584112167358,2,"{""source"": ""hybrid_u2i_comment_xgb"", ""alpha"": 0.65, ""score_u2i"": 0.9634659290313721, ""score_comment_xgb"": 0.8791588544845581}"
77,100059911987,xgb_hybrid_v1,0.9148170948028564,3,"{""source"": ""hybrid_u2i_comment_xgb"", ""alpha"": 0.65, ""score_u2i"": 0.8735167980194092, ""score_comment_xgb"": 0.9915177226066589}"
77,11819155539,xgb_hybrid_v1,0.9094192981719971,4,"{""source"": ""hybrid_u2i_comment_xgb"", ""alpha"": 0.65, ""score_u2i"": 0.9724987745285034, ""score_comment_xgb"": 0.7922716736793518}"
77,100112272948,xgb_hybrid_v1,0.8937186598777771,5,"{""source"": ""hybrid_u2i_comment_xgb"", ""alpha"": 0.65, ""score_u2i"": 0.9343778491020203, ""score_comment_xgb"": 0.8182088136672974}"
77,100215876924,xgb_hybrid_v1,0.8771179914474487,6,"{""source"": ""hybrid_u2i_comment_xgb"", ""alpha"": 0.65, ""score_u2i"": 0.8200787305831909, ""score_comment_xgb"": 0.9830480813980103}"
77,100115256936,xgb_hybrid_v1,0.8657124042510986,7,"{""source"": ""hybrid_u2i_comment_xgb"", ""alpha"": 0.65, ""score_u2i"": 0.9277786612510681, ""score_comment_xgb"": 0.750446617603302}"
77,10070360840507,xgb_hybrid_v1,0.8600231409072876,8,"{""source"": ""hybrid_u2i_comment_xgb"", ""alpha"": 0.65, ""score_u2i"": 0.8998374938964844, ""score_comment_xgb"": 0.7860822081565857}"
77,10121602694516,xgb_hybrid_v1,0.8521618843078613,9,"{""source"": ""hybrid_u2i_comment_xgb"", ""alpha"": 0.65, ""score_u2i"": 0.8323927521705627, ""score_comment_xgb"": 0.88887619972229}"
77,13065559672,xgb_hybrid_v1,0.8501084446907043,10,"{""source"": ""hybrid_u2i_comment_xgb"", ""alpha"": 0.65, ""score_u2i"": 0.9496561288833618, ""score_comment_xgb"": 0.6652342081069946}"
77,100195732408,xgb_hybrid_v1,0.8484865427017212,11,"{""source"": ""hybrid_u2i_comment_xgb"", ""alpha"": 0.65, ""score_u2i"": 0.8883976936340332, ""score_comment_xgb"": 0.7743659615516663}"
77,100071138925,xgb_hybrid_v1,0.8476096391677856,12,"{""source"": ""hybrid_u2i_comment_xgb"", ""alpha"": 0.65, ""score_u2i"": 0.8330819010734558, ""score_comment_xgb"": 0.8745898604393005}"
77,100151315926,xgb_hybrid_v1,0.8335387706756592,13,"{""source"": ""hybrid_u2i_comment_xgb"", ""alpha"": 0.65, ""score_u2i"": 0.896696150302887, ""score_comment_xgb"": 0.7162466645240784}"
77,100203000983,xgb_hybrid_v1,0.8275578022003174,14,"{""source"": ""hybrid_u2i_comment_xgb"", ""alpha"": 0.65, ""score_u2i"": 0.7388375401496887, ""score_comment_xgb"": 0.9923239946365356}"
77,100184800271,xgb_hybrid_v1,0.8014432191848755,15,"{""source"": ""hybrid_u2i_comment_xgb"", ""alpha"": 0.65, ""score_u2i"": 0.7070670127868652, ""score_comment_xgb"": 0.9767134785652161}"
77,71577466395,xgb_hybrid_v1,0.7720057964324951,16,"{""source"": ""hybrid_u2i_comment_xgb"", ""alpha"": 0.65, ""score_u2i"": 0.830048680305481, ""score_comment_xgb"": 0.6642119288444519}"
77,100019031805,xgb_hybrid_v1,0.7698472738265991,17,"{""source"": ""hybrid_u2i_comment_xgb"", ""alpha"": 0.65, ""score_u2i"": 0.8693337440490723, ""score_comment_xgb"": 0.5850866436958313}"
77,10042124137320,xgb_hybrid_v1,0.7311073541641235,18,"{""source"": ""hybrid_u2i_comment_xgb"", ""alpha"": 0.65, ""score_u2i"": 0.968257486820221, ""score_comment_xgb"": 0.29068565368652344}"
77,100136079282,xgb_hybrid_v1,0.720185399055481,19,"{""source"": ""hybrid_u2i_comment_xgb"", ""alpha"": 0.65, ""score_u2i"": 0.5995997786521912, ""score_comment_xgb"": 0.9441302418708801}"
77,11819155540,xgb_hybrid_v1,0.7060192227363586,20,"{""source"": ""hybrid_u2i_comment_xgb"", ""alpha"": 0.65, ""score_u2i"": 0.7222365736961365, ""score_comment_xgb"": 0.6759012937545776}"
78,100114512933,xgb_hybrid_v1,0.9539411067962646,1,"{""source"": ""hybrid_u2i_comment_xgb"", ""alpha"": 0.65, ""score_u2i"": 0.9692674875259399, ""score_comment_xgb"": 0.9254780411720276}"
78,100136079282,xgb_hybrid_v1,0.9504092335700989,2,"{""source"": ""hybrid_u2i_comment_xgb"", ""alpha"": 0.65, ""score_u2i"": 0.9537902474403381, ""score_comment_xgb"": 0.9441302418708801}"
78,100154268303,xgb_hybrid_v1,0.9478967785835266,3,"{""source"": ""hybrid_u2i_comment_xgb"", ""alpha"": 0.65, ""score_u2i"": 0.9849095940589905, ""score_comment_xgb"": 0.8791588544845581}"
78,100136079284,xgb_hybrid_v1,0.9215860366821289,4,"{""source"": ""hybrid_u2i_comment_xgb"", ""alpha"": 0.65, ""score_u2i"": 0.9159910678863525, ""score_comment_xgb"": 0.9319767355918884}"
78,11819155539,xgb_hybrid_v1,0.8860989809036255,5,"{""source"": ""hybrid_u2i_comment_xgb"", ""alpha"": 0.65, ""score_u2i"": 0.9366214275360107, ""score_comment_xgb"": 0.7922716736793518}"
78,100268823874,xgb_hybrid_v1,0.8599597215652466,6,"{""source"": ""hybrid_u2i_comment_xgb"", ""alpha"": 0.65, ""score_u2i"": 0.7998185157775879, ""score_comment_xgb"": 0.9716505408287048}"
78,10087901051820,xgb_hybrid_v1,0.8467367887496948,7,"{""source"": ""hybrid_u2i_comment_xgb"", ""alpha"": 0.65, ""score_u2i"": 0.7751441597938538, ""score_comment_xgb"": 0.9796945452690125}"
78,10192694267563,xgb_hybrid_v1,0.8454388380050659,8,"{""source"": ""hybrid_u2i_comment_xgb"", ""alpha"": 0.65, ""score_u2i"": 0.8468969464302063, ""score_comment_xgb"": 0.8427309393882751}"
78,100019031805,xgb_hybrid_v1,0.8443332314491272,9,"{""source"": ""hybrid_u2i_comment_xgb"", ""alpha"": 0.65, ""score_u2i"": 0.9839275479316711, ""score_comment_xgb"": 0.5850866436958313}"
78,100230694872,xgb_hybrid_v1,0.7894266247749329,10,"{""source"": ""hybrid_u2i_comment_xgb"", ""alpha"": 0.65, ""score_u2i"": 0.7465931177139282, ""score_comment_xgb"": 0.8689746260643005}"
78,100195732408,xgb_hybrid_v1,0.7834057807922363,11,"{""source"": ""hybrid_u2i_comment_xgb"", ""alpha"": 0.65, ""score_u2i"": 0.7882734537124634, ""score_comment_xgb"": 0.7743659615516663}"
78,5475198,xgb_hybrid_v1,0.7157570123672485,12,"{""source"": ""hybrid_u2i_comment_xgb"", ""alpha"": 0.65, ""score_u2i"": 0.8893188834190369, ""score_comment_xgb"": 0.3934279978275299}"
78,100009013165,xgb_hybrid_v1,0.7063034176826477,13,"{""source"": ""hybrid_u2i_comment_xgb"", ""alpha"": 0.65, ""score_u2i"": 0.9406123757362366, ""score_comment_xgb"": 0.27115824818611145}"
78,13065559672,xgb_hybrid_v1,0.703201413154602,14,"{""source"": ""hybrid_u2i_comment_xgb"", ""alpha"": 0.65, ""score_u2i"": 0.7236453294754028, ""score_comment_xgb"": 0.6652342081069946}"
78,10037128752741,xgb_hybrid_v1,0.697053074836731,15,"{""source"": ""hybrid_u2i_comment_xgb"", ""alpha"": 0.65, ""score_u2i"": 0.8016284704208374, ""score_comment_xgb"": 0.5028416514396667}"
78,69673075023,xgb_hybrid_v1,0.6936408877372742,16,"{""source"": ""hybrid_u2i_comment_xgb"", ""alpha"": 0.65, ""score_u2i"": 0.8362259268760681, ""score_comment_xgb"": 0.4288400709629059}"
78,4246911,xgb_hybrid_v1,0.6903039813041687,17,"{""source"": ""hybrid_u2i_comment_xgb"", ""alpha"": 0.65, ""score_u2i"": 0.9846836924552917, ""score_comment_xgb"": 0.1435987800359726}"
78,100002187047,xgb_hybrid_v1,0.6453851461410522,18,"{""source"": ""hybrid_u2i_comment_xgb"", ""alpha"": 0.65, ""score_u2i"": 0.6481986045837402, ""score_comment_xgb"": 0.6401602625846863}"
78,4246893,xgb_hybrid_v1,0.6436094641685486,19,"{""source"": ""hybrid_u2i_comment_xgb"", ""alpha"": 0.65, ""score_u2i"": 0.8408724069595337, ""score_comment_xgb"": 0.27726417779922485}"
78,100112272948,xgb_hybrid_v1,0.6387937068939209,20,"{""source"": ""hybrid_u2i_comment_xgb"", ""alpha"": 0.65, ""score_u2i"": 0.5421856045722961, ""score_comment_xgb"": 0.8182088136672974}"
79,100203000971,xgb_hybrid_v1,0.9058125019073486,1,"{""source"": ""hybrid_u2i_comment_xgb"", ""alpha"": 0.65, ""score_u2i"": 0.8562057018280029, ""score_comment_xgb"": 0.9979395270347595}"
79,100017016045,xgb_hybrid_v1,0.8321698904037476,2,"{""source"": ""hybrid_u2i_comment_xgb"", ""alpha"": 0.65, ""score_u2i"": 0.9571694135665894, ""score_comment_xgb"": 0.6000280380249023}"
79,11819155539,xgb_hybrid_v1,0.7988330125808716,3,"{""source"": ""hybrid_u2i_comment_xgb"", ""alpha"": 0.65, ""score_u2i"": 0.8023661375045776, ""score_comment_xgb"": 0.7922716736793518}"
79,10087901051820,xgb_hybrid_v1,0.7783633470535278,4,"{""source"": ""hybrid_u2i_comment_xgb"", ""alpha"": 0.65, ""score_u2i"": 0.669954240322113, ""score_comment_xgb"": 0.9796945452690125}"
79,100136079282,xgb_hybrid_v1,0.7660641670227051,5,"{""source"": ""hybrid_u2i_comment_xgb"", ""alpha"": 0.65, ""score_u2i"": 0.6701824069023132, ""score_comment_xgb"": 0.9441302418708801}"
79,10098681688567,xgb_hybrid_v1,0.7645873427391052,6,"{""source"": ""hybrid_u2i_comment_xgb"", ""alpha"": 0.65, ""score_u2i"": 0.9528220295906067, ""score_comment_xgb"": 0.41500869393348694}"
79,100114512933,xgb_hybrid_v1,0.763039767742157,7,"{""source"": ""hybrid_u2i_comment_xgb"", ""alpha"": 0.65, ""score_u2i"": 0.6755730509757996, ""score_comment_xgb"": 0.9254780411720276}"
79,100070794980,xgb_hybrid_v1,0.7619430422782898,8,"{""source"": ""hybrid_u2i_comment_xgb"", ""alpha"": 0.65, ""score_u2i"": 0.8027476072311401, ""score_comment_xgb"": 0.6861632466316223}"
79,100002187047,xgb_hybrid_v1,0.7360203266143799,9,"{""source"": ""hybrid_u2i_comment_xgb"", ""alpha"": 0.65, ""score_u2i"": 0.7876372933387756, ""score_comment_xgb"": 0.6401602625846863}"
79,5475198,xgb_hybrid_v1,0.7275838255882263,10,"{""source"": ""hybrid_u2i_comment_xgb"", ""alpha"": 0.65, ""score_u2i"": 0.9075139760971069, ""score_comment_xgb"": 0.3934279978275299}"
79,10109147342652,xgb_hybrid_v1,0.6662910580635071,11,"{""source"": ""hybrid_u2i_comment_xgb"", ""alpha"": 0.65, ""score_u2i"": 0.5240044593811035, ""score_comment_xgb"": 0.9305377006530762}"
79,10159600685389,xgb_hybrid_v1,0.6534616947174072,12,"{""source"": ""hybrid_u2i_comment_xgb"", ""alpha"": 0.65, ""score_u2i"": 0.47485774755477905, ""score_comment_xgb"": 0.9851548671722412}"
79,3409140,xgb_hybrid_v1,0.650402307510376,13,"{""source"": ""hybrid_u2i_comment_xgb"", ""alpha"": 0.65, ""score_u2i"": 0.8480225205421448, ""score_comment_xgb"": 0.28339341282844543}"
79,100064200322,xgb_hybrid_v1,0.6472645998001099,14,"{""source"": ""hybrid_u2i_comment_xgb"", ""alpha"": 0.65, ""score_u2i"": 0.5977714657783508, ""score_comment_xgb"": 0.7391803860664368}"
79,100288929442,xgb_hybrid_v1,0.6446367502212524,15,"{""source"": ""hybrid_u2i_comment_xgb"", ""alpha"": 0.65, ""score_u2i"": 0.5862635970115662, ""score_comment_xgb"": 0.7530441284179688}"
79,10212550372913,xgb_hybrid_v1,0.6430835723876953,16,"{""source"": ""hybrid_u2i_comment_xgb"", ""alpha"": 0.65, ""score_u2i"": 0.4562292993068695, ""score_comment_xgb"": 0.990098774433136}"
79,13065559672,xgb_hybrid_v1,0.6413825154304504,17,"{""source"": ""hybrid_u2i_comment_xgb"", ""alpha"": 0.65, ""score_u2i"": 0.6285393238067627, ""score_comment_xgb"": 0.6652342081069946}"
79,10037128752741,xgb_hybrid_v1,0.622207522392273,18,"{""source"": ""hybrid_u2i_comment_xgb"", ""alpha"": 0.65, ""score_u2i"": 0.6864814162254333, ""score_comment_xgb"": 0.5028416514396667}"
79,100201827671,xgb_hybrid_v1,0.6132007241249084,19,"{""source"": ""hybrid_u2i_comment_xgb"", ""alpha"": 0.65, ""score_u2i"": 0.4138292968273163, ""score_comment_xgb"": 0.9834620356559753}"
79,10132040325618,xgb_hybrid_v1,0.6074494123458862,20,"{""source"": ""hybrid_u2i_comment_xgb"", ""alpha"": 0.65, ""score_u2i"": 0.42938587069511414, ""score_comment_xgb"": 0.9381387829780579}"
80,13065559672,xgb_hybrid_v1,0.8589136004447937,1,"{""source"": ""hybrid_u2i_comment_xgb"", ""alpha"": 0.65, ""score_u2i"": 0.9632025361061096, ""score_comment_xgb"": 0.6652342081069946}"
80,100288929442,xgb_hybrid_v1,0.8313864469528198,2,"{""source"": ""hybrid_u2i_comment_xgb"", ""alpha"": 0.65, ""score_u2i"": 0.8735707402229309, ""score_comment_xgb"": 0.7530441284179688}"
80,100136079282,xgb_hybrid_v1,0.8286261558532715,3,"{""source"": ""hybrid_u2i_comment_xgb"", ""alpha"": 0.65, ""score_u2i"": 0.7664316296577454, ""score_comment_xgb"": 0.9441302418708801}"
80,11819155539,xgb_hybrid_v1,0.8225306272506714,4,"{""source"": ""hybrid_u2i_comment_xgb"", ""alpha"": 0.65, ""score_u2i"": 0.8388240337371826, ""score_comment_xgb"": 0.7922716736793518}"
80,100121467835,xgb_hybrid_v1,0.8172107934951782,5,"{""source"": ""hybrid_u2i_comment_xgb"", ""alpha"": 0.65, ""score_u2i"": 0.7378661632537842, ""score_comment_xgb"": 0.9645651578903198}"
80,100019031805,xgb_hybrid_v1,0.81535404920578,6,"{""source"": ""hybrid_u2i_comment_xgb"", ""alpha"": 0.65, ""score_u2i"": 0.9393442273139954, ""score_comment_xgb"": 0.5850866436958313}"
80,5475198,xgb_hybrid_v1,0.756950318813324,7,"{""source"": ""hybrid_u2i_comment_xgb"", ""alpha"": 0.65, ""score_u2i"": 0.9526931643486023, ""score_comment_xgb"": 0.3934279978275299}"
80,100154268303,xgb_hybrid_v1,0.7502631545066833,8,"{""source"": ""hybrid_u2i_comment_xgb"", ""alpha"": 0.65, ""score_u2i"": 0.6808578372001648, ""score_comment_xgb"": 0.8791588544845581}"
80,10098681688567,xgb_hybrid_v1,0.7414751648902893,9,"{""source"": ""hybrid_u2i_comment_xgb"", ""alpha"": 0.65, ""score_u2i"": 0.9172648191452026, ""score_comment_xgb"": 0.41500869393348694}"
80,10098656892439,xgb_hybrid_v1,0.6905181407928467,10,"{""source"": ""hybrid_u2i_comment_xgb"", ""alpha"": 0.65, ""score_u2i"": 0.6469979286193848, ""score_comment_xgb"": 0.7713414430618286}"
80,100154268305,xgb_hybrid_v1,0.6898762583732605,11,"{""source"": ""hybrid_u2i_comment_xgb"", ""alpha"": 0.65, ""score_u2i"": 0.8252490758895874, ""score_comment_xgb"": 0.43846961855888367}"
80,3409140,xgb_hybrid_v1,0.6891852021217346,12,"{""source"": ""hybrid_u2i_comment_xgb"", ""alpha"": 0.65, ""score_u2i"": 0.907688558101654, ""score_comment_xgb"": 0.28339341282844543}"
80,11819155538,xgb_hybrid_v1,0.6786131858825684,13,"{""source"": ""hybrid_u2i_comment_xgb"", ""alpha"": 0.65, ""score_u2i"": 0.624653697013855, ""score_comment_xgb"": 0.7788236141204834}"
80,10087901051820,xgb_hybrid_v1,0.6670033931732178,14,"{""source"": ""hybrid_u2i_comment_xgb"", ""alpha"": 0.65, ""score_u2i"": 0.4986312985420227, ""score_comment_xgb"": 0.9796945452690125}"
80,10042124137320,xgb_hybrid_v1,0.657077431678772,15,"{""source"": ""hybrid_u2i_comment_xgb"", ""alpha"": 0.65, ""score_u2i"": 0.8543652892112732, ""score_comment_xgb"": 0.29068565368652344}"
80,4246911,xgb_hybrid_v1,0.6362335681915283,16,"{""source"": ""hybrid_u2i_comment_xgb"", ""alpha"": 0.65, ""score_u2i"": 0.9014984369277954, ""score_comment_xgb"": 0.1435987800359726}"
80,100009013165,xgb_hybrid_v1,0.6283693313598633,17,"{""source"": ""hybrid_u2i_comment_xgb"", ""alpha"": 0.65, ""score_u2i"": 0.8207138180732727, ""score_comment_xgb"": 0.27115824818611145}"
80,100195732408,xgb_hybrid_v1,0.6251187324523926,18,"{""source"": ""hybrid_u2i_comment_xgb"", ""alpha"": 0.65, ""score_u2i"": 0.5447548627853394, ""score_comment_xgb"": 0.7743659615516663}"
80,100008149331,xgb_hybrid_v1,0.6239172220230103,19,"{""source"": ""hybrid_u2i_comment_xgb"", ""alpha"": 0.65, ""score_u2i"": 0.7940942049026489, ""score_comment_xgb"": 0.30787432193756104}"
80,100010077605,xgb_hybrid_v1,0.6209626197814941,20,"{""source"": ""hybrid_u2i_comment_xgb"", ""alpha"": 0.65, ""score_u2i"": 0.4243660271167755, ""score_comment_xgb"": 0.9860705733299255}"
81,100114512933,xgb_hybrid_v1,0.9555507898330688,1,"{""source"": ""hybrid_u2i_comment_xgb"", ""alpha"": 0.65, ""score_u2i"": 0.9717439413070679, ""score_comment_xgb"": 0.9254780411720276}"
81,100154268303,xgb_hybrid_v1,0.9339584112167358,2,"{""source"": ""hybrid_u2i_comment_xgb"", ""alpha"": 0.65, ""score_u2i"": 0.9634659290313721, ""score_comment_xgb"": 0.8791588544845581}"
81,100059911987,xgb_hybrid_v1,0.9148170948028564,3,"{""source"": ""hybrid_u2i_comment_xgb"", ""alpha"": 0.65, ""score_u2i"": 0.8735167980194092, ""score_comment_xgb"": 0.9915177226066589}"
81,11819155539,xgb_hybrid_v1,0.9094192981719971,4,"{""source"": ""hybrid_u2i_comment_xgb"", ""alpha"": 0.65, ""score_u2i"": 0.9724987745285034, ""score_comment_xgb"": 0.7922716736793518}"
81,100112272948,xgb_hybrid_v1,0.8937186598777771,5,"{""source"": ""hybrid_u2i_comment_xgb"", ""alpha"": 0.65, ""score_u2i"": 0.9343778491020203, ""score_comment_xgb"": 0.8182088136672974}"
81,100215876924,xgb_hybrid_v1,0.8771179914474487,6,"{""source"": ""hybrid_u2i_comment_xgb"", ""alpha"": 0.65, ""score_u2i"": 0.8200787305831909, ""score_comment_xgb"": 0.9830480813980103}"
81,100115256936,xgb_hybrid_v1,0.8657124042510986,7,"{""source"": ""hybrid_u2i_comment_xgb"", ""alpha"": 0.65, ""score_u2i"": 0.9277786612510681, ""score_comment_xgb"": 0.750446617603302}"
81,10070360840507,xgb_hybrid_v1,0.8600231409072876,8,"{""source"": ""hybrid_u2i_comment_xgb"", ""alpha"": 0.65, ""score_u2i"": 0.8998374938964844, ""score_comment_xgb"": 0.7860822081565857}"
81,10121602694516,xgb_hybrid_v1,0.8521618843078613,9,"{""source"": ""hybrid_u2i_comment_xgb"", ""alpha"": 0.65, ""score_u2i"": 0.8323927521705627, ""score_comment_xgb"": 0.88887619972229}"
81,13065559672,xgb_hybrid_v1,0.8501084446907043,10,"{""source"": ""hybrid_u2i_comment_xgb"", ""alpha"": 0.65, ""score_u2i"": 0.9496561288833618, ""score_comment_xgb"": 0.6652342081069946}"
81,100195732408,xgb_hybrid_v1,0.8484865427017212,11,"{""source"": ""hybrid_u2i_comment_xgb"", ""alpha"": 0.65, ""score_u2i"": 0.8883976936340332, ""score_comment_xgb"": 0.7743659615516663}"
81,100071138925,xgb_hybrid_v1,0.8476096391677856,12,"{""source"": ""hybrid_u2i_comment_xgb"", ""alpha"": 0.65, ""score_u2i"": 0.8330819010734558, ""score_comment_xgb"": 0.8745898604393005}"
81,100151315926,xgb_hybrid_v1,0.8335387706756592,13,"{""source"": ""hybrid_u2i_comment_xgb"", ""alpha"": 0.65, ""score_u2i"": 0.896696150302887, ""score_comment_xgb"": 0.7162466645240784}"
81,100203000983,xgb_hybrid_v1,0.8275578022003174,14,"{""source"": ""hybrid_u2i_comment_xgb"", ""alpha"": 0.65, ""score_u2i"": 0.7388375401496887, ""score_comment_xgb"": 0.9923239946365356}"
81,100184800271,xgb_hybrid_v1,0.8014432191848755,15,"{""source"": ""hybrid_u2i_comment_xgb"", ""alpha"": 0.65, ""score_u2i"": 0.7070670127868652, ""score_comment_xgb"": 0.9767134785652161}"
81,71577466395,xgb_hybrid_v1,0.7720057964324951,16,"{""source"": ""hybrid_u2i_comment_xgb"", ""alpha"": 0.65, ""score_u2i"": 0.830048680305481, ""score_comment_xgb"": 0.6642119288444519}"
81,100019031805,xgb_hybrid_v1,0.7698472738265991,17,"{""source"": ""hybrid_u2i_comment_xgb"", ""alpha"": 0.65, ""score_u2i"": 0.8693337440490723, ""score_comment_xgb"": 0.5850866436958313}"
81,10042124137320,xgb_hybrid_v1,0.7311073541641235,18,"{""source"": ""hybrid_u2i_comment_xgb"", ""alpha"": 0.65, ""score_u2i"": 0.968257486820221, ""score_comment_xgb"": 0.29068565368652344}"
81,100136079282,xgb_hybrid_v1,0.720185399055481,19,"{""source"": ""hybrid_u2i_comment_xgb"", ""alpha"": 0.65, ""score_u2i"": 0.5995997786521912, ""score_comment_xgb"": 0.9441302418708801}"
81,11819155540,xgb_hybrid_v1,0.7060192227363586,20,"{""source"": ""hybrid_u2i_comment_xgb"", ""alpha"": 0.65, ""score_u2i"": 0.7222365736961365, ""score_comment_xgb"": 0.6759012937545776}"
82,100114512933,xgb_hybrid_v1,0.9255198240280151,1,"{""source"": ""hybrid_u2i_comment_xgb"", ""alpha"": 0.65, ""score_u2i"": 0.9255422949790955, ""score_comment_xgb"": 0.9254780411720276}"
82,100230260134,xgb_hybrid_v1,0.8538813591003418,2,"{""source"": ""hybrid_u2i_comment_xgb"", ""alpha"": 0.65, ""score_u2i"": 0.8003807067871094, ""score_comment_xgb"": 0.9532397389411926}"
82,100064200322,xgb_hybrid_v1,0.8474775552749634,3,"{""source"": ""hybrid_u2i_comment_xgb"", ""alpha"": 0.65, ""score_u2i"": 0.9057914614677429, ""score_comment_xgb"": 0.7391803860664368}"
82,100017016045,xgb_hybrid_v1,0.8463192582130432,4,"{""source"": ""hybrid_u2i_comment_xgb"", ""alpha"": 0.65, ""score_u2i"": 0.9789376854896545, ""score_comment_xgb"": 0.6000280380249023}"
82,100171913423,xgb_hybrid_v1,0.8350460529327393,5,"{""source"": ""hybrid_u2i_comment_xgb"", ""alpha"": 0.65, ""score_u2i"": 0.8726850152015686, ""score_comment_xgb"": 0.7651453018188477}"
82,100062064085,xgb_hybrid_v1,0.82487952709198,6,"{""source"": ""hybrid_u2i_comment_xgb"", ""alpha"": 0.65, ""score_u2i"": 0.7510247230529785, ""score_comment_xgb"": 0.9620385766029358}"
82,100098831534,xgb_hybrid_v1,0.8200594186782837,7,"{""source"": ""hybrid_u2i_comment_xgb"", ""alpha"": 0.65, ""score_u2i"": 0.7820454835891724, ""score_comment_xgb"": 0.8906566500663757}"
82,100203000971,xgb_hybrid_v1,0.8105384111404419,8,"{""source"": ""hybrid_u2i_comment_xgb"", ""alpha"": 0.65, ""score_u2i"": 0.7096300721168518, ""score_comment_xgb"": 0.9979395270347595}"
82,100203043497,xgb_hybrid_v1,0.8034923076629639,9,"{""source"": ""hybrid_u2i_comment_xgb"", ""alpha"": 0.65, ""score_u2i"": 0.8020992279052734, ""score_comment_xgb"": 0.806079626083374}"
82,100136079282,xgb_hybrid_v1,0.7522194981575012,10,"{""source"": ""hybrid_u2i_comment_xgb"", ""alpha"": 0.65, ""score_u2i"": 0.6488829851150513, ""score_comment_xgb"": 0.9441302418708801}"
82,100002187047,xgb_hybrid_v1,0.7517449855804443,11,"{""source"": ""hybrid_u2i_comment_xgb"", ""alpha"": 0.65, ""score_u2i"": 0.811829149723053, ""score_comment_xgb"": 0.6401602625846863}"
82,69673075023,xgb_hybrid_v1,0.7363796830177307,12,"{""source"": ""hybrid_u2i_comment_xgb"", ""alpha"": 0.65, ""score_u2i"": 0.9019779562950134, ""score_comment_xgb"": 0.4288400709629059}"
82,10042124137320,xgb_hybrid_v1,0.7320837378501892,13,"{""source"": ""hybrid_u2i_comment_xgb"", ""alpha"": 0.65, ""score_u2i"": 0.9697596430778503, ""score_comment_xgb"": 0.29068565368652344}"
82,10098681688567,xgb_hybrid_v1,0.7311758399009705,14,"{""source"": ""hybrid_u2i_comment_xgb"", ""alpha"": 0.65, ""score_u2i"": 0.9014196991920471, ""score_comment_xgb"": 0.41500869393348694}"
82,10087901051820,xgb_hybrid_v1,0.7111511826515198,15,"{""source"": ""hybrid_u2i_comment_xgb"", ""alpha"": 0.65, ""score_u2i"": 0.5665509104728699, ""score_comment_xgb"": 0.9796945452690125}"
82,13065559672,xgb_hybrid_v1,0.6820541024208069,16,"{""source"": ""hybrid_u2i_comment_xgb"", ""alpha"": 0.65, ""score_u2i"": 0.6911109685897827, ""score_comment_xgb"": 0.6652342081069946}"
82,100008164593,xgb_hybrid_v1,0.6624743342399597,17,"{""source"": ""hybrid_u2i_comment_xgb"", ""alpha"": 0.65, ""score_u2i"": 0.9240246415138245, ""score_comment_xgb"": 0.1767382025718689}"
82,100008149331,xgb_hybrid_v1,0.6564145684242249,18,"{""source"": ""hybrid_u2i_comment_xgb"", ""alpha"": 0.65, ""score_u2i"": 0.8440901041030884, ""score_comment_xgb"": 0.30787432193756104}"
82,100205817100,xgb_hybrid_v1,0.6453382968902588,19,"{""source"": ""hybrid_u2i_comment_xgb"", ""alpha"": 0.65, ""score_u2i"": 0.46370670199394226, ""score_comment_xgb"": 0.9826540946960449}"
82,10109147342652,xgb_hybrid_v1,0.6448314785957336,20,"{""source"": ""hybrid_u2i_comment_xgb"", ""alpha"": 0.65, ""score_u2i"": 0.49098968505859375, ""score_comment_xgb"": 0.9305377006530762}"
83,100114512933,xgb_hybrid_v1,0.9540194272994995,1,"{""source"": ""hybrid_u2i_comment_xgb"", ""alpha"": 0.65, ""score_u2i"": 0.9693878889083862, ""score_comment_xgb"": 0.9254780411720276}"
83,100154268303,xgb_hybrid_v1,0.9275970458984375,2,"{""source"": ""hybrid_u2i_comment_xgb"", ""alpha"": 0.65, ""score_u2i"": 0.9536792039871216, ""score_comment_xgb"": 0.8791588544845581}"
83,100215876924,xgb_hybrid_v1,0.8909841775894165,3,"{""source"": ""hybrid_u2i_comment_xgb"", ""alpha"": 0.65, ""score_u2i"": 0.8414113521575928, ""score_comment_xgb"": 0.9830480813980103}"
83,11819155539,xgb_hybrid_v1,0.8843228816986084,4,"{""source"": ""hybrid_u2i_comment_xgb"", ""alpha"": 0.65, ""score_u2i"": 0.9338890314102173, ""score_comment_xgb"": 0.7922716736793518}"
83,10121602694516,xgb_hybrid_v1,0.8518373966217041,5,"{""source"": ""hybrid_u2i_comment_xgb"", ""alpha"": 0.65, ""score_u2i"": 0.8318934440612793, ""score_comment_xgb"": 0.88887619972229}"
83,100019031805,xgb_hybrid_v1,0.8342052698135376,6,"{""source"": ""hybrid_u2i_comment_xgb"", ""alpha"": 0.65, ""score_u2i"": 0.968346118927002, ""score_comment_xgb"": 0.5850866436958313}"
83,13065559672,xgb_hybrid_v1,0.8303588032722473,7,"{""source"": ""hybrid_u2i_comment_xgb"", ""alpha"": 0.65, ""score_u2i"": 0.9192721247673035, ""score_comment_xgb"": 0.6652342081069946}"
83,100112272948,xgb_hybrid_v1,0.8243114352226257,8,"{""source"": ""hybrid_u2i_comment_xgb"", ""alpha"": 0.65, ""score_u2i"": 0.8275974988937378, ""score_comment_xgb"": 0.8182088136672974}"
83,100064200322,xgb_hybrid_v1,0.7996686697006226,9,"{""source"": ""hybrid_u2i_comment_xgb"", ""alpha"": 0.65, ""score_u2i"": 0.8322393298149109, ""score_comment_xgb"": 0.7391803860664368}"
83,100136079284,xgb_hybrid_v1,0.7973871231079102,10,"{""source"": ""hybrid_u2i_comment_xgb"", ""alpha"": 0.65, ""score_u2i"": 0.7249158620834351, ""score_comment_xgb"": 0.9319767355918884}"
83,71577466395,xgb_hybrid_v1,0.7964459657669067,11,"{""source"": ""hybrid_u2i_comment_xgb"", ""alpha"": 0.65, ""score_u2i"": 0.8676489591598511, ""score_comment_xgb"": 0.6642119288444519}"
83,100195732408,xgb_hybrid_v1,0.7882764339447021,12,"{""source"": ""hybrid_u2i_comment_xgb"", ""alpha"": 0.65, ""score_u2i"": 0.7957667708396912, ""score_comment_xgb"": 0.7743659615516663}"
83,100230694872,xgb_hybrid_v1,0.7434631586074829,13,"{""source"": ""hybrid_u2i_comment_xgb"", ""alpha"": 0.65, ""score_u2i"": 0.6758801341056824, ""score_comment_xgb"": 0.8689746260643005}"
83,10070360840507,xgb_hybrid_v1,0.7225006818771362,14,"{""source"": ""hybrid_u2i_comment_xgb"", ""alpha"": 0.65, ""score_u2i"": 0.6882645487785339, ""score_comment_xgb"": 0.7860822081565857}"
83,10042124137320,xgb_hybrid_v1,0.7109746932983398,15,"{""source"": ""hybrid_u2i_comment_xgb"", ""alpha"": 0.65, ""score_u2i"": 0.9372841715812683, ""score_comment_xgb"": 0.29068565368652344}"
83,100071138925,xgb_hybrid_v1,0.7020655870437622,16,"{""source"": ""hybrid_u2i_comment_xgb"", ""alpha"": 0.65, ""score_u2i"": 0.6091678738594055, ""score_comment_xgb"": 0.8745898604393005}"
83,100268823874,xgb_hybrid_v1,0.6976144909858704,17,"{""source"": ""hybrid_u2i_comment_xgb"", ""alpha"": 0.65, ""score_u2i"": 0.5500566363334656, ""score_comment_xgb"": 0.9716505408287048}"
83,4246911,xgb_hybrid_v1,0.6926772594451904,18,"{""source"": ""hybrid_u2i_comment_xgb"", ""alpha"": 0.65, ""score_u2i"": 0.9883348941802979, ""score_comment_xgb"": 0.1435987800359726}"
83,100002187047,xgb_hybrid_v1,0.6842972636222839,19,"{""source"": ""hybrid_u2i_comment_xgb"", ""alpha"": 0.65, ""score_u2i"": 0.7080633640289307, ""score_comment_xgb"": 0.6401602625846863}"
83,100008164593,xgb_hybrid_v1,0.6691959500312805,20,"{""source"": ""hybrid_u2i_comment_xgb"", ""alpha"": 0.65, ""score_u2i"": 0.9343655705451965, ""score_comment_xgb"": 0.1767382025718689}"
84,100114512933,xgb_hybrid_v1,0.9640463590621948,1,"{""source"": ""hybrid_u2i_comment_xgb"", ""alpha"": 0.65, ""score_u2i"": 0.9848139882087708, ""score_comment_xgb"": 0.9254780411720276}"
84,100059911987,xgb_hybrid_v1,0.9485621452331543,2,"{""source"": ""hybrid_u2i_comment_xgb"", ""alpha"": 0.65, ""score_u2i"": 0.9254322052001953, ""score_comment_xgb"": 0.9915177226066589}"
84,100154268303,xgb_hybrid_v1,0.9417184591293335,3,"{""source"": ""hybrid_u2i_comment_xgb"", ""alpha"": 0.65, ""score_u2i"": 0.9754044413566589, ""score_comment_xgb"": 0.8791588544845581}"
84,11819155539,xgb_hybrid_v1,0.9121884107589722,4,"{""source"": ""hybrid_u2i_comment_xgb"", ""alpha"": 0.65, ""score_u2i"": 0.9767589569091797, ""score_comment_xgb"": 0.7922716736793518}"
84,10121602694516,xgb_hybrid_v1,0.9118934869766235,5,"{""source"": ""hybrid_u2i_comment_xgb"", ""alpha"": 0.65, ""score_u2i"": 0.9242874979972839, ""score_comment_xgb"": 0.88887619972229}"
84,100112272948,xgb_hybrid_v1,0.9034673571586609,6,"{""source"": ""hybrid_u2i_comment_xgb"", ""alpha"": 0.65, ""score_u2i"": 0.9493758082389832, ""score_comment_xgb"": 0.8182088136672974}"
84,100215876924,xgb_hybrid_v1,0.9010956287384033,7,"{""source"": ""hybrid_u2i_comment_xgb"", ""alpha"": 0.65, ""score_u2i"": 0.8569673895835876, ""score_comment_xgb"": 0.9830480813980103}"
84,100195732408,xgb_hybrid_v1,0.8910841941833496,8,"{""source"": ""hybrid_u2i_comment_xgb"", ""alpha"": 0.65, ""score_u2i"": 0.953932523727417, ""score_comment_xgb"": 0.7743659615516663}"
84,100184800271,xgb_hybrid_v1,0.8903204202651978,9,"{""source"": ""hybrid_u2i_comment_xgb"", ""alpha"": 0.65, ""score_u2i"": 0.8438010811805725, ""score_comment_xgb"": 0.9767134785652161}"
84,10070360840507,xgb_hybrid_v1,0.885025680065155,10,"{""source"": ""hybrid_u2i_comment_xgb"", ""alpha"": 0.65, ""score_u2i"": 0.9383029937744141, ""score_comment_xgb"": 0.7860822081565857}"
84,100071138925,xgb_hybrid_v1,0.8837848901748657,11,"{""source"": ""hybrid_u2i_comment_xgb"", ""alpha"": 0.65, ""score_u2i"": 0.8887361288070679, ""score_comment_xgb"": 0.8745898604393005}"
84,100203000983,xgb_hybrid_v1,0.8829163908958435,12,"{""source"": ""hybrid_u2i_comment_xgb"", ""alpha"": 0.65, ""score_u2i"": 0.8240046501159668, ""score_comment_xgb"": 0.9923239946365356}"
84,13065559672,xgb_hybrid_v1,0.8660677075386047,13,"{""source"": ""hybrid_u2i_comment_xgb"", ""alpha"": 0.65, ""score_u2i"": 0.9742088913917542, ""score_comment_xgb"": 0.6652342081069946}"
84,100115256936,xgb_hybrid_v1,0.8551304340362549,14,"{""source"": ""hybrid_u2i_comment_xgb"", ""alpha"": 0.65, ""score_u2i"": 0.9114986658096313, ""score_comment_xgb"": 0.750446617603302}"
84,100151315926,xgb_hybrid_v1,0.8301624059677124,15,"{""source"": ""hybrid_u2i_comment_xgb"", ""alpha"": 0.65, ""score_u2i"": 0.8915016651153564, ""score_comment_xgb"": 0.7162466645240784}"
84,100019031805,xgb_hybrid_v1,0.8162246346473694,16,"{""source"": ""hybrid_u2i_comment_xgb"", ""alpha"": 0.65, ""score_u2i"": 0.9406836032867432, ""score_comment_xgb"": 0.5850866436958313}"
84,71577466395,xgb_hybrid_v1,0.7927663326263428,17,"{""source"": ""hybrid_u2i_comment_xgb"", ""alpha"": 0.65, ""score_u2i"": 0.8619879484176636, ""score_comment_xgb"": 0.6642119288444519}"
84,100230694872,xgb_hybrid_v1,0.7902008295059204,18,"{""source"": ""hybrid_u2i_comment_xgb"", ""alpha"": 0.65, ""score_u2i"": 0.7477841973304749, ""score_comment_xgb"": 0.8689746260643005}"
84,11819155540,xgb_hybrid_v1,0.7568913102149963,19,"{""source"": ""hybrid_u2i_comment_xgb"", ""alpha"": 0.65, ""score_u2i"": 0.80050128698349, ""score_comment_xgb"": 0.6759012937545776}"
84,100000987566,xgb_hybrid_v1,0.7485824227333069,20,"{""source"": ""hybrid_u2i_comment_xgb"", ""alpha"": 0.65, ""score_u2i"": 0.849833607673645, ""score_comment_xgb"": 0.5605446100234985}"
85,100114512933,xgb_hybrid_v1,0.9255198240280151,1,"{""source"": ""hybrid_u2i_comment_xgb"", ""alpha"": 0.65, ""score_u2i"": 0.9255422949790955, ""score_comment_xgb"": 0.9254780411720276}"
85,100230260134,xgb_hybrid_v1,0.8538813591003418,2,"{""source"": ""hybrid_u2i_comment_xgb"", ""alpha"": 0.65, ""score_u2i"": 0.8003807067871094, ""score_comment_xgb"": 0.9532397389411926}"
85,100064200322,xgb_hybrid_v1,0.8474775552749634,3,"{""source"": ""hybrid_u2i_comment_xgb"", ""alpha"": 0.65, ""score_u2i"": 0.9057914614677429, ""score_comment_xgb"": 0.7391803860664368}"
85,100017016045,xgb_hybrid_v1,0.8463192582130432,4,"{""source"": ""hybrid_u2i_comment_xgb"", ""alpha"": 0.65, ""score_u2i"": 0.9789376854896545, ""score_comment_xgb"": 0.6000280380249023}"
85,100171913423,xgb_hybrid_v1,0.8350460529327393,5,"{""source"": ""hybrid_u2i_comment_xgb"", ""alpha"": 0.65, ""score_u2i"": 0.8726850152015686, ""score_comment_xgb"": 0.7651453018188477}"
85,100062064085,xgb_hybrid_v1,0.82487952709198,6,"{""source"": ""hybrid_u2i_comment_xgb"", ""alpha"": 0.65, ""score_u2i"": 0.7510247230529785, ""score_comment_xgb"": 0.9620385766029358}"
85,100098831534,xgb_hybrid_v1,0.8200594186782837,7,"{""source"": ""hybrid_u2i_comment_xgb"", ""alpha"": 0.65, ""score_u2i"": 0.7820454835891724, ""score_comment_xgb"": 0.8906566500663757}"
85,100203000971,xgb_hybrid_v1,0.8105384111404419,8,"{""source"": ""hybrid_u2i_comment_xgb"", ""alpha"": 0.65, ""score_u2i"": 0.7096300721168518, ""score_comment_xgb"": 0.9979395270347595}"
85,100203043497,xgb_hybrid_v1,0.8034923076629639,9,"{""source"": ""hybrid_u2i_comment_xgb"", ""alpha"": 0.65, ""score_u2i"": 0.8020992279052734, ""score_comment_xgb"": 0.806079626083374}"
85,100136079282,xgb_hybrid_v1,0.7522194981575012,10,"{""source"": ""hybrid_u2i_comment_xgb"", ""alpha"": 0.65, ""score_u2i"": 0.6488829851150513, ""score_comment_xgb"": 0.9441302418708801}"
85,100002187047,xgb_hybrid_v1,0.7517449855804443,11,"{""source"": ""hybrid_u2i_comment_xgb"", ""alpha"": 0.65, ""score_u2i"": 0.811829149723053, ""score_comment_xgb"": 0.6401602625846863}"
85,69673075023,xgb_hybrid_v1,0.7363796830177307,12,"{""source"": ""hybrid_u2i_comment_xgb"", ""alpha"": 0.65, ""score_u2i"": 0.9019779562950134, ""score_comment_xgb"": 0.4288400709629059}"
85,10042124137320,xgb_hybrid_v1,0.7320837378501892,13,"{""source"": ""hybrid_u2i_comment_xgb"", ""alpha"": 0.65, ""score_u2i"": 0.9697596430778503, ""score_comment_xgb"": 0.29068565368652344}"
85,10098681688567,xgb_hybrid_v1,0.7311758399009705,14,"{""source"": ""hybrid_u2i_comment_xgb"", ""alpha"": 0.65, ""score_u2i"": 0.9014196991920471, ""score_comment_xgb"": 0.41500869393348694}"
85,10087901051820,xgb_hybrid_v1,0.7111511826515198,15,"{""source"": ""hybrid_u2i_comment_xgb"", ""alpha"": 0.65, ""score_u2i"": 0.5665509104728699, ""score_comment_xgb"": 0.9796945452690125}"
85,13065559672,xgb_hybrid_v1,0.6820541024208069,16,"{""source"": ""hybrid_u2i_comment_xgb"", ""alpha"": 0.65, ""score_u2i"": 0.6911109685897827, ""score_comment_xgb"": 0.6652342081069946}"
85,100008164593,xgb_hybrid_v1,0.6624743342399597,17,"{""source"": ""hybrid_u2i_comment_xgb"", ""alpha"": 0.65, ""score_u2i"": 0.9240246415138245, ""score_comment_xgb"": 0.1767382025718689}"
85,100008149331,xgb_hybrid_v1,0.6564145684242249,18,"{""source"": ""hybrid_u2i_comment_xgb"", ""alpha"": 0.65, ""score_u2i"": 0.8440901041030884, ""score_comment_xgb"": 0.30787432193756104}"
85,100205817100,xgb_hybrid_v1,0.6453382968902588,19,"{""source"": ""hybrid_u2i_comment_xgb"", ""alpha"": 0.65, ""score_u2i"": 0.46370670199394226, ""score_comment_xgb"": 0.9826540946960449}"
85,10109147342652,xgb_hybrid_v1,0.6448314785957336,20,"{""source"": ""hybrid_u2i_comment_xgb"", ""alpha"": 0.65, ""score_u2i"": 0.49098968505859375, ""score_comment_xgb"": 0.9305377006530762}"
86,100114512933,xgb_hybrid_v1,0.9255198240280151,1,"{""source"": ""hybrid_u2i_comment_xgb"", ""alpha"": 0.65, ""score_u2i"": 0.9255422949790955, ""score_comment_xgb"": 0.9254780411720276}"
86,100230260134,xgb_hybrid_v1,0.8538813591003418,2,"{""source"": ""hybrid_u2i_comment_xgb"", ""alpha"": 0.65, ""score_u2i"": 0.8003807067871094, ""score_comment_xgb"": 0.9532397389411926}"
86,100064200322,xgb_hybrid_v1,0.8474775552749634,3,"{""source"": ""hybrid_u2i_comment_xgb"", ""alpha"": 0.65, ""score_u2i"": 0.9057914614677429, ""score_comment_xgb"": 0.7391803860664368}"
86,100017016045,xgb_hybrid_v1,0.8463192582130432,4,"{""source"": ""hybrid_u2i_comment_xgb"", ""alpha"": 0.65, ""score_u2i"": 0.9789376854896545, ""score_comment_xgb"": 0.6000280380249023}"
86,100171913423,xgb_hybrid_v1,0.8350460529327393,5,"{""source"": ""hybrid_u2i_comment_xgb"", ""alpha"": 0.65, ""score_u2i"": 0.8726850152015686, ""score_comment_xgb"": 0.7651453018188477}"
86,100062064085,xgb_hybrid_v1,0.82487952709198,6,"{""source"": ""hybrid_u2i_comment_xgb"", ""alpha"": 0.65, ""score_u2i"": 0.7510247230529785, ""score_comment_xgb"": 0.9620385766029358}"
86,100098831534,xgb_hybrid_v1,0.8200594186782837,7,"{""source"": ""hybrid_u2i_comment_xgb"", ""alpha"": 0.65, ""score_u2i"": 0.7820454835891724, ""score_comment_xgb"": 0.8906566500663757}"
86,100203000971,xgb_hybrid_v1,0.8105384111404419,8,"{""source"": ""hybrid_u2i_comment_xgb"", ""alpha"": 0.65, ""score_u2i"": 0.7096300721168518, ""score_comment_xgb"": 0.9979395270347595}"
86,100203043497,xgb_hybrid_v1,0.8034923076629639,9,"{""source"": ""hybrid_u2i_comment_xgb"", ""alpha"": 0.65, ""score_u2i"": 0.8020992279052734, ""score_comment_xgb"": 0.806079626083374}"
86,100136079282,xgb_hybrid_v1,0.7522194981575012,10,"{""source"": ""hybrid_u2i_comment_xgb"", ""alpha"": 0.65, ""score_u2i"": 0.6488829851150513, ""score_comment_xgb"": 0.9441302418708801}"
86,100002187047,xgb_hybrid_v1,0.7517449855804443,11,"{""source"": ""hybrid_u2i_comment_xgb"", ""alpha"": 0.65, ""score_u2i"": 0.811829149723053, ""score_comment_xgb"": 0.6401602625846863}"
86,69673075023,xgb_hybrid_v1,0.7363796830177307,12,"{""source"": ""hybrid_u2i_comment_xgb"", ""alpha"": 0.65, ""score_u2i"": 0.9019779562950134, ""score_comment_xgb"": 0.4288400709629059}"
86,10042124137320,xgb_hybrid_v1,0.7320837378501892,13,"{""source"": ""hybrid_u2i_comment_xgb"", ""alpha"": 0.65, ""score_u2i"": 0.9697596430778503, ""score_comment_xgb"": 0.29068565368652344}"
86,10098681688567,xgb_hybrid_v1,0.7311758399009705,14,"{""source"": ""hybrid_u2i_comment_xgb"", ""alpha"": 0.65, ""score_u2i"": 0.9014196991920471, ""score_comment_xgb"": 0.41500869393348694}"
86,10087901051820,xgb_hybrid_v1,0.7111511826515198,15,"{""source"": ""hybrid_u2i_comment_xgb"", ""alpha"": 0.65, ""score_u2i"": 0.5665509104728699, ""score_comment_xgb"": 0.9796945452690125}"
86,13065559672,xgb_hybrid_v1,0.6820541024208069,16,"{""source"": ""hybrid_u2i_comment_xgb"", ""alpha"": 0.65, ""score_u2i"": 0.6911109685897827, ""score_comment_xgb"": 0.6652342081069946}"
86,100008164593,xgb_hybrid_v1,0.6624743342399597,17,"{""source"": ""hybrid_u2i_comment_xgb"", ""alpha"": 0.65, ""score_u2i"": 0.9240246415138245, ""score_comment_xgb"": 0.1767382025718689}"
86,100008149331,xgb_hybrid_v1,0.6564145684242249,18,"{""source"": ""hybrid_u2i_comment_xgb"", ""alpha"": 0.65, ""score_u2i"": 0.8440901041030884, ""score_comment_xgb"": 0.30787432193756104}"
86,100205817100,xgb_hybrid_v1,0.6453382968902588,19,"{""source"": ""hybrid_u2i_comment_xgb"", ""alpha"": 0.65, ""score_u2i"": 0.46370670199394226, ""score_comment_xgb"": 0.9826540946960449}"
86,10109147342652,xgb_hybrid_v1,0.6448314785957336,20,"{""source"": ""hybrid_u2i_comment_xgb"", ""alpha"": 0.65, ""score_u2i"": 0.49098968505859375, ""score_comment_xgb"": 0.9305377006530762}"
87,100136079282,xgb_hybrid_v1,0.9578642249107361,1,"{""source"": ""hybrid_u2i_comment_xgb"", ""alpha"": 0.65, ""score_u2i"": 0.9652594923973083, ""score_comment_xgb"": 0.9441302418708801}"
87,100154268303,xgb_hybrid_v1,0.9252631068229675,2,"{""source"": ""hybrid_u2i_comment_xgb"", ""alpha"": 0.65, ""score_u2i"": 0.9500885009765625, ""score_comment_xgb"": 0.8791588544845581}"
87,100249994404,xgb_hybrid_v1,0.9238307476043701,3,"{""source"": ""hybrid_u2i_comment_xgb"", ""alpha"": 0.65, ""score_u2i"": 0.914801299571991, ""score_comment_xgb"": 0.9405998587608337}"
87,100114512933,xgb_hybrid_v1,0.9019178152084351,4,"{""source"": ""hybrid_u2i_comment_xgb"", ""alpha"": 0.65, ""score_u2i"": 0.8892315626144409, ""score_comment_xgb"": 0.9254780411720276}"
87,13065559672,xgb_hybrid_v1,0.8539630174636841,5,"{""source"": ""hybrid_u2i_comment_xgb"", ""alpha"": 0.65, ""score_u2i"": 0.9555862545967102, ""score_comment_xgb"": 0.6652342081069946}"
87,100019031805,xgb_hybrid_v1,0.8454576134681702,6,"{""source"": ""hybrid_u2i_comment_xgb"", ""alpha"": 0.65, ""score_u2i"": 0.9856573343276978, ""score_comment_xgb"": 0.5850866436958313}"
87,100216501267,xgb_hybrid_v1,0.8380846977233887,7,"{""source"": ""hybrid_u2i_comment_xgb"", ""alpha"": 0.65, ""score_u2i"": 0.7541028261184692, ""score_comment_xgb"": 0.9940510988235474}"
87,100059257824,xgb_hybrid_v1,0.801767110824585,8,"{""source"": ""hybrid_u2i_comment_xgb"", ""alpha"": 0.65, ""score_u2i"": 0.7494468688964844, ""score_comment_xgb"": 0.8989334106445312}"
87,10121602694516,xgb_hybrid_v1,0.7937854528427124,9,"{""source"": ""hybrid_u2i_comment_xgb"", ""alpha"": 0.65, ""score_u2i"": 0.7425827383995056, ""score_comment_xgb"": 0.88887619972229}"
87,5475198,xgb_hybrid_v1,0.766459584236145,10,"{""source"": ""hybrid_u2i_comment_xgb"", ""alpha"": 0.65, ""score_u2i"": 0.967322826385498, ""score_comment_xgb"": 0.3934279978275299}"
87,10098656892439,xgb_hybrid_v1,0.7533578872680664,11,"{""source"": ""hybrid_u2i_comment_xgb"", ""alpha"": 0.65, ""score_u2i"": 0.7436744570732117, ""score_comment_xgb"": 0.7713414430618286}"
87,100230694872,xgb_hybrid_v1,0.7224733829498291,12,"{""source"": ""hybrid_u2i_comment_xgb"", ""alpha"": 0.65, ""score_u2i"": 0.6435881853103638, ""score_comment_xgb"": 0.8689746260643005}"
87,100009013165,xgb_hybrid_v1,0.7103872895240784,13,"{""source"": ""hybrid_u2i_comment_xgb"", ""alpha"": 0.65, ""score_u2i"": 0.9468953013420105, ""score_comment_xgb"": 0.27115824818611145}"
87,10087901051820,xgb_hybrid_v1,0.7076643705368042,14,"{""source"": ""hybrid_u2i_comment_xgb"", ""alpha"": 0.65, ""score_u2i"": 0.5611865520477295, ""score_comment_xgb"": 0.9796945452690125}"
87,10192694267563,xgb_hybrid_v1,0.704818606376648,15,"{""source"": ""hybrid_u2i_comment_xgb"", ""alpha"": 0.65, ""score_u2i"": 0.63055819272995, ""score_comment_xgb"": 0.8427309393882751}"
87,11819155539,xgb_hybrid_v1,0.670998215675354,16,"{""source"": ""hybrid_u2i_comment_xgb"", ""alpha"": 0.65, ""score_u2i"": 0.6056971549987793, ""score_comment_xgb"": 0.7922716736793518}"
87,100136079284,xgb_hybrid_v1,0.6616933941841125,17,"{""source"": ""hybrid_u2i_comment_xgb"", ""alpha"": 0.65, ""score_u2i"": 0.5161562561988831, ""score_comment_xgb"": 0.9319767355918884}"
87,4246911,xgb_hybrid_v1,0.6602914333343506,18,"{""source"": ""hybrid_u2i_comment_xgb"", ""alpha"": 0.65, ""score_u2i"": 0.938510537147522, ""score_comment_xgb"": 0.1435987800359726}"
87,100002187045,xgb_hybrid_v1,0.652262806892395,19,"{""source"": ""hybrid_u2i_comment_xgb"", ""alpha"": 0.65, ""score_u2i"": 0.7935611605644226, ""score_comment_xgb"": 0.3898515999317169}"
87,69673075023,xgb_hybrid_v1,0.6505300998687744,20,"{""source"": ""hybrid_u2i_comment_xgb"", ""alpha"": 0.65, ""score_u2i"": 0.769901692867279, ""score_comment_xgb"": 0.4288400709629059}"
88,100114512933,xgb_hybrid_v1,0.9539411067962646,1,"{""source"": ""hybrid_u2i_comment_xgb"", ""alpha"": 0.65, ""score_u2i"": 0.9692674875259399, ""score_comment_xgb"": 0.9254780411720276}"
88,100136079282,xgb_hybrid_v1,0.9504092335700989,2,"{""source"": ""hybrid_u2i_comment_xgb"", ""alpha"": 0.65, ""score_u2i"": 0.9537902474403381, ""score_comment_xgb"": 0.9441302418708801}"
88,100154268303,xgb_hybrid_v1,0.9478967785835266,3,"{""source"": ""hybrid_u2i_comment_xgb"", ""alpha"": 0.65, ""score_u2i"": 0.9849095940589905, ""score_comment_xgb"": 0.8791588544845581}"
88,100136079284,xgb_hybrid_v1,0.9215860366821289,4,"{""source"": ""hybrid_u2i_comment_xgb"", ""alpha"": 0.65, ""score_u2i"": 0.9159910678863525, ""score_comment_xgb"": 0.9319767355918884}"
88,11819155539,xgb_hybrid_v1,0.8860989809036255,5,"{""source"": ""hybrid_u2i_comment_xgb"", ""alpha"": 0.65, ""score_u2i"": 0.9366214275360107, ""score_comment_xgb"": 0.7922716736793518}"
88,100268823874,xgb_hybrid_v1,0.8599597215652466,6,"{""source"": ""hybrid_u2i_comment_xgb"", ""alpha"": 0.65, ""score_u2i"": 0.7998185157775879, ""score_comment_xgb"": 0.9716505408287048}"
88,10087901051820,xgb_hybrid_v1,0.8467367887496948,7,"{""source"": ""hybrid_u2i_comment_xgb"", ""alpha"": 0.65, ""score_u2i"": 0.7751441597938538, ""score_comment_xgb"": 0.9796945452690125}"
88,10192694267563,xgb_hybrid_v1,0.8454388380050659,8,"{""source"": ""hybrid_u2i_comment_xgb"", ""alpha"": 0.65, ""score_u2i"": 0.8468969464302063, ""score_comment_xgb"": 0.8427309393882751}"
88,100019031805,xgb_hybrid_v1,0.8443332314491272,9,"{""source"": ""hybrid_u2i_comment_xgb"", ""alpha"": 0.65, ""score_u2i"": 0.9839275479316711, ""score_comment_xgb"": 0.5850866436958313}"
88,100230694872,xgb_hybrid_v1,0.7894266247749329,10,"{""source"": ""hybrid_u2i_comment_xgb"", ""alpha"": 0.65, ""score_u2i"": 0.7465931177139282, ""score_comment_xgb"": 0.8689746260643005}"
88,100195732408,xgb_hybrid_v1,0.7834057807922363,11,"{""source"": ""hybrid_u2i_comment_xgb"", ""alpha"": 0.65, ""score_u2i"": 0.7882734537124634, ""score_comment_xgb"": 0.7743659615516663}"
88,5475198,xgb_hybrid_v1,0.7157570123672485,12,"{""source"": ""hybrid_u2i_comment_xgb"", ""alpha"": 0.65, ""score_u2i"": 0.8893188834190369, ""score_comment_xgb"": 0.3934279978275299}"
88,100009013165,xgb_hybrid_v1,0.7063034176826477,13,"{""source"": ""hybrid_u2i_comment_xgb"", ""alpha"": 0.65, ""score_u2i"": 0.9406123757362366, ""score_comment_xgb"": 0.27115824818611145}"
88,13065559672,xgb_hybrid_v1,0.703201413154602,14,"{""source"": ""hybrid_u2i_comment_xgb"", ""alpha"": 0.65, ""score_u2i"": 0.7236453294754028, ""score_comment_xgb"": 0.6652342081069946}"
88,10037128752741,xgb_hybrid_v1,0.697053074836731,15,"{""source"": ""hybrid_u2i_comment_xgb"", ""alpha"": 0.65, ""score_u2i"": 0.8016284704208374, ""score_comment_xgb"": 0.5028416514396667}"
88,69673075023,xgb_hybrid_v1,0.6936408877372742,16,"{""source"": ""hybrid_u2i_comment_xgb"", ""alpha"": 0.65, ""score_u2i"": 0.8362259268760681, ""score_comment_xgb"": 0.4288400709629059}"
88,4246911,xgb_hybrid_v1,0.6903039813041687,17,"{""source"": ""hybrid_u2i_comment_xgb"", ""alpha"": 0.65, ""score_u2i"": 0.9846836924552917, ""score_comment_xgb"": 0.1435987800359726}"
88,100002187047,xgb_hybrid_v1,0.6453851461410522,18,"{""source"": ""hybrid_u2i_comment_xgb"", ""alpha"": 0.65, ""score_u2i"": 0.6481986045837402, ""score_comment_xgb"": 0.6401602625846863}"
88,4246893,xgb_hybrid_v1,0.6436094641685486,19,"{""source"": ""hybrid_u2i_comment_xgb"", ""alpha"": 0.65, ""score_u2i"": 0.8408724069595337, ""score_comment_xgb"": 0.27726417779922485}"
88,100112272948,xgb_hybrid_v1,0.6387937068939209,20,"{""source"": ""hybrid_u2i_comment_xgb"", ""alpha"": 0.65, ""score_u2i"": 0.5421856045722961, ""score_comment_xgb"": 0.8182088136672974}"
89,13065559672,xgb_hybrid_v1,0.8589136004447937,1,"{""source"": ""hybrid_u2i_comment_xgb"", ""alpha"": 0.65, ""score_u2i"": 0.9632025361061096, ""score_comment_xgb"": 0.6652342081069946}"
89,100288929442,xgb_hybrid_v1,0.8313864469528198,2,"{""source"": ""hybrid_u2i_comment_xgb"", ""alpha"": 0.65, ""score_u2i"": 0.8735707402229309, ""score_comment_xgb"": 0.7530441284179688}"
89,100136079282,xgb_hybrid_v1,0.8286261558532715,3,"{""source"": ""hybrid_u2i_comment_xgb"", ""alpha"": 0.65, ""score_u2i"": 0.7664316296577454, ""score_comment_xgb"": 0.9441302418708801}"
89,11819155539,xgb_hybrid_v1,0.8225306272506714,4,"{""source"": ""hybrid_u2i_comment_xgb"", ""alpha"": 0.65, ""score_u2i"": 0.8388240337371826, ""score_comment_xgb"": 0.7922716736793518}"
89,100121467835,xgb_hybrid_v1,0.8172107934951782,5,"{""source"": ""hybrid_u2i_comment_xgb"", ""alpha"": 0.65, ""score_u2i"": 0.7378661632537842, ""score_comment_xgb"": 0.9645651578903198}"
89,100019031805,xgb_hybrid_v1,0.81535404920578,6,"{""source"": ""hybrid_u2i_comment_xgb"", ""alpha"": 0.65, ""score_u2i"": 0.9393442273139954, ""score_comment_xgb"": 0.5850866436958313}"
89,5475198,xgb_hybrid_v1,0.756950318813324,7,"{""source"": ""hybrid_u2i_comment_xgb"", ""alpha"": 0.65, ""score_u2i"": 0.9526931643486023, ""score_comment_xgb"": 0.3934279978275299}"
89,100154268303,xgb_hybrid_v1,0.7502631545066833,8,"{""source"": ""hybrid_u2i_comment_xgb"", ""alpha"": 0.65, ""score_u2i"": 0.6808578372001648, ""score_comment_xgb"": 0.8791588544845581}"
89,10098681688567,xgb_hybrid_v1,0.7414751648902893,9,"{""source"": ""hybrid_u2i_comment_xgb"", ""alpha"": 0.65, ""score_u2i"": 0.9172648191452026, ""score_comment_xgb"": 0.41500869393348694}"
89,10098656892439,xgb_hybrid_v1,0.6905181407928467,10,"{""source"": ""hybrid_u2i_comment_xgb"", ""alpha"": 0.65, ""score_u2i"": 0.6469979286193848, ""score_comment_xgb"": 0.7713414430618286}"
89,100154268305,xgb_hybrid_v1,0.6898762583732605,11,"{""source"": ""hybrid_u2i_comment_xgb"", ""alpha"": 0.65, ""score_u2i"": 0.8252490758895874, ""score_comment_xgb"": 0.43846961855888367}"
89,3409140,xgb_hybrid_v1,0.6891852021217346,12,"{""source"": ""hybrid_u2i_comment_xgb"", ""alpha"": 0.65, ""score_u2i"": 0.907688558101654, ""score_comment_xgb"": 0.28339341282844543}"
89,11819155538,xgb_hybrid_v1,0.6786131858825684,13,"{""source"": ""hybrid_u2i_comment_xgb"", ""alpha"": 0.65, ""score_u2i"": 0.624653697013855, ""score_comment_xgb"": 0.7788236141204834}"
89,10087901051820,xgb_hybrid_v1,0.6670033931732178,14,"{""source"": ""hybrid_u2i_comment_xgb"", ""alpha"": 0.65, ""score_u2i"": 0.4986312985420227, ""score_comment_xgb"": 0.9796945452690125}"
89,10042124137320,xgb_hybrid_v1,0.657077431678772,15,"{""source"": ""hybrid_u2i_comment_xgb"", ""alpha"": 0.65, ""score_u2i"": 0.8543652892112732, ""score_comment_xgb"": 0.29068565368652344}"
89,4246911,xgb_hybrid_v1,0.6362335681915283,16,"{""source"": ""hybrid_u2i_comment_xgb"", ""alpha"": 0.65, ""score_u2i"": 0.9014984369277954, ""score_comment_xgb"": 0.1435987800359726}"
89,100009013165,xgb_hybrid_v1,0.6283693313598633,17,"{""source"": ""hybrid_u2i_comment_xgb"", ""alpha"": 0.65, ""score_u2i"": 0.8207138180732727, ""score_comment_xgb"": 0.27115824818611145}"
89,100195732408,xgb_hybrid_v1,0.6251187324523926,18,"{""source"": ""hybrid_u2i_comment_xgb"", ""alpha"": 0.65, ""score_u2i"": 0.5447548627853394, ""score_comment_xgb"": 0.7743659615516663}"
89,100008149331,xgb_hybrid_v1,0.6239172220230103,19,"{""source"": ""hybrid_u2i_comment_xgb"", ""alpha"": 0.65, ""score_u2i"": 0.7940942049026489, ""score_comment_xgb"": 0.30787432193756104}"
89,100010077605,xgb_hybrid_v1,0.6209626197814941,20,"{""source"": ""hybrid_u2i_comment_xgb"", ""alpha"": 0.65, ""score_u2i"": 0.4243660271167755, ""score_comment_xgb"": 0.9860705733299255}"
90,100203000971,xgb_hybrid_v1,0.9058125019073486,1,"{""source"": ""hybrid_u2i_comment_xgb"", ""alpha"": 0.65, ""score_u2i"": 0.8562057018280029, ""score_comment_xgb"": 0.9979395270347595}"
90,100017016045,xgb_hybrid_v1,0.8321698904037476,2,"{""source"": ""hybrid_u2i_comment_xgb"", ""alpha"": 0.65, ""score_u2i"": 0.9571694135665894, ""score_comment_xgb"": 0.6000280380249023}"
90,11819155539,xgb_hybrid_v1,0.7988330125808716,3,"{""source"": ""hybrid_u2i_comment_xgb"", ""alpha"": 0.65, ""score_u2i"": 0.8023661375045776, ""score_comment_xgb"": 0.7922716736793518}"
90,10087901051820,xgb_hybrid_v1,0.7783633470535278,4,"{""source"": ""hybrid_u2i_comment_xgb"", ""alpha"": 0.65, ""score_u2i"": 0.669954240322113, ""score_comment_xgb"": 0.9796945452690125}"
90,100136079282,xgb_hybrid_v1,0.7660641670227051,5,"{""source"": ""hybrid_u2i_comment_xgb"", ""alpha"": 0.65, ""score_u2i"": 0.6701824069023132, ""score_comment_xgb"": 0.9441302418708801}"
90,10098681688567,xgb_hybrid_v1,0.7645873427391052,6,"{""source"": ""hybrid_u2i_comment_xgb"", ""alpha"": 0.65, ""score_u2i"": 0.9528220295906067, ""score_comment_xgb"": 0.41500869393348694}"
90,100114512933,xgb_hybrid_v1,0.763039767742157,7,"{""source"": ""hybrid_u2i_comment_xgb"", ""alpha"": 0.65, ""score_u2i"": 0.6755730509757996, ""score_comment_xgb"": 0.9254780411720276}"
90,100070794980,xgb_hybrid_v1,0.7619430422782898,8,"{""source"": ""hybrid_u2i_comment_xgb"", ""alpha"": 0.65, ""score_u2i"": 0.8027476072311401, ""score_comment_xgb"": 0.6861632466316223}"
90,100002187047,xgb_hybrid_v1,0.7360203266143799,9,"{""source"": ""hybrid_u2i_comment_xgb"", ""alpha"": 0.65, ""score_u2i"": 0.7876372933387756, ""score_comment_xgb"": 0.6401602625846863}"
90,5475198,xgb_hybrid_v1,0.7275838255882263,10,"{""source"": ""hybrid_u2i_comment_xgb"", ""alpha"": 0.65, ""score_u2i"": 0.9075139760971069, ""score_comment_xgb"": 0.3934279978275299}"
90,10109147342652,xgb_hybrid_v1,0.6662910580635071,11,"{""source"": ""hybrid_u2i_comment_xgb"", ""alpha"": 0.65, ""score_u2i"": 0.5240044593811035, ""score_comment_xgb"": 0.9305377006530762}"
90,10159600685389,xgb_hybrid_v1,0.6534616947174072,12,"{""source"": ""hybrid_u2i_comment_xgb"", ""alpha"": 0.65, ""score_u2i"": 0.47485774755477905, ""score_comment_xgb"": 0.9851548671722412}"
90,3409140,xgb_hybrid_v1,0.650402307510376,13,"{""source"": ""hybrid_u2i_comment_xgb"", ""alpha"": 0.65, ""score_u2i"": 0.8480225205421448, ""score_comment_xgb"": 0.28339341282844543}"
90,100064200322,xgb_hybrid_v1,0.6472645998001099,14,"{""source"": ""hybrid_u2i_comment_xgb"", ""alpha"": 0.65, ""score_u2i"": 0.5977714657783508, ""score_comment_xgb"": 0.7391803860664368}"
90,100288929442,xgb_hybrid_v1,0.6446367502212524,15,"{""source"": ""hybrid_u2i_comment_xgb"", ""alpha"": 0.65, ""score_u2i"": 0.5862635970115662, ""score_comment_xgb"": 0.7530441284179688}"
90,10212550372913,xgb_hybrid_v1,0.6430835723876953,16,"{""source"": ""hybrid_u2i_comment_xgb"", ""alpha"": 0.65, ""score_u2i"": 0.4562292993068695, ""score_comment_xgb"": 0.990098774433136}"
90,13065559672,xgb_hybrid_v1,0.6413825154304504,17,"{""source"": ""hybrid_u2i_comment_xgb"", ""alpha"": 0.65, ""score_u2i"": 0.6285393238067627, ""score_comment_xgb"": 0.6652342081069946}"
90,10037128752741,xgb_hybrid_v1,0.622207522392273,18,"{""source"": ""hybrid_u2i_comment_xgb"", ""alpha"": 0.65, ""score_u2i"": 0.6864814162254333, ""score_comment_xgb"": 0.5028416514396667}"
90,100201827671,xgb_hybrid_v1,0.6132007241249084,19,"{""source"": ""hybrid_u2i_comment_xgb"", ""alpha"": 0.65, ""score_u2i"": 0.4138292968273163, ""score_comment_xgb"": 0.9834620356559753}"
90,10132040325618,xgb_hybrid_v1,0.6074494123458862,20,"{""source"": ""hybrid_u2i_comment_xgb"", ""alpha"": 0.65, ""score_u2i"": 0.42938587069511414, ""score_comment_xgb"": 0.9381387829780579}"
91,100114512933,xgb_hybrid_v1,0.9555507898330688,1,"{""source"": ""hybrid_u2i_comment_xgb"", ""alpha"": 0.65, ""score_u2i"": 0.9717439413070679, ""score_comment_xgb"": 0.9254780411720276}"
91,100154268303,xgb_hybrid_v1,0.9339584112167358,2,"{""source"": ""hybrid_u2i_comment_xgb"", ""alpha"": 0.65, ""score_u2i"": 0.9634659290313721, ""score_comment_xgb"": 0.8791588544845581}"
91,100059911987,xgb_hybrid_v1,0.9148170948028564,3,"{""source"": ""hybrid_u2i_comment_xgb"", ""alpha"": 0.65, ""score_u2i"": 0.8735167980194092, ""score_comment_xgb"": 0.9915177226066589}"
91,11819155539,xgb_hybrid_v1,0.9094192981719971,4,"{""source"": ""hybrid_u2i_comment_xgb"", ""alpha"": 0.65, ""score_u2i"": 0.9724987745285034, ""score_comment_xgb"": 0.7922716736793518}"
91,100112272948,xgb_hybrid_v1,0.8937186598777771,5,"{""source"": ""hybrid_u2i_comment_xgb"", ""alpha"": 0.65, ""score_u2i"": 0.9343778491020203, ""score_comment_xgb"": 0.8182088136672974}"
91,100215876924,xgb_hybrid_v1,0.8771179914474487,6,"{""source"": ""hybrid_u2i_comment_xgb"", ""alpha"": 0.65, ""score_u2i"": 0.8200787305831909, ""score_comment_xgb"": 0.9830480813980103}"
91,100115256936,xgb_hybrid_v1,0.8657124042510986,7,"{""source"": ""hybrid_u2i_comment_xgb"", ""alpha"": 0.65, ""score_u2i"": 0.9277786612510681, ""score_comment_xgb"": 0.750446617603302}"
91,10070360840507,xgb_hybrid_v1,0.8600231409072876,8,"{""source"": ""hybrid_u2i_comment_xgb"", ""alpha"": 0.65, ""score_u2i"": 0.8998374938964844, ""score_comment_xgb"": 0.7860822081565857}"
91,10121602694516,xgb_hybrid_v1,0.8521618843078613,9,"{""source"": ""hybrid_u2i_comment_xgb"", ""alpha"": 0.65, ""score_u2i"": 0.8323927521705627, ""score_comment_xgb"": 0.88887619972229}"
91,13065559672,xgb_hybrid_v1,0.8501084446907043,10,"{""source"": ""hybrid_u2i_comment_xgb"", ""alpha"": 0.65, ""score_u2i"": 0.9496561288833618, ""score_comment_xgb"": 0.6652342081069946}"
91,100195732408,xgb_hybrid_v1,0.8484865427017212,11,"{""source"": ""hybrid_u2i_comment_xgb"", ""alpha"": 0.65, ""score_u2i"": 0.8883976936340332, ""score_comment_xgb"": 0.7743659615516663}"
91,100071138925,xgb_hybrid_v1,0.8476096391677856,12,"{""source"": ""hybrid_u2i_comment_xgb"", ""alpha"": 0.65, ""score_u2i"": 0.8330819010734558, ""score_comment_xgb"": 0.8745898604393005}"
91,100151315926,xgb_hybrid_v1,0.8335387706756592,13,"{""source"": ""hybrid_u2i_comment_xgb"", ""alpha"": 0.65, ""score_u2i"": 0.896696150302887, ""score_comment_xgb"": 0.7162466645240784}"
91,100203000983,xgb_hybrid_v1,0.8275578022003174,14,"{""source"": ""hybrid_u2i_comment_xgb"", ""alpha"": 0.65, ""score_u2i"": 0.7388375401496887, ""score_comment_xgb"": 0.9923239946365356}"
91,100184800271,xgb_hybrid_v1,0.8014432191848755,15,"{""source"": ""hybrid_u2i_comment_xgb"", ""alpha"": 0.65, ""score_u2i"": 0.7070670127868652, ""score_comment_xgb"": 0.9767134785652161}"
91,71577466395,xgb_hybrid_v1,0.7720057964324951,16,"{""source"": ""hybrid_u2i_comment_xgb"", ""alpha"": 0.65, ""score_u2i"": 0.830048680305481, ""score_comment_xgb"": 0.6642119288444519}"
91,100019031805,xgb_hybrid_v1,0.7698472738265991,17,"{""source"": ""hybrid_u2i_comment_xgb"", ""alpha"": 0.65, ""score_u2i"": 0.8693337440490723, ""score_comment_xgb"": 0.5850866436958313}"
91,10042124137320,xgb_hybrid_v1,0.7311073541641235,18,"{""source"": ""hybrid_u2i_comment_xgb"", ""alpha"": 0.65, ""score_u2i"": 0.968257486820221, ""score_comment_xgb"": 0.29068565368652344}"
91,100136079282,xgb_hybrid_v1,0.720185399055481,19,"{""source"": ""hybrid_u2i_comment_xgb"", ""alpha"": 0.65, ""score_u2i"": 0.5995997786521912, ""score_comment_xgb"": 0.9441302418708801}"
91,11819155540,xgb_hybrid_v1,0.7060192227363586,20,"{""source"": ""hybrid_u2i_comment_xgb"", ""alpha"": 0.65, ""score_u2i"": 0.7222365736961365, ""score_comment_xgb"": 0.6759012937545776}"
92,100203000971,xgb_hybrid_v1,0.9058125019073486,1,"{""source"": ""hybrid_u2i_comment_xgb"", ""alpha"": 0.65, ""score_u2i"": 0.8562057018280029, ""score_comment_xgb"": 0.9979395270347595}"
92,100017016045,xgb_hybrid_v1,0.8321698904037476,2,"{""source"": ""hybrid_u2i_comment_xgb"", ""alpha"": 0.65, ""score_u2i"": 0.9571694135665894, ""score_comment_xgb"": 0.6000280380249023}"
92,11819155539,xgb_hybrid_v1,0.7988330125808716,3,"{""source"": ""hybrid_u2i_comment_xgb"", ""alpha"": 0.65, ""score_u2i"": 0.8023661375045776, ""score_comment_xgb"": 0.7922716736793518}"
92,10087901051820,xgb_hybrid_v1,0.7783633470535278,4,"{""source"": ""hybrid_u2i_comment_xgb"", ""alpha"": 0.65, ""score_u2i"": 0.669954240322113, ""score_comment_xgb"": 0.9796945452690125}"
92,100136079282,xgb_hybrid_v1,0.7660641670227051,5,"{""source"": ""hybrid_u2i_comment_xgb"", ""alpha"": 0.65, ""score_u2i"": 0.6701824069023132, ""score_comment_xgb"": 0.9441302418708801}"
92,10098681688567,xgb_hybrid_v1,0.7645873427391052,6,"{""source"": ""hybrid_u2i_comment_xgb"", ""alpha"": 0.65, ""score_u2i"": 0.9528220295906067, ""score_comment_xgb"": 0.41500869393348694}"
92,100114512933,xgb_hybrid_v1,0.763039767742157,7,"{""source"": ""hybrid_u2i_comment_xgb"", ""alpha"": 0.65, ""score_u2i"": 0.6755730509757996, ""score_comment_xgb"": 0.9254780411720276}"
92,100070794980,xgb_hybrid_v1,0.7619430422782898,8,"{""source"": ""hybrid_u2i_comment_xgb"", ""alpha"": 0.65, ""score_u2i"": 0.8027476072311401, ""score_comment_xgb"": 0.6861632466316223}"
92,100002187047,xgb_hybrid_v1,0.7360203266143799,9,"{""source"": ""hybrid_u2i_comment_xgb"", ""alpha"": 0.65, ""score_u2i"": 0.7876372933387756, ""score_comment_xgb"": 0.6401602625846863}"
92,5475198,xgb_hybrid_v1,0.7275838255882263,10,"{""source"": ""hybrid_u2i_comment_xgb"", ""alpha"": 0.65, ""score_u2i"": 0.9075139760971069, ""score_comment_xgb"": 0.3934279978275299}"
92,10109147342652,xgb_hybrid_v1,0.6662910580635071,11,"{""source"": ""hybrid_u2i_comment_xgb"", ""alpha"": 0.65, ""score_u2i"": 0.5240044593811035, ""score_comment_xgb"": 0.9305377006530762}"
92,10159600685389,xgb_hybrid_v1,0.6534616947174072,12,"{""source"": ""hybrid_u2i_comment_xgb"", ""alpha"": 0.65, ""score_u2i"": 0.47485774755477905, ""score_comment_xgb"": 0.9851548671722412}"
92,3409140,xgb_hybrid_v1,0.650402307510376,13,"{""source"": ""hybrid_u2i_comment_xgb"", ""alpha"": 0.65, ""score_u2i"": 0.8480225205421448, ""score_comment_xgb"": 0.28339341282844543}"
92,100064200322,xgb_hybrid_v1,0.6472645998001099,14,"{""source"": ""hybrid_u2i_comment_xgb"", ""alpha"": 0.65, ""score_u2i"": 0.5977714657783508, ""score_comment_xgb"": 0.7391803860664368}"
92,100288929442,xgb_hybrid_v1,0.6446367502212524,15,"{""source"": ""hybrid_u2i_comment_xgb"", ""alpha"": 0.65, ""score_u2i"": 0.5862635970115662, ""score_comment_xgb"": 0.7530441284179688}"
92,10212550372913,xgb_hybrid_v1,0.6430835723876953,16,"{""source"": ""hybrid_u2i_comment_xgb"", ""alpha"": 0.65, ""score_u2i"": 0.4562292993068695, ""score_comment_xgb"": 0.990098774433136}"
92,13065559672,xgb_hybrid_v1,0.6413825154304504,17,"{""source"": ""hybrid_u2i_comment_xgb"", ""alpha"": 0.65, ""score_u2i"": 0.6285393238067627, ""score_comment_xgb"": 0.6652342081069946}"
92,10037128752741,xgb_hybrid_v1,0.622207522392273,18,"{""source"": ""hybrid_u2i_comment_xgb"", ""alpha"": 0.65, ""score_u2i"": 0.6864814162254333, ""score_comment_xgb"": 0.5028416514396667}"
92,100201827671,xgb_hybrid_v1,0.6132007241249084,19,"{""source"": ""hybrid_u2i_comment_xgb"", ""alpha"": 0.65, ""score_u2i"": 0.4138292968273163, ""score_comment_xgb"": 0.9834620356559753}"
92,10132040325618,xgb_hybrid_v1,0.6074494123458862,20,"{""source"": ""hybrid_u2i_comment_xgb"", ""alpha"": 0.65, ""score_u2i"": 0.42938587069511414, ""score_comment_xgb"": 0.9381387829780579}"
93,100114512933,xgb_hybrid_v1,0.9540194272994995,1,"{""source"": ""hybrid_u2i_comment_xgb"", ""alpha"": 0.65, ""score_u2i"": 0.9693878889083862, ""score_comment_xgb"": 0.9254780411720276}"
93,100154268303,xgb_hybrid_v1,0.9275970458984375,2,"{""source"": ""hybrid_u2i_comment_xgb"", ""alpha"": 0.65, ""score_u2i"": 0.9536792039871216, ""score_comment_xgb"": 0.8791588544845581}"
93,100215876924,xgb_hybrid_v1,0.8909841775894165,3,"{""source"": ""hybrid_u2i_comment_xgb"", ""alpha"": 0.65, ""score_u2i"": 0.8414113521575928, ""score_comment_xgb"": 0.9830480813980103}"
93,11819155539,xgb_hybrid_v1,0.8843228816986084,4,"{""source"": ""hybrid_u2i_comment_xgb"", ""alpha"": 0.65, ""score_u2i"": 0.9338890314102173, ""score_comment_xgb"": 0.7922716736793518}"
93,10121602694516,xgb_hybrid_v1,0.8518373966217041,5,"{""source"": ""hybrid_u2i_comment_xgb"", ""alpha"": 0.65, ""score_u2i"": 0.8318934440612793, ""score_comment_xgb"": 0.88887619972229}"
93,100019031805,xgb_hybrid_v1,0.8342052698135376,6,"{""source"": ""hybrid_u2i_comment_xgb"", ""alpha"": 0.65, ""score_u2i"": 0.968346118927002, ""score_comment_xgb"": 0.5850866436958313}"
93,13065559672,xgb_hybrid_v1,0.8303588032722473,7,"{""source"": ""hybrid_u2i_comment_xgb"", ""alpha"": 0.65, ""score_u2i"": 0.9192721247673035, ""score_comment_xgb"": 0.6652342081069946}"
93,100112272948,xgb_hybrid_v1,0.8243114352226257,8,"{""source"": ""hybrid_u2i_comment_xgb"", ""alpha"": 0.65, ""score_u2i"": 0.8275974988937378, ""score_comment_xgb"": 0.8182088136672974}"
93,100064200322,xgb_hybrid_v1,0.7996686697006226,9,"{""source"": ""hybrid_u2i_comment_xgb"", ""alpha"": 0.65, ""score_u2i"": 0.8322393298149109, ""score_comment_xgb"": 0.7391803860664368}"
93,100136079284,xgb_hybrid_v1,0.7973871231079102,10,"{""source"": ""hybrid_u2i_comment_xgb"", ""alpha"": 0.65, ""score_u2i"": 0.7249158620834351, ""score_comment_xgb"": 0.9319767355918884}"
93,71577466395,xgb_hybrid_v1,0.7964459657669067,11,"{""source"": ""hybrid_u2i_comment_xgb"", ""alpha"": 0.65, ""score_u2i"": 0.8676489591598511, ""score_comment_xgb"": 0.6642119288444519}"
93,100195732408,xgb_hybrid_v1,0.7882764339447021,12,"{""source"": ""hybrid_u2i_comment_xgb"", ""alpha"": 0.65, ""score_u2i"": 0.7957667708396912, ""score_comment_xgb"": 0.7743659615516663}"
93,100230694872,xgb_hybrid_v1,0.7434631586074829,13,"{""source"": ""hybrid_u2i_comment_xgb"", ""alpha"": 0.65, ""score_u2i"": 0.6758801341056824, ""score_comment_xgb"": 0.8689746260643005}"
93,10070360840507,xgb_hybrid_v1,0.7225006818771362,14,"{""source"": ""hybrid_u2i_comment_xgb"", ""alpha"": 0.65, ""score_u2i"": 0.6882645487785339, ""score_comment_xgb"": 0.7860822081565857}"
93,10042124137320,xgb_hybrid_v1,0.7109746932983398,15,"{""source"": ""hybrid_u2i_comment_xgb"", ""alpha"": 0.65, ""score_u2i"": 0.9372841715812683, ""score_comment_xgb"": 0.29068565368652344}"
93,100071138925,xgb_hybrid_v1,0.7020655870437622,16,"{""source"": ""hybrid_u2i_comment_xgb"", ""alpha"": 0.65, ""score_u2i"": 0.6091678738594055, ""score_comment_xgb"": 0.8745898604393005}"
93,100268823874,xgb_hybrid_v1,0.6976144909858704,17,"{""source"": ""hybrid_u2i_comment_xgb"", ""alpha"": 0.65, ""score_u2i"": 0.5500566363334656, ""score_comment_xgb"": 0.9716505408287048}"
93,4246911,xgb_hybrid_v1,0.6926772594451904,18,"{""source"": ""hybrid_u2i_comment_xgb"", ""alpha"": 0.65, ""score_u2i"": 0.9883348941802979, ""score_comment_xgb"": 0.1435987800359726}"
93,100002187047,xgb_hybrid_v1,0.6842972636222839,19,"{""source"": ""hybrid_u2i_comment_xgb"", ""alpha"": 0.65, ""score_u2i"": 0.7080633640289307, ""score_comment_xgb"": 0.6401602625846863}"
93,100008164593,xgb_hybrid_v1,0.6691959500312805,20,"{""source"": ""hybrid_u2i_comment_xgb"", ""alpha"": 0.65, ""score_u2i"": 0.9343655705451965, ""score_comment_xgb"": 0.1767382025718689}"
94,100203000971,xgb_hybrid_v1,0.9058125019073486,1,"{""source"": ""hybrid_u2i_comment_xgb"", ""alpha"": 0.65, ""score_u2i"": 0.8562057018280029, ""score_comment_xgb"": 0.9979395270347595}"
94,100017016045,xgb_hybrid_v1,0.8321698904037476,2,"{""source"": ""hybrid_u2i_comment_xgb"", ""alpha"": 0.65, ""score_u2i"": 0.9571694135665894, ""score_comment_xgb"": 0.6000280380249023}"
94,11819155539,xgb_hybrid_v1,0.7988330125808716,3,"{""source"": ""hybrid_u2i_comment_xgb"", ""alpha"": 0.65, ""score_u2i"": 0.8023661375045776, ""score_comment_xgb"": 0.7922716736793518}"
94,10087901051820,xgb_hybrid_v1,0.7783633470535278,4,"{""source"": ""hybrid_u2i_comment_xgb"", ""alpha"": 0.65, ""score_u2i"": 0.669954240322113, ""score_comment_xgb"": 0.9796945452690125}"
94,100136079282,xgb_hybrid_v1,0.7660641670227051,5,"{""source"": ""hybrid_u2i_comment_xgb"", ""alpha"": 0.65, ""score_u2i"": 0.6701824069023132, ""score_comment_xgb"": 0.9441302418708801}"
94,10098681688567,xgb_hybrid_v1,0.7645873427391052,6,"{""source"": ""hybrid_u2i_comment_xgb"", ""alpha"": 0.65, ""score_u2i"": 0.9528220295906067, ""score_comment_xgb"": 0.41500869393348694}"
94,100114512933,xgb_hybrid_v1,0.763039767742157,7,"{""source"": ""hybrid_u2i_comment_xgb"", ""alpha"": 0.65, ""score_u2i"": 0.6755730509757996, ""score_comment_xgb"": 0.9254780411720276}"
94,100070794980,xgb_hybrid_v1,0.7619430422782898,8,"{""source"": ""hybrid_u2i_comment_xgb"", ""alpha"": 0.65, ""score_u2i"": 0.8027476072311401, ""score_comment_xgb"": 0.6861632466316223}"
94,100002187047,xgb_hybrid_v1,0.7360203266143799,9,"{""source"": ""hybrid_u2i_comment_xgb"", ""alpha"": 0.65, ""score_u2i"": 0.7876372933387756, ""score_comment_xgb"": 0.6401602625846863}"
94,5475198,xgb_hybrid_v1,0.7275838255882263,10,"{""source"": ""hybrid_u2i_comment_xgb"", ""alpha"": 0.65, ""score_u2i"": 0.9075139760971069, ""score_comment_xgb"": 0.3934279978275299}"
94,10109147342652,xgb_hybrid_v1,0.6662910580635071,11,"{""source"": ""hybrid_u2i_comment_xgb"", ""alpha"": 0.65, ""score_u2i"": 0.5240044593811035, ""score_comment_xgb"": 0.9305377006530762}"
94,10159600685389,xgb_hybrid_v1,0.6534616947174072,12,"{""source"": ""hybrid_u2i_comment_xgb"", ""alpha"": 0.65, ""score_u2i"": 0.47485774755477905, ""score_comment_xgb"": 0.9851548671722412}"
94,3409140,xgb_hybrid_v1,0.650402307510376,13,"{""source"": ""hybrid_u2i_comment_xgb"", ""alpha"": 0.65, ""score_u2i"": 0.8480225205421448, ""score_comment_xgb"": 0.28339341282844543}"
94,100064200322,xgb_hybrid_v1,0.6472645998001099,14,"{""source"": ""hybrid_u2i_comment_xgb"", ""alpha"": 0.65, ""score_u2i"": 0.5977714657783508, ""score_comment_xgb"": 0.7391803860664368}"
94,100288929442,xgb_hybrid_v1,0.6446367502212524,15,"{""source"": ""hybrid_u2i_comment_xgb"", ""alpha"": 0.65, ""score_u2i"": 0.5862635970115662, ""score_comment_xgb"": 0.7530441284179688}"
94,10212550372913,xgb_hybrid_v1,0.6430835723876953,16,"{""source"": ""hybrid_u2i_comment_xgb"", ""alpha"": 0.65, ""score_u2i"": 0.4562292993068695, ""score_comment_xgb"": 0.990098774433136}"
94,13065559672,xgb_hybrid_v1,0.6413825154304504,17,"{""source"": ""hybrid_u2i_comment_xgb"", ""alpha"": 0.65, ""score_u2i"": 0.6285393238067627, ""score_comment_xgb"": 0.6652342081069946}"
94,10037128752741,xgb_hybrid_v1,0.622207522392273,18,"{""source"": ""hybrid_u2i_comment_xgb"", ""alpha"": 0.65, ""score_u2i"": 0.6864814162254333, ""score_comment_xgb"": 0.5028416514396667}"
94,100201827671,xgb_hybrid_v1,0.6132007241249084,19,"{""source"": ""hybrid_u2i_comment_xgb"", ""alpha"": 0.65, ""score_u2i"": 0.4138292968273163, ""score_comment_xgb"": 0.9834620356559753}"
94,10132040325618,xgb_hybrid_v1,0.6074494123458862,20,"{""source"": ""hybrid_u2i_comment_xgb"", ""alpha"": 0.65, ""score_u2i"": 0.42938587069511414, ""score_comment_xgb"": 0.9381387829780579}"
95,100114512933,xgb_hybrid_v1,0.9555507898330688,1,"{""source"": ""hybrid_u2i_comment_xgb"", ""alpha"": 0.65, ""score_u2i"": 0.9717439413070679, ""score_comment_xgb"": 0.9254780411720276}"
95,100154268303,xgb_hybrid_v1,0.9339584112167358,2,"{""source"": ""hybrid_u2i_comment_xgb"", ""alpha"": 0.65, ""score_u2i"": 0.9634659290313721, ""score_comment_xgb"": 0.8791588544845581}"
95,100059911987,xgb_hybrid_v1,0.9148170948028564,3,"{""source"": ""hybrid_u2i_comment_xgb"", ""alpha"": 0.65, ""score_u2i"": 0.8735167980194092, ""score_comment_xgb"": 0.9915177226066589}"
95,11819155539,xgb_hybrid_v1,0.9094192981719971,4,"{""source"": ""hybrid_u2i_comment_xgb"", ""alpha"": 0.65, ""score_u2i"": 0.9724987745285034, ""score_comment_xgb"": 0.7922716736793518}"
95,100112272948,xgb_hybrid_v1,0.8937186598777771,5,"{""source"": ""hybrid_u2i_comment_xgb"", ""alpha"": 0.65, ""score_u2i"": 0.9343778491020203, ""score_comment_xgb"": 0.8182088136672974}"
95,100215876924,xgb_hybrid_v1,0.8771179914474487,6,"{""source"": ""hybrid_u2i_comment_xgb"", ""alpha"": 0.65, ""score_u2i"": 0.8200787305831909, ""score_comment_xgb"": 0.9830480813980103}"
95,100115256936,xgb_hybrid_v1,0.8657124042510986,7,"{""source"": ""hybrid_u2i_comment_xgb"", ""alpha"": 0.65, ""score_u2i"": 0.9277786612510681, ""score_comment_xgb"": 0.750446617603302}"
95,10070360840507,xgb_hybrid_v1,0.8600231409072876,8,"{""source"": ""hybrid_u2i_comment_xgb"", ""alpha"": 0.65, ""score_u2i"": 0.8998374938964844, ""score_comment_xgb"": 0.7860822081565857}"
95,10121602694516,xgb_hybrid_v1,0.8521618843078613,9,"{""source"": ""hybrid_u2i_comment_xgb"", ""alpha"": 0.65, ""score_u2i"": 0.8323927521705627, ""score_comment_xgb"": 0.88887619972229}"
95,13065559672,xgb_hybrid_v1,0.8501084446907043,10,"{""source"": ""hybrid_u2i_comment_xgb"", ""alpha"": 0.65, ""score_u2i"": 0.9496561288833618, ""score_comment_xgb"": 0.6652342081069946}"
95,100195732408,xgb_hybrid_v1,0.8484865427017212,11,"{""source"": ""hybrid_u2i_comment_xgb"", ""alpha"": 0.65, ""score_u2i"": 0.8883976936340332, ""score_comment_xgb"": 0.7743659615516663}"
95,100071138925,xgb_hybrid_v1,0.8476096391677856,12,"{""source"": ""hybrid_u2i_comment_xgb"", ""alpha"": 0.65, ""score_u2i"": 0.8330819010734558, ""score_comment_xgb"": 0.8745898604393005}"
95,100151315926,xgb_hybrid_v1,0.8335387706756592,13,"{""source"": ""hybrid_u2i_comment_xgb"", ""alpha"": 0.65, ""score_u2i"": 0.896696150302887, ""score_comment_xgb"": 0.7162466645240784}"
95,100203000983,xgb_hybrid_v1,0.8275578022003174,14,"{""source"": ""hybrid_u2i_comment_xgb"", ""alpha"": 0.65, ""score_u2i"": 0.7388375401496887, ""score_comment_xgb"": 0.9923239946365356}"
95,100184800271,xgb_hybrid_v1,0.8014432191848755,15,"{""source"": ""hybrid_u2i_comment_xgb"", ""alpha"": 0.65, ""score_u2i"": 0.7070670127868652, ""score_comment_xgb"": 0.9767134785652161}"
95,71577466395,xgb_hybrid_v1,0.7720057964324951,16,"{""source"": ""hybrid_u2i_comment_xgb"", ""alpha"": 0.65, ""score_u2i"": 0.830048680305481, ""score_comment_xgb"": 0.6642119288444519}"
95,100019031805,xgb_hybrid_v1,0.7698472738265991,17,"{""source"": ""hybrid_u2i_comment_xgb"", ""alpha"": 0.65, ""score_u2i"": 0.8693337440490723, ""score_comment_xgb"": 0.5850866436958313}"
95,10042124137320,xgb_hybrid_v1,0.7311073541641235,18,"{""source"": ""hybrid_u2i_comment_xgb"", ""alpha"": 0.65, ""score_u2i"": 0.968257486820221, ""score_comment_xgb"": 0.29068565368652344}"
95,100136079282,xgb_hybrid_v1,0.720185399055481,19,"{""source"": ""hybrid_u2i_comment_xgb"", ""alpha"": 0.65, ""score_u2i"": 0.5995997786521912, ""score_comment_xgb"": 0.9441302418708801}"
95,11819155540,xgb_hybrid_v1,0.7060192227363586,20,"{""source"": ""hybrid_u2i_comment_xgb"", ""alpha"": 0.65, ""score_u2i"": 0.7222365736961365, ""score_comment_xgb"": 0.6759012937545776}"
96,100203000971,xgb_hybrid_v1,0.9058125019073486,1,"{""source"": ""hybrid_u2i_comment_xgb"", ""alpha"": 0.65, ""score_u2i"": 0.8562057018280029, ""score_comment_xgb"": 0.9979395270347595}"
96,100017016045,xgb_hybrid_v1,0.8321698904037476,2,"{""source"": ""hybrid_u2i_comment_xgb"", ""alpha"": 0.65, ""score_u2i"": 0.9571694135665894, ""score_comment_xgb"": 0.6000280380249023}"
96,11819155539,xgb_hybrid_v1,0.7988330125808716,3,"{""source"": ""hybrid_u2i_comment_xgb"", ""alpha"": 0.65, ""score_u2i"": 0.8023661375045776, ""score_comment_xgb"": 0.7922716736793518}"
96,10087901051820,xgb_hybrid_v1,0.7783633470535278,4,"{""source"": ""hybrid_u2i_comment_xgb"", ""alpha"": 0.65, ""score_u2i"": 0.669954240322113, ""score_comment_xgb"": 0.9796945452690125}"
96,100136079282,xgb_hybrid_v1,0.7660641670227051,5,"{""source"": ""hybrid_u2i_comment_xgb"", ""alpha"": 0.65, ""score_u2i"": 0.6701824069023132, ""score_comment_xgb"": 0.9441302418708801}"
96,10098681688567,xgb_hybrid_v1,0.7645873427391052,6,"{""source"": ""hybrid_u2i_comment_xgb"", ""alpha"": 0.65, ""score_u2i"": 0.9528220295906067, ""score_comment_xgb"": 0.41500869393348694}"
96,100114512933,xgb_hybrid_v1,0.763039767742157,7,"{""source"": ""hybrid_u2i_comment_xgb"", ""alpha"": 0.65, ""score_u2i"": 0.6755730509757996, ""score_comment_xgb"": 0.9254780411720276}"
96,100070794980,xgb_hybrid_v1,0.7619430422782898,8,"{""source"": ""hybrid_u2i_comment_xgb"", ""alpha"": 0.65, ""score_u2i"": 0.8027476072311401, ""score_comment_xgb"": 0.6861632466316223}"
96,100002187047,xgb_hybrid_v1,0.7360203266143799,9,"{""source"": ""hybrid_u2i_comment_xgb"", ""alpha"": 0.65, ""score_u2i"": 0.7876372933387756, ""score_comment_xgb"": 0.6401602625846863}"
96,5475198,xgb_hybrid_v1,0.7275838255882263,10,"{""source"": ""hybrid_u2i_comment_xgb"", ""alpha"": 0.65, ""score_u2i"": 0.9075139760971069, ""score_comment_xgb"": 0.3934279978275299}"
96,10109147342652,xgb_hybrid_v1,0.6662910580635071,11,"{""source"": ""hybrid_u2i_comment_xgb"", ""alpha"": 0.65, ""score_u2i"": 0.5240044593811035, ""score_comment_xgb"": 0.9305377006530762}"
96,10159600685389,xgb_hybrid_v1,0.6534616947174072,12,"{""source"": ""hybrid_u2i_comment_xgb"", ""alpha"": 0.65, ""score_u2i"": 0.47485774755477905, ""score_comment_xgb"": 0.9851548671722412}"
96,3409140,xgb_hybrid_v1,0.650402307510376,13,"{""source"": ""hybrid_u2i_comment_xgb"", ""alpha"": 0.65, ""score_u2i"": 0.8480225205421448, ""score_comment_xgb"": 0.28339341282844543}"
96,100064200322,xgb_hybrid_v1,0.6472645998001099,14,"{""source"": ""hybrid_u2i_comment_xgb"", ""alpha"": 0.65, ""score_u2i"": 0.5977714657783508, ""score_comment_xgb"": 0.7391803860664368}"
96,100288929442,xgb_hybrid_v1,0.6446367502212524,15,"{""source"": ""hybrid_u2i_comment_xgb"", ""alpha"": 0.65, ""score_u2i"": 0.5862635970115662, ""score_comment_xgb"": 0.7530441284179688}"
96,10212550372913,xgb_hybrid_v1,0.6430835723876953,16,"{""source"": ""hybrid_u2i_comment_xgb"", ""alpha"": 0.65, ""score_u2i"": 0.4562292993068695, ""score_comment_xgb"": 0.990098774433136}"
96,13065559672,xgb_hybrid_v1,0.6413825154304504,17,"{""source"": ""hybrid_u2i_comment_xgb"", ""alpha"": 0.65, ""score_u2i"": 0.6285393238067627, ""score_comment_xgb"": 0.6652342081069946}"
96,10037128752741,xgb_hybrid_v1,0.622207522392273,18,"{""source"": ""hybrid_u2i_comment_xgb"", ""alpha"": 0.65, ""score_u2i"": 0.6864814162254333, ""score_comment_xgb"": 0.5028416514396667}"
96,100201827671,xgb_hybrid_v1,0.6132007241249084,19,"{""source"": ""hybrid_u2i_comment_xgb"", ""alpha"": 0.65, ""score_u2i"": 0.4138292968273163, ""score_comment_xgb"": 0.9834620356559753}"
96,10132040325618,xgb_hybrid_v1,0.6074494123458862,20,"{""source"": ""hybrid_u2i_comment_xgb"", ""alpha"": 0.65, ""score_u2i"": 0.42938587069511414, ""score_comment_xgb"": 0.9381387829780579}"
97,100203000971,xgb_hybrid_v1,0.9058125019073486,1,"{""source"": ""hybrid_u2i_comment_xgb"", ""alpha"": 0.65, ""score_u2i"": 0.8562057018280029, ""score_comment_xgb"": 0.9979395270347595}"
97,100017016045,xgb_hybrid_v1,0.8321698904037476,2,"{""source"": ""hybrid_u2i_comment_xgb"", ""alpha"": 0.65, ""score_u2i"": 0.9571694135665894, ""score_comment_xgb"": 0.6000280380249023}"
97,11819155539,xgb_hybrid_v1,0.7988330125808716,3,"{""source"": ""hybrid_u2i_comment_xgb"", ""alpha"": 0.65, ""score_u2i"": 0.8023661375045776, ""score_comment_xgb"": 0.7922716736793518}"
97,10087901051820,xgb_hybrid_v1,0.7783633470535278,4,"{""source"": ""hybrid_u2i_comment_xgb"", ""alpha"": 0.65, ""score_u2i"": 0.669954240322113, ""score_comment_xgb"": 0.9796945452690125}"
97,100136079282,xgb_hybrid_v1,0.7660641670227051,5,"{""source"": ""hybrid_u2i_comment_xgb"", ""alpha"": 0.65, ""score_u2i"": 0.6701824069023132, ""score_comment_xgb"": 0.9441302418708801}"
97,10098681688567,xgb_hybrid_v1,0.7645873427391052,6,"{""source"": ""hybrid_u2i_comment_xgb"", ""alpha"": 0.65, ""score_u2i"": 0.9528220295906067, ""score_comment_xgb"": 0.41500869393348694}"
97,100114512933,xgb_hybrid_v1,0.763039767742157,7,"{""source"": ""hybrid_u2i_comment_xgb"", ""alpha"": 0.65, ""score_u2i"": 0.6755730509757996, ""score_comment_xgb"": 0.9254780411720276}"
97,100070794980,xgb_hybrid_v1,0.7619430422782898,8,"{""source"": ""hybrid_u2i_comment_xgb"", ""alpha"": 0.65, ""score_u2i"": 0.8027476072311401, ""score_comment_xgb"": 0.6861632466316223}"
97,100002187047,xgb_hybrid_v1,0.7360203266143799,9,"{""source"": ""hybrid_u2i_comment_xgb"", ""alpha"": 0.65, ""score_u2i"": 0.7876372933387756, ""score_comment_xgb"": 0.6401602625846863}"
97,5475198,xgb_hybrid_v1,0.7275838255882263,10,"{""source"": ""hybrid_u2i_comment_xgb"", ""alpha"": 0.65, ""score_u2i"": 0.9075139760971069, ""score_comment_xgb"": 0.3934279978275299}"
97,10109147342652,xgb_hybrid_v1,0.6662910580635071,11,"{""source"": ""hybrid_u2i_comment_xgb"", ""alpha"": 0.65, ""score_u2i"": 0.5240044593811035, ""score_comment_xgb"": 0.9305377006530762}"
97,10159600685389,xgb_hybrid_v1,0.6534616947174072,12,"{""source"": ""hybrid_u2i_comment_xgb"", ""alpha"": 0.65, ""score_u2i"": 0.47485774755477905, ""score_comment_xgb"": 0.9851548671722412}"
97,3409140,xgb_hybrid_v1,0.650402307510376,13,"{""source"": ""hybrid_u2i_comment_xgb"", ""alpha"": 0.65, ""score_u2i"": 0.8480225205421448, ""score_comment_xgb"": 0.28339341282844543}"
97,100064200322,xgb_hybrid_v1,0.6472645998001099,14,"{""source"": ""hybrid_u2i_comment_xgb"", ""alpha"": 0.65, ""score_u2i"": 0.5977714657783508, ""score_comment_xgb"": 0.7391803860664368}"
97,100288929442,xgb_hybrid_v1,0.6446367502212524,15,"{""source"": ""hybrid_u2i_comment_xgb"", ""alpha"": 0.65, ""score_u2i"": 0.5862635970115662, ""score_comment_xgb"": 0.7530441284179688}"
97,10212550372913,xgb_hybrid_v1,0.6430835723876953,16,"{""source"": ""hybrid_u2i_comment_xgb"", ""alpha"": 0.65, ""score_u2i"": 0.4562292993068695, ""score_comment_xgb"": 0.990098774433136}"
97,13065559672,xgb_hybrid_v1,0.6413825154304504,17,"{""source"": ""hybrid_u2i_comment_xgb"", ""alpha"": 0.65, ""score_u2i"": 0.6285393238067627, ""score_comment_xgb"": 0.6652342081069946}"
97,10037128752741,xgb_hybrid_v1,0.622207522392273,18,"{""source"": ""hybrid_u2i_comment_xgb"", ""alpha"": 0.65, ""score_u2i"": 0.6864814162254333, ""score_comment_xgb"": 0.5028416514396667}"
97,100201827671,xgb_hybrid_v1,0.6132007241249084,19,"{""source"": ""hybrid_u2i_comment_xgb"", ""alpha"": 0.65, ""score_u2i"": 0.4138292968273163, ""score_comment_xgb"": 0.9834620356559753}"
97,10132040325618,xgb_hybrid_v1,0.6074494123458862,20,"{""source"": ""hybrid_u2i_comment_xgb"", ""alpha"": 0.65, ""score_u2i"": 0.42938587069511414, ""score_comment_xgb"": 0.9381387829780579}"
98,13065559672,xgb_hybrid_v1,0.8589136004447937,1,"{""source"": ""hybrid_u2i_comment_xgb"", ""alpha"": 0.65, ""score_u2i"": 0.9632025361061096, ""score_comment_xgb"": 0.6652342081069946}"
98,100288929442,xgb_hybrid_v1,0.8313864469528198,2,"{""source"": ""hybrid_u2i_comment_xgb"", ""alpha"": 0.65, ""score_u2i"": 0.8735707402229309, ""score_comment_xgb"": 0.7530441284179688}"
98,100136079282,xgb_hybrid_v1,0.8286261558532715,3,"{""source"": ""hybrid_u2i_comment_xgb"", ""alpha"": 0.65, ""score_u2i"": 0.7664316296577454, ""score_comment_xgb"": 0.9441302418708801}"
98,11819155539,xgb_hybrid_v1,0.8225306272506714,4,"{""source"": ""hybrid_u2i_comment_xgb"", ""alpha"": 0.65, ""score_u2i"": 0.8388240337371826, ""score_comment_xgb"": 0.7922716736793518}"
98,100121467835,xgb_hybrid_v1,0.8172107934951782,5,"{""source"": ""hybrid_u2i_comment_xgb"", ""alpha"": 0.65, ""score_u2i"": 0.7378661632537842, ""score_comment_xgb"": 0.9645651578903198}"
98,100019031805,xgb_hybrid_v1,0.81535404920578,6,"{""source"": ""hybrid_u2i_comment_xgb"", ""alpha"": 0.65, ""score_u2i"": 0.9393442273139954, ""score_comment_xgb"": 0.5850866436958313}"
98,5475198,xgb_hybrid_v1,0.756950318813324,7,"{""source"": ""hybrid_u2i_comment_xgb"", ""alpha"": 0.65, ""score_u2i"": 0.9526931643486023, ""score_comment_xgb"": 0.3934279978275299}"
98,100154268303,xgb_hybrid_v1,0.7502631545066833,8,"{""source"": ""hybrid_u2i_comment_xgb"", ""alpha"": 0.65, ""score_u2i"": 0.6808578372001648, ""score_comment_xgb"": 0.8791588544845581}"
98,10098681688567,xgb_hybrid_v1,0.7414751648902893,9,"{""source"": ""hybrid_u2i_comment_xgb"", ""alpha"": 0.65, ""score_u2i"": 0.9172648191452026, ""score_comment_xgb"": 0.41500869393348694}"
98,10098656892439,xgb_hybrid_v1,0.6905181407928467,10,"{""source"": ""hybrid_u2i_comment_xgb"", ""alpha"": 0.65, ""score_u2i"": 0.6469979286193848, ""score_comment_xgb"": 0.7713414430618286}"
98,100154268305,xgb_hybrid_v1,0.6898762583732605,11,"{""source"": ""hybrid_u2i_comment_xgb"", ""alpha"": 0.65, ""score_u2i"": 0.8252490758895874, ""score_comment_xgb"": 0.43846961855888367}"
98,3409140,xgb_hybrid_v1,0.6891852021217346,12,"{""source"": ""hybrid_u2i_comment_xgb"", ""alpha"": 0.65, ""score_u2i"": 0.907688558101654, ""score_comment_xgb"": 0.28339341282844543}"
98,11819155538,xgb_hybrid_v1,0.6786131858825684,13,"{""source"": ""hybrid_u2i_comment_xgb"", ""alpha"": 0.65, ""score_u2i"": 0.624653697013855, ""score_comment_xgb"": 0.7788236141204834}"
98,10087901051820,xgb_hybrid_v1,0.6670033931732178,14,"{""source"": ""hybrid_u2i_comment_xgb"", ""alpha"": 0.65, ""score_u2i"": 0.4986312985420227, ""score_comment_xgb"": 0.9796945452690125}"
98,10042124137320,xgb_hybrid_v1,0.657077431678772,15,"{""source"": ""hybrid_u2i_comment_xgb"", ""alpha"": 0.65, ""score_u2i"": 0.8543652892112732, ""score_comment_xgb"": 0.29068565368652344}"
98,4246911,xgb_hybrid_v1,0.6362335681915283,16,"{""source"": ""hybrid_u2i_comment_xgb"", ""alpha"": 0.65, ""score_u2i"": 0.9014984369277954, ""score_comment_xgb"": 0.1435987800359726}"
98,100009013165,xgb_hybrid_v1,0.6283693313598633,17,"{""source"": ""hybrid_u2i_comment_xgb"", ""alpha"": 0.65, ""score_u2i"": 0.8207138180732727, ""score_comment_xgb"": 0.27115824818611145}"
98,100195732408,xgb_hybrid_v1,0.6251187324523926,18,"{""source"": ""hybrid_u2i_comment_xgb"", ""alpha"": 0.65, ""score_u2i"": 0.5447548627853394, ""score_comment_xgb"": 0.7743659615516663}"
98,100008149331,xgb_hybrid_v1,0.6239172220230103,19,"{""source"": ""hybrid_u2i_comment_xgb"", ""alpha"": 0.65, ""score_u2i"": 0.7940942049026489, ""score_comment_xgb"": 0.30787432193756104}"
98,100010077605,xgb_hybrid_v1,0.6209626197814941,20,"{""source"": ""hybrid_u2i_comment_xgb"", ""alpha"": 0.65, ""score_u2i"": 0.4243660271167755, ""score_comment_xgb"": 0.9860705733299255}"
99,100114512933,xgb_hybrid_v1,0.9555507898330688,1,"{""source"": ""hybrid_u2i_comment_xgb"", ""alpha"": 0.65, ""score_u2i"": 0.9717439413070679, ""score_comment_xgb"": 0.9254780411720276}"
99,100154268303,xgb_hybrid_v1,0.9339584112167358,2,"{""source"": ""hybrid_u2i_comment_xgb"", ""alpha"": 0.65, ""score_u2i"": 0.9634659290313721, ""score_comment_xgb"": 0.8791588544845581}"
99,100059911987,xgb_hybrid_v1,0.9148170948028564,3,"{""source"": ""hybrid_u2i_comment_xgb"", ""alpha"": 0.65, ""score_u2i"": 0.8735167980194092, ""score_comment_xgb"": 0.9915177226066589}"
99,11819155539,xgb_hybrid_v1,0.9094192981719971,4,"{""source"": ""hybrid_u2i_comment_xgb"", ""alpha"": 0.65, ""score_u2i"": 0.9724987745285034, ""score_comment_xgb"": 0.7922716736793518}"
99,100112272948,xgb_hybrid_v1,0.8937186598777771,5,"{""source"": ""hybrid_u2i_comment_xgb"", ""alpha"": 0.65, ""score_u2i"": 0.9343778491020203, ""score_comment_xgb"": 0.8182088136672974}"
99,100215876924,xgb_hybrid_v1,0.8771179914474487,6,"{""source"": ""hybrid_u2i_comment_xgb"", ""alpha"": 0.65, ""score_u2i"": 0.8200787305831909, ""score_comment_xgb"": 0.9830480813980103}"
99,100115256936,xgb_hybrid_v1,0.8657124042510986,7,"{""source"": ""hybrid_u2i_comment_xgb"", ""alpha"": 0.65, ""score_u2i"": 0.9277786612510681, ""score_comment_xgb"": 0.750446617603302}"
99,10070360840507,xgb_hybrid_v1,0.8600231409072876,8,"{""source"": ""hybrid_u2i_comment_xgb"", ""alpha"": 0.65, ""score_u2i"": 0.8998374938964844, ""score_comment_xgb"": 0.7860822081565857}"
99,10121602694516,xgb_hybrid_v1,0.8521618843078613,9,"{""source"": ""hybrid_u2i_comment_xgb"", ""alpha"": 0.65, ""score_u2i"": 0.8323927521705627, ""score_comment_xgb"": 0.88887619972229}"
99,13065559672,xgb_hybrid_v1,0.8501084446907043,10,"{""source"": ""hybrid_u2i_comment_xgb"", ""alpha"": 0.65, ""score_u2i"": 0.9496561288833618, ""score_comment_xgb"": 0.6652342081069946}"
99,100195732408,xgb_hybrid_v1,0.8484865427017212,11,"{""source"": ""hybrid_u2i_comment_xgb"", ""alpha"": 0.65, ""score_u2i"": 0.8883976936340332, ""score_comment_xgb"": 0.7743659615516663}"
99,100071138925,xgb_hybrid_v1,0.8476096391677856,12,"{""source"": ""hybrid_u2i_comment_xgb"", ""alpha"": 0.65, ""score_u2i"": 0.8330819010734558, ""score_comment_xgb"": 0.8745898604393005}"
99,100151315926,xgb_hybrid_v1,0.8335387706756592,13,"{""source"": ""hybrid_u2i_comment_xgb"", ""alpha"": 0.65, ""score_u2i"": 0.896696150302887, ""score_comment_xgb"": 0.7162466645240784}"
99,100203000983,xgb_hybrid_v1,0.8275578022003174,14,"{""source"": ""hybrid_u2i_comment_xgb"", ""alpha"": 0.65, ""score_u2i"": 0.7388375401496887, ""score_comment_xgb"": 0.9923239946365356}"
99,100184800271,xgb_hybrid_v1,0.8014432191848755,15,"{""source"": ""hybrid_u2i_comment_xgb"", ""alpha"": 0.65, ""score_u2i"": 0.7070670127868652, ""score_comment_xgb"": 0.9767134785652161}"
99,71577466395,xgb_hybrid_v1,0.7720057964324951,16,"{""source"": ""hybrid_u2i_comment_xgb"", ""alpha"": 0.65, ""score_u2i"": 0.830048680305481, ""score_comment_xgb"": 0.6642119288444519}"
99,100019031805,xgb_hybrid_v1,0.7698472738265991,17,"{""source"": ""hybrid_u2i_comment_xgb"", ""alpha"": 0.65, ""score_u2i"": 0.8693337440490723, ""score_comment_xgb"": 0.5850866436958313}"
99,10042124137320,xgb_hybrid_v1,0.7311073541641235,18,"{""source"": ""hybrid_u2i_comment_xgb"", ""alpha"": 0.65, ""score_u2i"": 0.968257486820221, ""score_comment_xgb"": 0.29068565368652344}"
99,100136079282,xgb_hybrid_v1,0.720185399055481,19,"{""source"": ""hybrid_u2i_comment_xgb"", ""alpha"": 0.65, ""score_u2i"": 0.5995997786521912, ""score_comment_xgb"": 0.9441302418708801}"
99,11819155540,xgb_hybrid_v1,0.7060192227363586,20,"{""source"": ""hybrid_u2i_comment_xgb"", ""alpha"": 0.65, ""score_u2i"": 0.7222365736961365, ""score_comment_xgb"": 0.6759012937545776}"
100,100114512933,xgb_hybrid_v1,0.9539411067962646,1,"{""source"": ""hybrid_u2i_comment_xgb"", ""alpha"": 0.65, ""score_u2i"": 0.9692674875259399, ""score_comment_xgb"": 0.9254780411720276}"
100,100136079282,xgb_hybrid_v1,0.9504092335700989,2,"{""source"": ""hybrid_u2i_comment_xgb"", ""alpha"": 0.65, ""score_u2i"": 0.9537902474403381, ""score_comment_xgb"": 0.9441302418708801}"
100,100154268303,xgb_hybrid_v1,0.9478967785835266,3,"{""source"": ""hybrid_u2i_comment_xgb"", ""alpha"": 0.65, ""score_u2i"": 0.9849095940589905, ""score_comment_xgb"": 0.8791588544845581}"
100,100136079284,xgb_hybrid_v1,0.9215860366821289,4,"{""source"": ""hybrid_u2i_comment_xgb"", ""alpha"": 0.65, ""score_u2i"": 0.9159910678863525, ""score_comment_xgb"": 0.9319767355918884}"
100,11819155539,xgb_hybrid_v1,0.8860989809036255,5,"{""source"": ""hybrid_u2i_comment_xgb"", ""alpha"": 0.65, ""score_u2i"": 0.9366214275360107, ""score_comment_xgb"": 0.7922716736793518}"
100,100268823874,xgb_hybrid_v1,0.8599597215652466,6,"{""source"": ""hybrid_u2i_comment_xgb"", ""alpha"": 0.65, ""score_u2i"": 0.7998185157775879, ""score_comment_xgb"": 0.9716505408287048}"
100,10087901051820,xgb_hybrid_v1,0.8467367887496948,7,"{""source"": ""hybrid_u2i_comment_xgb"", ""alpha"": 0.65, ""score_u2i"": 0.7751441597938538, ""score_comment_xgb"": 0.9796945452690125}"
100,10192694267563,xgb_hybrid_v1,0.8454388380050659,8,"{""source"": ""hybrid_u2i_comment_xgb"", ""alpha"": 0.65, ""score_u2i"": 0.8468969464302063, ""score_comment_xgb"": 0.8427309393882751}"
100,100019031805,xgb_hybrid_v1,0.8443332314491272,9,"{""source"": ""hybrid_u2i_comment_xgb"", ""alpha"": 0.65, ""score_u2i"": 0.9839275479316711, ""score_comment_xgb"": 0.5850866436958313}"
100,100230694872,xgb_hybrid_v1,0.7894266247749329,10,"{""source"": ""hybrid_u2i_comment_xgb"", ""alpha"": 0.65, ""score_u2i"": 0.7465931177139282, ""score_comment_xgb"": 0.8689746260643005}"
100,100195732408,xgb_hybrid_v1,0.7834057807922363,11,"{""source"": ""hybrid_u2i_comment_xgb"", ""alpha"": 0.65, ""score_u2i"": 0.7882734537124634, ""score_comment_xgb"": 0.7743659615516663}"
100,5475198,xgb_hybrid_v1,0.7157570123672485,12,"{""source"": ""hybrid_u2i_comment_xgb"", ""alpha"": 0.65, ""score_u2i"": 0.8893188834190369, ""score_comment_xgb"": 0.3934279978275299}"
100,100009013165,xgb_hybrid_v1,0.7063034176826477,13,"{""source"": ""hybrid_u2i_comment_xgb"", ""alpha"": 0.65, ""score_u2i"": 0.9406123757362366, ""score_comment_xgb"": 0.27115824818611145}"
100,13065559672,xgb_hybrid_v1,0.703201413154602,14,"{""source"": ""hybrid_u2i_comment_xgb"", ""alpha"": 0.65, ""score_u2i"": 0.7236453294754028, ""score_comment_xgb"": 0.6652342081069946}"
100,10037128752741,xgb_hybrid_v1,0.697053074836731,15,"{""source"": ""hybrid_u2i_comment_xgb"", ""alpha"": 0.65, ""score_u2i"": 0.8016284704208374, ""score_comment_xgb"": 0.5028416514396667}"
100,69673075023,xgb_hybrid_v1,0.6936408877372742,16,"{""source"": ""hybrid_u2i_comment_xgb"", ""alpha"": 0.65, ""score_u2i"": 0.8362259268760681, ""score_comment_xgb"": 0.4288400709629059}"
100,4246911,xgb_hybrid_v1,0.6903039813041687,17,"{""source"": ""hybrid_u2i_comment_xgb"", ""alpha"": 0.65, ""score_u2i"": 0.9846836924552917, ""score_comment_xgb"": 0.1435987800359726}"
100,100002187047,xgb_hybrid_v1,0.6453851461410522,18,"{""source"": ""hybrid_u2i_comment_xgb"", ""alpha"": 0.65, ""score_u2i"": 0.6481986045837402, ""score_comment_xgb"": 0.6401602625846863}"
100,4246893,xgb_hybrid_v1,0.6436094641685486,19,"{""source"": ""hybrid_u2i_comment_xgb"", ""alpha"": 0.65, ""score_u2i"": 0.8408724069595337, ""score_comment_xgb"": 0.27726417779922485}"
100,100112272948,xgb_hybrid_v1,0.6387937068939209,20,"{""source"": ""hybrid_u2i_comment_xgb"", ""alpha"": 0.65, ""score_u2i"": 0.5421856045722961, ""score_comment_xgb"": 0.8182088136672974}"
101,100136079282,xgb_hybrid_v1,0.9578642249107361,1,"{""source"": ""hybrid_u2i_comment_xgb"", ""alpha"": 0.65, ""score_u2i"": 0.9652594923973083, ""score_comment_xgb"": 0.9441302418708801}"
101,100154268303,xgb_hybrid_v1,0.9252631068229675,2,"{""source"": ""hybrid_u2i_comment_xgb"", ""alpha"": 0.65, ""score_u2i"": 0.9500885009765625, ""score_comment_xgb"": 0.8791588544845581}"
101,100249994404,xgb_hybrid_v1,0.9238307476043701,3,"{""source"": ""hybrid_u2i_comment_xgb"", ""alpha"": 0.65, ""score_u2i"": 0.914801299571991, ""score_comment_xgb"": 0.9405998587608337}"
101,100114512933,xgb_hybrid_v1,0.9019178152084351,4,"{""source"": ""hybrid_u2i_comment_xgb"", ""alpha"": 0.65, ""score_u2i"": 0.8892315626144409, ""score_comment_xgb"": 0.9254780411720276}"
101,13065559672,xgb_hybrid_v1,0.8539630174636841,5,"{""source"": ""hybrid_u2i_comment_xgb"", ""alpha"": 0.65, ""score_u2i"": 0.9555862545967102, ""score_comment_xgb"": 0.6652342081069946}"
101,100019031805,xgb_hybrid_v1,0.8454576134681702,6,"{""source"": ""hybrid_u2i_comment_xgb"", ""alpha"": 0.65, ""score_u2i"": 0.9856573343276978, ""score_comment_xgb"": 0.5850866436958313}"
101,100216501267,xgb_hybrid_v1,0.8380846977233887,7,"{""source"": ""hybrid_u2i_comment_xgb"", ""alpha"": 0.65, ""score_u2i"": 0.7541028261184692, ""score_comment_xgb"": 0.9940510988235474}"
101,100059257824,xgb_hybrid_v1,0.801767110824585,8,"{""source"": ""hybrid_u2i_comment_xgb"", ""alpha"": 0.65, ""score_u2i"": 0.7494468688964844, ""score_comment_xgb"": 0.8989334106445312}"
101,10121602694516,xgb_hybrid_v1,0.7937854528427124,9,"{""source"": ""hybrid_u2i_comment_xgb"", ""alpha"": 0.65, ""score_u2i"": 0.7425827383995056, ""score_comment_xgb"": 0.88887619972229}"
101,5475198,xgb_hybrid_v1,0.766459584236145,10,"{""source"": ""hybrid_u2i_comment_xgb"", ""alpha"": 0.65, ""score_u2i"": 0.967322826385498, ""score_comment_xgb"": 0.3934279978275299}"
101,10098656892439,xgb_hybrid_v1,0.7533578872680664,11,"{""source"": ""hybrid_u2i_comment_xgb"", ""alpha"": 0.65, ""score_u2i"": 0.7436744570732117, ""score_comment_xgb"": 0.7713414430618286}"
101,100230694872,xgb_hybrid_v1,0.7224733829498291,12,"{""source"": ""hybrid_u2i_comment_xgb"", ""alpha"": 0.65, ""score_u2i"": 0.6435881853103638, ""score_comment_xgb"": 0.8689746260643005}"
101,100009013165,xgb_hybrid_v1,0.7103872895240784,13,"{""source"": ""hybrid_u2i_comment_xgb"", ""alpha"": 0.65, ""score_u2i"": 0.9468953013420105, ""score_comment_xgb"": 0.27115824818611145}"
101,10087901051820,xgb_hybrid_v1,0.7076643705368042,14,"{""source"": ""hybrid_u2i_comment_xgb"", ""alpha"": 0.65, ""score_u2i"": 0.5611865520477295, ""score_comment_xgb"": 0.9796945452690125}"
101,10192694267563,xgb_hybrid_v1,0.704818606376648,15,"{""source"": ""hybrid_u2i_comment_xgb"", ""alpha"": 0.65, ""score_u2i"": 0.63055819272995, ""score_comment_xgb"": 0.8427309393882751}"
101,11819155539,xgb_hybrid_v1,0.670998215675354,16,"{""source"": ""hybrid_u2i_comment_xgb"", ""alpha"": 0.65, ""score_u2i"": 0.6056971549987793, ""score_comment_xgb"": 0.7922716736793518}"
101,100136079284,xgb_hybrid_v1,0.6616933941841125,17,"{""source"": ""hybrid_u2i_comment_xgb"", ""alpha"": 0.65, ""score_u2i"": 0.5161562561988831, ""score_comment_xgb"": 0.9319767355918884}"
101,4246911,xgb_hybrid_v1,0.6602914333343506,18,"{""source"": ""hybrid_u2i_comment_xgb"", ""alpha"": 0.65, ""score_u2i"": 0.938510537147522, ""score_comment_xgb"": 0.1435987800359726}"
101,100002187045,xgb_hybrid_v1,0.652262806892395,19,"{""source"": ""hybrid_u2i_comment_xgb"", ""alpha"": 0.65, ""score_u2i"": 0.7935611605644226, ""score_comment_xgb"": 0.3898515999317169}"
101,69673075023,xgb_hybrid_v1,0.6505300998687744,20,"{""source"": ""hybrid_u2i_comment_xgb"", ""alpha"": 0.65, ""score_u2i"": 0.769901692867279, ""score_comment_xgb"": 0.4288400709629059}"
102,100114512933,xgb_hybrid_v1,0.9540194272994995,1,"{""source"": ""hybrid_u2i_comment_xgb"", ""alpha"": 0.65, ""score_u2i"": 0.9693878889083862, ""score_comment_xgb"": 0.9254780411720276}"
102,100154268303,xgb_hybrid_v1,0.9275970458984375,2,"{""source"": ""hybrid_u2i_comment_xgb"", ""alpha"": 0.65, ""score_u2i"": 0.9536792039871216, ""score_comment_xgb"": 0.8791588544845581}"
102,100215876924,xgb_hybrid_v1,0.8909841775894165,3,"{""source"": ""hybrid_u2i_comment_xgb"", ""alpha"": 0.65, ""score_u2i"": 0.8414113521575928, ""score_comment_xgb"": 0.9830480813980103}"
102,11819155539,xgb_hybrid_v1,0.8843228816986084,4,"{""source"": ""hybrid_u2i_comment_xgb"", ""alpha"": 0.65, ""score_u2i"": 0.9338890314102173, ""score_comment_xgb"": 0.7922716736793518}"
102,10121602694516,xgb_hybrid_v1,0.8518373966217041,5,"{""source"": ""hybrid_u2i_comment_xgb"", ""alpha"": 0.65, ""score_u2i"": 0.8318934440612793, ""score_comment_xgb"": 0.88887619972229}"
102,100019031805,xgb_hybrid_v1,0.8342052698135376,6,"{""source"": ""hybrid_u2i_comment_xgb"", ""alpha"": 0.65, ""score_u2i"": 0.968346118927002, ""score_comment_xgb"": 0.5850866436958313}"
102,13065559672,xgb_hybrid_v1,0.8303588032722473,7,"{""source"": ""hybrid_u2i_comment_xgb"", ""alpha"": 0.65, ""score_u2i"": 0.9192721247673035, ""score_comment_xgb"": 0.6652342081069946}"
102,100112272948,xgb_hybrid_v1,0.8243114352226257,8,"{""source"": ""hybrid_u2i_comment_xgb"", ""alpha"": 0.65, ""score_u2i"": 0.8275974988937378, ""score_comment_xgb"": 0.8182088136672974}"
102,100064200322,xgb_hybrid_v1,0.7996686697006226,9,"{""source"": ""hybrid_u2i_comment_xgb"", ""alpha"": 0.65, ""score_u2i"": 0.8322393298149109, ""score_comment_xgb"": 0.7391803860664368}"
102,100136079284,xgb_hybrid_v1,0.7973871231079102,10,"{""source"": ""hybrid_u2i_comment_xgb"", ""alpha"": 0.65, ""score_u2i"": 0.7249158620834351, ""score_comment_xgb"": 0.9319767355918884}"
102,71577466395,xgb_hybrid_v1,0.7964459657669067,11,"{""source"": ""hybrid_u2i_comment_xgb"", ""alpha"": 0.65, ""score_u2i"": 0.8676489591598511, ""score_comment_xgb"": 0.6642119288444519}"
102,100195732408,xgb_hybrid_v1,0.7882764339447021,12,"{""source"": ""hybrid_u2i_comment_xgb"", ""alpha"": 0.65, ""score_u2i"": 0.7957667708396912, ""score_comment_xgb"": 0.7743659615516663}"
102,100230694872,xgb_hybrid_v1,0.7434631586074829,13,"{""source"": ""hybrid_u2i_comment_xgb"", ""alpha"": 0.65, ""score_u2i"": 0.6758801341056824, ""score_comment_xgb"": 0.8689746260643005}"
102,10070360840507,xgb_hybrid_v1,0.7225006818771362,14,"{""source"": ""hybrid_u2i_comment_xgb"", ""alpha"": 0.65, ""score_u2i"": 0.6882645487785339, ""score_comment_xgb"": 0.7860822081565857}"
102,10042124137320,xgb_hybrid_v1,0.7109746932983398,15,"{""source"": ""hybrid_u2i_comment_xgb"", ""alpha"": 0.65, ""score_u2i"": 0.9372841715812683, ""score_comment_xgb"": 0.29068565368652344}"
102,100071138925,xgb_hybrid_v1,0.7020655870437622,16,"{""source"": ""hybrid_u2i_comment_xgb"", ""alpha"": 0.65, ""score_u2i"": 0.6091678738594055, ""score_comment_xgb"": 0.8745898604393005}"
102,100268823874,xgb_hybrid_v1,0.6976144909858704,17,"{""source"": ""hybrid_u2i_comment_xgb"", ""alpha"": 0.65, ""score_u2i"": 0.5500566363334656, ""score_comment_xgb"": 0.9716505408287048}"
102,4246911,xgb_hybrid_v1,0.6926772594451904,18,"{""source"": ""hybrid_u2i_comment_xgb"", ""alpha"": 0.65, ""score_u2i"": 0.9883348941802979, ""score_comment_xgb"": 0.1435987800359726}"
102,100002187047,xgb_hybrid_v1,0.6842972636222839,19,"{""source"": ""hybrid_u2i_comment_xgb"", ""alpha"": 0.65, ""score_u2i"": 0.7080633640289307, ""score_comment_xgb"": 0.6401602625846863}"
102,100008164593,xgb_hybrid_v1,0.6691959500312805,20,"{""source"": ""hybrid_u2i_comment_xgb"", ""alpha"": 0.65, ""score_u2i"": 0.9343655705451965, ""score_comment_xgb"": 0.1767382025718689}"
103,100136079282,xgb_hybrid_v1,0.9578642249107361,1,"{""source"": ""hybrid_u2i_comment_xgb"", ""alpha"": 0.65, ""score_u2i"": 0.9652594923973083, ""score_comment_xgb"": 0.9441302418708801}"
103,100154268303,xgb_hybrid_v1,0.9252631068229675,2,"{""source"": ""hybrid_u2i_comment_xgb"", ""alpha"": 0.65, ""score_u2i"": 0.9500885009765625, ""score_comment_xgb"": 0.8791588544845581}"
103,100249994404,xgb_hybrid_v1,0.9238307476043701,3,"{""source"": ""hybrid_u2i_comment_xgb"", ""alpha"": 0.65, ""score_u2i"": 0.914801299571991, ""score_comment_xgb"": 0.9405998587608337}"
103,100114512933,xgb_hybrid_v1,0.9019178152084351,4,"{""source"": ""hybrid_u2i_comment_xgb"", ""alpha"": 0.65, ""score_u2i"": 0.8892315626144409, ""score_comment_xgb"": 0.9254780411720276}"
103,13065559672,xgb_hybrid_v1,0.8539630174636841,5,"{""source"": ""hybrid_u2i_comment_xgb"", ""alpha"": 0.65, ""score_u2i"": 0.9555862545967102, ""score_comment_xgb"": 0.6652342081069946}"
103,100019031805,xgb_hybrid_v1,0.8454576134681702,6,"{""source"": ""hybrid_u2i_comment_xgb"", ""alpha"": 0.65, ""score_u2i"": 0.9856573343276978, ""score_comment_xgb"": 0.5850866436958313}"
103,100216501267,xgb_hybrid_v1,0.8380846977233887,7,"{""source"": ""hybrid_u2i_comment_xgb"", ""alpha"": 0.65, ""score_u2i"": 0.7541028261184692, ""score_comment_xgb"": 0.9940510988235474}"
103,100059257824,xgb_hybrid_v1,0.801767110824585,8,"{""source"": ""hybrid_u2i_comment_xgb"", ""alpha"": 0.65, ""score_u2i"": 0.7494468688964844, ""score_comment_xgb"": 0.8989334106445312}"
103,10121602694516,xgb_hybrid_v1,0.7937854528427124,9,"{""source"": ""hybrid_u2i_comment_xgb"", ""alpha"": 0.65, ""score_u2i"": 0.7425827383995056, ""score_comment_xgb"": 0.88887619972229}"
103,5475198,xgb_hybrid_v1,0.766459584236145,10,"{""source"": ""hybrid_u2i_comment_xgb"", ""alpha"": 0.65, ""score_u2i"": 0.967322826385498, ""score_comment_xgb"": 0.3934279978275299}"
103,10098656892439,xgb_hybrid_v1,0.7533578872680664,11,"{""source"": ""hybrid_u2i_comment_xgb"", ""alpha"": 0.65, ""score_u2i"": 0.7436744570732117, ""score_comment_xgb"": 0.7713414430618286}"
103,100230694872,xgb_hybrid_v1,0.7224733829498291,12,"{""source"": ""hybrid_u2i_comment_xgb"", ""alpha"": 0.65, ""score_u2i"": 0.6435881853103638, ""score_comment_xgb"": 0.8689746260643005}"
103,100009013165,xgb_hybrid_v1,0.7103872895240784,13,"{""source"": ""hybrid_u2i_comment_xgb"", ""alpha"": 0.65, ""score_u2i"": 0.9468953013420105, ""score_comment_xgb"": 0.27115824818611145}"
103,10087901051820,xgb_hybrid_v1,0.7076643705368042,14,"{""source"": ""hybrid_u2i_comment_xgb"", ""alpha"": 0.65, ""score_u2i"": 0.5611865520477295, ""score_comment_xgb"": 0.9796945452690125}"
103,10192694267563,xgb_hybrid_v1,0.704818606376648,15,"{""source"": ""hybrid_u2i_comment_xgb"", ""alpha"": 0.65, ""score_u2i"": 0.63055819272995, ""score_comment_xgb"": 0.8427309393882751}"
103,11819155539,xgb_hybrid_v1,0.670998215675354,16,"{""source"": ""hybrid_u2i_comment_xgb"", ""alpha"": 0.65, ""score_u2i"": 0.6056971549987793, ""score_comment_xgb"": 0.7922716736793518}"
103,100136079284,xgb_hybrid_v1,0.6616933941841125,17,"{""source"": ""hybrid_u2i_comment_xgb"", ""alpha"": 0.65, ""score_u2i"": 0.5161562561988831, ""score_comment_xgb"": 0.9319767355918884}"
103,4246911,xgb_hybrid_v1,0.6602914333343506,18,"{""source"": ""hybrid_u2i_comment_xgb"", ""alpha"": 0.65, ""score_u2i"": 0.938510537147522, ""score_comment_xgb"": 0.1435987800359726}"
103,100002187045,xgb_hybrid_v1,0.652262806892395,19,"{""source"": ""hybrid_u2i_comment_xgb"", ""alpha"": 0.65, ""score_u2i"": 0.7935611605644226, ""score_comment_xgb"": 0.3898515999317169}"
103,69673075023,xgb_hybrid_v1,0.6505300998687744,20,"{""source"": ""hybrid_u2i_comment_xgb"", ""alpha"": 0.65, ""score_u2i"": 0.769901692867279, ""score_comment_xgb"": 0.4288400709629059}"
104,100114512933,xgb_hybrid_v1,0.9539411067962646,1,"{""source"": ""hybrid_u2i_comment_xgb"", ""alpha"": 0.65, ""score_u2i"": 0.9692674875259399, ""score_comment_xgb"": 0.9254780411720276}"
104,100136079282,xgb_hybrid_v1,0.9504092335700989,2,"{""source"": ""hybrid_u2i_comment_xgb"", ""alpha"": 0.65, ""score_u2i"": 0.9537902474403381, ""score_comment_xgb"": 0.9441302418708801}"
104,100154268303,xgb_hybrid_v1,0.9478967785835266,3,"{""source"": ""hybrid_u2i_comment_xgb"", ""alpha"": 0.65, ""score_u2i"": 0.9849095940589905, ""score_comment_xgb"": 0.8791588544845581}"
104,100136079284,xgb_hybrid_v1,0.9215860366821289,4,"{""source"": ""hybrid_u2i_comment_xgb"", ""alpha"": 0.65, ""score_u2i"": 0.9159910678863525, ""score_comment_xgb"": 0.9319767355918884}"
104,11819155539,xgb_hybrid_v1,0.8860989809036255,5,"{""source"": ""hybrid_u2i_comment_xgb"", ""alpha"": 0.65, ""score_u2i"": 0.9366214275360107, ""score_comment_xgb"": 0.7922716736793518}"
104,100268823874,xgb_hybrid_v1,0.8599597215652466,6,"{""source"": ""hybrid_u2i_comment_xgb"", ""alpha"": 0.65, ""score_u2i"": 0.7998185157775879, ""score_comment_xgb"": 0.9716505408287048}"
104,10087901051820,xgb_hybrid_v1,0.8467367887496948,7,"{""source"": ""hybrid_u2i_comment_xgb"", ""alpha"": 0.65, ""score_u2i"": 0.7751441597938538, ""score_comment_xgb"": 0.9796945452690125}"
104,10192694267563,xgb_hybrid_v1,0.8454388380050659,8,"{""source"": ""hybrid_u2i_comment_xgb"", ""alpha"": 0.65, ""score_u2i"": 0.8468969464302063, ""score_comment_xgb"": 0.8427309393882751}"
104,100019031805,xgb_hybrid_v1,0.8443332314491272,9,"{""source"": ""hybrid_u2i_comment_xgb"", ""alpha"": 0.65, ""score_u2i"": 0.9839275479316711, ""score_comment_xgb"": 0.5850866436958313}"
104,100230694872,xgb_hybrid_v1,0.7894266247749329,10,"{""source"": ""hybrid_u2i_comment_xgb"", ""alpha"": 0.65, ""score_u2i"": 0.7465931177139282, ""score_comment_xgb"": 0.8689746260643005}"
104,100195732408,xgb_hybrid_v1,0.7834057807922363,11,"{""source"": ""hybrid_u2i_comment_xgb"", ""alpha"": 0.65, ""score_u2i"": 0.7882734537124634, ""score_comment_xgb"": 0.7743659615516663}"
104,5475198,xgb_hybrid_v1,0.7157570123672485,12,"{""source"": ""hybrid_u2i_comment_xgb"", ""alpha"": 0.65, ""score_u2i"": 0.8893188834190369, ""score_comment_xgb"": 0.3934279978275299}"
104,100009013165,xgb_hybrid_v1,0.7063034176826477,13,"{""source"": ""hybrid_u2i_comment_xgb"", ""alpha"": 0.65, ""score_u2i"": 0.9406123757362366, ""score_comment_xgb"": 0.27115824818611145}"
104,13065559672,xgb_hybrid_v1,0.703201413154602,14,"{""source"": ""hybrid_u2i_comment_xgb"", ""alpha"": 0.65, ""score_u2i"": 0.7236453294754028, ""score_comment_xgb"": 0.6652342081069946}"
104,10037128752741,xgb_hybrid_v1,0.697053074836731,15,"{""source"": ""hybrid_u2i_comment_xgb"", ""alpha"": 0.65, ""score_u2i"": 0.8016284704208374, ""score_comment_xgb"": 0.5028416514396667}"
104,69673075023,xgb_hybrid_v1,0.6936408877372742,16,"{""source"": ""hybrid_u2i_comment_xgb"", ""alpha"": 0.65, ""score_u2i"": 0.8362259268760681, ""score_comment_xgb"": 0.4288400709629059}"
104,4246911,xgb_hybrid_v1,0.6903039813041687,17,"{""source"": ""hybrid_u2i_comment_xgb"", ""alpha"": 0.65, ""score_u2i"": 0.9846836924552917, ""score_comment_xgb"": 0.1435987800359726}"
104,100002187047,xgb_hybrid_v1,0.6453851461410522,18,"{""source"": ""hybrid_u2i_comment_xgb"", ""alpha"": 0.65, ""score_u2i"": 0.6481986045837402, ""score_comment_xgb"": 0.6401602625846863}"
104,4246893,xgb_hybrid_v1,0.6436094641685486,19,"{""source"": ""hybrid_u2i_comment_xgb"", ""alpha"": 0.65, ""score_u2i"": 0.8408724069595337, ""score_comment_xgb"": 0.27726417779922485}"
104,100112272948,xgb_hybrid_v1,0.6387937068939209,20,"{""source"": ""hybrid_u2i_comment_xgb"", ""alpha"": 0.65, ""score_u2i"": 0.5421856045722961, ""score_comment_xgb"": 0.8182088136672974}"
105,100114512933,xgb_hybrid_v1,0.9640463590621948,1,"{""source"": ""hybrid_u2i_comment_xgb"", ""alpha"": 0.65, ""score_u2i"": 0.9848139882087708, ""score_comment_xgb"": 0.9254780411720276}"
105,100059911987,xgb_hybrid_v1,0.9485621452331543,2,"{""source"": ""hybrid_u2i_comment_xgb"", ""alpha"": 0.65, ""score_u2i"": 0.9254322052001953, ""score_comment_xgb"": 0.9915177226066589}"
105,100154268303,xgb_hybrid_v1,0.9417184591293335,3,"{""source"": ""hybrid_u2i_comment_xgb"", ""alpha"": 0.65, ""score_u2i"": 0.9754044413566589, ""score_comment_xgb"": 0.8791588544845581}"
105,11819155539,xgb_hybrid_v1,0.9121884107589722,4,"{""source"": ""hybrid_u2i_comment_xgb"", ""alpha"": 0.65, ""score_u2i"": 0.9767589569091797, ""score_comment_xgb"": 0.7922716736793518}"
105,10121602694516,xgb_hybrid_v1,0.9118934869766235,5,"{""source"": ""hybrid_u2i_comment_xgb"", ""alpha"": 0.65, ""score_u2i"": 0.9242874979972839, ""score_comment_xgb"": 0.88887619972229}"
105,100112272948,xgb_hybrid_v1,0.9034673571586609,6,"{""source"": ""hybrid_u2i_comment_xgb"", ""alpha"": 0.65, ""score_u2i"": 0.9493758082389832, ""score_comment_xgb"": 0.8182088136672974}"
105,100215876924,xgb_hybrid_v1,0.9010956287384033,7,"{""source"": ""hybrid_u2i_comment_xgb"", ""alpha"": 0.65, ""score_u2i"": 0.8569673895835876, ""score_comment_xgb"": 0.9830480813980103}"
105,100195732408,xgb_hybrid_v1,0.8910841941833496,8,"{""source"": ""hybrid_u2i_comment_xgb"", ""alpha"": 0.65, ""score_u2i"": 0.953932523727417, ""score_comment_xgb"": 0.7743659615516663}"
105,100184800271,xgb_hybrid_v1,0.8903204202651978,9,"{""source"": ""hybrid_u2i_comment_xgb"", ""alpha"": 0.65, ""score_u2i"": 0.8438010811805725, ""score_comment_xgb"": 0.9767134785652161}"
105,10070360840507,xgb_hybrid_v1,0.885025680065155,10,"{""source"": ""hybrid_u2i_comment_xgb"", ""alpha"": 0.65, ""score_u2i"": 0.9383029937744141, ""score_comment_xgb"": 0.7860822081565857}"
105,100071138925,xgb_hybrid_v1,0.8837848901748657,11,"{""source"": ""hybrid_u2i_comment_xgb"", ""alpha"": 0.65, ""score_u2i"": 0.8887361288070679, ""score_comment_xgb"": 0.8745898604393005}"
105,100203000983,xgb_hybrid_v1,0.8829163908958435,12,"{""source"": ""hybrid_u2i_comment_xgb"", ""alpha"": 0.65, ""score_u2i"": 0.8240046501159668, ""score_comment_xgb"": 0.9923239946365356}"
105,13065559672,xgb_hybrid_v1,0.8660677075386047,13,"{""source"": ""hybrid_u2i_comment_xgb"", ""alpha"": 0.65, ""score_u2i"": 0.9742088913917542, ""score_comment_xgb"": 0.6652342081069946}"
105,100115256936,xgb_hybrid_v1,0.8551304340362549,14,"{""source"": ""hybrid_u2i_comment_xgb"", ""alpha"": 0.65, ""score_u2i"": 0.9114986658096313, ""score_comment_xgb"": 0.750446617603302}"
105,100151315926,xgb_hybrid_v1,0.8301624059677124,15,"{""source"": ""hybrid_u2i_comment_xgb"", ""alpha"": 0.65, ""score_u2i"": 0.8915016651153564, ""score_comment_xgb"": 0.7162466645240784}"
105,100019031805,xgb_hybrid_v1,0.8162246346473694,16,"{""source"": ""hybrid_u2i_comment_xgb"", ""alpha"": 0.65, ""score_u2i"": 0.9406836032867432, ""score_comment_xgb"": 0.5850866436958313}"
105,71577466395,xgb_hybrid_v1,0.7927663326263428,17,"{""source"": ""hybrid_u2i_comment_xgb"", ""alpha"": 0.65, ""score_u2i"": 0.8619879484176636, ""score_comment_xgb"": 0.6642119288444519}"
105,100230694872,xgb_hybrid_v1,0.7902008295059204,18,"{""source"": ""hybrid_u2i_comment_xgb"", ""alpha"": 0.65, ""score_u2i"": 0.7477841973304749, ""score_comment_xgb"": 0.8689746260643005}"
105,11819155540,xgb_hybrid_v1,0.7568913102149963,19,"{""source"": ""hybrid_u2i_comment_xgb"", ""alpha"": 0.65, ""score_u2i"": 0.80050128698349, ""score_comment_xgb"": 0.6759012937545776}"
105,100000987566,xgb_hybrid_v1,0.7485824227333069,20,"{""source"": ""hybrid_u2i_comment_xgb"", ""alpha"": 0.65, ""score_u2i"": 0.849833607673645, ""score_comment_xgb"": 0.5605446100234985}"
106,100114512933,xgb_hybrid_v1,0.9555507898330688,1,"{""source"": ""hybrid_u2i_comment_xgb"", ""alpha"": 0.65, ""score_u2i"": 0.9717439413070679, ""score_comment_xgb"": 0.9254780411720276}"
106,100154268303,xgb_hybrid_v1,0.9339584112167358,2,"{""source"": ""hybrid_u2i_comment_xgb"", ""alpha"": 0.65, ""score_u2i"": 0.9634659290313721, ""score_comment_xgb"": 0.8791588544845581}"
106,100059911987,xgb_hybrid_v1,0.9148170948028564,3,"{""source"": ""hybrid_u2i_comment_xgb"", ""alpha"": 0.65, ""score_u2i"": 0.8735167980194092, ""score_comment_xgb"": 0.9915177226066589}"
106,11819155539,xgb_hybrid_v1,0.9094192981719971,4,"{""source"": ""hybrid_u2i_comment_xgb"", ""alpha"": 0.65, ""score_u2i"": 0.9724987745285034, ""score_comment_xgb"": 0.7922716736793518}"
106,100112272948,xgb_hybrid_v1,0.8937186598777771,5,"{""source"": ""hybrid_u2i_comment_xgb"", ""alpha"": 0.65, ""score_u2i"": 0.9343778491020203, ""score_comment_xgb"": 0.8182088136672974}"
106,100215876924,xgb_hybrid_v1,0.8771179914474487,6,"{""source"": ""hybrid_u2i_comment_xgb"", ""alpha"": 0.65, ""score_u2i"": 0.8200787305831909, ""score_comment_xgb"": 0.9830480813980103}"
106,100115256936,xgb_hybrid_v1,0.8657124042510986,7,"{""source"": ""hybrid_u2i_comment_xgb"", ""alpha"": 0.65, ""score_u2i"": 0.9277786612510681, ""score_comment_xgb"": 0.750446617603302}"
106,10070360840507,xgb_hybrid_v1,0.8600231409072876,8,"{""source"": ""hybrid_u2i_comment_xgb"", ""alpha"": 0.65, ""score_u2i"": 0.8998374938964844, ""score_comment_xgb"": 0.7860822081565857}"
106,10121602694516,xgb_hybrid_v1,0.8521618843078613,9,"{""source"": ""hybrid_u2i_comment_xgb"", ""alpha"": 0.65, ""score_u2i"": 0.8323927521705627, ""score_comment_xgb"": 0.88887619972229}"
106,13065559672,xgb_hybrid_v1,0.8501084446907043,10,"{""source"": ""hybrid_u2i_comment_xgb"", ""alpha"": 0.65, ""score_u2i"": 0.9496561288833618, ""score_comment_xgb"": 0.6652342081069946}"
106,100195732408,xgb_hybrid_v1,0.8484865427017212,11,"{""source"": ""hybrid_u2i_comment_xgb"", ""alpha"": 0.65, ""score_u2i"": 0.8883976936340332, ""score_comment_xgb"": 0.7743659615516663}"
106,100071138925,xgb_hybrid_v1,0.8476096391677856,12,"{""source"": ""hybrid_u2i_comment_xgb"", ""alpha"": 0.65, ""score_u2i"": 0.8330819010734558, ""score_comment_xgb"": 0.8745898604393005}"
106,100151315926,xgb_hybrid_v1,0.8335387706756592,13,"{""source"": ""hybrid_u2i_comment_xgb"", ""alpha"": 0.65, ""score_u2i"": 0.896696150302887, ""score_comment_xgb"": 0.7162466645240784}"
106,100203000983,xgb_hybrid_v1,0.8275578022003174,14,"{""source"": ""hybrid_u2i_comment_xgb"", ""alpha"": 0.65, ""score_u2i"": 0.7388375401496887, ""score_comment_xgb"": 0.9923239946365356}"
106,100184800271,xgb_hybrid_v1,0.8014432191848755,15,"{""source"": ""hybrid_u2i_comment_xgb"", ""alpha"": 0.65, ""score_u2i"": 0.7070670127868652, ""score_comment_xgb"": 0.9767134785652161}"
106,71577466395,xgb_hybrid_v1,0.7720057964324951,16,"{""source"": ""hybrid_u2i_comment_xgb"", ""alpha"": 0.65, ""score_u2i"": 0.830048680305481, ""score_comment_xgb"": 0.6642119288444519}"
106,100019031805,xgb_hybrid_v1,0.7698472738265991,17,"{""source"": ""hybrid_u2i_comment_xgb"", ""alpha"": 0.65, ""score_u2i"": 0.8693337440490723, ""score_comment_xgb"": 0.5850866436958313}"
106,10042124137320,xgb_hybrid_v1,0.7311073541641235,18,"{""source"": ""hybrid_u2i_comment_xgb"", ""alpha"": 0.65, ""score_u2i"": 0.968257486820221, ""score_comment_xgb"": 0.29068565368652344}"
106,100136079282,xgb_hybrid_v1,0.720185399055481,19,"{""source"": ""hybrid_u2i_comment_xgb"", ""alpha"": 0.65, ""score_u2i"": 0.5995997786521912, ""score_comment_xgb"": 0.9441302418708801}"
106,11819155540,xgb_hybrid_v1,0.7060192227363586,20,"{""source"": ""hybrid_u2i_comment_xgb"", ""alpha"": 0.65, ""score_u2i"": 0.7222365736961365, ""score_comment_xgb"": 0.6759012937545776}"
107,100136079282,xgb_hybrid_v1,0.9578642249107361,1,"{""source"": ""hybrid_u2i_comment_xgb"", ""alpha"": 0.65, ""score_u2i"": 0.9652594923973083, ""score_comment_xgb"": 0.9441302418708801}"
107,100154268303,xgb_hybrid_v1,0.9252631068229675,2,"{""source"": ""hybrid_u2i_comment_xgb"", ""alpha"": 0.65, ""score_u2i"": 0.9500885009765625, ""score_comment_xgb"": 0.8791588544845581}"
107,100249994404,xgb_hybrid_v1,0.9238307476043701,3,"{""source"": ""hybrid_u2i_comment_xgb"", ""alpha"": 0.65, ""score_u2i"": 0.914801299571991, ""score_comment_xgb"": 0.9405998587608337}"
107,100114512933,xgb_hybrid_v1,0.9019178152084351,4,"{""source"": ""hybrid_u2i_comment_xgb"", ""alpha"": 0.65, ""score_u2i"": 0.8892315626144409, ""score_comment_xgb"": 0.9254780411720276}"
107,13065559672,xgb_hybrid_v1,0.8539630174636841,5,"{""source"": ""hybrid_u2i_comment_xgb"", ""alpha"": 0.65, ""score_u2i"": 0.9555862545967102, ""score_comment_xgb"": 0.6652342081069946}"
107,100019031805,xgb_hybrid_v1,0.8454576134681702,6,"{""source"": ""hybrid_u2i_comment_xgb"", ""alpha"": 0.65, ""score_u2i"": 0.9856573343276978, ""score_comment_xgb"": 0.5850866436958313}"
107,100216501267,xgb_hybrid_v1,0.8380846977233887,7,"{""source"": ""hybrid_u2i_comment_xgb"", ""alpha"": 0.65, ""score_u2i"": 0.7541028261184692, ""score_comment_xgb"": 0.9940510988235474}"
107,100059257824,xgb_hybrid_v1,0.801767110824585,8,"{""source"": ""hybrid_u2i_comment_xgb"", ""alpha"": 0.65, ""score_u2i"": 0.7494468688964844, ""score_comment_xgb"": 0.8989334106445312}"
107,10121602694516,xgb_hybrid_v1,0.7937854528427124,9,"{""source"": ""hybrid_u2i_comment_xgb"", ""alpha"": 0.65, ""score_u2i"": 0.7425827383995056, ""score_comment_xgb"": 0.88887619972229}"
107,5475198,xgb_hybrid_v1,0.766459584236145,10,"{""source"": ""hybrid_u2i_comment_xgb"", ""alpha"": 0.65, ""score_u2i"": 0.967322826385498, ""score_comment_xgb"": 0.3934279978275299}"
107,10098656892439,xgb_hybrid_v1,0.7533578872680664,11,"{""source"": ""hybrid_u2i_comment_xgb"", ""alpha"": 0.65, ""score_u2i"": 0.7436744570732117, ""score_comment_xgb"": 0.7713414430618286}"
107,100230694872,xgb_hybrid_v1,0.7224733829498291,12,"{""source"": ""hybrid_u2i_comment_xgb"", ""alpha"": 0.65, ""score_u2i"": 0.6435881853103638, ""score_comment_xgb"": 0.8689746260643005}"
107,100009013165,xgb_hybrid_v1,0.7103872895240784,13,"{""source"": ""hybrid_u2i_comment_xgb"", ""alpha"": 0.65, ""score_u2i"": 0.9468953013420105, ""score_comment_xgb"": 0.27115824818611145}"
107,10087901051820,xgb_hybrid_v1,0.7076643705368042,14,"{""source"": ""hybrid_u2i_comment_xgb"", ""alpha"": 0.65, ""score_u2i"": 0.5611865520477295, ""score_comment_xgb"": 0.9796945452690125}"
107,10192694267563,xgb_hybrid_v1,0.704818606376648,15,"{""source"": ""hybrid_u2i_comment_xgb"", ""alpha"": 0.65, ""score_u2i"": 0.63055819272995, ""score_comment_xgb"": 0.8427309393882751}"
107,11819155539,xgb_hybrid_v1,0.670998215675354,16,"{""source"": ""hybrid_u2i_comment_xgb"", ""alpha"": 0.65, ""score_u2i"": 0.6056971549987793, ""score_comment_xgb"": 0.7922716736793518}"
107,100136079284,xgb_hybrid_v1,0.6616933941841125,17,"{""source"": ""hybrid_u2i_comment_xgb"", ""alpha"": 0.65, ""score_u2i"": 0.5161562561988831, ""score_comment_xgb"": 0.9319767355918884}"
107,4246911,xgb_hybrid_v1,0.6602914333343506,18,"{""source"": ""hybrid_u2i_comment_xgb"", ""alpha"": 0.65, ""score_u2i"": 0.938510537147522, ""score_comment_xgb"": 0.1435987800359726}"
107,100002187045,xgb_hybrid_v1,0.652262806892395,19,"{""source"": ""hybrid_u2i_comment_xgb"", ""alpha"": 0.65, ""score_u2i"": 0.7935611605644226, ""score_comment_xgb"": 0.3898515999317169}"
107,69673075023,xgb_hybrid_v1,0.6505300998687744,20,"{""source"": ""hybrid_u2i_comment_xgb"", ""alpha"": 0.65, ""score_u2i"": 0.769901692867279, ""score_comment_xgb"": 0.4288400709629059}"
108,13065559672,xgb_hybrid_v1,0.8589136004447937,1,"{""source"": ""hybrid_u2i_comment_xgb"", ""alpha"": 0.65, ""score_u2i"": 0.9632025361061096, ""score_comment_xgb"": 0.6652342081069946}"
108,100288929442,xgb_hybrid_v1,0.8313864469528198,2,"{""source"": ""hybrid_u2i_comment_xgb"", ""alpha"": 0.65, ""score_u2i"": 0.8735707402229309, ""score_comment_xgb"": 0.7530441284179688}"
108,100136079282,xgb_hybrid_v1,0.8286261558532715,3,"{""source"": ""hybrid_u2i_comment_xgb"", ""alpha"": 0.65, ""score_u2i"": 0.7664316296577454, ""score_comment_xgb"": 0.9441302418708801}"
108,11819155539,xgb_hybrid_v1,0.8225306272506714,4,"{""source"": ""hybrid_u2i_comment_xgb"", ""alpha"": 0.65, ""score_u2i"": 0.8388240337371826, ""score_comment_xgb"": 0.7922716736793518}"
108,100121467835,xgb_hybrid_v1,0.8172107934951782,5,"{""source"": ""hybrid_u2i_comment_xgb"", ""alpha"": 0.65, ""score_u2i"": 0.7378661632537842, ""score_comment_xgb"": 0.9645651578903198}"
108,100019031805,xgb_hybrid_v1,0.81535404920578,6,"{""source"": ""hybrid_u2i_comment_xgb"", ""alpha"": 0.65, ""score_u2i"": 0.9393442273139954, ""score_comment_xgb"": 0.5850866436958313}"
108,5475198,xgb_hybrid_v1,0.756950318813324,7,"{""source"": ""hybrid_u2i_comment_xgb"", ""alpha"": 0.65, ""score_u2i"": 0.9526931643486023, ""score_comment_xgb"": 0.3934279978275299}"
108,100154268303,xgb_hybrid_v1,0.7502631545066833,8,"{""source"": ""hybrid_u2i_comment_xgb"", ""alpha"": 0.65, ""score_u2i"": 0.6808578372001648, ""score_comment_xgb"": 0.8791588544845581}"
108,10098681688567,xgb_hybrid_v1,0.7414751648902893,9,"{""source"": ""hybrid_u2i_comment_xgb"", ""alpha"": 0.65, ""score_u2i"": 0.9172648191452026, ""score_comment_xgb"": 0.41500869393348694}"
108,10098656892439,xgb_hybrid_v1,0.6905181407928467,10,"{""source"": ""hybrid_u2i_comment_xgb"", ""alpha"": 0.65, ""score_u2i"": 0.6469979286193848, ""score_comment_xgb"": 0.7713414430618286}"
108,100154268305,xgb_hybrid_v1,0.6898762583732605,11,"{""source"": ""hybrid_u2i_comment_xgb"", ""alpha"": 0.65, ""score_u2i"": 0.8252490758895874, ""score_comment_xgb"": 0.43846961855888367}"
108,3409140,xgb_hybrid_v1,0.6891852021217346,12,"{""source"": ""hybrid_u2i_comment_xgb"", ""alpha"": 0.65, ""score_u2i"": 0.907688558101654, ""score_comment_xgb"": 0.28339341282844543}"
108,11819155538,xgb_hybrid_v1,0.6786131858825684,13,"{""source"": ""hybrid_u2i_comment_xgb"", ""alpha"": 0.65, ""score_u2i"": 0.624653697013855, ""score_comment_xgb"": 0.7788236141204834}"
108,10087901051820,xgb_hybrid_v1,0.6670033931732178,14,"{""source"": ""hybrid_u2i_comment_xgb"", ""alpha"": 0.65, ""score_u2i"": 0.4986312985420227, ""score_comment_xgb"": 0.9796945452690125}"
108,10042124137320,xgb_hybrid_v1,0.657077431678772,15,"{""source"": ""hybrid_u2i_comment_xgb"", ""alpha"": 0.65, ""score_u2i"": 0.8543652892112732, ""score_comment_xgb"": 0.29068565368652344}"
108,4246911,xgb_hybrid_v1,0.6362335681915283,16,"{""source"": ""hybrid_u2i_comment_xgb"", ""alpha"": 0.65, ""score_u2i"": 0.9014984369277954, ""score_comment_xgb"": 0.1435987800359726}"
108,100009013165,xgb_hybrid_v1,0.6283693313598633,17,"{""source"": ""hybrid_u2i_comment_xgb"", ""alpha"": 0.65, ""score_u2i"": 0.8207138180732727, ""score_comment_xgb"": 0.27115824818611145}"
108,100195732408,xgb_hybrid_v1,0.6251187324523926,18,"{""source"": ""hybrid_u2i_comment_xgb"", ""alpha"": 0.65, ""score_u2i"": 0.5447548627853394, ""score_comment_xgb"": 0.7743659615516663}"
108,100008149331,xgb_hybrid_v1,0.6239172220230103,19,"{""source"": ""hybrid_u2i_comment_xgb"", ""alpha"": 0.65, ""score_u2i"": 0.7940942049026489, ""score_comment_xgb"": 0.30787432193756104}"
108,100010077605,xgb_hybrid_v1,0.6209626197814941,20,"{""source"": ""hybrid_u2i_comment_xgb"", ""alpha"": 0.65, ""score_u2i"": 0.4243660271167755, ""score_comment_xgb"": 0.9860705733299255}"
109,100136079282,xgb_hybrid_v1,0.9578642249107361,1,"{""source"": ""hybrid_u2i_comment_xgb"", ""alpha"": 0.65, ""score_u2i"": 0.9652594923973083, ""score_comment_xgb"": 0.9441302418708801}"
109,100154268303,xgb_hybrid_v1,0.9252631068229675,2,"{""source"": ""hybrid_u2i_comment_xgb"", ""alpha"": 0.65, ""score_u2i"": 0.9500885009765625, ""score_comment_xgb"": 0.8791588544845581}"
109,100249994404,xgb_hybrid_v1,0.9238307476043701,3,"{""source"": ""hybrid_u2i_comment_xgb"", ""alpha"": 0.65, ""score_u2i"": 0.914801299571991, ""score_comment_xgb"": 0.9405998587608337}"
109,100114512933,xgb_hybrid_v1,0.9019178152084351,4,"{""source"": ""hybrid_u2i_comment_xgb"", ""alpha"": 0.65, ""score_u2i"": 0.8892315626144409, ""score_comment_xgb"": 0.9254780411720276}"
109,13065559672,xgb_hybrid_v1,0.8539630174636841,5,"{""source"": ""hybrid_u2i_comment_xgb"", ""alpha"": 0.65, ""score_u2i"": 0.9555862545967102, ""score_comment_xgb"": 0.6652342081069946}"
109,100019031805,xgb_hybrid_v1,0.8454576134681702,6,"{""source"": ""hybrid_u2i_comment_xgb"", ""alpha"": 0.65, ""score_u2i"": 0.9856573343276978, ""score_comment_xgb"": 0.5850866436958313}"
109,100216501267,xgb_hybrid_v1,0.8380846977233887,7,"{""source"": ""hybrid_u2i_comment_xgb"", ""alpha"": 0.65, ""score_u2i"": 0.7541028261184692, ""score_comment_xgb"": 0.9940510988235474}"
109,100059257824,xgb_hybrid_v1,0.801767110824585,8,"{""source"": ""hybrid_u2i_comment_xgb"", ""alpha"": 0.65, ""score_u2i"": 0.7494468688964844, ""score_comment_xgb"": 0.8989334106445312}"
109,10121602694516,xgb_hybrid_v1,0.7937854528427124,9,"{""source"": ""hybrid_u2i_comment_xgb"", ""alpha"": 0.65, ""score_u2i"": 0.7425827383995056, ""score_comment_xgb"": 0.88887619972229}"
109,5475198,xgb_hybrid_v1,0.766459584236145,10,"{""source"": ""hybrid_u2i_comment_xgb"", ""alpha"": 0.65, ""score_u2i"": 0.967322826385498, ""score_comment_xgb"": 0.3934279978275299}"
109,10098656892439,xgb_hybrid_v1,0.7533578872680664,11,"{""source"": ""hybrid_u2i_comment_xgb"", ""alpha"": 0.65, ""score_u2i"": 0.7436744570732117, ""score_comment_xgb"": 0.7713414430618286}"
109,100230694872,xgb_hybrid_v1,0.7224733829498291,12,"{""source"": ""hybrid_u2i_comment_xgb"", ""alpha"": 0.65, ""score_u2i"": 0.6435881853103638, ""score_comment_xgb"": 0.8689746260643005}"
109,100009013165,xgb_hybrid_v1,0.7103872895240784,13,"{""source"": ""hybrid_u2i_comment_xgb"", ""alpha"": 0.65, ""score_u2i"": 0.9468953013420105, ""score_comment_xgb"": 0.27115824818611145}"
109,10087901051820,xgb_hybrid_v1,0.7076643705368042,14,"{""source"": ""hybrid_u2i_comment_xgb"", ""alpha"": 0.65, ""score_u2i"": 0.5611865520477295, ""score_comment_xgb"": 0.9796945452690125}"
109,10192694267563,xgb_hybrid_v1,0.704818606376648,15,"{""source"": ""hybrid_u2i_comment_xgb"", ""alpha"": 0.65, ""score_u2i"": 0.63055819272995, ""score_comment_xgb"": 0.8427309393882751}"
109,11819155539,xgb_hybrid_v1,0.670998215675354,16,"{""source"": ""hybrid_u2i_comment_xgb"", ""alpha"": 0.65, ""score_u2i"": 0.6056971549987793, ""score_comment_xgb"": 0.7922716736793518}"
109,100136079284,xgb_hybrid_v1,0.6616933941841125,17,"{""source"": ""hybrid_u2i_comment_xgb"", ""alpha"": 0.65, ""score_u2i"": 0.5161562561988831, ""score_comment_xgb"": 0.9319767355918884}"
109,4246911,xgb_hybrid_v1,0.6602914333343506,18,"{""source"": ""hybrid_u2i_comment_xgb"", ""alpha"": 0.65, ""score_u2i"": 0.938510537147522, ""score_comment_xgb"": 0.1435987800359726}"
109,100002187045,xgb_hybrid_v1,0.652262806892395,19,"{""source"": ""hybrid_u2i_comment_xgb"", ""alpha"": 0.65, ""score_u2i"": 0.7935611605644226, ""score_comment_xgb"": 0.3898515999317169}"
109,69673075023,xgb_hybrid_v1,0.6505300998687744,20,"{""source"": ""hybrid_u2i_comment_xgb"", ""alpha"": 0.65, ""score_u2i"": 0.769901692867279, ""score_comment_xgb"": 0.4288400709629059}"
110,100136079282,xgb_hybrid_v1,0.9578642249107361,1,"{""source"": ""hybrid_u2i_comment_xgb"", ""alpha"": 0.65, ""score_u2i"": 0.9652594923973083, ""score_comment_xgb"": 0.9441302418708801}"
110,100154268303,xgb_hybrid_v1,0.9252631068229675,2,"{""source"": ""hybrid_u2i_comment_xgb"", ""alpha"": 0.65, ""score_u2i"": 0.9500885009765625, ""score_comment_xgb"": 0.8791588544845581}"
110,100249994404,xgb_hybrid_v1,0.9238307476043701,3,"{""source"": ""hybrid_u2i_comment_xgb"", ""alpha"": 0.65, ""score_u2i"": 0.914801299571991, ""score_comment_xgb"": 0.9405998587608337}"
110,100114512933,xgb_hybrid_v1,0.9019178152084351,4,"{""source"": ""hybrid_u2i_comment_xgb"", ""alpha"": 0.65, ""score_u2i"": 0.8892315626144409, ""score_comment_xgb"": 0.9254780411720276}"
110,13065559672,xgb_hybrid_v1,0.8539630174636841,5,"{""source"": ""hybrid_u2i_comment_xgb"", ""alpha"": 0.65, ""score_u2i"": 0.9555862545967102, ""score_comment_xgb"": 0.6652342081069946}"
110,100019031805,xgb_hybrid_v1,0.8454576134681702,6,"{""source"": ""hybrid_u2i_comment_xgb"", ""alpha"": 0.65, ""score_u2i"": 0.9856573343276978, ""score_comment_xgb"": 0.5850866436958313}"
110,100216501267,xgb_hybrid_v1,0.8380846977233887,7,"{""source"": ""hybrid_u2i_comment_xgb"", ""alpha"": 0.65, ""score_u2i"": 0.7541028261184692, ""score_comment_xgb"": 0.9940510988235474}"
110,100059257824,xgb_hybrid_v1,0.801767110824585,8,"{""source"": ""hybrid_u2i_comment_xgb"", ""alpha"": 0.65, ""score_u2i"": 0.7494468688964844, ""score_comment_xgb"": 0.8989334106445312}"
110,10121602694516,xgb_hybrid_v1,0.7937854528427124,9,"{""source"": ""hybrid_u2i_comment_xgb"", ""alpha"": 0.65, ""score_u2i"": 0.7425827383995056, ""score_comment_xgb"": 0.88887619972229}"
110,5475198,xgb_hybrid_v1,0.766459584236145,10,"{""source"": ""hybrid_u2i_comment_xgb"", ""alpha"": 0.65, ""score_u2i"": 0.967322826385498, ""score_comment_xgb"": 0.3934279978275299}"
110,10098656892439,xgb_hybrid_v1,0.7533578872680664,11,"{""source"": ""hybrid_u2i_comment_xgb"", ""alpha"": 0.65, ""score_u2i"": 0.7436744570732117, ""score_comment_xgb"": 0.7713414430618286}"
110,100230694872,xgb_hybrid_v1,0.7224733829498291,12,"{""source"": ""hybrid_u2i_comment_xgb"", ""alpha"": 0.65, ""score_u2i"": 0.6435881853103638, ""score_comment_xgb"": 0.8689746260643005}"
110,100009013165,xgb_hybrid_v1,0.7103872895240784,13,"{""source"": ""hybrid_u2i_comment_xgb"", ""alpha"": 0.65, ""score_u2i"": 0.9468953013420105, ""score_comment_xgb"": 0.27115824818611145}"
110,10087901051820,xgb_hybrid_v1,0.7076643705368042,14,"{""source"": ""hybrid_u2i_comment_xgb"", ""alpha"": 0.65, ""score_u2i"": 0.5611865520477295, ""score_comment_xgb"": 0.9796945452690125}"
110,10192694267563,xgb_hybrid_v1,0.704818606376648,15,"{""source"": ""hybrid_u2i_comment_xgb"", ""alpha"": 0.65, ""score_u2i"": 0.63055819272995, ""score_comment_xgb"": 0.8427309393882751}"
110,11819155539,xgb_hybrid_v1,0.670998215675354,16,"{""source"": ""hybrid_u2i_comment_xgb"", ""alpha"": 0.65, ""score_u2i"": 0.6056971549987793, ""score_comment_xgb"": 0.7922716736793518}"
110,100136079284,xgb_hybrid_v1,0.6616933941841125,17,"{""source"": ""hybrid_u2i_comment_xgb"", ""alpha"": 0.65, ""score_u2i"": 0.5161562561988831, ""score_comment_xgb"": 0.9319767355918884}"
110,4246911,xgb_hybrid_v1,0.6602914333343506,18,"{""source"": ""hybrid_u2i_comment_xgb"", ""alpha"": 0.65, ""score_u2i"": 0.938510537147522, ""score_comment_xgb"": 0.1435987800359726}"
110,100002187045,xgb_hybrid_v1,0.652262806892395,19,"{""source"": ""hybrid_u2i_comment_xgb"", ""alpha"": 0.65, ""score_u2i"": 0.7935611605644226, ""score_comment_xgb"": 0.3898515999317169}"
110,69673075023,xgb_hybrid_v1,0.6505300998687744,20,"{""source"": ""hybrid_u2i_comment_xgb"", ""alpha"": 0.65, ""score_u2i"": 0.769901692867279, ""score_comment_xgb"": 0.4288400709629059}"
111,100114512933,xgb_hybrid_v1,0.9255198240280151,1,"{""source"": ""hybrid_u2i_comment_xgb"", ""alpha"": 0.65, ""score_u2i"": 0.9255422949790955, ""score_comment_xgb"": 0.9254780411720276}"
111,100230260134,xgb_hybrid_v1,0.8538813591003418,2,"{""source"": ""hybrid_u2i_comment_xgb"", ""alpha"": 0.65, ""score_u2i"": 0.8003807067871094, ""score_comment_xgb"": 0.9532397389411926}"
111,100064200322,xgb_hybrid_v1,0.8474775552749634,3,"{""source"": ""hybrid_u2i_comment_xgb"", ""alpha"": 0.65, ""score_u2i"": 0.9057914614677429, ""score_comment_xgb"": 0.7391803860664368}"
111,100017016045,xgb_hybrid_v1,0.8463192582130432,4,"{""source"": ""hybrid_u2i_comment_xgb"", ""alpha"": 0.65, ""score_u2i"": 0.9789376854896545, ""score_comment_xgb"": 0.6000280380249023}"
111,100171913423,xgb_hybrid_v1,0.8350460529327393,5,"{""source"": ""hybrid_u2i_comment_xgb"", ""alpha"": 0.65, ""score_u2i"": 0.8726850152015686, ""score_comment_xgb"": 0.7651453018188477}"
111,100062064085,xgb_hybrid_v1,0.82487952709198,6,"{""source"": ""hybrid_u2i_comment_xgb"", ""alpha"": 0.65, ""score_u2i"": 0.7510247230529785, ""score_comment_xgb"": 0.9620385766029358}"
111,100098831534,xgb_hybrid_v1,0.8200594186782837,7,"{""source"": ""hybrid_u2i_comment_xgb"", ""alpha"": 0.65, ""score_u2i"": 0.7820454835891724, ""score_comment_xgb"": 0.8906566500663757}"
111,100203000971,xgb_hybrid_v1,0.8105384111404419,8,"{""source"": ""hybrid_u2i_comment_xgb"", ""alpha"": 0.65, ""score_u2i"": 0.7096300721168518, ""score_comment_xgb"": 0.9979395270347595}"
111,100203043497,xgb_hybrid_v1,0.8034923076629639,9,"{""source"": ""hybrid_u2i_comment_xgb"", ""alpha"": 0.65, ""score_u2i"": 0.8020992279052734, ""score_comment_xgb"": 0.806079626083374}"
111,100136079282,xgb_hybrid_v1,0.7522194981575012,10,"{""source"": ""hybrid_u2i_comment_xgb"", ""alpha"": 0.65, ""score_u2i"": 0.6488829851150513, ""score_comment_xgb"": 0.9441302418708801}"
111,100002187047,xgb_hybrid_v1,0.7517449855804443,11,"{""source"": ""hybrid_u2i_comment_xgb"", ""alpha"": 0.65, ""score_u2i"": 0.811829149723053, ""score_comment_xgb"": 0.6401602625846863}"
111,69673075023,xgb_hybrid_v1,0.7363796830177307,12,"{""source"": ""hybrid_u2i_comment_xgb"", ""alpha"": 0.65, ""score_u2i"": 0.9019779562950134, ""score_comment_xgb"": 0.4288400709629059}"
111,10042124137320,xgb_hybrid_v1,0.7320837378501892,13,"{""source"": ""hybrid_u2i_comment_xgb"", ""alpha"": 0.65, ""score_u2i"": 0.9697596430778503, ""score_comment_xgb"": 0.29068565368652344}"
111,10098681688567,xgb_hybrid_v1,0.7311758399009705,14,"{""source"": ""hybrid_u2i_comment_xgb"", ""alpha"": 0.65, ""score_u2i"": 0.9014196991920471, ""score_comment_xgb"": 0.41500869393348694}"
111,10087901051820,xgb_hybrid_v1,0.7111511826515198,15,"{""source"": ""hybrid_u2i_comment_xgb"", ""alpha"": 0.65, ""score_u2i"": 0.5665509104728699, ""score_comment_xgb"": 0.9796945452690125}"
111,13065559672,xgb_hybrid_v1,0.6820541024208069,16,"{""source"": ""hybrid_u2i_comment_xgb"", ""alpha"": 0.65, ""score_u2i"": 0.6911109685897827, ""score_comment_xgb"": 0.6652342081069946}"
111,100008164593,xgb_hybrid_v1,0.6624743342399597,17,"{""source"": ""hybrid_u2i_comment_xgb"", ""alpha"": 0.65, ""score_u2i"": 0.9240246415138245, ""score_comment_xgb"": 0.1767382025718689}"
111,100008149331,xgb_hybrid_v1,0.6564145684242249,18,"{""source"": ""hybrid_u2i_comment_xgb"", ""alpha"": 0.65, ""score_u2i"": 0.8440901041030884, ""score_comment_xgb"": 0.30787432193756104}"
111,100205817100,xgb_hybrid_v1,0.6453382968902588,19,"{""source"": ""hybrid_u2i_comment_xgb"", ""alpha"": 0.65, ""score_u2i"": 0.46370670199394226, ""score_comment_xgb"": 0.9826540946960449}"
111,10109147342652,xgb_hybrid_v1,0.6448314785957336,20,"{""source"": ""hybrid_u2i_comment_xgb"", ""alpha"": 0.65, ""score_u2i"": 0.49098968505859375, ""score_comment_xgb"": 0.9305377006530762}"
112,100136079282,xgb_hybrid_v1,0.9578642249107361,1,"{""source"": ""hybrid_u2i_comment_xgb"", ""alpha"": 0.65, ""score_u2i"": 0.9652594923973083, ""score_comment_xgb"": 0.9441302418708801}"
112,100154268303,xgb_hybrid_v1,0.9252631068229675,2,"{""source"": ""hybrid_u2i_comment_xgb"", ""alpha"": 0.65, ""score_u2i"": 0.9500885009765625, ""score_comment_xgb"": 0.8791588544845581}"
112,100249994404,xgb_hybrid_v1,0.9238307476043701,3,"{""source"": ""hybrid_u2i_comment_xgb"", ""alpha"": 0.65, ""score_u2i"": 0.914801299571991, ""score_comment_xgb"": 0.9405998587608337}"
112,100114512933,xgb_hybrid_v1,0.9019178152084351,4,"{""source"": ""hybrid_u2i_comment_xgb"", ""alpha"": 0.65, ""score_u2i"": 0.8892315626144409, ""score_comment_xgb"": 0.9254780411720276}"
112,13065559672,xgb_hybrid_v1,0.8539630174636841,5,"{""source"": ""hybrid_u2i_comment_xgb"", ""alpha"": 0.65, ""score_u2i"": 0.9555862545967102, ""score_comment_xgb"": 0.6652342081069946}"
112,100019031805,xgb_hybrid_v1,0.8454576134681702,6,"{""source"": ""hybrid_u2i_comment_xgb"", ""alpha"": 0.65, ""score_u2i"": 0.9856573343276978, ""score_comment_xgb"": 0.5850866436958313}"
112,100216501267,xgb_hybrid_v1,0.8380846977233887,7,"{""source"": ""hybrid_u2i_comment_xgb"", ""alpha"": 0.65, ""score_u2i"": 0.7541028261184692, ""score_comment_xgb"": 0.9940510988235474}"
112,100059257824,xgb_hybrid_v1,0.801767110824585,8,"{""source"": ""hybrid_u2i_comment_xgb"", ""alpha"": 0.65, ""score_u2i"": 0.7494468688964844, ""score_comment_xgb"": 0.8989334106445312}"
112,10121602694516,xgb_hybrid_v1,0.7937854528427124,9,"{""source"": ""hybrid_u2i_comment_xgb"", ""alpha"": 0.65, ""score_u2i"": 0.7425827383995056, ""score_comment_xgb"": 0.88887619972229}"
112,5475198,xgb_hybrid_v1,0.766459584236145,10,"{""source"": ""hybrid_u2i_comment_xgb"", ""alpha"": 0.65, ""score_u2i"": 0.967322826385498, ""score_comment_xgb"": 0.3934279978275299}"
112,10098656892439,xgb_hybrid_v1,0.7533578872680664,11,"{""source"": ""hybrid_u2i_comment_xgb"", ""alpha"": 0.65, ""score_u2i"": 0.7436744570732117, ""score_comment_xgb"": 0.7713414430618286}"
112,100230694872,xgb_hybrid_v1,0.7224733829498291,12,"{""source"": ""hybrid_u2i_comment_xgb"", ""alpha"": 0.65, ""score_u2i"": 0.6435881853103638, ""score_comment_xgb"": 0.8689746260643005}"
112,100009013165,xgb_hybrid_v1,0.7103872895240784,13,"{""source"": ""hybrid_u2i_comment_xgb"", ""alpha"": 0.65, ""score_u2i"": 0.9468953013420105, ""score_comment_xgb"": 0.27115824818611145}"
112,10087901051820,xgb_hybrid_v1,0.7076643705368042,14,"{""source"": ""hybrid_u2i_comment_xgb"", ""alpha"": 0.65, ""score_u2i"": 0.5611865520477295, ""score_comment_xgb"": 0.9796945452690125}"
112,10192694267563,xgb_hybrid_v1,0.704818606376648,15,"{""source"": ""hybrid_u2i_comment_xgb"", ""alpha"": 0.65, ""score_u2i"": 0.63055819272995, ""score_comment_xgb"": 0.8427309393882751}"
112,11819155539,xgb_hybrid_v1,0.670998215675354,16,"{""source"": ""hybrid_u2i_comment_xgb"", ""alpha"": 0.65, ""score_u2i"": 0.6056971549987793, ""score_comment_xgb"": 0.7922716736793518}"
112,100136079284,xgb_hybrid_v1,0.6616933941841125,17,"{""source"": ""hybrid_u2i_comment_xgb"", ""alpha"": 0.65, ""score_u2i"": 0.5161562561988831, ""score_comment_xgb"": 0.9319767355918884}"
112,4246911,xgb_hybrid_v1,0.6602914333343506,18,"{""source"": ""hybrid_u2i_comment_xgb"", ""alpha"": 0.65, ""score_u2i"": 0.938510537147522, ""score_comment_xgb"": 0.1435987800359726}"
112,100002187045,xgb_hybrid_v1,0.652262806892395,19,"{""source"": ""hybrid_u2i_comment_xgb"", ""alpha"": 0.65, ""score_u2i"": 0.7935611605644226, ""score_comment_xgb"": 0.3898515999317169}"
112,69673075023,xgb_hybrid_v1,0.6505300998687744,20,"{""source"": ""hybrid_u2i_comment_xgb"", ""alpha"": 0.65, ""score_u2i"": 0.769901692867279, ""score_comment_xgb"": 0.4288400709629059}"
113,100114512933,xgb_hybrid_v1,0.9640463590621948,1,"{""source"": ""hybrid_u2i_comment_xgb"", ""alpha"": 0.65, ""score_u2i"": 0.9848139882087708, ""score_comment_xgb"": 0.9254780411720276}"
113,100059911987,xgb_hybrid_v1,0.9485621452331543,2,"{""source"": ""hybrid_u2i_comment_xgb"", ""alpha"": 0.65, ""score_u2i"": 0.9254322052001953, ""score_comment_xgb"": 0.9915177226066589}"
113,100154268303,xgb_hybrid_v1,0.9417184591293335,3,"{""source"": ""hybrid_u2i_comment_xgb"", ""alpha"": 0.65, ""score_u2i"": 0.9754044413566589, ""score_comment_xgb"": 0.8791588544845581}"
113,11819155539,xgb_hybrid_v1,0.9121884107589722,4,"{""source"": ""hybrid_u2i_comment_xgb"", ""alpha"": 0.65, ""score_u2i"": 0.9767589569091797, ""score_comment_xgb"": 0.7922716736793518}"
113,10121602694516,xgb_hybrid_v1,0.9118934869766235,5,"{""source"": ""hybrid_u2i_comment_xgb"", ""alpha"": 0.65, ""score_u2i"": 0.9242874979972839, ""score_comment_xgb"": 0.88887619972229}"
113,100112272948,xgb_hybrid_v1,0.9034673571586609,6,"{""source"": ""hybrid_u2i_comment_xgb"", ""alpha"": 0.65, ""score_u2i"": 0.9493758082389832, ""score_comment_xgb"": 0.8182088136672974}"
113,100215876924,xgb_hybrid_v1,0.9010956287384033,7,"{""source"": ""hybrid_u2i_comment_xgb"", ""alpha"": 0.65, ""score_u2i"": 0.8569673895835876, ""score_comment_xgb"": 0.9830480813980103}"
113,100195732408,xgb_hybrid_v1,0.8910841941833496,8,"{""source"": ""hybrid_u2i_comment_xgb"", ""alpha"": 0.65, ""score_u2i"": 0.953932523727417, ""score_comment_xgb"": 0.7743659615516663}"
113,100184800271,xgb_hybrid_v1,0.8903204202651978,9,"{""source"": ""hybrid_u2i_comment_xgb"", ""alpha"": 0.65, ""score_u2i"": 0.8438010811805725, ""score_comment_xgb"": 0.9767134785652161}"
113,10070360840507,xgb_hybrid_v1,0.885025680065155,10,"{""source"": ""hybrid_u2i_comment_xgb"", ""alpha"": 0.65, ""score_u2i"": 0.9383029937744141, ""score_comment_xgb"": 0.7860822081565857}"
113,100071138925,xgb_hybrid_v1,0.8837848901748657,11,"{""source"": ""hybrid_u2i_comment_xgb"", ""alpha"": 0.65, ""score_u2i"": 0.8887361288070679, ""score_comment_xgb"": 0.8745898604393005}"
113,100203000983,xgb_hybrid_v1,0.8829163908958435,12,"{""source"": ""hybrid_u2i_comment_xgb"", ""alpha"": 0.65, ""score_u2i"": 0.8240046501159668, ""score_comment_xgb"": 0.9923239946365356}"
113,13065559672,xgb_hybrid_v1,0.8660677075386047,13,"{""source"": ""hybrid_u2i_comment_xgb"", ""alpha"": 0.65, ""score_u2i"": 0.9742088913917542, ""score_comment_xgb"": 0.6652342081069946}"
113,100115256936,xgb_hybrid_v1,0.8551304340362549,14,"{""source"": ""hybrid_u2i_comment_xgb"", ""alpha"": 0.65, ""score_u2i"": 0.9114986658096313, ""score_comment_xgb"": 0.750446617603302}"
113,100151315926,xgb_hybrid_v1,0.8301624059677124,15,"{""source"": ""hybrid_u2i_comment_xgb"", ""alpha"": 0.65, ""score_u2i"": 0.8915016651153564, ""score_comment_xgb"": 0.7162466645240784}"
113,100019031805,xgb_hybrid_v1,0.8162246346473694,16,"{""source"": ""hybrid_u2i_comment_xgb"", ""alpha"": 0.65, ""score_u2i"": 0.9406836032867432, ""score_comment_xgb"": 0.5850866436958313}"
113,71577466395,xgb_hybrid_v1,0.7927663326263428,17,"{""source"": ""hybrid_u2i_comment_xgb"", ""alpha"": 0.65, ""score_u2i"": 0.8619879484176636, ""score_comment_xgb"": 0.6642119288444519}"
113,100230694872,xgb_hybrid_v1,0.7902008295059204,18,"{""source"": ""hybrid_u2i_comment_xgb"", ""alpha"": 0.65, ""score_u2i"": 0.7477841973304749, ""score_comment_xgb"": 0.8689746260643005}"
113,11819155540,xgb_hybrid_v1,0.7568913102149963,19,"{""source"": ""hybrid_u2i_comment_xgb"", ""alpha"": 0.65, ""score_u2i"": 0.80050128698349, ""score_comment_xgb"": 0.6759012937545776}"
113,100000987566,xgb_hybrid_v1,0.7485824227333069,20,"{""source"": ""hybrid_u2i_comment_xgb"", ""alpha"": 0.65, ""score_u2i"": 0.849833607673645, ""score_comment_xgb"": 0.5605446100234985}"
114,100114512933,xgb_hybrid_v1,0.9539411067962646,1,"{""source"": ""hybrid_u2i_comment_xgb"", ""alpha"": 0.65, ""score_u2i"": 0.9692674875259399, ""score_comment_xgb"": 0.9254780411720276}"
114,100136079282,xgb_hybrid_v1,0.9504092335700989,2,"{""source"": ""hybrid_u2i_comment_xgb"", ""alpha"": 0.65, ""score_u2i"": 0.9537902474403381, ""score_comment_xgb"": 0.9441302418708801}"
114,100154268303,xgb_hybrid_v1,0.9478967785835266,3,"{""source"": ""hybrid_u2i_comment_xgb"", ""alpha"": 0.65, ""score_u2i"": 0.9849095940589905, ""score_comment_xgb"": 0.8791588544845581}"
114,100136079284,xgb_hybrid_v1,0.9215860366821289,4,"{""source"": ""hybrid_u2i_comment_xgb"", ""alpha"": 0.65, ""score_u2i"": 0.9159910678863525, ""score_comment_xgb"": 0.9319767355918884}"
114,11819155539,xgb_hybrid_v1,0.8860989809036255,5,"{""source"": ""hybrid_u2i_comment_xgb"", ""alpha"": 0.65, ""score_u2i"": 0.9366214275360107, ""score_comment_xgb"": 0.7922716736793518}"
114,100268823874,xgb_hybrid_v1,0.8599597215652466,6,"{""source"": ""hybrid_u2i_comment_xgb"", ""alpha"": 0.65, ""score_u2i"": 0.7998185157775879, ""score_comment_xgb"": 0.9716505408287048}"
114,10087901051820,xgb_hybrid_v1,0.8467367887496948,7,"{""source"": ""hybrid_u2i_comment_xgb"", ""alpha"": 0.65, ""score_u2i"": 0.7751441597938538, ""score_comment_xgb"": 0.9796945452690125}"
114,10192694267563,xgb_hybrid_v1,0.8454388380050659,8,"{""source"": ""hybrid_u2i_comment_xgb"", ""alpha"": 0.65, ""score_u2i"": 0.8468969464302063, ""score_comment_xgb"": 0.8427309393882751}"
114,100019031805,xgb_hybrid_v1,0.8443332314491272,9,"{""source"": ""hybrid_u2i_comment_xgb"", ""alpha"": 0.65, ""score_u2i"": 0.9839275479316711, ""score_comment_xgb"": 0.5850866436958313}"
114,100230694872,xgb_hybrid_v1,0.7894266247749329,10,"{""source"": ""hybrid_u2i_comment_xgb"", ""alpha"": 0.65, ""score_u2i"": 0.7465931177139282, ""score_comment_xgb"": 0.8689746260643005}"
114,100195732408,xgb_hybrid_v1,0.7834057807922363,11,"{""source"": ""hybrid_u2i_comment_xgb"", ""alpha"": 0.65, ""score_u2i"": 0.7882734537124634, ""score_comment_xgb"": 0.7743659615516663}"
114,5475198,xgb_hybrid_v1,0.7157570123672485,12,"{""source"": ""hybrid_u2i_comment_xgb"", ""alpha"": 0.65, ""score_u2i"": 0.8893188834190369, ""score_comment_xgb"": 0.3934279978275299}"
114,100009013165,xgb_hybrid_v1,0.7063034176826477,13,"{""source"": ""hybrid_u2i_comment_xgb"", ""alpha"": 0.65, ""score_u2i"": 0.9406123757362366, ""score_comment_xgb"": 0.27115824818611145}"
114,13065559672,xgb_hybrid_v1,0.703201413154602,14,"{""source"": ""hybrid_u2i_comment_xgb"", ""alpha"": 0.65, ""score_u2i"": 0.7236453294754028, ""score_comment_xgb"": 0.6652342081069946}"
114,10037128752741,xgb_hybrid_v1,0.697053074836731,15,"{""source"": ""hybrid_u2i_comment_xgb"", ""alpha"": 0.65, ""score_u2i"": 0.8016284704208374, ""score_comment_xgb"": 0.5028416514396667}"
114,69673075023,xgb_hybrid_v1,0.6936408877372742,16,"{""source"": ""hybrid_u2i_comment_xgb"", ""alpha"": 0.65, ""score_u2i"": 0.8362259268760681, ""score_comment_xgb"": 0.4288400709629059}"
114,4246911,xgb_hybrid_v1,0.6903039813041687,17,"{""source"": ""hybrid_u2i_comment_xgb"", ""alpha"": 0.65, ""score_u2i"": 0.9846836924552917, ""score_comment_xgb"": 0.1435987800359726}"
114,100002187047,xgb_hybrid_v1,0.6453851461410522,18,"{""source"": ""hybrid_u2i_comment_xgb"", ""alpha"": 0.65, ""score_u2i"": 0.6481986045837402, ""score_comment_xgb"": 0.6401602625846863}"
114,4246893,xgb_hybrid_v1,0.6436094641685486,19,"{""source"": ""hybrid_u2i_comment_xgb"", ""alpha"": 0.65, ""score_u2i"": 0.8408724069595337, ""score_comment_xgb"": 0.27726417779922485}"
114,100112272948,xgb_hybrid_v1,0.6387937068939209,20,"{""source"": ""hybrid_u2i_comment_xgb"", ""alpha"": 0.65, ""score_u2i"": 0.5421856045722961, ""score_comment_xgb"": 0.8182088136672974}"
115,100114512933,xgb_hybrid_v1,0.9640463590621948,1,"{""source"": ""hybrid_u2i_comment_xgb"", ""alpha"": 0.65, ""score_u2i"": 0.9848139882087708, ""score_comment_xgb"": 0.9254780411720276}"
115,100059911987,xgb_hybrid_v1,0.9485621452331543,2,"{""source"": ""hybrid_u2i_comment_xgb"", ""alpha"": 0.65, ""score_u2i"": 0.9254322052001953, ""score_comment_xgb"": 0.9915177226066589}"
115,100154268303,xgb_hybrid_v1,0.9417184591293335,3,"{""source"": ""hybrid_u2i_comment_xgb"", ""alpha"": 0.65, ""score_u2i"": 0.9754044413566589, ""score_comment_xgb"": 0.8791588544845581}"
115,11819155539,xgb_hybrid_v1,0.9121884107589722,4,"{""source"": ""hybrid_u2i_comment_xgb"", ""alpha"": 0.65, ""score_u2i"": 0.9767589569091797, ""score_comment_xgb"": 0.7922716736793518}"
115,10121602694516,xgb_hybrid_v1,0.9118934869766235,5,"{""source"": ""hybrid_u2i_comment_xgb"", ""alpha"": 0.65, ""score_u2i"": 0.9242874979972839, ""score_comment_xgb"": 0.88887619972229}"
115,100112272948,xgb_hybrid_v1,0.9034673571586609,6,"{""source"": ""hybrid_u2i_comment_xgb"", ""alpha"": 0.65, ""score_u2i"": 0.9493758082389832, ""score_comment_xgb"": 0.8182088136672974}"
115,100215876924,xgb_hybrid_v1,0.9010956287384033,7,"{""source"": ""hybrid_u2i_comment_xgb"", ""alpha"": 0.65, ""score_u2i"": 0.8569673895835876, ""score_comment_xgb"": 0.9830480813980103}"
115,100195732408,xgb_hybrid_v1,0.8910841941833496,8,"{""source"": ""hybrid_u2i_comment_xgb"", ""alpha"": 0.65, ""score_u2i"": 0.953932523727417, ""score_comment_xgb"": 0.7743659615516663}"
115,100184800271,xgb_hybrid_v1,0.8903204202651978,9,"{""source"": ""hybrid_u2i_comment_xgb"", ""alpha"": 0.65, ""score_u2i"": 0.8438010811805725, ""score_comment_xgb"": 0.9767134785652161}"
115,10070360840507,xgb_hybrid_v1,0.885025680065155,10,"{""source"": ""hybrid_u2i_comment_xgb"", ""alpha"": 0.65, ""score_u2i"": 0.9383029937744141, ""score_comment_xgb"": 0.7860822081565857}"
115,100071138925,xgb_hybrid_v1,0.8837848901748657,11,"{""source"": ""hybrid_u2i_comment_xgb"", ""alpha"": 0.65, ""score_u2i"": 0.8887361288070679, ""score_comment_xgb"": 0.8745898604393005}"
115,100203000983,xgb_hybrid_v1,0.8829163908958435,12,"{""source"": ""hybrid_u2i_comment_xgb"", ""alpha"": 0.65, ""score_u2i"": 0.8240046501159668, ""score_comment_xgb"": 0.9923239946365356}"
115,13065559672,xgb_hybrid_v1,0.8660677075386047,13,"{""source"": ""hybrid_u2i_comment_xgb"", ""alpha"": 0.65, ""score_u2i"": 0.9742088913917542, ""score_comment_xgb"": 0.6652342081069946}"
115,100115256936,xgb_hybrid_v1,0.8551304340362549,14,"{""source"": ""hybrid_u2i_comment_xgb"", ""alpha"": 0.65, ""score_u2i"": 0.9114986658096313, ""score_comment_xgb"": 0.750446617603302}"
115,100151315926,xgb_hybrid_v1,0.8301624059677124,15,"{""source"": ""hybrid_u2i_comment_xgb"", ""alpha"": 0.65, ""score_u2i"": 0.8915016651153564, ""score_comment_xgb"": 0.7162466645240784}"
115,100019031805,xgb_hybrid_v1,0.8162246346473694,16,"{""source"": ""hybrid_u2i_comment_xgb"", ""alpha"": 0.65, ""score_u2i"": 0.9406836032867432, ""score_comment_xgb"": 0.5850866436958313}"
115,71577466395,xgb_hybrid_v1,0.7927663326263428,17,"{""source"": ""hybrid_u2i_comment_xgb"", ""alpha"": 0.65, ""score_u2i"": 0.8619879484176636, ""score_comment_xgb"": 0.6642119288444519}"
115,100230694872,xgb_hybrid_v1,0.7902008295059204,18,"{""source"": ""hybrid_u2i_comment_xgb"", ""alpha"": 0.65, ""score_u2i"": 0.7477841973304749, ""score_comment_xgb"": 0.8689746260643005}"
115,11819155540,xgb_hybrid_v1,0.7568913102149963,19,"{""source"": ""hybrid_u2i_comment_xgb"", ""alpha"": 0.65, ""score_u2i"": 0.80050128698349, ""score_comment_xgb"": 0.6759012937545776}"
115,100000987566,xgb_hybrid_v1,0.7485824227333069,20,"{""source"": ""hybrid_u2i_comment_xgb"", ""alpha"": 0.65, ""score_u2i"": 0.849833607673645, ""score_comment_xgb"": 0.5605446100234985}"
116,100114512933,xgb_hybrid_v1,0.9539411067962646,1,"{""source"": ""hybrid_u2i_comment_xgb"", ""alpha"": 0.65, ""score_u2i"": 0.9692674875259399, ""score_comment_xgb"": 0.9254780411720276}"
116,100136079282,xgb_hybrid_v1,0.9504092335700989,2,"{""source"": ""hybrid_u2i_comment_xgb"", ""alpha"": 0.65, ""score_u2i"": 0.9537902474403381, ""score_comment_xgb"": 0.9441302418708801}"
116,100154268303,xgb_hybrid_v1,0.9478967785835266,3,"{""source"": ""hybrid_u2i_comment_xgb"", ""alpha"": 0.65, ""score_u2i"": 0.9849095940589905, ""score_comment_xgb"": 0.8791588544845581}"
116,100136079284,xgb_hybrid_v1,0.9215860366821289,4,"{""source"": ""hybrid_u2i_comment_xgb"", ""alpha"": 0.65, ""score_u2i"": 0.9159910678863525, ""score_comment_xgb"": 0.9319767355918884}"
116,11819155539,xgb_hybrid_v1,0.8860989809036255,5,"{""source"": ""hybrid_u2i_comment_xgb"", ""alpha"": 0.65, ""score_u2i"": 0.9366214275360107, ""score_comment_xgb"": 0.7922716736793518}"
116,100268823874,xgb_hybrid_v1,0.8599597215652466,6,"{""source"": ""hybrid_u2i_comment_xgb"", ""alpha"": 0.65, ""score_u2i"": 0.7998185157775879, ""score_comment_xgb"": 0.9716505408287048}"
116,10087901051820,xgb_hybrid_v1,0.8467367887496948,7,"{""source"": ""hybrid_u2i_comment_xgb"", ""alpha"": 0.65, ""score_u2i"": 0.7751441597938538, ""score_comment_xgb"": 0.9796945452690125}"
116,10192694267563,xgb_hybrid_v1,0.8454388380050659,8,"{""source"": ""hybrid_u2i_comment_xgb"", ""alpha"": 0.65, ""score_u2i"": 0.8468969464302063, ""score_comment_xgb"": 0.8427309393882751}"
116,100019031805,xgb_hybrid_v1,0.8443332314491272,9,"{""source"": ""hybrid_u2i_comment_xgb"", ""alpha"": 0.65, ""score_u2i"": 0.9839275479316711, ""score_comment_xgb"": 0.5850866436958313}"
116,100230694872,xgb_hybrid_v1,0.7894266247749329,10,"{""source"": ""hybrid_u2i_comment_xgb"", ""alpha"": 0.65, ""score_u2i"": 0.7465931177139282, ""score_comment_xgb"": 0.8689746260643005}"
116,100195732408,xgb_hybrid_v1,0.7834057807922363,11,"{""source"": ""hybrid_u2i_comment_xgb"", ""alpha"": 0.65, ""score_u2i"": 0.7882734537124634, ""score_comment_xgb"": 0.7743659615516663}"
116,5475198,xgb_hybrid_v1,0.7157570123672485,12,"{""source"": ""hybrid_u2i_comment_xgb"", ""alpha"": 0.65, ""score_u2i"": 0.8893188834190369, ""score_comment_xgb"": 0.3934279978275299}"
116,100009013165,xgb_hybrid_v1,0.7063034176826477,13,"{""source"": ""hybrid_u2i_comment_xgb"", ""alpha"": 0.65, ""score_u2i"": 0.9406123757362366, ""score_comment_xgb"": 0.27115824818611145}"
116,13065559672,xgb_hybrid_v1,0.703201413154602,14,"{""source"": ""hybrid_u2i_comment_xgb"", ""alpha"": 0.65, ""score_u2i"": 0.7236453294754028, ""score_comment_xgb"": 0.6652342081069946}"
116,10037128752741,xgb_hybrid_v1,0.697053074836731,15,"{""source"": ""hybrid_u2i_comment_xgb"", ""alpha"": 0.65, ""score_u2i"": 0.8016284704208374, ""score_comment_xgb"": 0.5028416514396667}"
116,69673075023,xgb_hybrid_v1,0.6936408877372742,16,"{""source"": ""hybrid_u2i_comment_xgb"", ""alpha"": 0.65, ""score_u2i"": 0.8362259268760681, ""score_comment_xgb"": 0.4288400709629059}"
116,4246911,xgb_hybrid_v1,0.6903039813041687,17,"{""source"": ""hybrid_u2i_comment_xgb"", ""alpha"": 0.65, ""score_u2i"": 0.9846836924552917, ""score_comment_xgb"": 0.1435987800359726}"
116,100002187047,xgb_hybrid_v1,0.6453851461410522,18,"{""source"": ""hybrid_u2i_comment_xgb"", ""alpha"": 0.65, ""score_u2i"": 0.6481986045837402, ""score_comment_xgb"": 0.6401602625846863}"
116,4246893,xgb_hybrid_v1,0.6436094641685486,19,"{""source"": ""hybrid_u2i_comment_xgb"", ""alpha"": 0.65, ""score_u2i"": 0.8408724069595337, ""score_comment_xgb"": 0.27726417779922485}"
116,100112272948,xgb_hybrid_v1,0.6387937068939209,20,"{""source"": ""hybrid_u2i_comment_xgb"", ""alpha"": 0.65, ""score_u2i"": 0.5421856045722961, ""score_comment_xgb"": 0.8182088136672974}"
117,100203000971,xgb_hybrid_v1,0.9058125019073486,1,"{""source"": ""hybrid_u2i_comment_xgb"", ""alpha"": 0.65, ""score_u2i"": 0.8562057018280029, ""score_comment_xgb"": 0.9979395270347595}"
117,100017016045,xgb_hybrid_v1,0.8321698904037476,2,"{""source"": ""hybrid_u2i_comment_xgb"", ""alpha"": 0.65, ""score_u2i"": 0.9571694135665894, ""score_comment_xgb"": 0.6000280380249023}"
117,11819155539,xgb_hybrid_v1,0.7988330125808716,3,"{""source"": ""hybrid_u2i_comment_xgb"", ""alpha"": 0.65, ""score_u2i"": 0.8023661375045776, ""score_comment_xgb"": 0.7922716736793518}"
117,10087901051820,xgb_hybrid_v1,0.7783633470535278,4,"{""source"": ""hybrid_u2i_comment_xgb"", ""alpha"": 0.65, ""score_u2i"": 0.669954240322113, ""score_comment_xgb"": 0.9796945452690125}"
117,100136079282,xgb_hybrid_v1,0.7660641670227051,5,"{""source"": ""hybrid_u2i_comment_xgb"", ""alpha"": 0.65, ""score_u2i"": 0.6701824069023132, ""score_comment_xgb"": 0.9441302418708801}"
117,10098681688567,xgb_hybrid_v1,0.7645873427391052,6,"{""source"": ""hybrid_u2i_comment_xgb"", ""alpha"": 0.65, ""score_u2i"": 0.9528220295906067, ""score_comment_xgb"": 0.41500869393348694}"
117,100114512933,xgb_hybrid_v1,0.763039767742157,7,"{""source"": ""hybrid_u2i_comment_xgb"", ""alpha"": 0.65, ""score_u2i"": 0.6755730509757996, ""score_comment_xgb"": 0.9254780411720276}"
117,100070794980,xgb_hybrid_v1,0.7619430422782898,8,"{""source"": ""hybrid_u2i_comment_xgb"", ""alpha"": 0.65, ""score_u2i"": 0.8027476072311401, ""score_comment_xgb"": 0.6861632466316223}"
117,100002187047,xgb_hybrid_v1,0.7360203266143799,9,"{""source"": ""hybrid_u2i_comment_xgb"", ""alpha"": 0.65, ""score_u2i"": 0.7876372933387756, ""score_comment_xgb"": 0.6401602625846863}"
117,5475198,xgb_hybrid_v1,0.7275838255882263,10,"{""source"": ""hybrid_u2i_comment_xgb"", ""alpha"": 0.65, ""score_u2i"": 0.9075139760971069, ""score_comment_xgb"": 0.3934279978275299}"
117,10109147342652,xgb_hybrid_v1,0.6662910580635071,11,"{""source"": ""hybrid_u2i_comment_xgb"", ""alpha"": 0.65, ""score_u2i"": 0.5240044593811035, ""score_comment_xgb"": 0.9305377006530762}"
117,10159600685389,xgb_hybrid_v1,0.6534616947174072,12,"{""source"": ""hybrid_u2i_comment_xgb"", ""alpha"": 0.65, ""score_u2i"": 0.47485774755477905, ""score_comment_xgb"": 0.9851548671722412}"
117,3409140,xgb_hybrid_v1,0.650402307510376,13,"{""source"": ""hybrid_u2i_comment_xgb"", ""alpha"": 0.65, ""score_u2i"": 0.8480225205421448, ""score_comment_xgb"": 0.28339341282844543}"
117,100064200322,xgb_hybrid_v1,0.6472645998001099,14,"{""source"": ""hybrid_u2i_comment_xgb"", ""alpha"": 0.65, ""score_u2i"": 0.5977714657783508, ""score_comment_xgb"": 0.7391803860664368}"
117,100288929442,xgb_hybrid_v1,0.6446367502212524,15,"{""source"": ""hybrid_u2i_comment_xgb"", ""alpha"": 0.65, ""score_u2i"": 0.5862635970115662, ""score_comment_xgb"": 0.7530441284179688}"
117,10212550372913,xgb_hybrid_v1,0.6430835723876953,16,"{""source"": ""hybrid_u2i_comment_xgb"", ""alpha"": 0.65, ""score_u2i"": 0.4562292993068695, ""score_comment_xgb"": 0.990098774433136}"
117,13065559672,xgb_hybrid_v1,0.6413825154304504,17,"{""source"": ""hybrid_u2i_comment_xgb"", ""alpha"": 0.65, ""score_u2i"": 0.6285393238067627, ""score_comment_xgb"": 0.6652342081069946}"
117,10037128752741,xgb_hybrid_v1,0.622207522392273,18,"{""source"": ""hybrid_u2i_comment_xgb"", ""alpha"": 0.65, ""score_u2i"": 0.6864814162254333, ""score_comment_xgb"": 0.5028416514396667}"
117,100201827671,xgb_hybrid_v1,0.6132007241249084,19,"{""source"": ""hybrid_u2i_comment_xgb"", ""alpha"": 0.65, ""score_u2i"": 0.4138292968273163, ""score_comment_xgb"": 0.9834620356559753}"
117,10132040325618,xgb_hybrid_v1,0.6074494123458862,20,"{""source"": ""hybrid_u2i_comment_xgb"", ""alpha"": 0.65, ""score_u2i"": 0.42938587069511414, ""score_comment_xgb"": 0.9381387829780579}"
118,100136079282,xgb_hybrid_v1,0.9578642249107361,1,"{""source"": ""hybrid_u2i_comment_xgb"", ""alpha"": 0.65, ""score_u2i"": 0.9652594923973083, ""score_comment_xgb"": 0.9441302418708801}"
118,100154268303,xgb_hybrid_v1,0.9252631068229675,2,"{""source"": ""hybrid_u2i_comment_xgb"", ""alpha"": 0.65, ""score_u2i"": 0.9500885009765625, ""score_comment_xgb"": 0.8791588544845581}"
118,100249994404,xgb_hybrid_v1,0.9238307476043701,3,"{""source"": ""hybrid_u2i_comment_xgb"", ""alpha"": 0.65, ""score_u2i"": 0.914801299571991, ""score_comment_xgb"": 0.9405998587608337}"
118,100114512933,xgb_hybrid_v1,0.9019178152084351,4,"{""source"": ""hybrid_u2i_comment_xgb"", ""alpha"": 0.65, ""score_u2i"": 0.8892315626144409, ""score_comment_xgb"": 0.9254780411720276}"
118,13065559672,xgb_hybrid_v1,0.8539630174636841,5,"{""source"": ""hybrid_u2i_comment_xgb"", ""alpha"": 0.65, ""score_u2i"": 0.9555862545967102, ""score_comment_xgb"": 0.6652342081069946}"
118,100019031805,xgb_hybrid_v1,0.8454576134681702,6,"{""source"": ""hybrid_u2i_comment_xgb"", ""alpha"": 0.65, ""score_u2i"": 0.9856573343276978, ""score_comment_xgb"": 0.5850866436958313}"
118,100216501267,xgb_hybrid_v1,0.8380846977233887,7,"{""source"": ""hybrid_u2i_comment_xgb"", ""alpha"": 0.65, ""score_u2i"": 0.7541028261184692, ""score_comment_xgb"": 0.9940510988235474}"
118,100059257824,xgb_hybrid_v1,0.801767110824585,8,"{""source"": ""hybrid_u2i_comment_xgb"", ""alpha"": 0.65, ""score_u2i"": 0.7494468688964844, ""score_comment_xgb"": 0.8989334106445312}"
118,10121602694516,xgb_hybrid_v1,0.7937854528427124,9,"{""source"": ""hybrid_u2i_comment_xgb"", ""alpha"": 0.65, ""score_u2i"": 0.7425827383995056, ""score_comment_xgb"": 0.88887619972229}"
118,5475198,xgb_hybrid_v1,0.766459584236145,10,"{""source"": ""hybrid_u2i_comment_xgb"", ""alpha"": 0.65, ""score_u2i"": 0.967322826385498, ""score_comment_xgb"": 0.3934279978275299}"
118,10098656892439,xgb_hybrid_v1,0.7533578872680664,11,"{""source"": ""hybrid_u2i_comment_xgb"", ""alpha"": 0.65, ""score_u2i"": 0.7436744570732117, ""score_comment_xgb"": 0.7713414430618286}"
118,100230694872,xgb_hybrid_v1,0.7224733829498291,12,"{""source"": ""hybrid_u2i_comment_xgb"", ""alpha"": 0.65, ""score_u2i"": 0.6435881853103638, ""score_comment_xgb"": 0.8689746260643005}"
118,100009013165,xgb_hybrid_v1,0.7103872895240784,13,"{""source"": ""hybrid_u2i_comment_xgb"", ""alpha"": 0.65, ""score_u2i"": 0.9468953013420105, ""score_comment_xgb"": 0.27115824818611145}"
118,10087901051820,xgb_hybrid_v1,0.7076643705368042,14,"{""source"": ""hybrid_u2i_comment_xgb"", ""alpha"": 0.65, ""score_u2i"": 0.5611865520477295, ""score_comment_xgb"": 0.9796945452690125}"
118,10192694267563,xgb_hybrid_v1,0.704818606376648,15,"{""source"": ""hybrid_u2i_comment_xgb"", ""alpha"": 0.65, ""score_u2i"": 0.63055819272995, ""score_comment_xgb"": 0.8427309393882751}"
118,11819155539,xgb_hybrid_v1,0.670998215675354,16,"{""source"": ""hybrid_u2i_comment_xgb"", ""alpha"": 0.65, ""score_u2i"": 0.6056971549987793, ""score_comment_xgb"": 0.7922716736793518}"
118,100136079284,xgb_hybrid_v1,0.6616933941841125,17,"{""source"": ""hybrid_u2i_comment_xgb"", ""alpha"": 0.65, ""score_u2i"": 0.5161562561988831, ""score_comment_xgb"": 0.9319767355918884}"
118,4246911,xgb_hybrid_v1,0.6602914333343506,18,"{""source"": ""hybrid_u2i_comment_xgb"", ""alpha"": 0.65, ""score_u2i"": 0.938510537147522, ""score_comment_xgb"": 0.1435987800359726}"
118,100002187045,xgb_hybrid_v1,0.652262806892395,19,"{""source"": ""hybrid_u2i_comment_xgb"", ""alpha"": 0.65, ""score_u2i"": 0.7935611605644226, ""score_comment_xgb"": 0.3898515999317169}"
118,69673075023,xgb_hybrid_v1,0.6505300998687744,20,"{""source"": ""hybrid_u2i_comment_xgb"", ""alpha"": 0.65, ""score_u2i"": 0.769901692867279, ""score_comment_xgb"": 0.4288400709629059}"
119,100114512933,xgb_hybrid_v1,0.9539411067962646,1,"{""source"": ""hybrid_u2i_comment_xgb"", ""alpha"": 0.65, ""score_u2i"": 0.9692674875259399, ""score_comment_xgb"": 0.9254780411720276}"
119,100136079282,xgb_hybrid_v1,0.9504092335700989,2,"{""source"": ""hybrid_u2i_comment_xgb"", ""alpha"": 0.65, ""score_u2i"": 0.9537902474403381, ""score_comment_xgb"": 0.9441302418708801}"
119,100154268303,xgb_hybrid_v1,0.9478967785835266,3,"{""source"": ""hybrid_u2i_comment_xgb"", ""alpha"": 0.65, ""score_u2i"": 0.9849095940589905, ""score_comment_xgb"": 0.8791588544845581}"
119,100136079284,xgb_hybrid_v1,0.9215860366821289,4,"{""source"": ""hybrid_u2i_comment_xgb"", ""alpha"": 0.65, ""score_u2i"": 0.9159910678863525, ""score_comment_xgb"": 0.9319767355918884}"
119,11819155539,xgb_hybrid_v1,0.8860989809036255,5,"{""source"": ""hybrid_u2i_comment_xgb"", ""alpha"": 0.65, ""score_u2i"": 0.9366214275360107, ""score_comment_xgb"": 0.7922716736793518}"
119,100268823874,xgb_hybrid_v1,0.8599597215652466,6,"{""source"": ""hybrid_u2i_comment_xgb"", ""alpha"": 0.65, ""score_u2i"": 0.7998185157775879, ""score_comment_xgb"": 0.9716505408287048}"
119,10087901051820,xgb_hybrid_v1,0.8467367887496948,7,"{""source"": ""hybrid_u2i_comment_xgb"", ""alpha"": 0.65, ""score_u2i"": 0.7751441597938538, ""score_comment_xgb"": 0.9796945452690125}"
119,10192694267563,xgb_hybrid_v1,0.8454388380050659,8,"{""source"": ""hybrid_u2i_comment_xgb"", ""alpha"": 0.65, ""score_u2i"": 0.8468969464302063, ""score_comment_xgb"": 0.8427309393882751}"
119,100019031805,xgb_hybrid_v1,0.8443332314491272,9,"{""source"": ""hybrid_u2i_comment_xgb"", ""alpha"": 0.65, ""score_u2i"": 0.9839275479316711, ""score_comment_xgb"": 0.5850866436958313}"
119,100230694872,xgb_hybrid_v1,0.7894266247749329,10,"{""source"": ""hybrid_u2i_comment_xgb"", ""alpha"": 0.65, ""score_u2i"": 0.7465931177139282, ""score_comment_xgb"": 0.8689746260643005}"
119,100195732408,xgb_hybrid_v1,0.7834057807922363,11,"{""source"": ""hybrid_u2i_comment_xgb"", ""alpha"": 0.65, ""score_u2i"": 0.7882734537124634, ""score_comment_xgb"": 0.7743659615516663}"
119,5475198,xgb_hybrid_v1,0.7157570123672485,12,"{""source"": ""hybrid_u2i_comment_xgb"", ""alpha"": 0.65, ""score_u2i"": 0.8893188834190369, ""score_comment_xgb"": 0.3934279978275299}"
119,100009013165,xgb_hybrid_v1,0.7063034176826477,13,"{""source"": ""hybrid_u2i_comment_xgb"", ""alpha"": 0.65, ""score_u2i"": 0.9406123757362366, ""score_comment_xgb"": 0.27115824818611145}"
119,13065559672,xgb_hybrid_v1,0.703201413154602,14,"{""source"": ""hybrid_u2i_comment_xgb"", ""alpha"": 0.65, ""score_u2i"": 0.7236453294754028, ""score_comment_xgb"": 0.6652342081069946}"
119,10037128752741,xgb_hybrid_v1,0.697053074836731,15,"{""source"": ""hybrid_u2i_comment_xgb"", ""alpha"": 0.65, ""score_u2i"": 0.8016284704208374, ""score_comment_xgb"": 0.5028416514396667}"
119,69673075023,xgb_hybrid_v1,0.6936408877372742,16,"{""source"": ""hybrid_u2i_comment_xgb"", ""alpha"": 0.65, ""score_u2i"": 0.8362259268760681, ""score_comment_xgb"": 0.4288400709629059}"
119,4246911,xgb_hybrid_v1,0.6903039813041687,17,"{""source"": ""hybrid_u2i_comment_xgb"", ""alpha"": 0.65, ""score_u2i"": 0.9846836924552917, ""score_comment_xgb"": 0.1435987800359726}"
119,100002187047,xgb_hybrid_v1,0.6453851461410522,18,"{""source"": ""hybrid_u2i_comment_xgb"", ""alpha"": 0.65, ""score_u2i"": 0.6481986045837402, ""score_comment_xgb"": 0.6401602625846863}"
119,4246893,xgb_hybrid_v1,0.6436094641685486,19,"{""source"": ""hybrid_u2i_comment_xgb"", ""alpha"": 0.65, ""score_u2i"": 0.8408724069595337, ""score_comment_xgb"": 0.27726417779922485}"
119,100112272948,xgb_hybrid_v1,0.6387937068939209,20,"{""source"": ""hybrid_u2i_comment_xgb"", ""alpha"": 0.65, ""score_u2i"": 0.5421856045722961, ""score_comment_xgb"": 0.8182088136672974}"
120,100114512933,xgb_hybrid_v1,0.9540194272994995,1,"{""source"": ""hybrid_u2i_comment_xgb"", ""alpha"": 0.65, ""score_u2i"": 0.9693878889083862, ""score_comment_xgb"": 0.9254780411720276}"
120,100154268303,xgb_hybrid_v1,0.9275970458984375,2,"{""source"": ""hybrid_u2i_comment_xgb"", ""alpha"": 0.65, ""score_u2i"": 0.9536792039871216, ""score_comment_xgb"": 0.8791588544845581}"
120,100215876924,xgb_hybrid_v1,0.8909841775894165,3,"{""source"": ""hybrid_u2i_comment_xgb"", ""alpha"": 0.65, ""score_u2i"": 0.8414113521575928, ""score_comment_xgb"": 0.9830480813980103}"
120,11819155539,xgb_hybrid_v1,0.8843228816986084,4,"{""source"": ""hybrid_u2i_comment_xgb"", ""alpha"": 0.65, ""score_u2i"": 0.9338890314102173, ""score_comment_xgb"": 0.7922716736793518}"
120,10121602694516,xgb_hybrid_v1,0.8518373966217041,5,"{""source"": ""hybrid_u2i_comment_xgb"", ""alpha"": 0.65, ""score_u2i"": 0.8318934440612793, ""score_comment_xgb"": 0.88887619972229}"
120,100019031805,xgb_hybrid_v1,0.8342052698135376,6,"{""source"": ""hybrid_u2i_comment_xgb"", ""alpha"": 0.65, ""score_u2i"": 0.968346118927002, ""score_comment_xgb"": 0.5850866436958313}"
120,13065559672,xgb_hybrid_v1,0.8303588032722473,7,"{""source"": ""hybrid_u2i_comment_xgb"", ""alpha"": 0.65, ""score_u2i"": 0.9192721247673035, ""score_comment_xgb"": 0.6652342081069946}"
120,100112272948,xgb_hybrid_v1,0.8243114352226257,8,"{""source"": ""hybrid_u2i_comment_xgb"", ""alpha"": 0.65, ""score_u2i"": 0.8275974988937378, ""score_comment_xgb"": 0.8182088136672974}"
120,100064200322,xgb_hybrid_v1,0.7996686697006226,9,"{""source"": ""hybrid_u2i_comment_xgb"", ""alpha"": 0.65, ""score_u2i"": 0.8322393298149109, ""score_comment_xgb"": 0.7391803860664368}"
120,100136079284,xgb_hybrid_v1,0.7973871231079102,10,"{""source"": ""hybrid_u2i_comment_xgb"", ""alpha"": 0.65, ""score_u2i"": 0.7249158620834351, ""score_comment_xgb"": 0.9319767355918884}"
120,71577466395,xgb_hybrid_v1,0.7964459657669067,11,"{""source"": ""hybrid_u2i_comment_xgb"", ""alpha"": 0.65, ""score_u2i"": 0.8676489591598511, ""score_comment_xgb"": 0.6642119288444519}"
120,100195732408,xgb_hybrid_v1,0.7882764339447021,12,"{""source"": ""hybrid_u2i_comment_xgb"", ""alpha"": 0.65, ""score_u2i"": 0.7957667708396912, ""score_comment_xgb"": 0.7743659615516663}"
120,100230694872,xgb_hybrid_v1,0.7434631586074829,13,"{""source"": ""hybrid_u2i_comment_xgb"", ""alpha"": 0.65, ""score_u2i"": 0.6758801341056824, ""score_comment_xgb"": 0.8689746260643005}"
120,10070360840507,xgb_hybrid_v1,0.7225006818771362,14,"{""source"": ""hybrid_u2i_comment_xgb"", ""alpha"": 0.65, ""score_u2i"": 0.6882645487785339, ""score_comment_xgb"": 0.7860822081565857}"
120,10042124137320,xgb_hybrid_v1,0.7109746932983398,15,"{""source"": ""hybrid_u2i_comment_xgb"", ""alpha"": 0.65, ""score_u2i"": 0.9372841715812683, ""score_comment_xgb"": 0.29068565368652344}"
120,100071138925,xgb_hybrid_v1,0.7020655870437622,16,"{""source"": ""hybrid_u2i_comment_xgb"", ""alpha"": 0.65, ""score_u2i"": 0.6091678738594055, ""score_comment_xgb"": 0.8745898604393005}"
120,100268823874,xgb_hybrid_v1,0.6976144909858704,17,"{""source"": ""hybrid_u2i_comment_xgb"", ""alpha"": 0.65, ""score_u2i"": 0.5500566363334656, ""score_comment_xgb"": 0.9716505408287048}"
120,4246911,xgb_hybrid_v1,0.6926772594451904,18,"{""source"": ""hybrid_u2i_comment_xgb"", ""alpha"": 0.65, ""score_u2i"": 0.9883348941802979, ""score_comment_xgb"": 0.1435987800359726}"
120,100002187047,xgb_hybrid_v1,0.6842972636222839,19,"{""source"": ""hybrid_u2i_comment_xgb"", ""alpha"": 0.65, ""score_u2i"": 0.7080633640289307, ""score_comment_xgb"": 0.6401602625846863}"
120,100008164593,xgb_hybrid_v1,0.6691959500312805,20,"{""source"": ""hybrid_u2i_comment_xgb"", ""alpha"": 0.65, ""score_u2i"": 0.9343655705451965, ""score_comment_xgb"": 0.1767382025718689}"
