user_id,product_id,model_version,score,rank_no,reason_json
1,100114512933,xgb_user_item_v2,0.9848139882087708,1,"{""source"": ""xgb_user_item""}"
1,4246911,xgb_user_item_v2,0.9843044877052307,2,"{""source"": ""xgb_user_item""}"
1,10042124137320,xgb_user_item_v2,0.9803528785705566,3,"{""source"": ""xgb_user_item""}"
1,11819155539,xgb_user_item_v2,0.9767589569091797,4,"{""source"": ""xgb_user_item""}"
1,100154268303,xgb_user_item_v2,0.9754044413566589,5,"{""source"": ""xgb_user_item""}"
1,13065559672,xgb_user_item_v2,0.9742088913917542,6,"{""source"": ""xgb_user_item""}"
1,100008164593,xgb_user_item_v2,0.9701864123344421,7,"{""source"": ""xgb_user_item""}"
1,100195732408,xgb_user_item_v2,0.953932523727417,8,"{""source"": ""xgb_user_item""}"
1,100112272948,xgb_user_item_v2,0.9493758082389832,9,"{""source"": ""xgb_user_item""}"
1,100019031805,xgb_user_item_v2,0.9406836032867432,10,"{""source"": ""xgb_user_item""}"
1,10070360840507,xgb_user_item_v2,0.9383029937744141,11,"{""source"": ""xgb_user_item""}"
1,1682006,xgb_user_item_v2,0.9330088496208191,12,"{""source"": ""xgb_user_item""}"
1,100059911987,xgb_user_item_v2,0.9254322052001953,13,"{""source"": ""xgb_user_item""}"
1,10121602694516,xgb_user_item_v2,0.9242874979972839,14,"{""source"": ""xgb_user_item""}"
1,100115256936,xgb_user_item_v2,0.9114986658096313,15,"{""source"": ""xgb_user_item""}"
1,100151315926,xgb_user_item_v2,0.8915016651153564,16,"{""source"": ""xgb_user_item""}"
1,100071138925,xgb_user_item_v2,0.8887361288070679,17,"{""source"": ""xgb_user_item""}"
1,71577466395,xgb_user_item_v2,0.8619879484176636,18,"{""source"": ""xgb_user_item""}"
1,100215876924,xgb_user_item_v2,0.8569673895835876,19,"{""source"": ""xgb_user_item""}"
1,100000987566,xgb_user_item_v2,0.849833607673645,20,"{""source"": ""xgb_user_item""}"
2,100154268303,xgb_user_item_v2,0.9849095940589905,1,"{""source"": ""xgb_user_item""}"
2,4246911,xgb_user_item_v2,0.9846836924552917,2,"{""source"": ""xgb_user_item""}"
2,100019031805,xgb_user_item_v2,0.9839275479316711,3,"{""source"": ""xgb_user_item""}"
2,100114512933,xgb_user_item_v2,0.9692674875259399,4,"{""source"": ""xgb_user_item""}"
2,100136079282,xgb_user_item_v2,0.9537902474403381,5,"{""source"": ""xgb_user_item""}"
2,100111748405,xgb_user_item_v2,0.9524897933006287,6,"{""source"": ""xgb_user_item""}"
2,100009013165,xgb_user_item_v2,0.9406123757362366,7,"{""source"": ""xgb_user_item""}"
2,11819155539,xgb_user_item_v2,0.9366214275360107,8,"{""source"": ""xgb_user_item""}"
2,100136079284,xgb_user_item_v2,0.9159910678863525,9,"{""source"": ""xgb_user_item""}"
2,5475198,xgb_user_item_v2,0.8893188834190369,10,"{""source"": ""xgb_user_item""}"
2,10192694267563,xgb_user_item_v2,0.8468969464302063,11,"{""source"": ""xgb_user_item""}"
2,4246893,xgb_user_item_v2,0.8408724069595337,12,"{""source"": ""xgb_user_item""}"
2,69673075023,xgb_user_item_v2,0.8362259268760681,13,"{""source"": ""xgb_user_item""}"
2,10037128752741,xgb_user_item_v2,0.8016284704208374,14,"{""source"": ""xgb_user_item""}"
2,100268823874,xgb_user_item_v2,0.7998185157775879,15,"{""source"": ""xgb_user_item""}"
2,100008164593,xgb_user_item_v2,0.7889189720153809,16,"{""source"": ""xgb_user_item""}"
2,100195732408,xgb_user_item_v2,0.7882734537124634,17,"{""source"": ""xgb_user_item""}"
2,10087901051820,xgb_user_item_v2,0.7751441597938538,18,"{""source"": ""xgb_user_item""}"
2,100230694872,xgb_user_item_v2,0.7465931177139282,19,"{""source"": ""xgb_user_item""}"
2,13065559672,xgb_user_item_v2,0.7236453294754028,20,"{""source"": ""xgb_user_item""}"
3,100017016045,xgb_user_item_v2,0.9571694135665894,1,"{""source"": ""xgb_user_item""}"
3,10098681688567,xgb_user_item_v2,0.9528220295906067,2,"{""source"": ""xgb_user_item""}"
3,5475198,xgb_user_item_v2,0.9075139760971069,3,"{""source"": ""xgb_user_item""}"
3,100203000971,xgb_user_item_v2,0.8562057018280029,4,"{""source"": ""xgb_user_item""}"
3,3409140,xgb_user_item_v2,0.8480225205421448,5,"{""source"": ""xgb_user_item""}"
3,100111748405,xgb_user_item_v2,0.8030813336372375,6,"{""source"": ""xgb_user_item""}"
3,100070794980,xgb_user_item_v2,0.8027476072311401,7,"{""source"": ""xgb_user_item""}"
3,11819155539,xgb_user_item_v2,0.8023661375045776,8,"{""source"": ""xgb_user_item""}"
3,100002187047,xgb_user_item_v2,0.7876372933387756,9,"{""source"": ""xgb_user_item""}"
3,10042124137320,xgb_user_item_v2,0.7307549715042114,10,"{""source"": ""xgb_user_item""}"
3,10037128752741,xgb_user_item_v2,0.6864814162254333,11,"{""source"": ""xgb_user_item""}"
3,100114512933,xgb_user_item_v2,0.6755730509757996,12,"{""source"": ""xgb_user_item""}"
3,4246893,xgb_user_item_v2,0.6740663051605225,13,"{""source"": ""xgb_user_item""}"
3,69673075023,xgb_user_item_v2,0.6719329357147217,14,"{""source"": ""xgb_user_item""}"
3,100136079282,xgb_user_item_v2,0.6701824069023132,15,"{""source"": ""xgb_user_item""}"
3,10087901051820,xgb_user_item_v2,0.669954240322113,16,"{""source"": ""xgb_user_item""}"
3,13065559672,xgb_user_item_v2,0.6285393238067627,17,"{""source"": ""xgb_user_item""}"
3,100064200322,xgb_user_item_v2,0.5977714657783508,18,"{""source"": ""xgb_user_item""}"
3,100008164593,xgb_user_item_v2,0.589329183101654,19,"{""source"": ""xgb_user_item""}"
3,100288929442,xgb_user_item_v2,0.5862635970115662,20,"{""source"": ""xgb_user_item""}"
4,13065559672,xgb_user_item_v2,0.9632025361061096,1,"{""source"": ""xgb_user_item""}"
4,5475198,xgb_user_item_v2,0.9526931643486023,2,"{""source"": ""xgb_user_item""}"
4,100019031805,xgb_user_item_v2,0.9393442273139954,3,"{""source"": ""xgb_user_item""}"
4,10098681688567,xgb_user_item_v2,0.9172648191452026,4,"{""source"": ""xgb_user_item""}"
4,3409140,xgb_user_item_v2,0.907688558101654,5,"{""source"": ""xgb_user_item""}"
4,4246911,xgb_user_item_v2,0.9014984369277954,6,"{""source"": ""xgb_user_item""}"
4,100111748405,xgb_user_item_v2,0.8829867243766785,7,"{""source"": ""xgb_user_item""}"
4,100288929442,xgb_user_item_v2,0.8735707402229309,8,"{""source"": ""xgb_user_item""}"
4,10042124137320,xgb_user_item_v2,0.8543652892112732,9,"{""source"": ""xgb_user_item""}"
4,11819155539,xgb_user_item_v2,0.8388240337371826,10,"{""source"": ""xgb_user_item""}"
4,100154268305,xgb_user_item_v2,0.8252490758895874,11,"{""source"": ""xgb_user_item""}"
4,100009013165,xgb_user_item_v2,0.8207138180732727,12,"{""source"": ""xgb_user_item""}"
4,100008149331,xgb_user_item_v2,0.7940942049026489,13,"{""source"": ""xgb_user_item""}"
4,1682006,xgb_user_item_v2,0.7770010828971863,14,"{""source"": ""xgb_user_item""}"
4,100136079282,xgb_user_item_v2,0.7664316296577454,15,"{""source"": ""xgb_user_item""}"
4,100121467835,xgb_user_item_v2,0.7378661632537842,16,"{""source"": ""xgb_user_item""}"
4,100064236882,xgb_user_item_v2,0.7086562514305115,17,"{""source"": ""xgb_user_item""}"
4,3197429,xgb_user_item_v2,0.6975433826446533,18,"{""source"": ""xgb_user_item""}"
4,100162461068,xgb_user_item_v2,0.6949238777160645,19,"{""source"": ""xgb_user_item""}"
4,100154268303,xgb_user_item_v2,0.6808578372001648,20,"{""source"": ""xgb_user_item""}"
5,4246911,xgb_user_item_v2,0.9883348941802979,1,"{""source"": ""xgb_user_item""}"
5,100114512933,xgb_user_item_v2,0.9693878889083862,2,"{""source"": ""xgb_user_item""}"
5,100019031805,xgb_user_item_v2,0.968346118927002,3,"{""source"": ""xgb_user_item""}"
5,100154268303,xgb_user_item_v2,0.9536792039871216,4,"{""source"": ""xgb_user_item""}"
5,10042124137320,xgb_user_item_v2,0.9372841715812683,5,"{""source"": ""xgb_user_item""}"
5,100008164593,xgb_user_item_v2,0.9343655705451965,6,"{""source"": ""xgb_user_item""}"
5,11819155539,xgb_user_item_v2,0.9338890314102173,7,"{""source"": ""xgb_user_item""}"
5,13065559672,xgb_user_item_v2,0.9192721247673035,8,"{""source"": ""xgb_user_item""}"
5,100021518453,xgb_user_item_v2,0.9081350564956665,9,"{""source"": ""xgb_user_item""}"
5,71577466395,xgb_user_item_v2,0.8676489591598511,10,"{""source"": ""xgb_user_item""}"
5,3627320,xgb_user_item_v2,0.865187406539917,11,"{""source"": ""xgb_user_item""}"
5,100215876924,xgb_user_item_v2,0.8414113521575928,12,"{""source"": ""xgb_user_item""}"
5,100064200322,xgb_user_item_v2,0.8322393298149109,13,"{""source"": ""xgb_user_item""}"
5,10121602694516,xgb_user_item_v2,0.8318934440612793,14,"{""source"": ""xgb_user_item""}"
5,1682006,xgb_user_item_v2,0.8296080827713013,15,"{""source"": ""xgb_user_item""}"
5,100112272948,xgb_user_item_v2,0.8275974988937378,16,"{""source"": ""xgb_user_item""}"
5,100195732408,xgb_user_item_v2,0.7957667708396912,17,"{""source"": ""xgb_user_item""}"
5,100136079284,xgb_user_item_v2,0.7249158620834351,18,"{""source"": ""xgb_user_item""}"
5,100012706282,xgb_user_item_v2,0.7241889834403992,19,"{""source"": ""xgb_user_item""}"
5,100002187047,xgb_user_item_v2,0.7080633640289307,20,"{""source"": ""xgb_user_item""}"
6,100017016045,xgb_user_item_v2,0.9571694135665894,1,"{""source"": ""xgb_user_item""}"
6,10098681688567,xgb_user_item_v2,0.9528220295906067,2,"{""source"": ""xgb_user_item""}"
6,5475198,xgb_user_item_v2,0.9075139760971069,3,"{""source"": ""xgb_user_item""}"
6,100203000971,xgb_user_item_v2,0.8562057018280029,4,"{""source"": ""xgb_user_item""}"
6,3409140,xgb_user_item_v2,0.8480225205421448,5,"{""source"": ""xgb_user_item""}"
6,100111748405,xgb_user_item_v2,0.8030813336372375,6,"{""source"": ""xgb_user_item""}"
6,100070794980,xgb_user_item_v2,0.8027476072311401,7,"{""source"": ""xgb_user_item""}"
6,11819155539,xgb_user_item_v2,0.8023661375045776,8,"{""source"": ""xgb_user_item""}"
6,100002187047,xgb_user_item_v2,0.7876372933387756,9,"{""source"": ""xgb_user_item""}"
6,10042124137320,xgb_user_item_v2,0.7307549715042114,10,"{""source"": ""xgb_user_item""}"
6,10037128752741,xgb_user_item_v2,0.6864814162254333,11,"{""source"": ""xgb_user_item""}"
6,100114512933,xgb_user_item_v2,0.6755730509757996,12,"{""source"": ""xgb_user_item""}"
6,4246893,xgb_user_item_v2,0.6740663051605225,13,"{""source"": ""xgb_user_item""}"
6,69673075023,xgb_user_item_v2,0.6719329357147217,14,"{""source"": ""xgb_user_item""}"
6,100136079282,xgb_user_item_v2,0.6701824069023132,15,"{""source"": ""xgb_user_item""}"
6,10087901051820,xgb_user_item_v2,0.669954240322113,16,"{""source"": ""xgb_user_item""}"
6,13065559672,xgb_user_item_v2,0.6285393238067627,17,"{""source"": ""xgb_user_item""}"
6,100064200322,xgb_user_item_v2,0.5977714657783508,18,"{""source"": ""xgb_user_item""}"
6,100008164593,xgb_user_item_v2,0.589329183101654,19,"{""source"": ""xgb_user_item""}"
6,100288929442,xgb_user_item_v2,0.5862635970115662,20,"{""source"": ""xgb_user_item""}"
7,100017016045,xgb_user_item_v2,0.9571694135665894,1,"{""source"": ""xgb_user_item""}"
7,10098681688567,xgb_user_item_v2,0.9528220295906067,2,"{""source"": ""xgb_user_item""}"
7,5475198,xgb_user_item_v2,0.9075139760971069,3,"{""source"": ""xgb_user_item""}"
7,100203000971,xgb_user_item_v2,0.8562057018280029,4,"{""source"": ""xgb_user_item""}"
7,3409140,xgb_user_item_v2,0.8480225205421448,5,"{""source"": ""xgb_user_item""}"
7,100111748405,xgb_user_item_v2,0.8030813336372375,6,"{""source"": ""xgb_user_item""}"
7,100070794980,xgb_user_item_v2,0.8027476072311401,7,"{""source"": ""xgb_user_item""}"
7,11819155539,xgb_user_item_v2,0.8023661375045776,8,"{""source"": ""xgb_user_item""}"
7,100002187047,xgb_user_item_v2,0.7876372933387756,9,"{""source"": ""xgb_user_item""}"
7,10042124137320,xgb_user_item_v2,0.7307549715042114,10,"{""source"": ""xgb_user_item""}"
7,10037128752741,xgb_user_item_v2,0.6864814162254333,11,"{""source"": ""xgb_user_item""}"
7,100114512933,xgb_user_item_v2,0.6755730509757996,12,"{""source"": ""xgb_user_item""}"
7,4246893,xgb_user_item_v2,0.6740663051605225,13,"{""source"": ""xgb_user_item""}"
7,69673075023,xgb_user_item_v2,0.6719329357147217,14,"{""source"": ""xgb_user_item""}"
7,100136079282,xgb_user_item_v2,0.6701824069023132,15,"{""source"": ""xgb_user_item""}"
7,10087901051820,xgb_user_item_v2,0.669954240322113,16,"{""source"": ""xgb_user_item""}"
7,13065559672,xgb_user_item_v2,0.6285393238067627,17,"{""source"": ""xgb_user_item""}"
7,100064200322,xgb_user_item_v2,0.5977714657783508,18,"{""source"": ""xgb_user_item""}"
7,100008164593,xgb_user_item_v2,0.589329183101654,19,"{""source"": ""xgb_user_item""}"
7,100288929442,xgb_user_item_v2,0.5862635970115662,20,"{""source"": ""xgb_user_item""}"
8,4246911,xgb_user_item_v2,0.9883348941802979,1,"{""source"": ""xgb_user_item""}"
8,100114512933,xgb_user_item_v2,0.9693878889083862,2,"{""source"": ""xgb_user_item""}"
8,100019031805,xgb_user_item_v2,0.968346118927002,3,"{""source"": ""xgb_user_item""}"
8,100154268303,xgb_user_item_v2,0.9536792039871216,4,"{""source"": ""xgb_user_item""}"
8,10042124137320,xgb_user_item_v2,0.9372841715812683,5,"{""source"": ""xgb_user_item""}"
8,100008164593,xgb_user_item_v2,0.9343655705451965,6,"{""source"": ""xgb_user_item""}"
8,11819155539,xgb_user_item_v2,0.9338890314102173,7,"{""source"": ""xgb_user_item""}"
8,13065559672,xgb_user_item_v2,0.9192721247673035,8,"{""source"": ""xgb_user_item""}"
8,100021518453,xgb_user_item_v2,0.9081350564956665,9,"{""source"": ""xgb_user_item""}"
8,71577466395,xgb_user_item_v2,0.8676489591598511,10,"{""source"": ""xgb_user_item""}"
8,3627320,xgb_user_item_v2,0.865187406539917,11,"{""source"": ""xgb_user_item""}"
8,100215876924,xgb_user_item_v2,0.8414113521575928,12,"{""source"": ""xgb_user_item""}"
8,100064200322,xgb_user_item_v2,0.8322393298149109,13,"{""source"": ""xgb_user_item""}"
8,10121602694516,xgb_user_item_v2,0.8318934440612793,14,"{""source"": ""xgb_user_item""}"
8,1682006,xgb_user_item_v2,0.8296080827713013,15,"{""source"": ""xgb_user_item""}"
8,100112272948,xgb_user_item_v2,0.8275974988937378,16,"{""source"": ""xgb_user_item""}"
8,100195732408,xgb_user_item_v2,0.7957667708396912,17,"{""source"": ""xgb_user_item""}"
8,100136079284,xgb_user_item_v2,0.7249158620834351,18,"{""source"": ""xgb_user_item""}"
8,100012706282,xgb_user_item_v2,0.7241889834403992,19,"{""source"": ""xgb_user_item""}"
8,100002187047,xgb_user_item_v2,0.7080633640289307,20,"{""source"": ""xgb_user_item""}"
9,100017016045,xgb_user_item_v2,0.9571694135665894,1,"{""source"": ""xgb_user_item""}"
9,10098681688567,xgb_user_item_v2,0.9528220295906067,2,"{""source"": ""xgb_user_item""}"
9,5475198,xgb_user_item_v2,0.9075139760971069,3,"{""source"": ""xgb_user_item""}"
9,100203000971,xgb_user_item_v2,0.8562057018280029,4,"{""source"": ""xgb_user_item""}"
9,3409140,xgb_user_item_v2,0.8480225205421448,5,"{""source"": ""xgb_user_item""}"
9,100111748405,xgb_user_item_v2,0.8030813336372375,6,"{""source"": ""xgb_user_item""}"
9,100070794980,xgb_user_item_v2,0.8027476072311401,7,"{""source"": ""xgb_user_item""}"
9,11819155539,xgb_user_item_v2,0.8023661375045776,8,"{""source"": ""xgb_user_item""}"
9,100002187047,xgb_user_item_v2,0.7876372933387756,9,"{""source"": ""xgb_user_item""}"
9,10042124137320,xgb_user_item_v2,0.7307549715042114,10,"{""source"": ""xgb_user_item""}"
9,10037128752741,xgb_user_item_v2,0.6864814162254333,11,"{""source"": ""xgb_user_item""}"
9,100114512933,xgb_user_item_v2,0.6755730509757996,12,"{""source"": ""xgb_user_item""}"
9,4246893,xgb_user_item_v2,0.6740663051605225,13,"{""source"": ""xgb_user_item""}"
9,69673075023,xgb_user_item_v2,0.6719329357147217,14,"{""source"": ""xgb_user_item""}"
9,100136079282,xgb_user_item_v2,0.6701824069023132,15,"{""source"": ""xgb_user_item""}"
9,10087901051820,xgb_user_item_v2,0.669954240322113,16,"{""source"": ""xgb_user_item""}"
9,13065559672,xgb_user_item_v2,0.6285393238067627,17,"{""source"": ""xgb_user_item""}"
9,100064200322,xgb_user_item_v2,0.5977714657783508,18,"{""source"": ""xgb_user_item""}"
9,100008164593,xgb_user_item_v2,0.589329183101654,19,"{""source"": ""xgb_user_item""}"
9,100288929442,xgb_user_item_v2,0.5862635970115662,20,"{""source"": ""xgb_user_item""}"
10,100114512933,xgb_user_item_v2,0.9848139882087708,1,"{""source"": ""xgb_user_item""}"
10,4246911,xgb_user_item_v2,0.9843044877052307,2,"{""source"": ""xgb_user_item""}"
10,10042124137320,xgb_user_item_v2,0.9803528785705566,3,"{""source"": ""xgb_user_item""}"
10,11819155539,xgb_user_item_v2,0.9767589569091797,4,"{""source"": ""xgb_user_item""}"
10,100154268303,xgb_user_item_v2,0.9754044413566589,5,"{""source"": ""xgb_user_item""}"
10,13065559672,xgb_user_item_v2,0.9742088913917542,6,"{""source"": ""xgb_user_item""}"
10,100008164593,xgb_user_item_v2,0.9701864123344421,7,"{""source"": ""xgb_user_item""}"
10,100195732408,xgb_user_item_v2,0.953932523727417,8,"{""source"": ""xgb_user_item""}"
10,100112272948,xgb_user_item_v2,0.9493758082389832,9,"{""source"": ""xgb_user_item""}"
10,100019031805,xgb_user_item_v2,0.9406836032867432,10,"{""source"": ""xgb_user_item""}"
10,10070360840507,xgb_user_item_v2,0.9383029937744141,11,"{""source"": ""xgb_user_item""}"
10,1682006,xgb_user_item_v2,0.9330088496208191,12,"{""source"": ""xgb_user_item""}"
10,100059911987,xgb_user_item_v2,0.9254322052001953,13,"{""source"": ""xgb_user_item""}"
10,10121602694516,xgb_user_item_v2,0.9242874979972839,14,"{""source"": ""xgb_user_item""}"
10,100115256936,xgb_user_item_v2,0.9114986658096313,15,"{""source"": ""xgb_user_item""}"
10,100151315926,xgb_user_item_v2,0.8915016651153564,16,"{""source"": ""xgb_user_item""}"
10,100071138925,xgb_user_item_v2,0.8887361288070679,17,"{""source"": ""xgb_user_item""}"
10,71577466395,xgb_user_item_v2,0.8619879484176636,18,"{""source"": ""xgb_user_item""}"
10,100215876924,xgb_user_item_v2,0.8569673895835876,19,"{""source"": ""xgb_user_item""}"
10,100000987566,xgb_user_item_v2,0.849833607673645,20,"{""source"": ""xgb_user_item""}"
11,100154268303,xgb_user_item_v2,0.9849095940589905,1,"{""source"": ""xgb_user_item""}"
11,4246911,xgb_user_item_v2,0.9846836924552917,2,"{""source"": ""xgb_user_item""}"
11,100019031805,xgb_user_item_v2,0.9839275479316711,3,"{""source"": ""xgb_user_item""}"
11,100114512933,xgb_user_item_v2,0.9692674875259399,4,"{""source"": ""xgb_user_item""}"
11,100136079282,xgb_user_item_v2,0.9537902474403381,5,"{""source"": ""xgb_user_item""}"
11,100111748405,xgb_user_item_v2,0.9524897933006287,6,"{""source"": ""xgb_user_item""}"
11,100009013165,xgb_user_item_v2,0.9406123757362366,7,"{""source"": ""xgb_user_item""}"
11,11819155539,xgb_user_item_v2,0.9366214275360107,8,"{""source"": ""xgb_user_item""}"
11,100136079284,xgb_user_item_v2,0.9159910678863525,9,"{""source"": ""xgb_user_item""}"
11,5475198,xgb_user_item_v2,0.8893188834190369,10,"{""source"": ""xgb_user_item""}"
11,10192694267563,xgb_user_item_v2,0.8468969464302063,11,"{""source"": ""xgb_user_item""}"
11,4246893,xgb_user_item_v2,0.8408724069595337,12,"{""source"": ""xgb_user_item""}"
11,69673075023,xgb_user_item_v2,0.8362259268760681,13,"{""source"": ""xgb_user_item""}"
11,10037128752741,xgb_user_item_v2,0.8016284704208374,14,"{""source"": ""xgb_user_item""}"
11,100268823874,xgb_user_item_v2,0.7998185157775879,15,"{""source"": ""xgb_user_item""}"
11,100008164593,xgb_user_item_v2,0.7889189720153809,16,"{""source"": ""xgb_user_item""}"
11,100195732408,xgb_user_item_v2,0.7882734537124634,17,"{""source"": ""xgb_user_item""}"
11,10087901051820,xgb_user_item_v2,0.7751441597938538,18,"{""source"": ""xgb_user_item""}"
11,100230694872,xgb_user_item_v2,0.7465931177139282,19,"{""source"": ""xgb_user_item""}"
11,13065559672,xgb_user_item_v2,0.7236453294754028,20,"{""source"": ""xgb_user_item""}"
12,100154268303,xgb_user_item_v2,0.9849095940589905,1,"{""source"": ""xgb_user_item""}"
12,4246911,xgb_user_item_v2,0.9846836924552917,2,"{""source"": ""xgb_user_item""}"
12,100019031805,xgb_user_item_v2,0.9839275479316711,3,"{""source"": ""xgb_user_item""}"
12,100114512933,xgb_user_item_v2,0.9692674875259399,4,"{""source"": ""xgb_user_item""}"
12,100136079282,xgb_user_item_v2,0.9537902474403381,5,"{""source"": ""xgb_user_item""}"
12,100111748405,xgb_user_item_v2,0.9524897933006287,6,"{""source"": ""xgb_user_item""}"
12,100009013165,xgb_user_item_v2,0.9406123757362366,7,"{""source"": ""xgb_user_item""}"
12,11819155539,xgb_user_item_v2,0.9366214275360107,8,"{""source"": ""xgb_user_item""}"
12,100136079284,xgb_user_item_v2,0.9159910678863525,9,"{""source"": ""xgb_user_item""}"
12,5475198,xgb_user_item_v2,0.8893188834190369,10,"{""source"": ""xgb_user_item""}"
12,10192694267563,xgb_user_item_v2,0.8468969464302063,11,"{""source"": ""xgb_user_item""}"
12,4246893,xgb_user_item_v2,0.8408724069595337,12,"{""source"": ""xgb_user_item""}"
12,69673075023,xgb_user_item_v2,0.8362259268760681,13,"{""source"": ""xgb_user_item""}"
12,10037128752741,xgb_user_item_v2,0.8016284704208374,14,"{""source"": ""xgb_user_item""}"
12,100268823874,xgb_user_item_v2,0.7998185157775879,15,"{""source"": ""xgb_user_item""}"
12,100008164593,xgb_user_item_v2,0.7889189720153809,16,"{""source"": ""xgb_user_item""}"
12,100195732408,xgb_user_item_v2,0.7882734537124634,17,"{""source"": ""xgb_user_item""}"
12,10087901051820,xgb_user_item_v2,0.7751441597938538,18,"{""source"": ""xgb_user_item""}"
12,100230694872,xgb_user_item_v2,0.7465931177139282,19,"{""source"": ""xgb_user_item""}"
12,13065559672,xgb_user_item_v2,0.7236453294754028,20,"{""source"": ""xgb_user_item""}"
13,4246911,xgb_user_item_v2,0.9757591485977173,1,"{""source"": ""xgb_user_item""}"
13,11819155539,xgb_user_item_v2,0.9724987745285034,2,"{""source"": ""xgb_user_item""}"
13,100114512933,xgb_user_item_v2,0.9717439413070679,3,"{""source"": ""xgb_user_item""}"
13,10042124137320,xgb_user_item_v2,0.968257486820221,4,"{""source"": ""xgb_user_item""}"
13,100154268303,xgb_user_item_v2,0.9634659290313721,5,"{""source"": ""xgb_user_item""}"
13,13065559672,xgb_user_item_v2,0.9496561288833618,6,"{""source"": ""xgb_user_item""}"
13,100112272948,xgb_user_item_v2,0.9343778491020203,7,"{""source"": ""xgb_user_item""}"
13,100115256936,xgb_user_item_v2,0.9277786612510681,8,"{""source"": ""xgb_user_item""}"
13,100008164593,xgb_user_item_v2,0.926006019115448,9,"{""source"": ""xgb_user_item""}"
13,10070360840507,xgb_user_item_v2,0.8998374938964844,10,"{""source"": ""xgb_user_item""}"
13,100151315926,xgb_user_item_v2,0.896696150302887,11,"{""source"": ""xgb_user_item""}"
13,100195732408,xgb_user_item_v2,0.8883976936340332,12,"{""source"": ""xgb_user_item""}"
13,100059911987,xgb_user_item_v2,0.8735167980194092,13,"{""source"": ""xgb_user_item""}"
13,100019031805,xgb_user_item_v2,0.8693337440490723,14,"{""source"": ""xgb_user_item""}"
13,1682006,xgb_user_item_v2,0.8653101325035095,15,"{""source"": ""xgb_user_item""}"
13,100071138925,xgb_user_item_v2,0.8330819010734558,16,"{""source"": ""xgb_user_item""}"
13,10121602694516,xgb_user_item_v2,0.8323927521705627,17,"{""source"": ""xgb_user_item""}"
13,71577466395,xgb_user_item_v2,0.830048680305481,18,"{""source"": ""xgb_user_item""}"
13,100215876924,xgb_user_item_v2,0.8200787305831909,19,"{""source"": ""xgb_user_item""}"
13,100000987566,xgb_user_item_v2,0.7795485258102417,20,"{""source"": ""xgb_user_item""}"
14,100017016045,xgb_user_item_v2,0.9571694135665894,1,"{""source"": ""xgb_user_item""}"
14,10098681688567,xgb_user_item_v2,0.9528220295906067,2,"{""source"": ""xgb_user_item""}"
14,5475198,xgb_user_item_v2,0.9075139760971069,3,"{""source"": ""xgb_user_item""}"
14,100203000971,xgb_user_item_v2,0.8562057018280029,4,"{""source"": ""xgb_user_item""}"
14,3409140,xgb_user_item_v2,0.8480225205421448,5,"{""source"": ""xgb_user_item""}"
14,100111748405,xgb_user_item_v2,0.8030813336372375,6,"{""source"": ""xgb_user_item""}"
14,100070794980,xgb_user_item_v2,0.8027476072311401,7,"{""source"": ""xgb_user_item""}"
14,11819155539,xgb_user_item_v2,0.8023661375045776,8,"{""source"": ""xgb_user_item""}"
14,100002187047,xgb_user_item_v2,0.7876372933387756,9,"{""source"": ""xgb_user_item""}"
14,10042124137320,xgb_user_item_v2,0.7307549715042114,10,"{""source"": ""xgb_user_item""}"
14,10037128752741,xgb_user_item_v2,0.6864814162254333,11,"{""source"": ""xgb_user_item""}"
14,100114512933,xgb_user_item_v2,0.6755730509757996,12,"{""source"": ""xgb_user_item""}"
14,4246893,xgb_user_item_v2,0.6740663051605225,13,"{""source"": ""xgb_user_item""}"
14,69673075023,xgb_user_item_v2,0.6719329357147217,14,"{""source"": ""xgb_user_item""}"
14,100136079282,xgb_user_item_v2,0.6701824069023132,15,"{""source"": ""xgb_user_item""}"
14,10087901051820,xgb_user_item_v2,0.669954240322113,16,"{""source"": ""xgb_user_item""}"
14,13065559672,xgb_user_item_v2,0.6285393238067627,17,"{""source"": ""xgb_user_item""}"
14,100064200322,xgb_user_item_v2,0.5977714657783508,18,"{""source"": ""xgb_user_item""}"
14,100008164593,xgb_user_item_v2,0.589329183101654,19,"{""source"": ""xgb_user_item""}"
14,100288929442,xgb_user_item_v2,0.5862635970115662,20,"{""source"": ""xgb_user_item""}"
15,100017016045,xgb_user_item_v2,0.9789376854896545,1,"{""source"": ""xgb_user_item""}"
15,10042124137320,xgb_user_item_v2,0.9697596430778503,2,"{""source"": ""xgb_user_item""}"
15,100114512933,xgb_user_item_v2,0.9255422949790955,3,"{""source"": ""xgb_user_item""}"
15,100008164593,xgb_user_item_v2,0.9240246415138245,4,"{""source"": ""xgb_user_item""}"
15,100064200322,xgb_user_item_v2,0.9057914614677429,5,"{""source"": ""xgb_user_item""}"
15,69673075023,xgb_user_item_v2,0.9019779562950134,6,"{""source"": ""xgb_user_item""}"
15,10098681688567,xgb_user_item_v2,0.9014196991920471,7,"{""source"": ""xgb_user_item""}"
15,100171913423,xgb_user_item_v2,0.8726850152015686,8,"{""source"": ""xgb_user_item""}"
15,100008149331,xgb_user_item_v2,0.8440901041030884,9,"{""source"": ""xgb_user_item""}"
15,100002187047,xgb_user_item_v2,0.811829149723053,10,"{""source"": ""xgb_user_item""}"
15,100203043497,xgb_user_item_v2,0.8020992279052734,11,"{""source"": ""xgb_user_item""}"
15,100230260134,xgb_user_item_v2,0.8003807067871094,12,"{""source"": ""xgb_user_item""}"
15,100080216960,xgb_user_item_v2,0.7977595925331116,13,"{""source"": ""xgb_user_item""}"
15,100010609721,xgb_user_item_v2,0.7867515683174133,14,"{""source"": ""xgb_user_item""}"
15,100021518453,xgb_user_item_v2,0.7837189435958862,15,"{""source"": ""xgb_user_item""}"
15,100098831534,xgb_user_item_v2,0.7820454835891724,16,"{""source"": ""xgb_user_item""}"
15,100062064085,xgb_user_item_v2,0.7510247230529785,17,"{""source"": ""xgb_user_item""}"
15,100203000971,xgb_user_item_v2,0.7096300721168518,18,"{""source"": ""xgb_user_item""}"
15,13065559672,xgb_user_item_v2,0.6911109685897827,19,"{""source"": ""xgb_user_item""}"
15,10037128752741,xgb_user_item_v2,0.6775847673416138,20,"{""source"": ""xgb_user_item""}"
16,4246911,xgb_user_item_v2,0.9883348941802979,1,"{""source"": ""xgb_user_item""}"
16,100114512933,xgb_user_item_v2,0.9693878889083862,2,"{""source"": ""xgb_user_item""}"
16,100019031805,xgb_user_item_v2,0.968346118927002,3,"{""source"": ""xgb_user_item""}"
16,100154268303,xgb_user_item_v2,0.9536792039871216,4,"{""source"": ""xgb_user_item""}"
16,10042124137320,xgb_user_item_v2,0.9372841715812683,5,"{""source"": ""xgb_user_item""}"
16,100008164593,xgb_user_item_v2,0.9343655705451965,6,"{""source"": ""xgb_user_item""}"
16,11819155539,xgb_user_item_v2,0.9338890314102173,7,"{""source"": ""xgb_user_item""}"
16,13065559672,xgb_user_item_v2,0.9192721247673035,8,"{""source"": ""xgb_user_item""}"
16,100021518453,xgb_user_item_v2,0.9081350564956665,9,"{""source"": ""xgb_user_item""}"
16,71577466395,xgb_user_item_v2,0.8676489591598511,10,"{""source"": ""xgb_user_item""}"
16,3627320,xgb_user_item_v2,0.865187406539917,11,"{""source"": ""xgb_user_item""}"
16,100215876924,xgb_user_item_v2,0.8414113521575928,12,"{""source"": ""xgb_user_item""}"
16,100064200322,xgb_user_item_v2,0.8322393298149109,13,"{""source"": ""xgb_user_item""}"
16,10121602694516,xgb_user_item_v2,0.8318934440612793,14,"{""source"": ""xgb_user_item""}"
16,1682006,xgb_user_item_v2,0.8296080827713013,15,"{""source"": ""xgb_user_item""}"
16,100112272948,xgb_user_item_v2,0.8275974988937378,16,"{""source"": ""xgb_user_item""}"
16,100195732408,xgb_user_item_v2,0.7957667708396912,17,"{""source"": ""xgb_user_item""}"
16,100136079284,xgb_user_item_v2,0.7249158620834351,18,"{""source"": ""xgb_user_item""}"
16,100012706282,xgb_user_item_v2,0.7241889834403992,19,"{""source"": ""xgb_user_item""}"
16,100002187047,xgb_user_item_v2,0.7080633640289307,20,"{""source"": ""xgb_user_item""}"
17,4246911,xgb_user_item_v2,0.9757591485977173,1,"{""source"": ""xgb_user_item""}"
17,11819155539,xgb_user_item_v2,0.9724987745285034,2,"{""source"": ""xgb_user_item""}"
17,100114512933,xgb_user_item_v2,0.9717439413070679,3,"{""source"": ""xgb_user_item""}"
17,10042124137320,xgb_user_item_v2,0.968257486820221,4,"{""source"": ""xgb_user_item""}"
17,100154268303,xgb_user_item_v2,0.9634659290313721,5,"{""source"": ""xgb_user_item""}"
17,13065559672,xgb_user_item_v2,0.9496561288833618,6,"{""source"": ""xgb_user_item""}"
17,100112272948,xgb_user_item_v2,0.9343778491020203,7,"{""source"": ""xgb_user_item""}"
17,100115256936,xgb_user_item_v2,0.9277786612510681,8,"{""source"": ""xgb_user_item""}"
17,100008164593,xgb_user_item_v2,0.926006019115448,9,"{""source"": ""xgb_user_item""}"
17,10070360840507,xgb_user_item_v2,0.8998374938964844,10,"{""source"": ""xgb_user_item""}"
17,100151315926,xgb_user_item_v2,0.896696150302887,11,"{""source"": ""xgb_user_item""}"
17,100195732408,xgb_user_item_v2,0.8883976936340332,12,"{""source"": ""xgb_user_item""}"
17,100059911987,xgb_user_item_v2,0.8735167980194092,13,"{""source"": ""xgb_user_item""}"
17,100019031805,xgb_user_item_v2,0.8693337440490723,14,"{""source"": ""xgb_user_item""}"
17,1682006,xgb_user_item_v2,0.8653101325035095,15,"{""source"": ""xgb_user_item""}"
17,100071138925,xgb_user_item_v2,0.8330819010734558,16,"{""source"": ""xgb_user_item""}"
17,10121602694516,xgb_user_item_v2,0.8323927521705627,17,"{""source"": ""xgb_user_item""}"
17,71577466395,xgb_user_item_v2,0.830048680305481,18,"{""source"": ""xgb_user_item""}"
17,100215876924,xgb_user_item_v2,0.8200787305831909,19,"{""source"": ""xgb_user_item""}"
17,100000987566,xgb_user_item_v2,0.7795485258102417,20,"{""source"": ""xgb_user_item""}"
18,13065559672,xgb_user_item_v2,0.9632025361061096,1,"{""source"": ""xgb_user_item""}"
18,5475198,xgb_user_item_v2,0.9526931643486023,2,"{""source"": ""xgb_user_item""}"
18,100019031805,xgb_user_item_v2,0.9393442273139954,3,"{""source"": ""xgb_user_item""}"
18,10098681688567,xgb_user_item_v2,0.9172648191452026,4,"{""source"": ""xgb_user_item""}"
18,3409140,xgb_user_item_v2,0.907688558101654,5,"{""source"": ""xgb_user_item""}"
18,4246911,xgb_user_item_v2,0.9014984369277954,6,"{""source"": ""xgb_user_item""}"
18,100111748405,xgb_user_item_v2,0.8829867243766785,7,"{""source"": ""xgb_user_item""}"
18,100288929442,xgb_user_item_v2,0.8735707402229309,8,"{""source"": ""xgb_user_item""}"
18,10042124137320,xgb_user_item_v2,0.8543652892112732,9,"{""source"": ""xgb_user_item""}"
18,11819155539,xgb_user_item_v2,0.8388240337371826,10,"{""source"": ""xgb_user_item""}"
18,100154268305,xgb_user_item_v2,0.8252490758895874,11,"{""source"": ""xgb_user_item""}"
18,100009013165,xgb_user_item_v2,0.8207138180732727,12,"{""source"": ""xgb_user_item""}"
18,100008149331,xgb_user_item_v2,0.7940942049026489,13,"{""source"": ""xgb_user_item""}"
18,1682006,xgb_user_item_v2,0.7770010828971863,14,"{""source"": ""xgb_user_item""}"
18,100136079282,xgb_user_item_v2,0.7664316296577454,15,"{""source"": ""xgb_user_item""}"
18,100121467835,xgb_user_item_v2,0.7378661632537842,16,"{""source"": ""xgb_user_item""}"
18,100064236882,xgb_user_item_v2,0.7086562514305115,17,"{""source"": ""xgb_user_item""}"
18,3197429,xgb_user_item_v2,0.6975433826446533,18,"{""source"": ""xgb_user_item""}"
18,100162461068,xgb_user_item_v2,0.6949238777160645,19,"{""source"": ""xgb_user_item""}"
18,100154268303,xgb_user_item_v2,0.6808578372001648,20,"{""source"": ""xgb_user_item""}"
19,100114512933,xgb_user_item_v2,0.9848139882087708,1,"{""source"": ""xgb_user_item""}"
19,4246911,xgb_user_item_v2,0.9843044877052307,2,"{""source"": ""xgb_user_item""}"
19,10042124137320,xgb_user_item_v2,0.9803528785705566,3,"{""source"": ""xgb_user_item""}"
19,11819155539,xgb_user_item_v2,0.9767589569091797,4,"{""source"": ""xgb_user_item""}"
19,100154268303,xgb_user_item_v2,0.9754044413566589,5,"{""source"": ""xgb_user_item""}"
19,13065559672,xgb_user_item_v2,0.9742088913917542,6,"{""source"": ""xgb_user_item""}"
19,100008164593,xgb_user_item_v2,0.9701864123344421,7,"{""source"": ""xgb_user_item""}"
19,100195732408,xgb_user_item_v2,0.953932523727417,8,"{""source"": ""xgb_user_item""}"
19,100112272948,xgb_user_item_v2,0.9493758082389832,9,"{""source"": ""xgb_user_item""}"
19,100019031805,xgb_user_item_v2,0.9406836032867432,10,"{""source"": ""xgb_user_item""}"
19,10070360840507,xgb_user_item_v2,0.9383029937744141,11,"{""source"": ""xgb_user_item""}"
19,1682006,xgb_user_item_v2,0.9330088496208191,12,"{""source"": ""xgb_user_item""}"
19,100059911987,xgb_user_item_v2,0.9254322052001953,13,"{""source"": ""xgb_user_item""}"
19,10121602694516,xgb_user_item_v2,0.9242874979972839,14,"{""source"": ""xgb_user_item""}"
19,100115256936,xgb_user_item_v2,0.9114986658096313,15,"{""source"": ""xgb_user_item""}"
19,100151315926,xgb_user_item_v2,0.8915016651153564,16,"{""source"": ""xgb_user_item""}"
19,100071138925,xgb_user_item_v2,0.8887361288070679,17,"{""source"": ""xgb_user_item""}"
19,71577466395,xgb_user_item_v2,0.8619879484176636,18,"{""source"": ""xgb_user_item""}"
19,100215876924,xgb_user_item_v2,0.8569673895835876,19,"{""source"": ""xgb_user_item""}"
19,100000987566,xgb_user_item_v2,0.849833607673645,20,"{""source"": ""xgb_user_item""}"
20,100019031805,xgb_user_item_v2,0.9856573343276978,1,"{""source"": ""xgb_user_item""}"
20,5475198,xgb_user_item_v2,0.967322826385498,2,"{""source"": ""xgb_user_item""}"
20,100136079282,xgb_user_item_v2,0.9652594923973083,3,"{""source"": ""xgb_user_item""}"
20,13065559672,xgb_user_item_v2,0.9555862545967102,4,"{""source"": ""xgb_user_item""}"
20,100154268303,xgb_user_item_v2,0.9500885009765625,5,"{""source"": ""xgb_user_item""}"
20,100009013165,xgb_user_item_v2,0.9468953013420105,6,"{""source"": ""xgb_user_item""}"
20,4246911,xgb_user_item_v2,0.938510537147522,7,"{""source"": ""xgb_user_item""}"
20,100111748405,xgb_user_item_v2,0.9165986180305481,8,"{""source"": ""xgb_user_item""}"
20,100249994404,xgb_user_item_v2,0.914801299571991,9,"{""source"": ""xgb_user_item""}"
20,100114512933,xgb_user_item_v2,0.8892315626144409,10,"{""source"": ""xgb_user_item""}"
20,100002187045,xgb_user_item_v2,0.7935611605644226,11,"{""source"": ""xgb_user_item""}"
20,69673075023,xgb_user_item_v2,0.769901692867279,12,"{""source"": ""xgb_user_item""}"
20,3197317,xgb_user_item_v2,0.7668659687042236,13,"{""source"": ""xgb_user_item""}"
20,100216501267,xgb_user_item_v2,0.7541028261184692,14,"{""source"": ""xgb_user_item""}"
20,3409140,xgb_user_item_v2,0.7533186078071594,15,"{""source"": ""xgb_user_item""}"
20,100059257824,xgb_user_item_v2,0.7494468688964844,16,"{""source"": ""xgb_user_item""}"
20,4246893,xgb_user_item_v2,0.7467117309570312,17,"{""source"": ""xgb_user_item""}"
20,10098656892439,xgb_user_item_v2,0.7436744570732117,18,"{""source"": ""xgb_user_item""}"
20,10121602694516,xgb_user_item_v2,0.7425827383995056,19,"{""source"": ""xgb_user_item""}"
20,100230694872,xgb_user_item_v2,0.6435881853103638,20,"{""source"": ""xgb_user_item""}"
21,100019031805,xgb_user_item_v2,0.9856573343276978,1,"{""source"": ""xgb_user_item""}"
21,5475198,xgb_user_item_v2,0.967322826385498,2,"{""source"": ""xgb_user_item""}"
21,100136079282,xgb_user_item_v2,0.9652594923973083,3,"{""source"": ""xgb_user_item""}"
21,13065559672,xgb_user_item_v2,0.9555862545967102,4,"{""source"": ""xgb_user_item""}"
21,100154268303,xgb_user_item_v2,0.9500885009765625,5,"{""source"": ""xgb_user_item""}"
21,100009013165,xgb_user_item_v2,0.9468953013420105,6,"{""source"": ""xgb_user_item""}"
21,4246911,xgb_user_item_v2,0.938510537147522,7,"{""source"": ""xgb_user_item""}"
21,100111748405,xgb_user_item_v2,0.9165986180305481,8,"{""source"": ""xgb_user_item""}"
21,100249994404,xgb_user_item_v2,0.914801299571991,9,"{""source"": ""xgb_user_item""}"
21,100114512933,xgb_user_item_v2,0.8892315626144409,10,"{""source"": ""xgb_user_item""}"
21,100002187045,xgb_user_item_v2,0.7935611605644226,11,"{""source"": ""xgb_user_item""}"
21,69673075023,xgb_user_item_v2,0.769901692867279,12,"{""source"": ""xgb_user_item""}"
21,3197317,xgb_user_item_v2,0.7668659687042236,13,"{""source"": ""xgb_user_item""}"
21,100216501267,xgb_user_item_v2,0.7541028261184692,14,"{""source"": ""xgb_user_item""}"
21,3409140,xgb_user_item_v2,0.7533186078071594,15,"{""source"": ""xgb_user_item""}"
21,100059257824,xgb_user_item_v2,0.7494468688964844,16,"{""source"": ""xgb_user_item""}"
21,4246893,xgb_user_item_v2,0.7467117309570312,17,"{""source"": ""xgb_user_item""}"
21,10098656892439,xgb_user_item_v2,0.7436744570732117,18,"{""source"": ""xgb_user_item""}"
21,10121602694516,xgb_user_item_v2,0.7425827383995056,19,"{""source"": ""xgb_user_item""}"
21,100230694872,xgb_user_item_v2,0.6435881853103638,20,"{""source"": ""xgb_user_item""}"
22,100154268303,xgb_user_item_v2,0.9849095940589905,1,"{""source"": ""xgb_user_item""}"
22,4246911,xgb_user_item_v2,0.9846836924552917,2,"{""source"": ""xgb_user_item""}"
22,100019031805,xgb_user_item_v2,0.9839275479316711,3,"{""source"": ""xgb_user_item""}"
22,100114512933,xgb_user_item_v2,0.9692674875259399,4,"{""source"": ""xgb_user_item""}"
22,100136079282,xgb_user_item_v2,0.9537902474403381,5,"{""source"": ""xgb_user_item""}"
22,100111748405,xgb_user_item_v2,0.9524897933006287,6,"{""source"": ""xgb_user_item""}"
22,100009013165,xgb_user_item_v2,0.9406123757362366,7,"{""source"": ""xgb_user_item""}"
22,11819155539,xgb_user_item_v2,0.9366214275360107,8,"{""source"": ""xgb_user_item""}"
22,100136079284,xgb_user_item_v2,0.9159910678863525,9,"{""source"": ""xgb_user_item""}"
22,5475198,xgb_user_item_v2,0.8893188834190369,10,"{""source"": ""xgb_user_item""}"
22,10192694267563,xgb_user_item_v2,0.8468969464302063,11,"{""source"": ""xgb_user_item""}"
22,4246893,xgb_user_item_v2,0.8408724069595337,12,"{""source"": ""xgb_user_item""}"
22,69673075023,xgb_user_item_v2,0.8362259268760681,13,"{""source"": ""xgb_user_item""}"
22,10037128752741,xgb_user_item_v2,0.8016284704208374,14,"{""source"": ""xgb_user_item""}"
22,100268823874,xgb_user_item_v2,0.7998185157775879,15,"{""source"": ""xgb_user_item""}"
22,100008164593,xgb_user_item_v2,0.7889189720153809,16,"{""source"": ""xgb_user_item""}"
22,100195732408,xgb_user_item_v2,0.7882734537124634,17,"{""source"": ""xgb_user_item""}"
22,10087901051820,xgb_user_item_v2,0.7751441597938538,18,"{""source"": ""xgb_user_item""}"
22,100230694872,xgb_user_item_v2,0.7465931177139282,19,"{""source"": ""xgb_user_item""}"
22,13065559672,xgb_user_item_v2,0.7236453294754028,20,"{""source"": ""xgb_user_item""}"
23,4246911,xgb_user_item_v2,0.9757591485977173,1,"{""source"": ""xgb_user_item""}"
23,11819155539,xgb_user_item_v2,0.9724987745285034,2,"{""source"": ""xgb_user_item""}"
23,100114512933,xgb_user_item_v2,0.9717439413070679,3,"{""source"": ""xgb_user_item""}"
23,10042124137320,xgb_user_item_v2,0.968257486820221,4,"{""source"": ""xgb_user_item""}"
23,100154268303,xgb_user_item_v2,0.9634659290313721,5,"{""source"": ""xgb_user_item""}"
23,13065559672,xgb_user_item_v2,0.9496561288833618,6,"{""source"": ""xgb_user_item""}"
23,100112272948,xgb_user_item_v2,0.9343778491020203,7,"{""source"": ""xgb_user_item""}"
23,100115256936,xgb_user_item_v2,0.9277786612510681,8,"{""source"": ""xgb_user_item""}"
23,100008164593,xgb_user_item_v2,0.926006019115448,9,"{""source"": ""xgb_user_item""}"
23,10070360840507,xgb_user_item_v2,0.8998374938964844,10,"{""source"": ""xgb_user_item""}"
23,100151315926,xgb_user_item_v2,0.896696150302887,11,"{""source"": ""xgb_user_item""}"
23,100195732408,xgb_user_item_v2,0.8883976936340332,12,"{""source"": ""xgb_user_item""}"
23,100059911987,xgb_user_item_v2,0.8735167980194092,13,"{""source"": ""xgb_user_item""}"
23,100019031805,xgb_user_item_v2,0.8693337440490723,14,"{""source"": ""xgb_user_item""}"
23,1682006,xgb_user_item_v2,0.8653101325035095,15,"{""source"": ""xgb_user_item""}"
23,100071138925,xgb_user_item_v2,0.8330819010734558,16,"{""source"": ""xgb_user_item""}"
23,10121602694516,xgb_user_item_v2,0.8323927521705627,17,"{""source"": ""xgb_user_item""}"
23,71577466395,xgb_user_item_v2,0.830048680305481,18,"{""source"": ""xgb_user_item""}"
23,100215876924,xgb_user_item_v2,0.8200787305831909,19,"{""source"": ""xgb_user_item""}"
23,100000987566,xgb_user_item_v2,0.7795485258102417,20,"{""source"": ""xgb_user_item""}"
24,100017016045,xgb_user_item_v2,0.9571694135665894,1,"{""source"": ""xgb_user_item""}"
24,10098681688567,xgb_user_item_v2,0.9528220295906067,2,"{""source"": ""xgb_user_item""}"
24,5475198,xgb_user_item_v2,0.9075139760971069,3,"{""source"": ""xgb_user_item""}"
24,100203000971,xgb_user_item_v2,0.8562057018280029,4,"{""source"": ""xgb_user_item""}"
24,3409140,xgb_user_item_v2,0.8480225205421448,5,"{""source"": ""xgb_user_item""}"
24,100111748405,xgb_user_item_v2,0.8030813336372375,6,"{""source"": ""xgb_user_item""}"
24,100070794980,xgb_user_item_v2,0.8027476072311401,7,"{""source"": ""xgb_user_item""}"
24,11819155539,xgb_user_item_v2,0.8023661375045776,8,"{""source"": ""xgb_user_item""}"
24,100002187047,xgb_user_item_v2,0.7876372933387756,9,"{""source"": ""xgb_user_item""}"
24,10042124137320,xgb_user_item_v2,0.7307549715042114,10,"{""source"": ""xgb_user_item""}"
24,10037128752741,xgb_user_item_v2,0.6864814162254333,11,"{""source"": ""xgb_user_item""}"
24,100114512933,xgb_user_item_v2,0.6755730509757996,12,"{""source"": ""xgb_user_item""}"
24,4246893,xgb_user_item_v2,0.6740663051605225,13,"{""source"": ""xgb_user_item""}"
24,69673075023,xgb_user_item_v2,0.6719329357147217,14,"{""source"": ""xgb_user_item""}"
24,100136079282,xgb_user_item_v2,0.6701824069023132,15,"{""source"": ""xgb_user_item""}"
24,10087901051820,xgb_user_item_v2,0.669954240322113,16,"{""source"": ""xgb_user_item""}"
24,13065559672,xgb_user_item_v2,0.6285393238067627,17,"{""source"": ""xgb_user_item""}"
24,100064200322,xgb_user_item_v2,0.5977714657783508,18,"{""source"": ""xgb_user_item""}"
24,100008164593,xgb_user_item_v2,0.589329183101654,19,"{""source"": ""xgb_user_item""}"
24,100288929442,xgb_user_item_v2,0.5862635970115662,20,"{""source"": ""xgb_user_item""}"
25,100114512933,xgb_user_item_v2,0.9848139882087708,1,"{""source"": ""xgb_user_item""}"
25,4246911,xgb_user_item_v2,0.9843044877052307,2,"{""source"": ""xgb_user_item""}"
25,10042124137320,xgb_user_item_v2,0.9803528785705566,3,"{""source"": ""xgb_user_item""}"
25,11819155539,xgb_user_item_v2,0.9767589569091797,4,"{""source"": ""xgb_user_item""}"
25,100154268303,xgb_user_item_v2,0.9754044413566589,5,"{""source"": ""xgb_user_item""}"
25,13065559672,xgb_user_item_v2,0.9742088913917542,6,"{""source"": ""xgb_user_item""}"
25,100008164593,xgb_user_item_v2,0.9701864123344421,7,"{""source"": ""xgb_user_item""}"
25,100195732408,xgb_user_item_v2,0.953932523727417,8,"{""source"": ""xgb_user_item""}"
25,100112272948,xgb_user_item_v2,0.9493758082389832,9,"{""source"": ""xgb_user_item""}"
25,100019031805,xgb_user_item_v2,0.9406836032867432,10,"{""source"": ""xgb_user_item""}"
25,10070360840507,xgb_user_item_v2,0.9383029937744141,11,"{""source"": ""xgb_user_item""}"
25,1682006,xgb_user_item_v2,0.9330088496208191,12,"{""source"": ""xgb_user_item""}"
25,100059911987,xgb_user_item_v2,0.9254322052001953,13,"{""source"": ""xgb_user_item""}"
25,10121602694516,xgb_user_item_v2,0.9242874979972839,14,"{""source"": ""xgb_user_item""}"
25,100115256936,xgb_user_item_v2,0.9114986658096313,15,"{""source"": ""xgb_user_item""}"
25,100151315926,xgb_user_item_v2,0.8915016651153564,16,"{""source"": ""xgb_user_item""}"
25,100071138925,xgb_user_item_v2,0.8887361288070679,17,"{""source"": ""xgb_user_item""}"
25,71577466395,xgb_user_item_v2,0.8619879484176636,18,"{""source"": ""xgb_user_item""}"
25,100215876924,xgb_user_item_v2,0.8569673895835876,19,"{""source"": ""xgb_user_item""}"
25,100000987566,xgb_user_item_v2,0.849833607673645,20,"{""source"": ""xgb_user_item""}"
26,4246911,xgb_user_item_v2,0.9883348941802979,1,"{""source"": ""xgb_user_item""}"
26,100114512933,xgb_user_item_v2,0.9693878889083862,2,"{""source"": ""xgb_user_item""}"
26,100019031805,xgb_user_item_v2,0.968346118927002,3,"{""source"": ""xgb_user_item""}"
26,100154268303,xgb_user_item_v2,0.9536792039871216,4,"{""source"": ""xgb_user_item""}"
26,10042124137320,xgb_user_item_v2,0.9372841715812683,5,"{""source"": ""xgb_user_item""}"
26,100008164593,xgb_user_item_v2,0.9343655705451965,6,"{""source"": ""xgb_user_item""}"
26,11819155539,xgb_user_item_v2,0.9338890314102173,7,"{""source"": ""xgb_user_item""}"
26,13065559672,xgb_user_item_v2,0.9192721247673035,8,"{""source"": ""xgb_user_item""}"
26,100021518453,xgb_user_item_v2,0.9081350564956665,9,"{""source"": ""xgb_user_item""}"
26,71577466395,xgb_user_item_v2,0.8676489591598511,10,"{""source"": ""xgb_user_item""}"
26,3627320,xgb_user_item_v2,0.865187406539917,11,"{""source"": ""xgb_user_item""}"
26,100215876924,xgb_user_item_v2,0.8414113521575928,12,"{""source"": ""xgb_user_item""}"
26,100064200322,xgb_user_item_v2,0.8322393298149109,13,"{""source"": ""xgb_user_item""}"
26,10121602694516,xgb_user_item_v2,0.8318934440612793,14,"{""source"": ""xgb_user_item""}"
26,1682006,xgb_user_item_v2,0.8296080827713013,15,"{""source"": ""xgb_user_item""}"
26,100112272948,xgb_user_item_v2,0.8275974988937378,16,"{""source"": ""xgb_user_item""}"
26,100195732408,xgb_user_item_v2,0.7957667708396912,17,"{""source"": ""xgb_user_item""}"
26,100136079284,xgb_user_item_v2,0.7249158620834351,18,"{""source"": ""xgb_user_item""}"
26,100012706282,xgb_user_item_v2,0.7241889834403992,19,"{""source"": ""xgb_user_item""}"
26,100002187047,xgb_user_item_v2,0.7080633640289307,20,"{""source"": ""xgb_user_item""}"
27,100019031805,xgb_user_item_v2,0.9856573343276978,1,"{""source"": ""xgb_user_item""}"
27,5475198,xgb_user_item_v2,0.967322826385498,2,"{""source"": ""xgb_user_item""}"
27,100136079282,xgb_user_item_v2,0.9652594923973083,3,"{""source"": ""xgb_user_item""}"
27,13065559672,xgb_user_item_v2,0.9555862545967102,4,"{""source"": ""xgb_user_item""}"
27,100154268303,xgb_user_item_v2,0.9500885009765625,5,"{""source"": ""xgb_user_item""}"
27,100009013165,xgb_user_item_v2,0.9468953013420105,6,"{""source"": ""xgb_user_item""}"
27,4246911,xgb_user_item_v2,0.938510537147522,7,"{""source"": ""xgb_user_item""}"
27,100111748405,xgb_user_item_v2,0.9165986180305481,8,"{""source"": ""xgb_user_item""}"
27,100249994404,xgb_user_item_v2,0.914801299571991,9,"{""source"": ""xgb_user_item""}"
27,100114512933,xgb_user_item_v2,0.8892315626144409,10,"{""source"": ""xgb_user_item""}"
27,100002187045,xgb_user_item_v2,0.7935611605644226,11,"{""source"": ""xgb_user_item""}"
27,69673075023,xgb_user_item_v2,0.769901692867279,12,"{""source"": ""xgb_user_item""}"
27,3197317,xgb_user_item_v2,0.7668659687042236,13,"{""source"": ""xgb_user_item""}"
27,100216501267,xgb_user_item_v2,0.7541028261184692,14,"{""source"": ""xgb_user_item""}"
27,3409140,xgb_user_item_v2,0.7533186078071594,15,"{""source"": ""xgb_user_item""}"
27,100059257824,xgb_user_item_v2,0.7494468688964844,16,"{""source"": ""xgb_user_item""}"
27,4246893,xgb_user_item_v2,0.7467117309570312,17,"{""source"": ""xgb_user_item""}"
27,10098656892439,xgb_user_item_v2,0.7436744570732117,18,"{""source"": ""xgb_user_item""}"
27,10121602694516,xgb_user_item_v2,0.7425827383995056,19,"{""source"": ""xgb_user_item""}"
27,100230694872,xgb_user_item_v2,0.6435881853103638,20,"{""source"": ""xgb_user_item""}"
28,100154268303,xgb_user_item_v2,0.9849095940589905,1,"{""source"": ""xgb_user_item""}"
28,4246911,xgb_user_item_v2,0.9846836924552917,2,"{""source"": ""xgb_user_item""}"
28,100019031805,xgb_user_item_v2,0.9839275479316711,3,"{""source"": ""xgb_user_item""}"
28,100114512933,xgb_user_item_v2,0.9692674875259399,4,"{""source"": ""xgb_user_item""}"
28,100136079282,xgb_user_item_v2,0.9537902474403381,5,"{""source"": ""xgb_user_item""}"
28,100111748405,xgb_user_item_v2,0.9524897933006287,6,"{""source"": ""xgb_user_item""}"
28,100009013165,xgb_user_item_v2,0.9406123757362366,7,"{""source"": ""xgb_user_item""}"
28,11819155539,xgb_user_item_v2,0.9366214275360107,8,"{""source"": ""xgb_user_item""}"
28,100136079284,xgb_user_item_v2,0.9159910678863525,9,"{""source"": ""xgb_user_item""}"
28,5475198,xgb_user_item_v2,0.8893188834190369,10,"{""source"": ""xgb_user_item""}"
28,10192694267563,xgb_user_item_v2,0.8468969464302063,11,"{""source"": ""xgb_user_item""}"
28,4246893,xgb_user_item_v2,0.8408724069595337,12,"{""source"": ""xgb_user_item""}"
28,69673075023,xgb_user_item_v2,0.8362259268760681,13,"{""source"": ""xgb_user_item""}"
28,10037128752741,xgb_user_item_v2,0.8016284704208374,14,"{""source"": ""xgb_user_item""}"
28,100268823874,xgb_user_item_v2,0.7998185157775879,15,"{""source"": ""xgb_user_item""}"
28,100008164593,xgb_user_item_v2,0.7889189720153809,16,"{""source"": ""xgb_user_item""}"
28,100195732408,xgb_user_item_v2,0.7882734537124634,17,"{""source"": ""xgb_user_item""}"
28,10087901051820,xgb_user_item_v2,0.7751441597938538,18,"{""source"": ""xgb_user_item""}"
28,100230694872,xgb_user_item_v2,0.7465931177139282,19,"{""source"": ""xgb_user_item""}"
28,13065559672,xgb_user_item_v2,0.7236453294754028,20,"{""source"": ""xgb_user_item""}"
29,100017016045,xgb_user_item_v2,0.9571694135665894,1,"{""source"": ""xgb_user_item""}"
29,10098681688567,xgb_user_item_v2,0.9528220295906067,2,"{""source"": ""xgb_user_item""}"
29,5475198,xgb_user_item_v2,0.9075139760971069,3,"{""source"": ""xgb_user_item""}"
29,100203000971,xgb_user_item_v2,0.8562057018280029,4,"{""source"": ""xgb_user_item""}"
29,3409140,xgb_user_item_v2,0.8480225205421448,5,"{""source"": ""xgb_user_item""}"
29,100111748405,xgb_user_item_v2,0.8030813336372375,6,"{""source"": ""xgb_user_item""}"
29,100070794980,xgb_user_item_v2,0.8027476072311401,7,"{""source"": ""xgb_user_item""}"
29,11819155539,xgb_user_item_v2,0.8023661375045776,8,"{""source"": ""xgb_user_item""}"
29,100002187047,xgb_user_item_v2,0.7876372933387756,9,"{""source"": ""xgb_user_item""}"
29,10042124137320,xgb_user_item_v2,0.7307549715042114,10,"{""source"": ""xgb_user_item""}"
29,10037128752741,xgb_user_item_v2,0.6864814162254333,11,"{""source"": ""xgb_user_item""}"
29,100114512933,xgb_user_item_v2,0.6755730509757996,12,"{""source"": ""xgb_user_item""}"
29,4246893,xgb_user_item_v2,0.6740663051605225,13,"{""source"": ""xgb_user_item""}"
29,69673075023,xgb_user_item_v2,0.6719329357147217,14,"{""source"": ""xgb_user_item""}"
29,100136079282,xgb_user_item_v2,0.6701824069023132,15,"{""source"": ""xgb_user_item""}"
29,10087901051820,xgb_user_item_v2,0.669954240322113,16,"{""source"": ""xgb_user_item""}"
29,13065559672,xgb_user_item_v2,0.6285393238067627,17,"{""source"": ""xgb_user_item""}"
29,100064200322,xgb_user_item_v2,0.5977714657783508,18,"{""source"": ""xgb_user_item""}"
29,100008164593,xgb_user_item_v2,0.589329183101654,19,"{""source"": ""xgb_user_item""}"
29,100288929442,xgb_user_item_v2,0.5862635970115662,20,"{""source"": ""xgb_user_item""}"
30,100154268303,xgb_user_item_v2,0.9849095940589905,1,"{""source"": ""xgb_user_item""}"
30,4246911,xgb_user_item_v2,0.9846836924552917,2,"{""source"": ""xgb_user_item""}"
30,100019031805,xgb_user_item_v2,0.9839275479316711,3,"{""source"": ""xgb_user_item""}"
30,100114512933,xgb_user_item_v2,0.9692674875259399,4,"{""source"": ""xgb_user_item""}"
30,100136079282,xgb_user_item_v2,0.9537902474403381,5,"{""source"": ""xgb_user_item""}"
30,100111748405,xgb_user_item_v2,0.9524897933006287,6,"{""source"": ""xgb_user_item""}"
30,100009013165,xgb_user_item_v2,0.9406123757362366,7,"{""source"": ""xgb_user_item""}"
30,11819155539,xgb_user_item_v2,0.9366214275360107,8,"{""source"": ""xgb_user_item""}"
30,100136079284,xgb_user_item_v2,0.9159910678863525,9,"{""source"": ""xgb_user_item""}"
30,5475198,xgb_user_item_v2,0.8893188834190369,10,"{""source"": ""xgb_user_item""}"
30,10192694267563,xgb_user_item_v2,0.8468969464302063,11,"{""source"": ""xgb_user_item""}"
30,4246893,xgb_user_item_v2,0.8408724069595337,12,"{""source"": ""xgb_user_item""}"
30,69673075023,xgb_user_item_v2,0.8362259268760681,13,"{""source"": ""xgb_user_item""}"
30,10037128752741,xgb_user_item_v2,0.8016284704208374,14,"{""source"": ""xgb_user_item""}"
30,100268823874,xgb_user_item_v2,0.7998185157775879,15,"{""source"": ""xgb_user_item""}"
30,100008164593,xgb_user_item_v2,0.7889189720153809,16,"{""source"": ""xgb_user_item""}"
30,100195732408,xgb_user_item_v2,0.7882734537124634,17,"{""source"": ""xgb_user_item""}"
30,10087901051820,xgb_user_item_v2,0.7751441597938538,18,"{""source"": ""xgb_user_item""}"
30,100230694872,xgb_user_item_v2,0.7465931177139282,19,"{""source"": ""xgb_user_item""}"
30,13065559672,xgb_user_item_v2,0.7236453294754028,20,"{""source"": ""xgb_user_item""}"
31,100019031805,xgb_user_item_v2,0.9856573343276978,1,"{""source"": ""xgb_user_item""}"
31,5475198,xgb_user_item_v2,0.967322826385498,2,"{""source"": ""xgb_user_item""}"
31,100136079282,xgb_user_item_v2,0.9652594923973083,3,"{""source"": ""xgb_user_item""}"
31,13065559672,xgb_user_item_v2,0.9555862545967102,4,"{""source"": ""xgb_user_item""}"
31,100154268303,xgb_user_item_v2,0.9500885009765625,5,"{""source"": ""xgb_user_item""}"
31,100009013165,xgb_user_item_v2,0.9468953013420105,6,"{""source"": ""xgb_user_item""}"
31,4246911,xgb_user_item_v2,0.938510537147522,7,"{""source"": ""xgb_user_item""}"
31,100111748405,xgb_user_item_v2,0.9165986180305481,8,"{""source"": ""xgb_user_item""}"
31,100249994404,xgb_user_item_v2,0.914801299571991,9,"{""source"": ""xgb_user_item""}"
31,100114512933,xgb_user_item_v2,0.8892315626144409,10,"{""source"": ""xgb_user_item""}"
31,100002187045,xgb_user_item_v2,0.7935611605644226,11,"{""source"": ""xgb_user_item""}"
31,69673075023,xgb_user_item_v2,0.769901692867279,12,"{""source"": ""xgb_user_item""}"
31,3197317,xgb_user_item_v2,0.7668659687042236,13,"{""source"": ""xgb_user_item""}"
31,100216501267,xgb_user_item_v2,0.7541028261184692,14,"{""source"": ""xgb_user_item""}"
31,3409140,xgb_user_item_v2,0.7533186078071594,15,"{""source"": ""xgb_user_item""}"
31,100059257824,xgb_user_item_v2,0.7494468688964844,16,"{""source"": ""xgb_user_item""}"
31,4246893,xgb_user_item_v2,0.7467117309570312,17,"{""source"": ""xgb_user_item""}"
31,10098656892439,xgb_user_item_v2,0.7436744570732117,18,"{""source"": ""xgb_user_item""}"
31,10121602694516,xgb_user_item_v2,0.7425827383995056,19,"{""source"": ""xgb_user_item""}"
31,100230694872,xgb_user_item_v2,0.6435881853103638,20,"{""source"": ""xgb_user_item""}"
32,100017016045,xgb_user_item_v2,0.9571694135665894,1,"{""source"": ""xgb_user_item""}"
32,10098681688567,xgb_user_item_v2,0.9528220295906067,2,"{""source"": ""xgb_user_item""}"
32,5475198,xgb_user_item_v2,0.9075139760971069,3,"{""source"": ""xgb_user_item""}"
32,100203000971,xgb_user_item_v2,0.8562057018280029,4,"{""source"": ""xgb_user_item""}"
32,3409140,xgb_user_item_v2,0.8480225205421448,5,"{""source"": ""xgb_user_item""}"
32,100111748405,xgb_user_item_v2,0.8030813336372375,6,"{""source"": ""xgb_user_item""}"
32,100070794980,xgb_user_item_v2,0.8027476072311401,7,"{""source"": ""xgb_user_item""}"
32,11819155539,xgb_user_item_v2,0.8023661375045776,8,"{""source"": ""xgb_user_item""}"
32,100002187047,xgb_user_item_v2,0.7876372933387756,9,"{""source"": ""xgb_user_item""}"
32,10042124137320,xgb_user_item_v2,0.7307549715042114,10,"{""source"": ""xgb_user_item""}"
32,10037128752741,xgb_user_item_v2,0.6864814162254333,11,"{""source"": ""xgb_user_item""}"
32,100114512933,xgb_user_item_v2,0.6755730509757996,12,"{""source"": ""xgb_user_item""}"
32,4246893,xgb_user_item_v2,0.6740663051605225,13,"{""source"": ""xgb_user_item""}"
32,69673075023,xgb_user_item_v2,0.6719329357147217,14,"{""source"": ""xgb_user_item""}"
32,100136079282,xgb_user_item_v2,0.6701824069023132,15,"{""source"": ""xgb_user_item""}"
32,10087901051820,xgb_user_item_v2,0.669954240322113,16,"{""source"": ""xgb_user_item""}"
32,13065559672,xgb_user_item_v2,0.6285393238067627,17,"{""source"": ""xgb_user_item""}"
32,100064200322,xgb_user_item_v2,0.5977714657783508,18,"{""source"": ""xgb_user_item""}"
32,100008164593,xgb_user_item_v2,0.589329183101654,19,"{""source"": ""xgb_user_item""}"
32,100288929442,xgb_user_item_v2,0.5862635970115662,20,"{""source"": ""xgb_user_item""}"
33,4246911,xgb_user_item_v2,0.9757591485977173,1,"{""source"": ""xgb_user_item""}"
33,11819155539,xgb_user_item_v2,0.9724987745285034,2,"{""source"": ""xgb_user_item""}"
33,100114512933,xgb_user_item_v2,0.9717439413070679,3,"{""source"": ""xgb_user_item""}"
33,10042124137320,xgb_user_item_v2,0.968257486820221,4,"{""source"": ""xgb_user_item""}"
33,100154268303,xgb_user_item_v2,0.9634659290313721,5,"{""source"": ""xgb_user_item""}"
33,13065559672,xgb_user_item_v2,0.9496561288833618,6,"{""source"": ""xgb_user_item""}"
33,100112272948,xgb_user_item_v2,0.9343778491020203,7,"{""source"": ""xgb_user_item""}"
33,100115256936,xgb_user_item_v2,0.9277786612510681,8,"{""source"": ""xgb_user_item""}"
33,100008164593,xgb_user_item_v2,0.926006019115448,9,"{""source"": ""xgb_user_item""}"
33,10070360840507,xgb_user_item_v2,0.8998374938964844,10,"{""source"": ""xgb_user_item""}"
33,100151315926,xgb_user_item_v2,0.896696150302887,11,"{""source"": ""xgb_user_item""}"
33,100195732408,xgb_user_item_v2,0.8883976936340332,12,"{""source"": ""xgb_user_item""}"
33,100059911987,xgb_user_item_v2,0.8735167980194092,13,"{""source"": ""xgb_user_item""}"
33,100019031805,xgb_user_item_v2,0.8693337440490723,14,"{""source"": ""xgb_user_item""}"
33,1682006,xgb_user_item_v2,0.8653101325035095,15,"{""source"": ""xgb_user_item""}"
33,100071138925,xgb_user_item_v2,0.8330819010734558,16,"{""source"": ""xgb_user_item""}"
33,10121602694516,xgb_user_item_v2,0.8323927521705627,17,"{""source"": ""xgb_user_item""}"
33,71577466395,xgb_user_item_v2,0.830048680305481,18,"{""source"": ""xgb_user_item""}"
33,100215876924,xgb_user_item_v2,0.8200787305831909,19,"{""source"": ""xgb_user_item""}"
33,100000987566,xgb_user_item_v2,0.7795485258102417,20,"{""source"": ""xgb_user_item""}"
34,100114512933,xgb_user_item_v2,0.9848139882087708,1,"{""source"": ""xgb_user_item""}"
34,4246911,xgb_user_item_v2,0.9843044877052307,2,"{""source"": ""xgb_user_item""}"
34,10042124137320,xgb_user_item_v2,0.9803528785705566,3,"{""source"": ""xgb_user_item""}"
34,11819155539,xgb_user_item_v2,0.9767589569091797,4,"{""source"": ""xgb_user_item""}"
34,100154268303,xgb_user_item_v2,0.9754044413566589,5,"{""source"": ""xgb_user_item""}"
34,13065559672,xgb_user_item_v2,0.9742088913917542,6,"{""source"": ""xgb_user_item""}"
34,100008164593,xgb_user_item_v2,0.9701864123344421,7,"{""source"": ""xgb_user_item""}"
34,100195732408,xgb_user_item_v2,0.953932523727417,8,"{""source"": ""xgb_user_item""}"
34,100112272948,xgb_user_item_v2,0.9493758082389832,9,"{""source"": ""xgb_user_item""}"
34,100019031805,xgb_user_item_v2,0.9406836032867432,10,"{""source"": ""xgb_user_item""}"
34,10070360840507,xgb_user_item_v2,0.9383029937744141,11,"{""source"": ""xgb_user_item""}"
34,1682006,xgb_user_item_v2,0.9330088496208191,12,"{""source"": ""xgb_user_item""}"
34,100059911987,xgb_user_item_v2,0.9254322052001953,13,"{""source"": ""xgb_user_item""}"
34,10121602694516,xgb_user_item_v2,0.9242874979972839,14,"{""source"": ""xgb_user_item""}"
34,100115256936,xgb_user_item_v2,0.9114986658096313,15,"{""source"": ""xgb_user_item""}"
34,100151315926,xgb_user_item_v2,0.8915016651153564,16,"{""source"": ""xgb_user_item""}"
34,100071138925,xgb_user_item_v2,0.8887361288070679,17,"{""source"": ""xgb_user_item""}"
34,71577466395,xgb_user_item_v2,0.8619879484176636,18,"{""source"": ""xgb_user_item""}"
34,100215876924,xgb_user_item_v2,0.8569673895835876,19,"{""source"": ""xgb_user_item""}"
34,100000987566,xgb_user_item_v2,0.849833607673645,20,"{""source"": ""xgb_user_item""}"
35,100114512933,xgb_user_item_v2,0.9848139882087708,1,"{""source"": ""xgb_user_item""}"
35,4246911,xgb_user_item_v2,0.9843044877052307,2,"{""source"": ""xgb_user_item""}"
35,10042124137320,xgb_user_item_v2,0.9803528785705566,3,"{""source"": ""xgb_user_item""}"
35,11819155539,xgb_user_item_v2,0.9767589569091797,4,"{""source"": ""xgb_user_item""}"
35,100154268303,xgb_user_item_v2,0.9754044413566589,5,"{""source"": ""xgb_user_item""}"
35,13065559672,xgb_user_item_v2,0.9742088913917542,6,"{""source"": ""xgb_user_item""}"
35,100008164593,xgb_user_item_v2,0.9701864123344421,7,"{""source"": ""xgb_user_item""}"
35,100195732408,xgb_user_item_v2,0.953932523727417,8,"{""source"": ""xgb_user_item""}"
35,100112272948,xgb_user_item_v2,0.9493758082389832,9,"{""source"": ""xgb_user_item""}"
35,100019031805,xgb_user_item_v2,0.9406836032867432,10,"{""source"": ""xgb_user_item""}"
35,10070360840507,xgb_user_item_v2,0.9383029937744141,11,"{""source"": ""xgb_user_item""}"
35,1682006,xgb_user_item_v2,0.9330088496208191,12,"{""source"": ""xgb_user_item""}"
35,100059911987,xgb_user_item_v2,0.9254322052001953,13,"{""source"": ""xgb_user_item""}"
35,10121602694516,xgb_user_item_v2,0.9242874979972839,14,"{""source"": ""xgb_user_item""}"
35,100115256936,xgb_user_item_v2,0.9114986658096313,15,"{""source"": ""xgb_user_item""}"
35,100151315926,xgb_user_item_v2,0.8915016651153564,16,"{""source"": ""xgb_user_item""}"
35,100071138925,xgb_user_item_v2,0.8887361288070679,17,"{""source"": ""xgb_user_item""}"
35,71577466395,xgb_user_item_v2,0.8619879484176636,18,"{""source"": ""xgb_user_item""}"
35,100215876924,xgb_user_item_v2,0.8569673895835876,19,"{""source"": ""xgb_user_item""}"
35,100000987566,xgb_user_item_v2,0.849833607673645,20,"{""source"": ""xgb_user_item""}"
36,100017016045,xgb_user_item_v2,0.9571694135665894,1,"{""source"": ""xgb_user_item""}"
36,10098681688567,xgb_user_item_v2,0.9528220295906067,2,"{""source"": ""xgb_user_item""}"
36,5475198,xgb_user_item_v2,0.9075139760971069,3,"{""source"": ""xgb_user_item""}"
36,100203000971,xgb_user_item_v2,0.8562057018280029,4,"{""source"": ""xgb_user_item""}"
36,3409140,xgb_user_item_v2,0.8480225205421448,5,"{""source"": ""xgb_user_item""}"
36,100111748405,xgb_user_item_v2,0.8030813336372375,6,"{""source"": ""xgb_user_item""}"
36,100070794980,xgb_user_item_v2,0.8027476072311401,7,"{""source"": ""xgb_user_item""}"
36,11819155539,xgb_user_item_v2,0.8023661375045776,8,"{""source"": ""xgb_user_item""}"
36,100002187047,xgb_user_item_v2,0.7876372933387756,9,"{""source"": ""xgb_user_item""}"
36,10042124137320,xgb_user_item_v2,0.7307549715042114,10,"{""source"": ""xgb_user_item""}"
36,10037128752741,xgb_user_item_v2,0.6864814162254333,11,"{""source"": ""xgb_user_item""}"
36,100114512933,xgb_user_item_v2,0.6755730509757996,12,"{""source"": ""xgb_user_item""}"
36,4246893,xgb_user_item_v2,0.6740663051605225,13,"{""source"": ""xgb_user_item""}"
36,69673075023,xgb_user_item_v2,0.6719329357147217,14,"{""source"": ""xgb_user_item""}"
36,100136079282,xgb_user_item_v2,0.6701824069023132,15,"{""source"": ""xgb_user_item""}"
36,10087901051820,xgb_user_item_v2,0.669954240322113,16,"{""source"": ""xgb_user_item""}"
36,13065559672,xgb_user_item_v2,0.6285393238067627,17,"{""source"": ""xgb_user_item""}"
36,100064200322,xgb_user_item_v2,0.5977714657783508,18,"{""source"": ""xgb_user_item""}"
36,100008164593,xgb_user_item_v2,0.589329183101654,19,"{""source"": ""xgb_user_item""}"
36,100288929442,xgb_user_item_v2,0.5862635970115662,20,"{""source"": ""xgb_user_item""}"
37,4246911,xgb_user_item_v2,0.9757591485977173,1,"{""source"": ""xgb_user_item""}"
37,11819155539,xgb_user_item_v2,0.9724987745285034,2,"{""source"": ""xgb_user_item""}"
37,100114512933,xgb_user_item_v2,0.9717439413070679,3,"{""source"": ""xgb_user_item""}"
37,10042124137320,xgb_user_item_v2,0.968257486820221,4,"{""source"": ""xgb_user_item""}"
37,100154268303,xgb_user_item_v2,0.9634659290313721,5,"{""source"": ""xgb_user_item""}"
37,13065559672,xgb_user_item_v2,0.9496561288833618,6,"{""source"": ""xgb_user_item""}"
37,100112272948,xgb_user_item_v2,0.9343778491020203,7,"{""source"": ""xgb_user_item""}"
37,100115256936,xgb_user_item_v2,0.9277786612510681,8,"{""source"": ""xgb_user_item""}"
37,100008164593,xgb_user_item_v2,0.926006019115448,9,"{""source"": ""xgb_user_item""}"
37,10070360840507,xgb_user_item_v2,0.8998374938964844,10,"{""source"": ""xgb_user_item""}"
37,100151315926,xgb_user_item_v2,0.896696150302887,11,"{""source"": ""xgb_user_item""}"
37,100195732408,xgb_user_item_v2,0.8883976936340332,12,"{""source"": ""xgb_user_item""}"
37,100059911987,xgb_user_item_v2,0.8735167980194092,13,"{""source"": ""xgb_user_item""}"
37,100019031805,xgb_user_item_v2,0.8693337440490723,14,"{""source"": ""xgb_user_item""}"
37,1682006,xgb_user_item_v2,0.8653101325035095,15,"{""source"": ""xgb_user_item""}"
37,100071138925,xgb_user_item_v2,0.8330819010734558,16,"{""source"": ""xgb_user_item""}"
37,10121602694516,xgb_user_item_v2,0.8323927521705627,17,"{""source"": ""xgb_user_item""}"
37,71577466395,xgb_user_item_v2,0.830048680305481,18,"{""source"": ""xgb_user_item""}"
37,100215876924,xgb_user_item_v2,0.8200787305831909,19,"{""source"": ""xgb_user_item""}"
37,100000987566,xgb_user_item_v2,0.7795485258102417,20,"{""source"": ""xgb_user_item""}"
38,100154268303,xgb_user_item_v2,0.9849095940589905,1,"{""source"": ""xgb_user_item""}"
38,4246911,xgb_user_item_v2,0.9846836924552917,2,"{""source"": ""xgb_user_item""}"
38,100019031805,xgb_user_item_v2,0.9839275479316711,3,"{""source"": ""xgb_user_item""}"
38,100114512933,xgb_user_item_v2,0.9692674875259399,4,"{""source"": ""xgb_user_item""}"
38,100136079282,xgb_user_item_v2,0.9537902474403381,5,"{""source"": ""xgb_user_item""}"
38,100111748405,xgb_user_item_v2,0.9524897933006287,6,"{""source"": ""xgb_user_item""}"
38,100009013165,xgb_user_item_v2,0.9406123757362366,7,"{""source"": ""xgb_user_item""}"
38,11819155539,xgb_user_item_v2,0.9366214275360107,8,"{""source"": ""xgb_user_item""}"
38,100136079284,xgb_user_item_v2,0.9159910678863525,9,"{""source"": ""xgb_user_item""}"
38,5475198,xgb_user_item_v2,0.8893188834190369,10,"{""source"": ""xgb_user_item""}"
38,10192694267563,xgb_user_item_v2,0.8468969464302063,11,"{""source"": ""xgb_user_item""}"
38,4246893,xgb_user_item_v2,0.8408724069595337,12,"{""source"": ""xgb_user_item""}"
38,69673075023,xgb_user_item_v2,0.8362259268760681,13,"{""source"": ""xgb_user_item""}"
38,10037128752741,xgb_user_item_v2,0.8016284704208374,14,"{""source"": ""xgb_user_item""}"
38,100268823874,xgb_user_item_v2,0.7998185157775879,15,"{""source"": ""xgb_user_item""}"
38,100008164593,xgb_user_item_v2,0.7889189720153809,16,"{""source"": ""xgb_user_item""}"
38,100195732408,xgb_user_item_v2,0.7882734537124634,17,"{""source"": ""xgb_user_item""}"
38,10087901051820,xgb_user_item_v2,0.7751441597938538,18,"{""source"": ""xgb_user_item""}"
38,100230694872,xgb_user_item_v2,0.7465931177139282,19,"{""source"": ""xgb_user_item""}"
38,13065559672,xgb_user_item_v2,0.7236453294754028,20,"{""source"": ""xgb_user_item""}"
39,4246911,xgb_user_item_v2,0.9757591485977173,1,"{""source"": ""xgb_user_item""}"
39,11819155539,xgb_user_item_v2,0.9724987745285034,2,"{""source"": ""xgb_user_item""}"
39,100114512933,xgb_user_item_v2,0.9717439413070679,3,"{""source"": ""xgb_user_item""}"
39,10042124137320,xgb_user_item_v2,0.968257486820221,4,"{""source"": ""xgb_user_item""}"
39,100154268303,xgb_user_item_v2,0.9634659290313721,5,"{""source"": ""xgb_user_item""}"
39,13065559672,xgb_user_item_v2,0.9496561288833618,6,"{""source"": ""xgb_user_item""}"
39,100112272948,xgb_user_item_v2,0.9343778491020203,7,"{""source"": ""xgb_user_item""}"
39,100115256936,xgb_user_item_v2,0.9277786612510681,8,"{""source"": ""xgb_user_item""}"
39,100008164593,xgb_user_item_v2,0.926006019115448,9,"{""source"": ""xgb_user_item""}"
39,10070360840507,xgb_user_item_v2,0.8998374938964844,10,"{""source"": ""xgb_user_item""}"
39,100151315926,xgb_user_item_v2,0.896696150302887,11,"{""source"": ""xgb_user_item""}"
39,100195732408,xgb_user_item_v2,0.8883976936340332,12,"{""source"": ""xgb_user_item""}"
39,100059911987,xgb_user_item_v2,0.8735167980194092,13,"{""source"": ""xgb_user_item""}"
39,100019031805,xgb_user_item_v2,0.8693337440490723,14,"{""source"": ""xgb_user_item""}"
39,1682006,xgb_user_item_v2,0.8653101325035095,15,"{""source"": ""xgb_user_item""}"
39,100071138925,xgb_user_item_v2,0.8330819010734558,16,"{""source"": ""xgb_user_item""}"
39,10121602694516,xgb_user_item_v2,0.8323927521705627,17,"{""source"": ""xgb_user_item""}"
39,71577466395,xgb_user_item_v2,0.830048680305481,18,"{""source"": ""xgb_user_item""}"
39,100215876924,xgb_user_item_v2,0.8200787305831909,19,"{""source"": ""xgb_user_item""}"
39,100000987566,xgb_user_item_v2,0.7795485258102417,20,"{""source"": ""xgb_user_item""}"
40,4246911,xgb_user_item_v2,0.9757591485977173,1,"{""source"": ""xgb_user_item""}"
40,11819155539,xgb_user_item_v2,0.9724987745285034,2,"{""source"": ""xgb_user_item""}"
40,100114512933,xgb_user_item_v2,0.9717439413070679,3,"{""source"": ""xgb_user_item""}"
40,10042124137320,xgb_user_item_v2,0.968257486820221,4,"{""source"": ""xgb_user_item""}"
40,100154268303,xgb_user_item_v2,0.9634659290313721,5,"{""source"": ""xgb_user_item""}"
40,13065559672,xgb_user_item_v2,0.9496561288833618,6,"{""source"": ""xgb_user_item""}"
40,100112272948,xgb_user_item_v2,0.9343778491020203,7,"{""source"": ""xgb_user_item""}"
40,100115256936,xgb_user_item_v2,0.9277786612510681,8,"{""source"": ""xgb_user_item""}"
40,100008164593,xgb_user_item_v2,0.926006019115448,9,"{""source"": ""xgb_user_item""}"
40,10070360840507,xgb_user_item_v2,0.8998374938964844,10,"{""source"": ""xgb_user_item""}"
40,100151315926,xgb_user_item_v2,0.896696150302887,11,"{""source"": ""xgb_user_item""}"
40,100195732408,xgb_user_item_v2,0.8883976936340332,12,"{""source"": ""xgb_user_item""}"
40,100059911987,xgb_user_item_v2,0.8735167980194092,13,"{""source"": ""xgb_user_item""}"
40,100019031805,xgb_user_item_v2,0.8693337440490723,14,"{""source"": ""xgb_user_item""}"
40,1682006,xgb_user_item_v2,0.8653101325035095,15,"{""source"": ""xgb_user_item""}"
40,100071138925,xgb_user_item_v2,0.8330819010734558,16,"{""source"": ""xgb_user_item""}"
40,10121602694516,xgb_user_item_v2,0.8323927521705627,17,"{""source"": ""xgb_user_item""}"
40,71577466395,xgb_user_item_v2,0.830048680305481,18,"{""source"": ""xgb_user_item""}"
40,100215876924,xgb_user_item_v2,0.8200787305831909,19,"{""source"": ""xgb_user_item""}"
40,100000987566,xgb_user_item_v2,0.7795485258102417,20,"{""source"": ""xgb_user_item""}"
41,100019031805,xgb_user_item_v2,0.9856573343276978,1,"{""source"": ""xgb_user_item""}"
41,5475198,xgb_user_item_v2,0.967322826385498,2,"{""source"": ""xgb_user_item""}"
41,100136079282,xgb_user_item_v2,0.9652594923973083,3,"{""source"": ""xgb_user_item""}"
41,13065559672,xgb_user_item_v2,0.9555862545967102,4,"{""source"": ""xgb_user_item""}"
41,100154268303,xgb_user_item_v2,0.9500885009765625,5,"{""source"": ""xgb_user_item""}"
41,100009013165,xgb_user_item_v2,0.9468953013420105,6,"{""source"": ""xgb_user_item""}"
41,4246911,xgb_user_item_v2,0.938510537147522,7,"{""source"": ""xgb_user_item""}"
41,100111748405,xgb_user_item_v2,0.9165986180305481,8,"{""source"": ""xgb_user_item""}"
41,100249994404,xgb_user_item_v2,0.914801299571991,9,"{""source"": ""xgb_user_item""}"
41,100114512933,xgb_user_item_v2,0.8892315626144409,10,"{""source"": ""xgb_user_item""}"
41,100002187045,xgb_user_item_v2,0.7935611605644226,11,"{""source"": ""xgb_user_item""}"
41,69673075023,xgb_user_item_v2,0.769901692867279,12,"{""source"": ""xgb_user_item""}"
41,3197317,xgb_user_item_v2,0.7668659687042236,13,"{""source"": ""xgb_user_item""}"
41,100216501267,xgb_user_item_v2,0.7541028261184692,14,"{""source"": ""xgb_user_item""}"
41,3409140,xgb_user_item_v2,0.7533186078071594,15,"{""source"": ""xgb_user_item""}"
41,100059257824,xgb_user_item_v2,0.7494468688964844,16,"{""source"": ""xgb_user_item""}"
41,4246893,xgb_user_item_v2,0.7467117309570312,17,"{""source"": ""xgb_user_item""}"
41,10098656892439,xgb_user_item_v2,0.7436744570732117,18,"{""source"": ""xgb_user_item""}"
41,10121602694516,xgb_user_item_v2,0.7425827383995056,19,"{""source"": ""xgb_user_item""}"
41,100230694872,xgb_user_item_v2,0.6435881853103638,20,"{""source"": ""xgb_user_item""}"
42,100017016045,xgb_user_item_v2,0.9571694135665894,1,"{""source"": ""xgb_user_item""}"
42,10098681688567,xgb_user_item_v2,0.9528220295906067,2,"{""source"": ""xgb_user_item""}"
42,5475198,xgb_user_item_v2,0.9075139760971069,3,"{""source"": ""xgb_user_item""}"
42,100203000971,xgb_user_item_v2,0.8562057018280029,4,"{""source"": ""xgb_user_item""}"
42,3409140,xgb_user_item_v2,0.8480225205421448,5,"{""source"": ""xgb_user_item""}"
42,100111748405,xgb_user_item_v2,0.8030813336372375,6,"{""source"": ""xgb_user_item""}"
42,100070794980,xgb_user_item_v2,0.8027476072311401,7,"{""source"": ""xgb_user_item""}"
42,11819155539,xgb_user_item_v2,0.8023661375045776,8,"{""source"": ""xgb_user_item""}"
42,100002187047,xgb_user_item_v2,0.7876372933387756,9,"{""source"": ""xgb_user_item""}"
42,10042124137320,xgb_user_item_v2,0.7307549715042114,10,"{""source"": ""xgb_user_item""}"
42,10037128752741,xgb_user_item_v2,0.6864814162254333,11,"{""source"": ""xgb_user_item""}"
42,100114512933,xgb_user_item_v2,0.6755730509757996,12,"{""source"": ""xgb_user_item""}"
42,4246893,xgb_user_item_v2,0.6740663051605225,13,"{""source"": ""xgb_user_item""}"
42,69673075023,xgb_user_item_v2,0.6719329357147217,14,"{""source"": ""xgb_user_item""}"
42,100136079282,xgb_user_item_v2,0.6701824069023132,15,"{""source"": ""xgb_user_item""}"
42,10087901051820,xgb_user_item_v2,0.669954240322113,16,"{""source"": ""xgb_user_item""}"
42,13065559672,xgb_user_item_v2,0.6285393238067627,17,"{""source"": ""xgb_user_item""}"
42,100064200322,xgb_user_item_v2,0.5977714657783508,18,"{""source"": ""xgb_user_item""}"
42,100008164593,xgb_user_item_v2,0.589329183101654,19,"{""source"": ""xgb_user_item""}"
42,100288929442,xgb_user_item_v2,0.5862635970115662,20,"{""source"": ""xgb_user_item""}"
43,4246911,xgb_user_item_v2,0.9883348941802979,1,"{""source"": ""xgb_user_item""}"
43,100114512933,xgb_user_item_v2,0.9693878889083862,2,"{""source"": ""xgb_user_item""}"
43,100019031805,xgb_user_item_v2,0.968346118927002,3,"{""source"": ""xgb_user_item""}"
43,100154268303,xgb_user_item_v2,0.9536792039871216,4,"{""source"": ""xgb_user_item""}"
43,10042124137320,xgb_user_item_v2,0.9372841715812683,5,"{""source"": ""xgb_user_item""}"
43,100008164593,xgb_user_item_v2,0.9343655705451965,6,"{""source"": ""xgb_user_item""}"
43,11819155539,xgb_user_item_v2,0.9338890314102173,7,"{""source"": ""xgb_user_item""}"
43,13065559672,xgb_user_item_v2,0.9192721247673035,8,"{""source"": ""xgb_user_item""}"
43,100021518453,xgb_user_item_v2,0.9081350564956665,9,"{""source"": ""xgb_user_item""}"
43,71577466395,xgb_user_item_v2,0.8676489591598511,10,"{""source"": ""xgb_user_item""}"
43,3627320,xgb_user_item_v2,0.865187406539917,11,"{""source"": ""xgb_user_item""}"
43,100215876924,xgb_user_item_v2,0.8414113521575928,12,"{""source"": ""xgb_user_item""}"
43,100064200322,xgb_user_item_v2,0.8322393298149109,13,"{""source"": ""xgb_user_item""}"
43,10121602694516,xgb_user_item_v2,0.8318934440612793,14,"{""source"": ""xgb_user_item""}"
43,1682006,xgb_user_item_v2,0.8296080827713013,15,"{""source"": ""xgb_user_item""}"
43,100112272948,xgb_user_item_v2,0.8275974988937378,16,"{""source"": ""xgb_user_item""}"
43,100195732408,xgb_user_item_v2,0.7957667708396912,17,"{""source"": ""xgb_user_item""}"
43,100136079284,xgb_user_item_v2,0.7249158620834351,18,"{""source"": ""xgb_user_item""}"
43,100012706282,xgb_user_item_v2,0.7241889834403992,19,"{""source"": ""xgb_user_item""}"
43,100002187047,xgb_user_item_v2,0.7080633640289307,20,"{""source"": ""xgb_user_item""}"
44,100114512933,xgb_user_item_v2,0.9848139882087708,1,"{""source"": ""xgb_user_item""}"
44,4246911,xgb_user_item_v2,0.9843044877052307,2,"{""source"": ""xgb_user_item""}"
44,10042124137320,xgb_user_item_v2,0.9803528785705566,3,"{""source"": ""xgb_user_item""}"
44,11819155539,xgb_user_item_v2,0.9767589569091797,4,"{""source"": ""xgb_user_item""}"
44,100154268303,xgb_user_item_v2,0.9754044413566589,5,"{""source"": ""xgb_user_item""}"
44,13065559672,xgb_user_item_v2,0.9742088913917542,6,"{""source"": ""xgb_user_item""}"
44,100008164593,xgb_user_item_v2,0.9701864123344421,7,"{""source"": ""xgb_user_item""}"
44,100195732408,xgb_user_item_v2,0.953932523727417,8,"{""source"": ""xgb_user_item""}"
44,100112272948,xgb_user_item_v2,0.9493758082389832,9,"{""source"": ""xgb_user_item""}"
44,100019031805,xgb_user_item_v2,0.9406836032867432,10,"{""source"": ""xgb_user_item""}"
44,10070360840507,xgb_user_item_v2,0.9383029937744141,11,"{""source"": ""xgb_user_item""}"
44,1682006,xgb_user_item_v2,0.9330088496208191,12,"{""source"": ""xgb_user_item""}"
44,100059911987,xgb_user_item_v2,0.9254322052001953,13,"{""source"": ""xgb_user_item""}"
44,10121602694516,xgb_user_item_v2,0.9242874979972839,14,"{""source"": ""xgb_user_item""}"
44,100115256936,xgb_user_item_v2,0.9114986658096313,15,"{""source"": ""xgb_user_item""}"
44,100151315926,xgb_user_item_v2,0.8915016651153564,16,"{""source"": ""xgb_user_item""}"
44,100071138925,xgb_user_item_v2,0.8887361288070679,17,"{""source"": ""xgb_user_item""}"
44,71577466395,xgb_user_item_v2,0.8619879484176636,18,"{""source"": ""xgb_user_item""}"
44,100215876924,xgb_user_item_v2,0.8569673895835876,19,"{""source"": ""xgb_user_item""}"
44,100000987566,xgb_user_item_v2,0.849833607673645,20,"{""source"": ""xgb_user_item""}"
45,100154268303,xgb_user_item_v2,0.9849095940589905,1,"{""source"": ""xgb_user_item""}"
45,4246911,xgb_user_item_v2,0.9846836924552917,2,"{""source"": ""xgb_user_item""}"
45,100019031805,xgb_user_item_v2,0.9839275479316711,3,"{""source"": ""xgb_user_item""}"
45,100114512933,xgb_user_item_v2,0.9692674875259399,4,"{""source"": ""xgb_user_item""}"
45,100136079282,xgb_user_item_v2,0.9537902474403381,5,"{""source"": ""xgb_user_item""}"
45,100111748405,xgb_user_item_v2,0.9524897933006287,6,"{""source"": ""xgb_user_item""}"
45,100009013165,xgb_user_item_v2,0.9406123757362366,7,"{""source"": ""xgb_user_item""}"
45,11819155539,xgb_user_item_v2,0.9366214275360107,8,"{""source"": ""xgb_user_item""}"
45,100136079284,xgb_user_item_v2,0.9159910678863525,9,"{""source"": ""xgb_user_item""}"
45,5475198,xgb_user_item_v2,0.8893188834190369,10,"{""source"": ""xgb_user_item""}"
45,10192694267563,xgb_user_item_v2,0.8468969464302063,11,"{""source"": ""xgb_user_item""}"
45,4246893,xgb_user_item_v2,0.8408724069595337,12,"{""source"": ""xgb_user_item""}"
45,69673075023,xgb_user_item_v2,0.8362259268760681,13,"{""source"": ""xgb_user_item""}"
45,10037128752741,xgb_user_item_v2,0.8016284704208374,14,"{""source"": ""xgb_user_item""}"
45,100268823874,xgb_user_item_v2,0.7998185157775879,15,"{""source"": ""xgb_user_item""}"
45,100008164593,xgb_user_item_v2,0.7889189720153809,16,"{""source"": ""xgb_user_item""}"
45,100195732408,xgb_user_item_v2,0.7882734537124634,17,"{""source"": ""xgb_user_item""}"
45,10087901051820,xgb_user_item_v2,0.7751441597938538,18,"{""source"": ""xgb_user_item""}"
45,100230694872,xgb_user_item_v2,0.7465931177139282,19,"{""source"": ""xgb_user_item""}"
45,13065559672,xgb_user_item_v2,0.7236453294754028,20,"{""source"": ""xgb_user_item""}"
46,4246911,xgb_user_item_v2,0.9757591485977173,1,"{""source"": ""xgb_user_item""}"
46,11819155539,xgb_user_item_v2,0.9724987745285034,2,"{""source"": ""xgb_user_item""}"
46,100114512933,xgb_user_item_v2,0.9717439413070679,3,"{""source"": ""xgb_user_item""}"
46,10042124137320,xgb_user_item_v2,0.968257486820221,4,"{""source"": ""xgb_user_item""}"
46,100154268303,xgb_user_item_v2,0.9634659290313721,5,"{""source"": ""xgb_user_item""}"
46,13065559672,xgb_user_item_v2,0.9496561288833618,6,"{""source"": ""xgb_user_item""}"
46,100112272948,xgb_user_item_v2,0.9343778491020203,7,"{""source"": ""xgb_user_item""}"
46,100115256936,xgb_user_item_v2,0.9277786612510681,8,"{""source"": ""xgb_user_item""}"
46,100008164593,xgb_user_item_v2,0.926006019115448,9,"{""source"": ""xgb_user_item""}"
46,10070360840507,xgb_user_item_v2,0.8998374938964844,10,"{""source"": ""xgb_user_item""}"
46,100151315926,xgb_user_item_v2,0.896696150302887,11,"{""source"": ""xgb_user_item""}"
46,100195732408,xgb_user_item_v2,0.8883976936340332,12,"{""source"": ""xgb_user_item""}"
46,100059911987,xgb_user_item_v2,0.8735167980194092,13,"{""source"": ""xgb_user_item""}"
46,100019031805,xgb_user_item_v2,0.8693337440490723,14,"{""source"": ""xgb_user_item""}"
46,1682006,xgb_user_item_v2,0.8653101325035095,15,"{""source"": ""xgb_user_item""}"
46,100071138925,xgb_user_item_v2,0.8330819010734558,16,"{""source"": ""xgb_user_item""}"
46,10121602694516,xgb_user_item_v2,0.8323927521705627,17,"{""source"": ""xgb_user_item""}"
46,71577466395,xgb_user_item_v2,0.830048680305481,18,"{""source"": ""xgb_user_item""}"
46,100215876924,xgb_user_item_v2,0.8200787305831909,19,"{""source"": ""xgb_user_item""}"
46,100000987566,xgb_user_item_v2,0.7795485258102417,20,"{""source"": ""xgb_user_item""}"
47,100019031805,xgb_user_item_v2,0.9856573343276978,1,"{""source"": ""xgb_user_item""}"
47,5475198,xgb_user_item_v2,0.967322826385498,2,"{""source"": ""xgb_user_item""}"
47,100136079282,xgb_user_item_v2,0.9652594923973083,3,"{""source"": ""xgb_user_item""}"
47,13065559672,xgb_user_item_v2,0.9555862545967102,4,"{""source"": ""xgb_user_item""}"
47,100154268303,xgb_user_item_v2,0.9500885009765625,5,"{""source"": ""xgb_user_item""}"
47,100009013165,xgb_user_item_v2,0.9468953013420105,6,"{""source"": ""xgb_user_item""}"
47,4246911,xgb_user_item_v2,0.938510537147522,7,"{""source"": ""xgb_user_item""}"
47,100111748405,xgb_user_item_v2,0.9165986180305481,8,"{""source"": ""xgb_user_item""}"
47,100249994404,xgb_user_item_v2,0.914801299571991,9,"{""source"": ""xgb_user_item""}"
47,100114512933,xgb_user_item_v2,0.8892315626144409,10,"{""source"": ""xgb_user_item""}"
47,100002187045,xgb_user_item_v2,0.7935611605644226,11,"{""source"": ""xgb_user_item""}"
47,69673075023,xgb_user_item_v2,0.769901692867279,12,"{""source"": ""xgb_user_item""}"
47,3197317,xgb_user_item_v2,0.7668659687042236,13,"{""source"": ""xgb_user_item""}"
47,100216501267,xgb_user_item_v2,0.7541028261184692,14,"{""source"": ""xgb_user_item""}"
47,3409140,xgb_user_item_v2,0.7533186078071594,15,"{""source"": ""xgb_user_item""}"
47,100059257824,xgb_user_item_v2,0.7494468688964844,16,"{""source"": ""xgb_user_item""}"
47,4246893,xgb_user_item_v2,0.7467117309570312,17,"{""source"": ""xgb_user_item""}"
47,10098656892439,xgb_user_item_v2,0.7436744570732117,18,"{""source"": ""xgb_user_item""}"
47,10121602694516,xgb_user_item_v2,0.7425827383995056,19,"{""source"": ""xgb_user_item""}"
47,100230694872,xgb_user_item_v2,0.6435881853103638,20,"{""source"": ""xgb_user_item""}"
48,4246911,xgb_user_item_v2,0.9883348941802979,1,"{""source"": ""xgb_user_item""}"
48,100114512933,xgb_user_item_v2,0.9693878889083862,2,"{""source"": ""xgb_user_item""}"
48,100019031805,xgb_user_item_v2,0.968346118927002,3,"{""source"": ""xgb_user_item""}"
48,100154268303,xgb_user_item_v2,0.9536792039871216,4,"{""source"": ""xgb_user_item""}"
48,10042124137320,xgb_user_item_v2,0.9372841715812683,5,"{""source"": ""xgb_user_item""}"
48,100008164593,xgb_user_item_v2,0.9343655705451965,6,"{""source"": ""xgb_user_item""}"
48,11819155539,xgb_user_item_v2,0.9338890314102173,7,"{""source"": ""xgb_user_item""}"
48,13065559672,xgb_user_item_v2,0.9192721247673035,8,"{""source"": ""xgb_user_item""}"
48,100021518453,xgb_user_item_v2,0.9081350564956665,9,"{""source"": ""xgb_user_item""}"
48,71577466395,xgb_user_item_v2,0.8676489591598511,10,"{""source"": ""xgb_user_item""}"
48,3627320,xgb_user_item_v2,0.865187406539917,11,"{""source"": ""xgb_user_item""}"
48,100215876924,xgb_user_item_v2,0.8414113521575928,12,"{""source"": ""xgb_user_item""}"
48,100064200322,xgb_user_item_v2,0.8322393298149109,13,"{""source"": ""xgb_user_item""}"
48,10121602694516,xgb_user_item_v2,0.8318934440612793,14,"{""source"": ""xgb_user_item""}"
48,1682006,xgb_user_item_v2,0.8296080827713013,15,"{""source"": ""xgb_user_item""}"
48,100112272948,xgb_user_item_v2,0.8275974988937378,16,"{""source"": ""xgb_user_item""}"
48,100195732408,xgb_user_item_v2,0.7957667708396912,17,"{""source"": ""xgb_user_item""}"
48,100136079284,xgb_user_item_v2,0.7249158620834351,18,"{""source"": ""xgb_user_item""}"
48,100012706282,xgb_user_item_v2,0.7241889834403992,19,"{""source"": ""xgb_user_item""}"
48,100002187047,xgb_user_item_v2,0.7080633640289307,20,"{""source"": ""xgb_user_item""}"
49,100114512933,xgb_user_item_v2,0.9848139882087708,1,"{""source"": ""xgb_user_item""}"
49,4246911,xgb_user_item_v2,0.9843044877052307,2,"{""source"": ""xgb_user_item""}"
49,10042124137320,xgb_user_item_v2,0.9803528785705566,3,"{""source"": ""xgb_user_item""}"
49,11819155539,xgb_user_item_v2,0.9767589569091797,4,"{""source"": ""xgb_user_item""}"
49,100154268303,xgb_user_item_v2,0.9754044413566589,5,"{""source"": ""xgb_user_item""}"
49,13065559672,xgb_user_item_v2,0.9742088913917542,6,"{""source"": ""xgb_user_item""}"
49,100008164593,xgb_user_item_v2,0.9701864123344421,7,"{""source"": ""xgb_user_item""}"
49,100195732408,xgb_user_item_v2,0.953932523727417,8,"{""source"": ""xgb_user_item""}"
49,100112272948,xgb_user_item_v2,0.9493758082389832,9,"{""source"": ""xgb_user_item""}"
49,100019031805,xgb_user_item_v2,0.9406836032867432,10,"{""source"": ""xgb_user_item""}"
49,10070360840507,xgb_user_item_v2,0.9383029937744141,11,"{""source"": ""xgb_user_item""}"
49,1682006,xgb_user_item_v2,0.9330088496208191,12,"{""source"": ""xgb_user_item""}"
49,100059911987,xgb_user_item_v2,0.9254322052001953,13,"{""source"": ""xgb_user_item""}"
49,10121602694516,xgb_user_item_v2,0.9242874979972839,14,"{""source"": ""xgb_user_item""}"
49,100115256936,xgb_user_item_v2,0.9114986658096313,15,"{""source"": ""xgb_user_item""}"
49,100151315926,xgb_user_item_v2,0.8915016651153564,16,"{""source"": ""xgb_user_item""}"
49,100071138925,xgb_user_item_v2,0.8887361288070679,17,"{""source"": ""xgb_user_item""}"
49,71577466395,xgb_user_item_v2,0.8619879484176636,18,"{""source"": ""xgb_user_item""}"
49,100215876924,xgb_user_item_v2,0.8569673895835876,19,"{""source"": ""xgb_user_item""}"
49,100000987566,xgb_user_item_v2,0.849833607673645,20,"{""source"": ""xgb_user_item""}"
50,100114512933,xgb_user_item_v2,0.9848139882087708,1,"{""source"": ""xgb_user_item""}"
50,4246911,xgb_user_item_v2,0.9843044877052307,2,"{""source"": ""xgb_user_item""}"
50,10042124137320,xgb_user_item_v2,0.9803528785705566,3,"{""source"": ""xgb_user_item""}"
50,11819155539,xgb_user_item_v2,0.9767589569091797,4,"{""source"": ""xgb_user_item""}"
50,100154268303,xgb_user_item_v2,0.9754044413566589,5,"{""source"": ""xgb_user_item""}"
50,13065559672,xgb_user_item_v2,0.9742088913917542,6,"{""source"": ""xgb_user_item""}"
50,100008164593,xgb_user_item_v2,0.9701864123344421,7,"{""source"": ""xgb_user_item""}"
50,100195732408,xgb_user_item_v2,0.953932523727417,8,"{""source"": ""xgb_user_item""}"
50,100112272948,xgb_user_item_v2,0.9493758082389832,9,"{""source"": ""xgb_user_item""}"
50,100019031805,xgb_user_item_v2,0.9406836032867432,10,"{""source"": ""xgb_user_item""}"
50,10070360840507,xgb_user_item_v2,0.9383029937744141,11,"{""source"": ""xgb_user_item""}"
50,1682006,xgb_user_item_v2,0.9330088496208191,12,"{""source"": ""xgb_user_item""}"
50,100059911987,xgb_user_item_v2,0.9254322052001953,13,"{""source"": ""xgb_user_item""}"
50,10121602694516,xgb_user_item_v2,0.9242874979972839,14,"{""source"": ""xgb_user_item""}"
50,100115256936,xgb_user_item_v2,0.9114986658096313,15,"{""source"": ""xgb_user_item""}"
50,100151315926,xgb_user_item_v2,0.8915016651153564,16,"{""source"": ""xgb_user_item""}"
50,100071138925,xgb_user_item_v2,0.8887361288070679,17,"{""source"": ""xgb_user_item""}"
50,71577466395,xgb_user_item_v2,0.8619879484176636,18,"{""source"": ""xgb_user_item""}"
50,100215876924,xgb_user_item_v2,0.8569673895835876,19,"{""source"": ""xgb_user_item""}"
50,100000987566,xgb_user_item_v2,0.849833607673645,20,"{""source"": ""xgb_user_item""}"
51,100019031805,xgb_user_item_v2,0.9856573343276978,1,"{""source"": ""xgb_user_item""}"
51,5475198,xgb_user_item_v2,0.967322826385498,2,"{""source"": ""xgb_user_item""}"
51,100136079282,xgb_user_item_v2,0.9652594923973083,3,"{""source"": ""xgb_user_item""}"
51,13065559672,xgb_user_item_v2,0.9555862545967102,4,"{""source"": ""xgb_user_item""}"
51,100154268303,xgb_user_item_v2,0.9500885009765625,5,"{""source"": ""xgb_user_item""}"
51,100009013165,xgb_user_item_v2,0.9468953013420105,6,"{""source"": ""xgb_user_item""}"
51,4246911,xgb_user_item_v2,0.938510537147522,7,"{""source"": ""xgb_user_item""}"
51,100111748405,xgb_user_item_v2,0.9165986180305481,8,"{""source"": ""xgb_user_item""}"
51,100249994404,xgb_user_item_v2,0.914801299571991,9,"{""source"": ""xgb_user_item""}"
51,100114512933,xgb_user_item_v2,0.8892315626144409,10,"{""source"": ""xgb_user_item""}"
51,100002187045,xgb_user_item_v2,0.7935611605644226,11,"{""source"": ""xgb_user_item""}"
51,69673075023,xgb_user_item_v2,0.769901692867279,12,"{""source"": ""xgb_user_item""}"
51,3197317,xgb_user_item_v2,0.7668659687042236,13,"{""source"": ""xgb_user_item""}"
51,100216501267,xgb_user_item_v2,0.7541028261184692,14,"{""source"": ""xgb_user_item""}"
51,3409140,xgb_user_item_v2,0.7533186078071594,15,"{""source"": ""xgb_user_item""}"
51,100059257824,xgb_user_item_v2,0.7494468688964844,16,"{""source"": ""xgb_user_item""}"
51,4246893,xgb_user_item_v2,0.7467117309570312,17,"{""source"": ""xgb_user_item""}"
51,10098656892439,xgb_user_item_v2,0.7436744570732117,18,"{""source"": ""xgb_user_item""}"
51,10121602694516,xgb_user_item_v2,0.7425827383995056,19,"{""source"": ""xgb_user_item""}"
51,100230694872,xgb_user_item_v2,0.6435881853103638,20,"{""source"": ""xgb_user_item""}"
52,100017016045,xgb_user_item_v2,0.9571694135665894,1,"{""source"": ""xgb_user_item""}"
52,10098681688567,xgb_user_item_v2,0.9528220295906067,2,"{""source"": ""xgb_user_item""}"
52,5475198,xgb_user_item_v2,0.9075139760971069,3,"{""source"": ""xgb_user_item""}"
52,100203000971,xgb_user_item_v2,0.8562057018280029,4,"{""source"": ""xgb_user_item""}"
52,3409140,xgb_user_item_v2,0.8480225205421448,5,"{""source"": ""xgb_user_item""}"
52,100111748405,xgb_user_item_v2,0.8030813336372375,6,"{""source"": ""xgb_user_item""}"
52,100070794980,xgb_user_item_v2,0.8027476072311401,7,"{""source"": ""xgb_user_item""}"
52,11819155539,xgb_user_item_v2,0.8023661375045776,8,"{""source"": ""xgb_user_item""}"
52,100002187047,xgb_user_item_v2,0.7876372933387756,9,"{""source"": ""xgb_user_item""}"
52,10042124137320,xgb_user_item_v2,0.7307549715042114,10,"{""source"": ""xgb_user_item""}"
52,10037128752741,xgb_user_item_v2,0.6864814162254333,11,"{""source"": ""xgb_user_item""}"
52,100114512933,xgb_user_item_v2,0.6755730509757996,12,"{""source"": ""xgb_user_item""}"
52,4246893,xgb_user_item_v2,0.6740663051605225,13,"{""source"": ""xgb_user_item""}"
52,69673075023,xgb_user_item_v2,0.6719329357147217,14,"{""source"": ""xgb_user_item""}"
52,100136079282,xgb_user_item_v2,0.6701824069023132,15,"{""source"": ""xgb_user_item""}"
52,10087901051820,xgb_user_item_v2,0.669954240322113,16,"{""source"": ""xgb_user_item""}"
52,13065559672,xgb_user_item_v2,0.6285393238067627,17,"{""source"": ""xgb_user_item""}"
52,100064200322,xgb_user_item_v2,0.5977714657783508,18,"{""source"": ""xgb_user_item""}"
52,100008164593,xgb_user_item_v2,0.589329183101654,19,"{""source"": ""xgb_user_item""}"
52,100288929442,xgb_user_item_v2,0.5862635970115662,20,"{""source"": ""xgb_user_item""}"
53,100114512933,xgb_user_item_v2,0.9848139882087708,1,"{""source"": ""xgb_user_item""}"
53,4246911,xgb_user_item_v2,0.9843044877052307,2,"{""source"": ""xgb_user_item""}"
53,10042124137320,xgb_user_item_v2,0.9803528785705566,3,"{""source"": ""xgb_user_item""}"
53,11819155539,xgb_user_item_v2,0.9767589569091797,4,"{""source"": ""xgb_user_item""}"
53,100154268303,xgb_user_item_v2,0.9754044413566589,5,"{""source"": ""xgb_user_item""}"
53,13065559672,xgb_user_item_v2,0.9742088913917542,6,"{""source"": ""xgb_user_item""}"
53,100008164593,xgb_user_item_v2,0.9701864123344421,7,"{""source"": ""xgb_user_item""}"
53,100195732408,xgb_user_item_v2,0.953932523727417,8,"{""source"": ""xgb_user_item""}"
53,100112272948,xgb_user_item_v2,0.9493758082389832,9,"{""source"": ""xgb_user_item""}"
53,100019031805,xgb_user_item_v2,0.9406836032867432,10,"{""source"": ""xgb_user_item""}"
53,10070360840507,xgb_user_item_v2,0.9383029937744141,11,"{""source"": ""xgb_user_item""}"
53,1682006,xgb_user_item_v2,0.9330088496208191,12,"{""source"": ""xgb_user_item""}"
53,100059911987,xgb_user_item_v2,0.9254322052001953,13,"{""source"": ""xgb_user_item""}"
53,10121602694516,xgb_user_item_v2,0.9242874979972839,14,"{""source"": ""xgb_user_item""}"
53,100115256936,xgb_user_item_v2,0.9114986658096313,15,"{""source"": ""xgb_user_item""}"
53,100151315926,xgb_user_item_v2,0.8915016651153564,16,"{""source"": ""xgb_user_item""}"
53,100071138925,xgb_user_item_v2,0.8887361288070679,17,"{""source"": ""xgb_user_item""}"
53,71577466395,xgb_user_item_v2,0.8619879484176636,18,"{""source"": ""xgb_user_item""}"
53,100215876924,xgb_user_item_v2,0.8569673895835876,19,"{""source"": ""xgb_user_item""}"
53,100000987566,xgb_user_item_v2,0.849833607673645,20,"{""source"": ""xgb_user_item""}"
54,100114512933,xgb_user_item_v2,0.9848139882087708,1,"{""source"": ""xgb_user_item""}"
54,4246911,xgb_user_item_v2,0.9843044877052307,2,"{""source"": ""xgb_user_item""}"
54,10042124137320,xgb_user_item_v2,0.9803528785705566,3,"{""source"": ""xgb_user_item""}"
54,11819155539,xgb_user_item_v2,0.9767589569091797,4,"{""source"": ""xgb_user_item""}"
54,100154268303,xgb_user_item_v2,0.9754044413566589,5,"{""source"": ""xgb_user_item""}"
54,13065559672,xgb_user_item_v2,0.9742088913917542,6,"{""source"": ""xgb_user_item""}"
54,100008164593,xgb_user_item_v2,0.9701864123344421,7,"{""source"": ""xgb_user_item""}"
54,100195732408,xgb_user_item_v2,0.953932523727417,8,"{""source"": ""xgb_user_item""}"
54,100112272948,xgb_user_item_v2,0.9493758082389832,9,"{""source"": ""xgb_user_item""}"
54,100019031805,xgb_user_item_v2,0.9406836032867432,10,"{""source"": ""xgb_user_item""}"
54,10070360840507,xgb_user_item_v2,0.9383029937744141,11,"{""source"": ""xgb_user_item""}"
54,1682006,xgb_user_item_v2,0.9330088496208191,12,"{""source"": ""xgb_user_item""}"
54,100059911987,xgb_user_item_v2,0.9254322052001953,13,"{""source"": ""xgb_user_item""}"
54,10121602694516,xgb_user_item_v2,0.9242874979972839,14,"{""source"": ""xgb_user_item""}"
54,100115256936,xgb_user_item_v2,0.9114986658096313,15,"{""source"": ""xgb_user_item""}"
54,100151315926,xgb_user_item_v2,0.8915016651153564,16,"{""source"": ""xgb_user_item""}"
54,100071138925,xgb_user_item_v2,0.8887361288070679,17,"{""source"": ""xgb_user_item""}"
54,71577466395,xgb_user_item_v2,0.8619879484176636,18,"{""source"": ""xgb_user_item""}"
54,100215876924,xgb_user_item_v2,0.8569673895835876,19,"{""source"": ""xgb_user_item""}"
54,100000987566,xgb_user_item_v2,0.849833607673645,20,"{""source"": ""xgb_user_item""}"
55,4246911,xgb_user_item_v2,0.9883348941802979,1,"{""source"": ""xgb_user_item""}"
55,100114512933,xgb_user_item_v2,0.9693878889083862,2,"{""source"": ""xgb_user_item""}"
55,100019031805,xgb_user_item_v2,0.968346118927002,3,"{""source"": ""xgb_user_item""}"
55,100154268303,xgb_user_item_v2,0.9536792039871216,4,"{""source"": ""xgb_user_item""}"
55,10042124137320,xgb_user_item_v2,0.9372841715812683,5,"{""source"": ""xgb_user_item""}"
55,100008164593,xgb_user_item_v2,0.9343655705451965,6,"{""source"": ""xgb_user_item""}"
55,11819155539,xgb_user_item_v2,0.9338890314102173,7,"{""source"": ""xgb_user_item""}"
55,13065559672,xgb_user_item_v2,0.9192721247673035,8,"{""source"": ""xgb_user_item""}"
55,100021518453,xgb_user_item_v2,0.9081350564956665,9,"{""source"": ""xgb_user_item""}"
55,71577466395,xgb_user_item_v2,0.8676489591598511,10,"{""source"": ""xgb_user_item""}"
55,3627320,xgb_user_item_v2,0.865187406539917,11,"{""source"": ""xgb_user_item""}"
55,100215876924,xgb_user_item_v2,0.8414113521575928,12,"{""source"": ""xgb_user_item""}"
55,100064200322,xgb_user_item_v2,0.8322393298149109,13,"{""source"": ""xgb_user_item""}"
55,10121602694516,xgb_user_item_v2,0.8318934440612793,14,"{""source"": ""xgb_user_item""}"
55,1682006,xgb_user_item_v2,0.8296080827713013,15,"{""source"": ""xgb_user_item""}"
55,100112272948,xgb_user_item_v2,0.8275974988937378,16,"{""source"": ""xgb_user_item""}"
55,100195732408,xgb_user_item_v2,0.7957667708396912,17,"{""source"": ""xgb_user_item""}"
55,100136079284,xgb_user_item_v2,0.7249158620834351,18,"{""source"": ""xgb_user_item""}"
55,100012706282,xgb_user_item_v2,0.7241889834403992,19,"{""source"": ""xgb_user_item""}"
55,100002187047,xgb_user_item_v2,0.7080633640289307,20,"{""source"": ""xgb_user_item""}"
56,100154268303,xgb_user_item_v2,0.9849095940589905,1,"{""source"": ""xgb_user_item""}"
56,4246911,xgb_user_item_v2,0.9846836924552917,2,"{""source"": ""xgb_user_item""}"
56,100019031805,xgb_user_item_v2,0.9839275479316711,3,"{""source"": ""xgb_user_item""}"
56,100114512933,xgb_user_item_v2,0.9692674875259399,4,"{""source"": ""xgb_user_item""}"
56,100136079282,xgb_user_item_v2,0.9537902474403381,5,"{""source"": ""xgb_user_item""}"
56,100111748405,xgb_user_item_v2,0.9524897933006287,6,"{""source"": ""xgb_user_item""}"
56,100009013165,xgb_user_item_v2,0.9406123757362366,7,"{""source"": ""xgb_user_item""}"
56,11819155539,xgb_user_item_v2,0.9366214275360107,8,"{""source"": ""xgb_user_item""}"
56,100136079284,xgb_user_item_v2,0.9159910678863525,9,"{""source"": ""xgb_user_item""}"
56,5475198,xgb_user_item_v2,0.8893188834190369,10,"{""source"": ""xgb_user_item""}"
56,10192694267563,xgb_user_item_v2,0.8468969464302063,11,"{""source"": ""xgb_user_item""}"
56,4246893,xgb_user_item_v2,0.8408724069595337,12,"{""source"": ""xgb_user_item""}"
56,69673075023,xgb_user_item_v2,0.8362259268760681,13,"{""source"": ""xgb_user_item""}"
56,10037128752741,xgb_user_item_v2,0.8016284704208374,14,"{""source"": ""xgb_user_item""}"
56,100268823874,xgb_user_item_v2,0.7998185157775879,15,"{""source"": ""xgb_user_item""}"
56,100008164593,xgb_user_item_v2,0.7889189720153809,16,"{""source"": ""xgb_user_item""}"
56,100195732408,xgb_user_item_v2,0.7882734537124634,17,"{""source"": ""xgb_user_item""}"
56,10087901051820,xgb_user_item_v2,0.7751441597938538,18,"{""source"": ""xgb_user_item""}"
56,100230694872,xgb_user_item_v2,0.7465931177139282,19,"{""source"": ""xgb_user_item""}"
56,13065559672,xgb_user_item_v2,0.7236453294754028,20,"{""source"": ""xgb_user_item""}"
57,4246911,xgb_user_item_v2,0.9757591485977173,1,"{""source"": ""xgb_user_item""}"
57,11819155539,xgb_user_item_v2,0.9724987745285034,2,"{""source"": ""xgb_user_item""}"
57,100114512933,xgb_user_item_v2,0.9717439413070679,3,"{""source"": ""xgb_user_item""}"
57,10042124137320,xgb_user_item_v2,0.968257486820221,4,"{""source"": ""xgb_user_item""}"
57,100154268303,xgb_user_item_v2,0.9634659290313721,5,"{""source"": ""xgb_user_item""}"
57,13065559672,xgb_user_item_v2,0.9496561288833618,6,"{""source"": ""xgb_user_item""}"
57,100112272948,xgb_user_item_v2,0.9343778491020203,7,"{""source"": ""xgb_user_item""}"
57,100115256936,xgb_user_item_v2,0.9277786612510681,8,"{""source"": ""xgb_user_item""}"
57,100008164593,xgb_user_item_v2,0.926006019115448,9,"{""source"": ""xgb_user_item""}"
57,10070360840507,xgb_user_item_v2,0.8998374938964844,10,"{""source"": ""xgb_user_item""}"
57,100151315926,xgb_user_item_v2,0.896696150302887,11,"{""source"": ""xgb_user_item""}"
57,100195732408,xgb_user_item_v2,0.8883976936340332,12,"{""source"": ""xgb_user_item""}"
57,100059911987,xgb_user_item_v2,0.8735167980194092,13,"{""source"": ""xgb_user_item""}"
57,100019031805,xgb_user_item_v2,0.8693337440490723,14,"{""source"": ""xgb_user_item""}"
57,1682006,xgb_user_item_v2,0.8653101325035095,15,"{""source"": ""xgb_user_item""}"
57,100071138925,xgb_user_item_v2,0.8330819010734558,16,"{""source"": ""xgb_user_item""}"
57,10121602694516,xgb_user_item_v2,0.8323927521705627,17,"{""source"": ""xgb_user_item""}"
57,71577466395,xgb_user_item_v2,0.830048680305481,18,"{""source"": ""xgb_user_item""}"
57,100215876924,xgb_user_item_v2,0.8200787305831909,19,"{""source"": ""xgb_user_item""}"
57,100000987566,xgb_user_item_v2,0.7795485258102417,20,"{""source"": ""xgb_user_item""}"
58,100017016045,xgb_user_item_v2,0.9571694135665894,1,"{""source"": ""xgb_user_item""}"
58,10098681688567,xgb_user_item_v2,0.9528220295906067,2,"{""source"": ""xgb_user_item""}"
58,5475198,xgb_user_item_v2,0.9075139760971069,3,"{""source"": ""xgb_user_item""}"
58,100203000971,xgb_user_item_v2,0.8562057018280029,4,"{""source"": ""xgb_user_item""}"
58,3409140,xgb_user_item_v2,0.8480225205421448,5,"{""source"": ""xgb_user_item""}"
58,100111748405,xgb_user_item_v2,0.8030813336372375,6,"{""source"": ""xgb_user_item""}"
58,100070794980,xgb_user_item_v2,0.8027476072311401,7,"{""source"": ""xgb_user_item""}"
58,11819155539,xgb_user_item_v2,0.8023661375045776,8,"{""source"": ""xgb_user_item""}"
58,100002187047,xgb_user_item_v2,0.7876372933387756,9,"{""source"": ""xgb_user_item""}"
58,10042124137320,xgb_user_item_v2,0.7307549715042114,10,"{""source"": ""xgb_user_item""}"
58,10037128752741,xgb_user_item_v2,0.6864814162254333,11,"{""source"": ""xgb_user_item""}"
58,100114512933,xgb_user_item_v2,0.6755730509757996,12,"{""source"": ""xgb_user_item""}"
58,4246893,xgb_user_item_v2,0.6740663051605225,13,"{""source"": ""xgb_user_item""}"
58,69673075023,xgb_user_item_v2,0.6719329357147217,14,"{""source"": ""xgb_user_item""}"
58,100136079282,xgb_user_item_v2,0.6701824069023132,15,"{""source"": ""xgb_user_item""}"
58,10087901051820,xgb_user_item_v2,0.669954240322113,16,"{""source"": ""xgb_user_item""}"
58,13065559672,xgb_user_item_v2,0.6285393238067627,17,"{""source"": ""xgb_user_item""}"
58,100064200322,xgb_user_item_v2,0.5977714657783508,18,"{""source"": ""xgb_user_item""}"
58,100008164593,xgb_user_item_v2,0.589329183101654,19,"{""source"": ""xgb_user_item""}"
58,100288929442,xgb_user_item_v2,0.5862635970115662,20,"{""source"": ""xgb_user_item""}"
59,100017016045,xgb_user_item_v2,0.9571694135665894,1,"{""source"": ""xgb_user_item""}"
59,10098681688567,xgb_user_item_v2,0.9528220295906067,2,"{""source"": ""xgb_user_item""}"
59,5475198,xgb_user_item_v2,0.9075139760971069,3,"{""source"": ""xgb_user_item""}"
59,100203000971,xgb_user_item_v2,0.8562057018280029,4,"{""source"": ""xgb_user_item""}"
59,3409140,xgb_user_item_v2,0.8480225205421448,5,"{""source"": ""xgb_user_item""}"
59,100111748405,xgb_user_item_v2,0.8030813336372375,6,"{""source"": ""xgb_user_item""}"
59,100070794980,xgb_user_item_v2,0.8027476072311401,7,"{""source"": ""xgb_user_item""}"
59,11819155539,xgb_user_item_v2,0.8023661375045776,8,"{""source"": ""xgb_user_item""}"
59,100002187047,xgb_user_item_v2,0.7876372933387756,9,"{""source"": ""xgb_user_item""}"
59,10042124137320,xgb_user_item_v2,0.7307549715042114,10,"{""source"": ""xgb_user_item""}"
59,10037128752741,xgb_user_item_v2,0.6864814162254333,11,"{""source"": ""xgb_user_item""}"
59,100114512933,xgb_user_item_v2,0.6755730509757996,12,"{""source"": ""xgb_user_item""}"
59,4246893,xgb_user_item_v2,0.6740663051605225,13,"{""source"": ""xgb_user_item""}"
59,69673075023,xgb_user_item_v2,0.6719329357147217,14,"{""source"": ""xgb_user_item""}"
59,100136079282,xgb_user_item_v2,0.6701824069023132,15,"{""source"": ""xgb_user_item""}"
59,10087901051820,xgb_user_item_v2,0.669954240322113,16,"{""source"": ""xgb_user_item""}"
59,13065559672,xgb_user_item_v2,0.6285393238067627,17,"{""source"": ""xgb_user_item""}"
59,100064200322,xgb_user_item_v2,0.5977714657783508,18,"{""source"": ""xgb_user_item""}"
59,100008164593,xgb_user_item_v2,0.589329183101654,19,"{""source"": ""xgb_user_item""}"
59,100288929442,xgb_user_item_v2,0.5862635970115662,20,"{""source"": ""xgb_user_item""}"
60,4246911,xgb_user_item_v2,0.9883348941802979,1,"{""source"": ""xgb_user_item""}"
60,100114512933,xgb_user_item_v2,0.9693878889083862,2,"{""source"": ""xgb_user_item""}"
60,100019031805,xgb_user_item_v2,0.968346118927002,3,"{""source"": ""xgb_user_item""}"
60,100154268303,xgb_user_item_v2,0.9536792039871216,4,"{""source"": ""xgb_user_item""}"
60,10042124137320,xgb_user_item_v2,0.9372841715812683,5,"{""source"": ""xgb_user_item""}"
60,100008164593,xgb_user_item_v2,0.9343655705451965,6,"{""source"": ""xgb_user_item""}"
60,11819155539,xgb_user_item_v2,0.9338890314102173,7,"{""source"": ""xgb_user_item""}"
60,13065559672,xgb_user_item_v2,0.9192721247673035,8,"{""source"": ""xgb_user_item""}"
60,100021518453,xgb_user_item_v2,0.9081350564956665,9,"{""source"": ""xgb_user_item""}"
60,71577466395,xgb_user_item_v2,0.8676489591598511,10,"{""source"": ""xgb_user_item""}"
60,3627320,xgb_user_item_v2,0.865187406539917,11,"{""source"": ""xgb_user_item""}"
60,100215876924,xgb_user_item_v2,0.8414113521575928,12,"{""source"": ""xgb_user_item""}"
60,100064200322,xgb_user_item_v2,0.8322393298149109,13,"{""source"": ""xgb_user_item""}"
60,10121602694516,xgb_user_item_v2,0.8318934440612793,14,"{""source"": ""xgb_user_item""}"
60,1682006,xgb_user_item_v2,0.8296080827713013,15,"{""source"": ""xgb_user_item""}"
60,100112272948,xgb_user_item_v2,0.8275974988937378,16,"{""source"": ""xgb_user_item""}"
60,100195732408,xgb_user_item_v2,0.7957667708396912,17,"{""source"": ""xgb_user_item""}"
60,100136079284,xgb_user_item_v2,0.7249158620834351,18,"{""source"": ""xgb_user_item""}"
60,100012706282,xgb_user_item_v2,0.7241889834403992,19,"{""source"": ""xgb_user_item""}"
60,100002187047,xgb_user_item_v2,0.7080633640289307,20,"{""source"": ""xgb_user_item""}"
61,4246911,xgb_user_item_v2,0.9757591485977173,1,"{""source"": ""xgb_user_item""}"
61,11819155539,xgb_user_item_v2,0.9724987745285034,2,"{""source"": ""xgb_user_item""}"
61,100114512933,xgb_user_item_v2,0.9717439413070679,3,"{""source"": ""xgb_user_item""}"
61,10042124137320,xgb_user_item_v2,0.968257486820221,4,"{""source"": ""xgb_user_item""}"
61,100154268303,xgb_user_item_v2,0.9634659290313721,5,"{""source"": ""xgb_user_item""}"
61,13065559672,xgb_user_item_v2,0.9496561288833618,6,"{""source"": ""xgb_user_item""}"
61,100112272948,xgb_user_item_v2,0.9343778491020203,7,"{""source"": ""xgb_user_item""}"
61,100115256936,xgb_user_item_v2,0.9277786612510681,8,"{""source"": ""xgb_user_item""}"
61,100008164593,xgb_user_item_v2,0.926006019115448,9,"{""source"": ""xgb_user_item""}"
61,10070360840507,xgb_user_item_v2,0.8998374938964844,10,"{""source"": ""xgb_user_item""}"
61,100151315926,xgb_user_item_v2,0.896696150302887,11,"{""source"": ""xgb_user_item""}"
61,100195732408,xgb_user_item_v2,0.8883976936340332,12,"{""source"": ""xgb_user_item""}"
61,100059911987,xgb_user_item_v2,0.8735167980194092,13,"{""source"": ""xgb_user_item""}"
61,100019031805,xgb_user_item_v2,0.8693337440490723,14,"{""source"": ""xgb_user_item""}"
61,1682006,xgb_user_item_v2,0.8653101325035095,15,"{""source"": ""xgb_user_item""}"
61,100071138925,xgb_user_item_v2,0.8330819010734558,16,"{""source"": ""xgb_user_item""}"
61,10121602694516,xgb_user_item_v2,0.8323927521705627,17,"{""source"": ""xgb_user_item""}"
61,71577466395,xgb_user_item_v2,0.830048680305481,18,"{""source"": ""xgb_user_item""}"
61,100215876924,xgb_user_item_v2,0.8200787305831909,19,"{""source"": ""xgb_user_item""}"
61,100000987566,xgb_user_item_v2,0.7795485258102417,20,"{""source"": ""xgb_user_item""}"
62,100154268303,xgb_user_item_v2,0.9849095940589905,1,"{""source"": ""xgb_user_item""}"
62,4246911,xgb_user_item_v2,0.9846836924552917,2,"{""source"": ""xgb_user_item""}"
62,100019031805,xgb_user_item_v2,0.9839275479316711,3,"{""source"": ""xgb_user_item""}"
62,100114512933,xgb_user_item_v2,0.9692674875259399,4,"{""source"": ""xgb_user_item""}"
62,100136079282,xgb_user_item_v2,0.9537902474403381,5,"{""source"": ""xgb_user_item""}"
62,100111748405,xgb_user_item_v2,0.9524897933006287,6,"{""source"": ""xgb_user_item""}"
62,100009013165,xgb_user_item_v2,0.9406123757362366,7,"{""source"": ""xgb_user_item""}"
62,11819155539,xgb_user_item_v2,0.9366214275360107,8,"{""source"": ""xgb_user_item""}"
62,100136079284,xgb_user_item_v2,0.9159910678863525,9,"{""source"": ""xgb_user_item""}"
62,5475198,xgb_user_item_v2,0.8893188834190369,10,"{""source"": ""xgb_user_item""}"
62,10192694267563,xgb_user_item_v2,0.8468969464302063,11,"{""source"": ""xgb_user_item""}"
62,4246893,xgb_user_item_v2,0.8408724069595337,12,"{""source"": ""xgb_user_item""}"
62,69673075023,xgb_user_item_v2,0.8362259268760681,13,"{""source"": ""xgb_user_item""}"
62,10037128752741,xgb_user_item_v2,0.8016284704208374,14,"{""source"": ""xgb_user_item""}"
62,100268823874,xgb_user_item_v2,0.7998185157775879,15,"{""source"": ""xgb_user_item""}"
62,100008164593,xgb_user_item_v2,0.7889189720153809,16,"{""source"": ""xgb_user_item""}"
62,100195732408,xgb_user_item_v2,0.7882734537124634,17,"{""source"": ""xgb_user_item""}"
62,10087901051820,xgb_user_item_v2,0.7751441597938538,18,"{""source"": ""xgb_user_item""}"
62,100230694872,xgb_user_item_v2,0.7465931177139282,19,"{""source"": ""xgb_user_item""}"
62,13065559672,xgb_user_item_v2,0.7236453294754028,20,"{""source"": ""xgb_user_item""}"
63,100017016045,xgb_user_item_v2,0.9571694135665894,1,"{""source"": ""xgb_user_item""}"
63,10098681688567,xgb_user_item_v2,0.9528220295906067,2,"{""source"": ""xgb_user_item""}"
63,5475198,xgb_user_item_v2,0.9075139760971069,3,"{""source"": ""xgb_user_item""}"
63,100203000971,xgb_user_item_v2,0.8562057018280029,4,"{""source"": ""xgb_user_item""}"
63,3409140,xgb_user_item_v2,0.8480225205421448,5,"{""source"": ""xgb_user_item""}"
63,100111748405,xgb_user_item_v2,0.8030813336372375,6,"{""source"": ""xgb_user_item""}"
63,100070794980,xgb_user_item_v2,0.8027476072311401,7,"{""source"": ""xgb_user_item""}"
63,11819155539,xgb_user_item_v2,0.8023661375045776,8,"{""source"": ""xgb_user_item""}"
63,100002187047,xgb_user_item_v2,0.7876372933387756,9,"{""source"": ""xgb_user_item""}"
63,10042124137320,xgb_user_item_v2,0.7307549715042114,10,"{""source"": ""xgb_user_item""}"
63,10037128752741,xgb_user_item_v2,0.6864814162254333,11,"{""source"": ""xgb_user_item""}"
63,100114512933,xgb_user_item_v2,0.6755730509757996,12,"{""source"": ""xgb_user_item""}"
63,4246893,xgb_user_item_v2,0.6740663051605225,13,"{""source"": ""xgb_user_item""}"
63,69673075023,xgb_user_item_v2,0.6719329357147217,14,"{""source"": ""xgb_user_item""}"
63,100136079282,xgb_user_item_v2,0.6701824069023132,15,"{""source"": ""xgb_user_item""}"
63,10087901051820,xgb_user_item_v2,0.669954240322113,16,"{""source"": ""xgb_user_item""}"
63,13065559672,xgb_user_item_v2,0.6285393238067627,17,"{""source"": ""xgb_user_item""}"
63,100064200322,xgb_user_item_v2,0.5977714657783508,18,"{""source"": ""xgb_user_item""}"
63,100008164593,xgb_user_item_v2,0.589329183101654,19,"{""source"": ""xgb_user_item""}"
63,100288929442,xgb_user_item_v2,0.5862635970115662,20,"{""source"": ""xgb_user_item""}"
64,100017016045,xgb_user_item_v2,0.9571694135665894,1,"{""source"": ""xgb_user_item""}"
64,10098681688567,xgb_user_item_v2,0.9528220295906067,2,"{""source"": ""xgb_user_item""}"
64,5475198,xgb_user_item_v2,0.9075139760971069,3,"{""source"": ""xgb_user_item""}"
64,100203000971,xgb_user_item_v2,0.8562057018280029,4,"{""source"": ""xgb_user_item""}"
64,3409140,xgb_user_item_v2,0.8480225205421448,5,"{""source"": ""xgb_user_item""}"
64,100111748405,xgb_user_item_v2,0.8030813336372375,6,"{""source"": ""xgb_user_item""}"
64,100070794980,xgb_user_item_v2,0.8027476072311401,7,"{""source"": ""xgb_user_item""}"
64,11819155539,xgb_user_item_v2,0.8023661375045776,8,"{""source"": ""xgb_user_item""}"
64,100002187047,xgb_user_item_v2,0.7876372933387756,9,"{""source"": ""xgb_user_item""}"
64,10042124137320,xgb_user_item_v2,0.7307549715042114,10,"{""source"": ""xgb_user_item""}"
64,10037128752741,xgb_user_item_v2,0.6864814162254333,11,"{""source"": ""xgb_user_item""}"
64,100114512933,xgb_user_item_v2,0.6755730509757996,12,"{""source"": ""xgb_user_item""}"
64,4246893,xgb_user_item_v2,0.6740663051605225,13,"{""source"": ""xgb_user_item""}"
64,69673075023,xgb_user_item_v2,0.6719329357147217,14,"{""source"": ""xgb_user_item""}"
64,100136079282,xgb_user_item_v2,0.6701824069023132,15,"{""source"": ""xgb_user_item""}"
64,10087901051820,xgb_user_item_v2,0.669954240322113,16,"{""source"": ""xgb_user_item""}"
64,13065559672,xgb_user_item_v2,0.6285393238067627,17,"{""source"": ""xgb_user_item""}"
64,100064200322,xgb_user_item_v2,0.5977714657783508,18,"{""source"": ""xgb_user_item""}"
64,100008164593,xgb_user_item_v2,0.589329183101654,19,"{""source"": ""xgb_user_item""}"
64,100288929442,xgb_user_item_v2,0.5862635970115662,20,"{""source"": ""xgb_user_item""}"
65,100019031805,xgb_user_item_v2,0.9856573343276978,1,"{""source"": ""xgb_user_item""}"
65,5475198,xgb_user_item_v2,0.967322826385498,2,"{""source"": ""xgb_user_item""}"
65,100136079282,xgb_user_item_v2,0.9652594923973083,3,"{""source"": ""xgb_user_item""}"
65,13065559672,xgb_user_item_v2,0.9555862545967102,4,"{""source"": ""xgb_user_item""}"
65,100154268303,xgb_user_item_v2,0.9500885009765625,5,"{""source"": ""xgb_user_item""}"
65,100009013165,xgb_user_item_v2,0.9468953013420105,6,"{""source"": ""xgb_user_item""}"
65,4246911,xgb_user_item_v2,0.938510537147522,7,"{""source"": ""xgb_user_item""}"
65,100111748405,xgb_user_item_v2,0.9165986180305481,8,"{""source"": ""xgb_user_item""}"
65,100249994404,xgb_user_item_v2,0.914801299571991,9,"{""source"": ""xgb_user_item""}"
65,100114512933,xgb_user_item_v2,0.8892315626144409,10,"{""source"": ""xgb_user_item""}"
65,100002187045,xgb_user_item_v2,0.7935611605644226,11,"{""source"": ""xgb_user_item""}"
65,69673075023,xgb_user_item_v2,0.769901692867279,12,"{""source"": ""xgb_user_item""}"
65,3197317,xgb_user_item_v2,0.7668659687042236,13,"{""source"": ""xgb_user_item""}"
65,100216501267,xgb_user_item_v2,0.7541028261184692,14,"{""source"": ""xgb_user_item""}"
65,3409140,xgb_user_item_v2,0.7533186078071594,15,"{""source"": ""xgb_user_item""}"
65,100059257824,xgb_user_item_v2,0.7494468688964844,16,"{""source"": ""xgb_user_item""}"
65,4246893,xgb_user_item_v2,0.7467117309570312,17,"{""source"": ""xgb_user_item""}"
65,10098656892439,xgb_user_item_v2,0.7436744570732117,18,"{""source"": ""xgb_user_item""}"
65,10121602694516,xgb_user_item_v2,0.7425827383995056,19,"{""source"": ""xgb_user_item""}"
65,100230694872,xgb_user_item_v2,0.6435881853103638,20,"{""source"": ""xgb_user_item""}"
66,100154268303,xgb_user_item_v2,0.9849095940589905,1,"{""source"": ""xgb_user_item""}"
66,4246911,xgb_user_item_v2,0.9846836924552917,2,"{""source"": ""xgb_user_item""}"
66,100019031805,xgb_user_item_v2,0.9839275479316711,3,"{""source"": ""xgb_user_item""}"
66,100114512933,xgb_user_item_v2,0.9692674875259399,4,"{""source"": ""xgb_user_item""}"
66,100136079282,xgb_user_item_v2,0.9537902474403381,5,"{""source"": ""xgb_user_item""}"
66,100111748405,xgb_user_item_v2,0.9524897933006287,6,"{""source"": ""xgb_user_item""}"
66,100009013165,xgb_user_item_v2,0.9406123757362366,7,"{""source"": ""xgb_user_item""}"
66,11819155539,xgb_user_item_v2,0.9366214275360107,8,"{""source"": ""xgb_user_item""}"
66,100136079284,xgb_user_item_v2,0.9159910678863525,9,"{""source"": ""xgb_user_item""}"
66,5475198,xgb_user_item_v2,0.8893188834190369,10,"{""source"": ""xgb_user_item""}"
66,10192694267563,xgb_user_item_v2,0.8468969464302063,11,"{""source"": ""xgb_user_item""}"
66,4246893,xgb_user_item_v2,0.8408724069595337,12,"{""source"": ""xgb_user_item""}"
66,69673075023,xgb_user_item_v2,0.8362259268760681,13,"{""source"": ""xgb_user_item""}"
66,10037128752741,xgb_user_item_v2,0.8016284704208374,14,"{""source"": ""xgb_user_item""}"
66,100268823874,xgb_user_item_v2,0.7998185157775879,15,"{""source"": ""xgb_user_item""}"
66,100008164593,xgb_user_item_v2,0.7889189720153809,16,"{""source"": ""xgb_user_item""}"
66,100195732408,xgb_user_item_v2,0.7882734537124634,17,"{""source"": ""xgb_user_item""}"
66,10087901051820,xgb_user_item_v2,0.7751441597938538,18,"{""source"": ""xgb_user_item""}"
66,100230694872,xgb_user_item_v2,0.7465931177139282,19,"{""source"": ""xgb_user_item""}"
66,13065559672,xgb_user_item_v2,0.7236453294754028,20,"{""source"": ""xgb_user_item""}"
67,100154268303,xgb_user_item_v2,0.9849095940589905,1,"{""source"": ""xgb_user_item""}"
67,4246911,xgb_user_item_v2,0.9846836924552917,2,"{""source"": ""xgb_user_item""}"
67,100019031805,xgb_user_item_v2,0.9839275479316711,3,"{""source"": ""xgb_user_item""}"
67,100114512933,xgb_user_item_v2,0.9692674875259399,4,"{""source"": ""xgb_user_item""}"
67,100136079282,xgb_user_item_v2,0.9537902474403381,5,"{""source"": ""xgb_user_item""}"
67,100111748405,xgb_user_item_v2,0.9524897933006287,6,"{""source"": ""xgb_user_item""}"
67,100009013165,xgb_user_item_v2,0.9406123757362366,7,"{""source"": ""xgb_user_item""}"
67,11819155539,xgb_user_item_v2,0.9366214275360107,8,"{""source"": ""xgb_user_item""}"
67,100136079284,xgb_user_item_v2,0.9159910678863525,9,"{""source"": ""xgb_user_item""}"
67,5475198,xgb_user_item_v2,0.8893188834190369,10,"{""source"": ""xgb_user_item""}"
67,10192694267563,xgb_user_item_v2,0.8468969464302063,11,"{""source"": ""xgb_user_item""}"
67,4246893,xgb_user_item_v2,0.8408724069595337,12,"{""source"": ""xgb_user_item""}"
67,69673075023,xgb_user_item_v2,0.8362259268760681,13,"{""source"": ""xgb_user_item""}"
67,10037128752741,xgb_user_item_v2,0.8016284704208374,14,"{""source"": ""xgb_user_item""}"
67,100268823874,xgb_user_item_v2,0.7998185157775879,15,"{""source"": ""xgb_user_item""}"
67,100008164593,xgb_user_item_v2,0.7889189720153809,16,"{""source"": ""xgb_user_item""}"
67,100195732408,xgb_user_item_v2,0.7882734537124634,17,"{""source"": ""xgb_user_item""}"
67,10087901051820,xgb_user_item_v2,0.7751441597938538,18,"{""source"": ""xgb_user_item""}"
67,100230694872,xgb_user_item_v2,0.7465931177139282,19,"{""source"": ""xgb_user_item""}"
67,13065559672,xgb_user_item_v2,0.7236453294754028,20,"{""source"": ""xgb_user_item""}"
68,100114512933,xgb_user_item_v2,0.9848139882087708,1,"{""source"": ""xgb_user_item""}"
68,4246911,xgb_user_item_v2,0.9843044877052307,2,"{""source"": ""xgb_user_item""}"
68,10042124137320,xgb_user_item_v2,0.9803528785705566,3,"{""source"": ""xgb_user_item""}"
68,11819155539,xgb_user_item_v2,0.9767589569091797,4,"{""source"": ""xgb_user_item""}"
68,100154268303,xgb_user_item_v2,0.9754044413566589,5,"{""source"": ""xgb_user_item""}"
68,13065559672,xgb_user_item_v2,0.9742088913917542,6,"{""source"": ""xgb_user_item""}"
68,100008164593,xgb_user_item_v2,0.9701864123344421,7,"{""source"": ""xgb_user_item""}"
68,100195732408,xgb_user_item_v2,0.953932523727417,8,"{""source"": ""xgb_user_item""}"
68,100112272948,xgb_user_item_v2,0.9493758082389832,9,"{""source"": ""xgb_user_item""}"
68,100019031805,xgb_user_item_v2,0.9406836032867432,10,"{""source"": ""xgb_user_item""}"
68,10070360840507,xgb_user_item_v2,0.9383029937744141,11,"{""source"": ""xgb_user_item""}"
68,1682006,xgb_user_item_v2,0.9330088496208191,12,"{""source"": ""xgb_user_item""}"
68,100059911987,xgb_user_item_v2,0.9254322052001953,13,"{""source"": ""xgb_user_item""}"
68,10121602694516,xgb_user_item_v2,0.9242874979972839,14,"{""source"": ""xgb_user_item""}"
68,100115256936,xgb_user_item_v2,0.9114986658096313,15,"{""source"": ""xgb_user_item""}"
68,100151315926,xgb_user_item_v2,0.8915016651153564,16,"{""source"": ""xgb_user_item""}"
68,100071138925,xgb_user_item_v2,0.8887361288070679,17,"{""source"": ""xgb_user_item""}"
68,71577466395,xgb_user_item_v2,0.8619879484176636,18,"{""source"": ""xgb_user_item""}"
68,100215876924,xgb_user_item_v2,0.8569673895835876,19,"{""source"": ""xgb_user_item""}"
68,100000987566,xgb_user_item_v2,0.849833607673645,20,"{""source"": ""xgb_user_item""}"
69,100017016045,xgb_user_item_v2,0.9571694135665894,1,"{""source"": ""xgb_user_item""}"
69,10098681688567,xgb_user_item_v2,0.9528220295906067,2,"{""source"": ""xgb_user_item""}"
69,5475198,xgb_user_item_v2,0.9075139760971069,3,"{""source"": ""xgb_user_item""}"
69,100203000971,xgb_user_item_v2,0.8562057018280029,4,"{""source"": ""xgb_user_item""}"
69,3409140,xgb_user_item_v2,0.8480225205421448,5,"{""source"": ""xgb_user_item""}"
69,100111748405,xgb_user_item_v2,0.8030813336372375,6,"{""source"": ""xgb_user_item""}"
69,100070794980,xgb_user_item_v2,0.8027476072311401,7,"{""source"": ""xgb_user_item""}"
69,11819155539,xgb_user_item_v2,0.8023661375045776,8,"{""source"": ""xgb_user_item""}"
69,100002187047,xgb_user_item_v2,0.7876372933387756,9,"{""source"": ""xgb_user_item""}"
69,10042124137320,xgb_user_item_v2,0.7307549715042114,10,"{""source"": ""xgb_user_item""}"
69,10037128752741,xgb_user_item_v2,0.6864814162254333,11,"{""source"": ""xgb_user_item""}"
69,100114512933,xgb_user_item_v2,0.6755730509757996,12,"{""source"": ""xgb_user_item""}"
69,4246893,xgb_user_item_v2,0.6740663051605225,13,"{""source"": ""xgb_user_item""}"
69,69673075023,xgb_user_item_v2,0.6719329357147217,14,"{""source"": ""xgb_user_item""}"
69,100136079282,xgb_user_item_v2,0.6701824069023132,15,"{""source"": ""xgb_user_item""}"
69,10087901051820,xgb_user_item_v2,0.669954240322113,16,"{""source"": ""xgb_user_item""}"
69,13065559672,xgb_user_item_v2,0.6285393238067627,17,"{""source"": ""xgb_user_item""}"
69,100064200322,xgb_user_item_v2,0.5977714657783508,18,"{""source"": ""xgb_user_item""}"
69,100008164593,xgb_user_item_v2,0.589329183101654,19,"{""source"": ""xgb_user_item""}"
69,100288929442,xgb_user_item_v2,0.5862635970115662,20,"{""source"": ""xgb_user_item""}"
70,100019031805,xgb_user_item_v2,0.9856573343276978,1,"{""source"": ""xgb_user_item""}"
70,5475198,xgb_user_item_v2,0.967322826385498,2,"{""source"": ""xgb_user_item""}"
70,100136079282,xgb_user_item_v2,0.9652594923973083,3,"{""source"": ""xgb_user_item""}"
70,13065559672,xgb_user_item_v2,0.9555862545967102,4,"{""source"": ""xgb_user_item""}"
70,100154268303,xgb_user_item_v2,0.9500885009765625,5,"{""source"": ""xgb_user_item""}"
70,100009013165,xgb_user_item_v2,0.9468953013420105,6,"{""source"": ""xgb_user_item""}"
70,4246911,xgb_user_item_v2,0.938510537147522,7,"{""source"": ""xgb_user_item""}"
70,100111748405,xgb_user_item_v2,0.9165986180305481,8,"{""source"": ""xgb_user_item""}"
70,100249994404,xgb_user_item_v2,0.914801299571991,9,"{""source"": ""xgb_user_item""}"
70,100114512933,xgb_user_item_v2,0.8892315626144409,10,"{""source"": ""xgb_user_item""}"
70,100002187045,xgb_user_item_v2,0.7935611605644226,11,"{""source"": ""xgb_user_item""}"
70,69673075023,xgb_user_item_v2,0.769901692867279,12,"{""source"": ""xgb_user_item""}"
70,3197317,xgb_user_item_v2,0.7668659687042236,13,"{""source"": ""xgb_user_item""}"
70,100216501267,xgb_user_item_v2,0.7541028261184692,14,"{""source"": ""xgb_user_item""}"
70,3409140,xgb_user_item_v2,0.7533186078071594,15,"{""source"": ""xgb_user_item""}"
70,100059257824,xgb_user_item_v2,0.7494468688964844,16,"{""source"": ""xgb_user_item""}"
70,4246893,xgb_user_item_v2,0.7467117309570312,17,"{""source"": ""xgb_user_item""}"
70,10098656892439,xgb_user_item_v2,0.7436744570732117,18,"{""source"": ""xgb_user_item""}"
70,10121602694516,xgb_user_item_v2,0.7425827383995056,19,"{""source"": ""xgb_user_item""}"
70,100230694872,xgb_user_item_v2,0.6435881853103638,20,"{""source"": ""xgb_user_item""}"
71,100114512933,xgb_user_item_v2,0.9848139882087708,1,"{""source"": ""xgb_user_item""}"
71,4246911,xgb_user_item_v2,0.9843044877052307,2,"{""source"": ""xgb_user_item""}"
71,10042124137320,xgb_user_item_v2,0.9803528785705566,3,"{""source"": ""xgb_user_item""}"
71,11819155539,xgb_user_item_v2,0.9767589569091797,4,"{""source"": ""xgb_user_item""}"
71,100154268303,xgb_user_item_v2,0.9754044413566589,5,"{""source"": ""xgb_user_item""}"
71,13065559672,xgb_user_item_v2,0.9742088913917542,6,"{""source"": ""xgb_user_item""}"
71,100008164593,xgb_user_item_v2,0.9701864123344421,7,"{""source"": ""xgb_user_item""}"
71,100195732408,xgb_user_item_v2,0.953932523727417,8,"{""source"": ""xgb_user_item""}"
71,100112272948,xgb_user_item_v2,0.9493758082389832,9,"{""source"": ""xgb_user_item""}"
71,100019031805,xgb_user_item_v2,0.9406836032867432,10,"{""source"": ""xgb_user_item""}"
71,10070360840507,xgb_user_item_v2,0.9383029937744141,11,"{""source"": ""xgb_user_item""}"
71,1682006,xgb_user_item_v2,0.9330088496208191,12,"{""source"": ""xgb_user_item""}"
71,100059911987,xgb_user_item_v2,0.9254322052001953,13,"{""source"": ""xgb_user_item""}"
71,10121602694516,xgb_user_item_v2,0.9242874979972839,14,"{""source"": ""xgb_user_item""}"
71,100115256936,xgb_user_item_v2,0.9114986658096313,15,"{""source"": ""xgb_user_item""}"
71,100151315926,xgb_user_item_v2,0.8915016651153564,16,"{""source"": ""xgb_user_item""}"
71,100071138925,xgb_user_item_v2,0.8887361288070679,17,"{""source"": ""xgb_user_item""}"
71,71577466395,xgb_user_item_v2,0.8619879484176636,18,"{""source"": ""xgb_user_item""}"
71,100215876924,xgb_user_item_v2,0.8569673895835876,19,"{""source"": ""xgb_user_item""}"
71,100000987566,xgb_user_item_v2,0.849833607673645,20,"{""source"": ""xgb_user_item""}"
72,100019031805,xgb_user_item_v2,0.9856573343276978,1,"{""source"": ""xgb_user_item""}"
72,5475198,xgb_user_item_v2,0.967322826385498,2,"{""source"": ""xgb_user_item""}"
72,100136079282,xgb_user_item_v2,0.9652594923973083,3,"{""source"": ""xgb_user_item""}"
72,13065559672,xgb_user_item_v2,0.9555862545967102,4,"{""source"": ""xgb_user_item""}"
72,100154268303,xgb_user_item_v2,0.9500885009765625,5,"{""source"": ""xgb_user_item""}"
72,100009013165,xgb_user_item_v2,0.9468953013420105,6,"{""source"": ""xgb_user_item""}"
72,4246911,xgb_user_item_v2,0.938510537147522,7,"{""source"": ""xgb_user_item""}"
72,100111748405,xgb_user_item_v2,0.9165986180305481,8,"{""source"": ""xgb_user_item""}"
72,100249994404,xgb_user_item_v2,0.914801299571991,9,"{""source"": ""xgb_user_item""}"
72,100114512933,xgb_user_item_v2,0.8892315626144409,10,"{""source"": ""xgb_user_item""}"
72,100002187045,xgb_user_item_v2,0.7935611605644226,11,"{""source"": ""xgb_user_item""}"
72,69673075023,xgb_user_item_v2,0.769901692867279,12,"{""source"": ""xgb_user_item""}"
72,3197317,xgb_user_item_v2,0.7668659687042236,13,"{""source"": ""xgb_user_item""}"
72,100216501267,xgb_user_item_v2,0.7541028261184692,14,"{""source"": ""xgb_user_item""}"
72,3409140,xgb_user_item_v2,0.7533186078071594,15,"{""source"": ""xgb_user_item""}"
72,100059257824,xgb_user_item_v2,0.7494468688964844,16,"{""source"": ""xgb_user_item""}"
72,4246893,xgb_user_item_v2,0.7467117309570312,17,"{""source"": ""xgb_user_item""}"
72,10098656892439,xgb_user_item_v2,0.7436744570732117,18,"{""source"": ""xgb_user_item""}"
72,10121602694516,xgb_user_item_v2,0.7425827383995056,19,"{""source"": ""xgb_user_item""}"
72,100230694872,xgb_user_item_v2,0.6435881853103638,20,"{""source"": ""xgb_user_item""}"
73,100154268303,xgb_user_item_v2,0.9849095940589905,1,"{""source"": ""xgb_user_item""}"
73,4246911,xgb_user_item_v2,0.9846836924552917,2,"{""source"": ""xgb_user_item""}"
73,100019031805,xgb_user_item_v2,0.9839275479316711,3,"{""source"": ""xgb_user_item""}"
73,100114512933,xgb_user_item_v2,0.9692674875259399,4,"{""source"": ""xgb_user_item""}"
73,100136079282,xgb_user_item_v2,0.9537902474403381,5,"{""source"": ""xgb_user_item""}"
73,100111748405,xgb_user_item_v2,0.9524897933006287,6,"{""source"": ""xgb_user_item""}"
73,100009013165,xgb_user_item_v2,0.9406123757362366,7,"{""source"": ""xgb_user_item""}"
73,11819155539,xgb_user_item_v2,0.9366214275360107,8,"{""source"": ""xgb_user_item""}"
73,100136079284,xgb_user_item_v2,0.9159910678863525,9,"{""source"": ""xgb_user_item""}"
73,5475198,xgb_user_item_v2,0.8893188834190369,10,"{""source"": ""xgb_user_item""}"
73,10192694267563,xgb_user_item_v2,0.8468969464302063,11,"{""source"": ""xgb_user_item""}"
73,4246893,xgb_user_item_v2,0.8408724069595337,12,"{""source"": ""xgb_user_item""}"
73,69673075023,xgb_user_item_v2,0.8362259268760681,13,"{""source"": ""xgb_user_item""}"
73,10037128752741,xgb_user_item_v2,0.8016284704208374,14,"{""source"": ""xgb_user_item""}"
73,100268823874,xgb_user_item_v2,0.7998185157775879,15,"{""source"": ""xgb_user_item""}"
73,100008164593,xgb_user_item_v2,0.7889189720153809,16,"{""source"": ""xgb_user_item""}"
73,100195732408,xgb_user_item_v2,0.7882734537124634,17,"{""source"": ""xgb_user_item""}"
73,10087901051820,xgb_user_item_v2,0.7751441597938538,18,"{""source"": ""xgb_user_item""}"
73,100230694872,xgb_user_item_v2,0.7465931177139282,19,"{""source"": ""xgb_user_item""}"
73,13065559672,xgb_user_item_v2,0.7236453294754028,20,"{""source"": ""xgb_user_item""}"
74,100019031805,xgb_user_item_v2,0.9856573343276978,1,"{""source"": ""xgb_user_item""}"
74,5475198,xgb_user_item_v2,0.967322826385498,2,"{""source"": ""xgb_user_item""}"
74,100136079282,xgb_user_item_v2,0.9652594923973083,3,"{""source"": ""xgb_user_item""}"
74,13065559672,xgb_user_item_v2,0.9555862545967102,4,"{""source"": ""xgb_user_item""}"
74,100154268303,xgb_user_item_v2,0.9500885009765625,5,"{""source"": ""xgb_user_item""}"
74,100009013165,xgb_user_item_v2,0.9468953013420105,6,"{""source"": ""xgb_user_item""}"
74,4246911,xgb_user_item_v2,0.938510537147522,7,"{""source"": ""xgb_user_item""}"
74,100111748405,xgb_user_item_v2,0.9165986180305481,8,"{""source"": ""xgb_user_item""}"
74,100249994404,xgb_user_item_v2,0.914801299571991,9,"{""source"": ""xgb_user_item""}"
74,100114512933,xgb_user_item_v2,0.8892315626144409,10,"{""source"": ""xgb_user_item""}"
74,100002187045,xgb_user_item_v2,0.7935611605644226,11,"{""source"": ""xgb_user_item""}"
74,69673075023,xgb_user_item_v2,0.769901692867279,12,"{""source"": ""xgb_user_item""}"
74,3197317,xgb_user_item_v2,0.7668659687042236,13,"{""source"": ""xgb_user_item""}"
74,100216501267,xgb_user_item_v2,0.7541028261184692,14,"{""source"": ""xgb_user_item""}"
74,3409140,xgb_user_item_v2,0.7533186078071594,15,"{""source"": ""xgb_user_item""}"
74,100059257824,xgb_user_item_v2,0.7494468688964844,16,"{""source"": ""xgb_user_item""}"
74,4246893,xgb_user_item_v2,0.7467117309570312,17,"{""source"": ""xgb_user_item""}"
74,10098656892439,xgb_user_item_v2,0.7436744570732117,18,"{""source"": ""xgb_user_item""}"
74,10121602694516,xgb_user_item_v2,0.7425827383995056,19,"{""source"": ""xgb_user_item""}"
74,100230694872,xgb_user_item_v2,0.6435881853103638,20,"{""source"": ""xgb_user_item""}"
75,100019031805,xgb_user_item_v2,0.9856573343276978,1,"{""source"": ""xgb_user_item""}"
75,5475198,xgb_user_item_v2,0.967322826385498,2,"{""source"": ""xgb_user_item""}"
75,100136079282,xgb_user_item_v2,0.9652594923973083,3,"{""source"": ""xgb_user_item""}"
75,13065559672,xgb_user_item_v2,0.9555862545967102,4,"{""source"": ""xgb_user_item""}"
75,100154268303,xgb_user_item_v2,0.9500885009765625,5,"{""source"": ""xgb_user_item""}"
75,100009013165,xgb_user_item_v2,0.9468953013420105,6,"{""source"": ""xgb_user_item""}"
75,4246911,xgb_user_item_v2,0.938510537147522,7,"{""source"": ""xgb_user_item""}"
75,100111748405,xgb_user_item_v2,0.9165986180305481,8,"{""source"": ""xgb_user_item""}"
75,100249994404,xgb_user_item_v2,0.914801299571991,9,"{""source"": ""xgb_user_item""}"
75,100114512933,xgb_user_item_v2,0.8892315626144409,10,"{""source"": ""xgb_user_item""}"
75,100002187045,xgb_user_item_v2,0.7935611605644226,11,"{""source"": ""xgb_user_item""}"
75,69673075023,xgb_user_item_v2,0.769901692867279,12,"{""source"": ""xgb_user_item""}"
75,3197317,xgb_user_item_v2,0.7668659687042236,13,"{""source"": ""xgb_user_item""}"
75,100216501267,xgb_user_item_v2,0.7541028261184692,14,"{""source"": ""xgb_user_item""}"
75,3409140,xgb_user_item_v2,0.7533186078071594,15,"{""source"": ""xgb_user_item""}"
75,100059257824,xgb_user_item_v2,0.7494468688964844,16,"{""source"": ""xgb_user_item""}"
75,4246893,xgb_user_item_v2,0.7467117309570312,17,"{""source"": ""xgb_user_item""}"
75,10098656892439,xgb_user_item_v2,0.7436744570732117,18,"{""source"": ""xgb_user_item""}"
75,10121602694516,xgb_user_item_v2,0.7425827383995056,19,"{""source"": ""xgb_user_item""}"
75,100230694872,xgb_user_item_v2,0.6435881853103638,20,"{""source"": ""xgb_user_item""}"
76,4246911,xgb_user_item_v2,0.9883348941802979,1,"{""source"": ""xgb_user_item""}"
76,100114512933,xgb_user_item_v2,0.9693878889083862,2,"{""source"": ""xgb_user_item""}"
76,100019031805,xgb_user_item_v2,0.968346118927002,3,"{""source"": ""xgb_user_item""}"
76,100154268303,xgb_user_item_v2,0.9536792039871216,4,"{""source"": ""xgb_user_item""}"
76,10042124137320,xgb_user_item_v2,0.9372841715812683,5,"{""source"": ""xgb_user_item""}"
76,100008164593,xgb_user_item_v2,0.9343655705451965,6,"{""source"": ""xgb_user_item""}"
76,11819155539,xgb_user_item_v2,0.9338890314102173,7,"{""source"": ""xgb_user_item""}"
76,13065559672,xgb_user_item_v2,0.9192721247673035,8,"{""source"": ""xgb_user_item""}"
76,100021518453,xgb_user_item_v2,0.9081350564956665,9,"{""source"": ""xgb_user_item""}"
76,71577466395,xgb_user_item_v2,0.8676489591598511,10,"{""source"": ""xgb_user_item""}"
76,3627320,xgb_user_item_v2,0.865187406539917,11,"{""source"": ""xgb_user_item""}"
76,100215876924,xgb_user_item_v2,0.8414113521575928,12,"{""source"": ""xgb_user_item""}"
76,100064200322,xgb_user_item_v2,0.8322393298149109,13,"{""source"": ""xgb_user_item""}"
76,10121602694516,xgb_user_item_v2,0.8318934440612793,14,"{""source"": ""xgb_user_item""}"
76,1682006,xgb_user_item_v2,0.8296080827713013,15,"{""source"": ""xgb_user_item""}"
76,100112272948,xgb_user_item_v2,0.8275974988937378,16,"{""source"": ""xgb_user_item""}"
76,100195732408,xgb_user_item_v2,0.7957667708396912,17,"{""source"": ""xgb_user_item""}"
76,100136079284,xgb_user_item_v2,0.7249158620834351,18,"{""source"": ""xgb_user_item""}"
76,100012706282,xgb_user_item_v2,0.7241889834403992,19,"{""source"": ""xgb_user_item""}"
76,100002187047,xgb_user_item_v2,0.7080633640289307,20,"{""source"": ""xgb_user_item""}"
77,4246911,xgb_user_item_v2,0.9757591485977173,1,"{""source"": ""xgb_user_item""}"
77,11819155539,xgb_user_item_v2,0.9724987745285034,2,"{""source"": ""xgb_user_item""}"
77,100114512933,xgb_user_item_v2,0.9717439413070679,3,"{""source"": ""xgb_user_item""}"
77,10042124137320,xgb_user_item_v2,0.968257486820221,4,"{""source"": ""xgb_user_item""}"
77,100154268303,xgb_user_item_v2,0.9634659290313721,5,"{""source"": ""xgb_user_item""}"
77,13065559672,xgb_user_item_v2,0.9496561288833618,6,"{""source"": ""xgb_user_item""}"
77,100112272948,xgb_user_item_v2,0.9343778491020203,7,"{""source"": ""xgb_user_item""}"
77,100115256936,xgb_user_item_v2,0.9277786612510681,8,"{""source"": ""xgb_user_item""}"
77,100008164593,xgb_user_item_v2,0.926006019115448,9,"{""source"": ""xgb_user_item""}"
77,10070360840507,xgb_user_item_v2,0.8998374938964844,10,"{""source"": ""xgb_user_item""}"
77,100151315926,xgb_user_item_v2,0.896696150302887,11,"{""source"": ""xgb_user_item""}"
77,100195732408,xgb_user_item_v2,0.8883976936340332,12,"{""source"": ""xgb_user_item""}"
77,100059911987,xgb_user_item_v2,0.8735167980194092,13,"{""source"": ""xgb_user_item""}"
77,100019031805,xgb_user_item_v2,0.8693337440490723,14,"{""source"": ""xgb_user_item""}"
77,1682006,xgb_user_item_v2,0.8653101325035095,15,"{""source"": ""xgb_user_item""}"
77,100071138925,xgb_user_item_v2,0.8330819010734558,16,"{""source"": ""xgb_user_item""}"
77,10121602694516,xgb_user_item_v2,0.8323927521705627,17,"{""source"": ""xgb_user_item""}"
77,71577466395,xgb_user_item_v2,0.830048680305481,18,"{""source"": ""xgb_user_item""}"
77,100215876924,xgb_user_item_v2,0.8200787305831909,19,"{""source"": ""xgb_user_item""}"
77,100000987566,xgb_user_item_v2,0.7795485258102417,20,"{""source"": ""xgb_user_item""}"
78,100154268303,xgb_user_item_v2,0.9849095940589905,1,"{""source"": ""xgb_user_item""}"
78,4246911,xgb_user_item_v2,0.9846836924552917,2,"{""source"": ""xgb_user_item""}"
78,100019031805,xgb_user_item_v2,0.9839275479316711,3,"{""source"": ""xgb_user_item""}"
78,100114512933,xgb_user_item_v2,0.9692674875259399,4,"{""source"": ""xgb_user_item""}"
78,100136079282,xgb_user_item_v2,0.9537902474403381,5,"{""source"": ""xgb_user_item""}"
78,100111748405,xgb_user_item_v2,0.9524897933006287,6,"{""source"": ""xgb_user_item""}"
78,100009013165,xgb_user_item_v2,0.9406123757362366,7,"{""source"": ""xgb_user_item""}"
78,11819155539,xgb_user_item_v2,0.9366214275360107,8,"{""source"": ""xgb_user_item""}"
78,100136079284,xgb_user_item_v2,0.9159910678863525,9,"{""source"": ""xgb_user_item""}"
78,5475198,xgb_user_item_v2,0.8893188834190369,10,"{""source"": ""xgb_user_item""}"
78,10192694267563,xgb_user_item_v2,0.8468969464302063,11,"{""source"": ""xgb_user_item""}"
78,4246893,xgb_user_item_v2,0.8408724069595337,12,"{""source"": ""xgb_user_item""}"
78,69673075023,xgb_user_item_v2,0.8362259268760681,13,"{""source"": ""xgb_user_item""}"
78,10037128752741,xgb_user_item_v2,0.8016284704208374,14,"{""source"": ""xgb_user_item""}"
78,100268823874,xgb_user_item_v2,0.7998185157775879,15,"{""source"": ""xgb_user_item""}"
78,100008164593,xgb_user_item_v2,0.7889189720153809,16,"{""source"": ""xgb_user_item""}"
78,100195732408,xgb_user_item_v2,0.7882734537124634,17,"{""source"": ""xgb_user_item""}"
78,10087901051820,xgb_user_item_v2,0.7751441597938538,18,"{""source"": ""xgb_user_item""}"
78,100230694872,xgb_user_item_v2,0.7465931177139282,19,"{""source"": ""xgb_user_item""}"
78,13065559672,xgb_user_item_v2,0.7236453294754028,20,"{""source"": ""xgb_user_item""}"
79,100017016045,xgb_user_item_v2,0.9571694135665894,1,"{""source"": ""xgb_user_item""}"
79,10098681688567,xgb_user_item_v2,0.9528220295906067,2,"{""source"": ""xgb_user_item""}"
79,5475198,xgb_user_item_v2,0.9075139760971069,3,"{""source"": ""xgb_user_item""}"
79,100203000971,xgb_user_item_v2,0.8562057018280029,4,"{""source"": ""xgb_user_item""}"
79,3409140,xgb_user_item_v2,0.8480225205421448,5,"{""source"": ""xgb_user_item""}"
79,100111748405,xgb_user_item_v2,0.8030813336372375,6,"{""source"": ""xgb_user_item""}"
79,100070794980,xgb_user_item_v2,0.8027476072311401,7,"{""source"": ""xgb_user_item""}"
79,11819155539,xgb_user_item_v2,0.8023661375045776,8,"{""source"": ""xgb_user_item""}"
79,100002187047,xgb_user_item_v2,0.7876372933387756,9,"{""source"": ""xgb_user_item""}"
79,10042124137320,xgb_user_item_v2,0.7307549715042114,10,"{""source"": ""xgb_user_item""}"
79,10037128752741,xgb_user_item_v2,0.6864814162254333,11,"{""source"": ""xgb_user_item""}"
79,100114512933,xgb_user_item_v2,0.6755730509757996,12,"{""source"": ""xgb_user_item""}"
79,4246893,xgb_user_item_v2,0.6740663051605225,13,"{""source"": ""xgb_user_item""}"
79,69673075023,xgb_user_item_v2,0.6719329357147217,14,"{""source"": ""xgb_user_item""}"
79,100136079282,xgb_user_item_v2,0.6701824069023132,15,"{""source"": ""xgb_user_item""}"
79,10087901051820,xgb_user_item_v2,0.669954240322113,16,"{""source"": ""xgb_user_item""}"
79,13065559672,xgb_user_item_v2,0.6285393238067627,17,"{""source"": ""xgb_user_item""}"
79,100064200322,xgb_user_item_v2,0.5977714657783508,18,"{""source"": ""xgb_user_item""}"
79,100008164593,xgb_user_item_v2,0.589329183101654,19,"{""source"": ""xgb_user_item""}"
79,100288929442,xgb_user_item_v2,0.5862635970115662,20,"{""source"": ""xgb_user_item""}"
80,13065559672,xgb_user_item_v2,0.9632025361061096,1,"{""source"": ""xgb_user_item""}"
80,5475198,xgb_user_item_v2,0.9526931643486023,2,"{""source"": ""xgb_user_item""}"
80,100019031805,xgb_user_item_v2,0.9393442273139954,3,"{""source"": ""xgb_user_item""}"
80,10098681688567,xgb_user_item_v2,0.9172648191452026,4,"{""source"": ""xgb_user_item""}"
80,3409140,xgb_user_item_v2,0.907688558101654,5,"{""source"": ""xgb_user_item""}"
80,4246911,xgb_user_item_v2,0.9014984369277954,6,"{""source"": ""xgb_user_item""}"
80,100111748405,xgb_user_item_v2,0.8829867243766785,7,"{""source"": ""xgb_user_item""}"
80,100288929442,xgb_user_item_v2,0.8735707402229309,8,"{""source"": ""xgb_user_item""}"
80,10042124137320,xgb_user_item_v2,0.8543652892112732,9,"{""source"": ""xgb_user_item""}"
80,11819155539,xgb_user_item_v2,0.8388240337371826,10,"{""source"": ""xgb_user_item""}"
80,100154268305,xgb_user_item_v2,0.8252490758895874,11,"{""source"": ""xgb_user_item""}"
80,100009013165,xgb_user_item_v2,0.8207138180732727,12,"{""source"": ""xgb_user_item""}"
80,100008149331,xgb_user_item_v2,0.7940942049026489,13,"{""source"": ""xgb_user_item""}"
80,1682006,xgb_user_item_v2,0.7770010828971863,14,"{""source"": ""xgb_user_item""}"
80,100136079282,xgb_user_item_v2,0.7664316296577454,15,"{""source"": ""xgb_user_item""}"
80,100121467835,xgb_user_item_v2,0.7378661632537842,16,"{""source"": ""xgb_user_item""}"
80,100064236882,xgb_user_item_v2,0.7086562514305115,17,"{""source"": ""xgb_user_item""}"
80,3197429,xgb_user_item_v2,0.6975433826446533,18,"{""source"": ""xgb_user_item""}"
80,100162461068,xgb_user_item_v2,0.6949238777160645,19,"{""source"": ""xgb_user_item""}"
80,100154268303,xgb_user_item_v2,0.6808578372001648,20,"{""source"": ""xgb_user_item""}"
81,4246911,xgb_user_item_v2,0.9757591485977173,1,"{""source"": ""xgb_user_item""}"
81,11819155539,xgb_user_item_v2,0.9724987745285034,2,"{""source"": ""xgb_user_item""}"
81,100114512933,xgb_user_item_v2,0.9717439413070679,3,"{""source"": ""xgb_user_item""}"
81,10042124137320,xgb_user_item_v2,0.968257486820221,4,"{""source"": ""xgb_user_item""}"
81,100154268303,xgb_user_item_v2,0.9634659290313721,5,"{""source"": ""xgb_user_item""}"
81,13065559672,xgb_user_item_v2,0.9496561288833618,6,"{""source"": ""xgb_user_item""}"
81,100112272948,xgb_user_item_v2,0.9343778491020203,7,"{""source"": ""xgb_user_item""}"
81,100115256936,xgb_user_item_v2,0.9277786612510681,8,"{""source"": ""xgb_user_item""}"
81,100008164593,xgb_user_item_v2,0.926006019115448,9,"{""source"": ""xgb_user_item""}"
81,10070360840507,xgb_user_item_v2,0.8998374938964844,10,"{""source"": ""xgb_user_item""}"
81,100151315926,xgb_user_item_v2,0.896696150302887,11,"{""source"": ""xgb_user_item""}"
81,100195732408,xgb_user_item_v2,0.8883976936340332,12,"{""source"": ""xgb_user_item""}"
81,100059911987,xgb_user_item_v2,0.8735167980194092,13,"{""source"": ""xgb_user_item""}"
81,100019031805,xgb_user_item_v2,0.8693337440490723,14,"{""source"": ""xgb_user_item""}"
81,1682006,xgb_user_item_v2,0.8653101325035095,15,"{""source"": ""xgb_user_item""}"
81,100071138925,xgb_user_item_v2,0.8330819010734558,16,"{""source"": ""xgb_user_item""}"
81,10121602694516,xgb_user_item_v2,0.8323927521705627,17,"{""source"": ""xgb_user_item""}"
81,71577466395,xgb_user_item_v2,0.830048680305481,18,"{""source"": ""xgb_user_item""}"
81,100215876924,xgb_user_item_v2,0.8200787305831909,19,"{""source"": ""xgb_user_item""}"
81,100000987566,xgb_user_item_v2,0.7795485258102417,20,"{""source"": ""xgb_user_item""}"
82,100017016045,xgb_user_item_v2,0.9789376854896545,1,"{""source"": ""xgb_user_item""}"
82,10042124137320,xgb_user_item_v2,0.9697596430778503,2,"{""source"": ""xgb_user_item""}"
82,100114512933,xgb_user_item_v2,0.9255422949790955,3,"{""source"": ""xgb_user_item""}"
82,100008164593,xgb_user_item_v2,0.9240246415138245,4,"{""source"": ""xgb_user_item""}"
82,100064200322,xgb_user_item_v2,0.9057914614677429,5,"{""source"": ""xgb_user_item""}"
82,69673075023,xgb_user_item_v2,0.9019779562950134,6,"{""source"": ""xgb_user_item""}"
82,10098681688567,xgb_user_item_v2,0.9014196991920471,7,"{""source"": ""xgb_user_item""}"
82,100171913423,xgb_user_item_v2,0.8726850152015686,8,"{""source"": ""xgb_user_item""}"
82,100008149331,xgb_user_item_v2,0.8440901041030884,9,"{""source"": ""xgb_user_item""}"
82,100002187047,xgb_user_item_v2,0.811829149723053,10,"{""source"": ""xgb_user_item""}"
82,100203043497,xgb_user_item_v2,0.8020992279052734,11,"{""source"": ""xgb_user_item""}"
82,100230260134,xgb_user_item_v2,0.8003807067871094,12,"{""source"": ""xgb_user_item""}"
82,100080216960,xgb_user_item_v2,0.7977595925331116,13,"{""source"": ""xgb_user_item""}"
82,100010609721,xgb_user_item_v2,0.7867515683174133,14,"{""source"": ""xgb_user_item""}"
82,100021518453,xgb_user_item_v2,0.7837189435958862,15,"{""source"": ""xgb_user_item""}"
82,100098831534,xgb_user_item_v2,0.7820454835891724,16,"{""source"": ""xgb_user_item""}"
82,100062064085,xgb_user_item_v2,0.7510247230529785,17,"{""source"": ""xgb_user_item""}"
82,100203000971,xgb_user_item_v2,0.7096300721168518,18,"{""source"": ""xgb_user_item""}"
82,13065559672,xgb_user_item_v2,0.6911109685897827,19,"{""source"": ""xgb_user_item""}"
82,10037128752741,xgb_user_item_v2,0.6775847673416138,20,"{""source"": ""xgb_user_item""}"
83,4246911,xgb_user_item_v2,0.9883348941802979,1,"{""source"": ""xgb_user_item""}"
83,100114512933,xgb_user_item_v2,0.9693878889083862,2,"{""source"": ""xgb_user_item""}"
83,100019031805,xgb_user_item_v2,0.968346118927002,3,"{""source"": ""xgb_user_item""}"
83,100154268303,xgb_user_item_v2,0.9536792039871216,4,"{""source"": ""xgb_user_item""}"
83,10042124137320,xgb_user_item_v2,0.9372841715812683,5,"{""source"": ""xgb_user_item""}"
83,100008164593,xgb_user_item_v2,0.9343655705451965,6,"{""source"": ""xgb_user_item""}"
83,11819155539,xgb_user_item_v2,0.9338890314102173,7,"{""source"": ""xgb_user_item""}"
83,13065559672,xgb_user_item_v2,0.9192721247673035,8,"{""source"": ""xgb_user_item""}"
83,100021518453,xgb_user_item_v2,0.9081350564956665,9,"{""source"": ""xgb_user_item""}"
83,71577466395,xgb_user_item_v2,0.8676489591598511,10,"{""source"": ""xgb_user_item""}"
83,3627320,xgb_user_item_v2,0.865187406539917,11,"{""source"": ""xgb_user_item""}"
83,100215876924,xgb_user_item_v2,0.8414113521575928,12,"{""source"": ""xgb_user_item""}"
83,100064200322,xgb_user_item_v2,0.8322393298149109,13,"{""source"": ""xgb_user_item""}"
83,10121602694516,xgb_user_item_v2,0.8318934440612793,14,"{""source"": ""xgb_user_item""}"
83,1682006,xgb_user_item_v2,0.8296080827713013,15,"{""source"": ""xgb_user_item""}"
83,100112272948,xgb_user_item_v2,0.8275974988937378,16,"{""source"": ""xgb_user_item""}"
83,100195732408,xgb_user_item_v2,0.7957667708396912,17,"{""source"": ""xgb_user_item""}"
83,100136079284,xgb_user_item_v2,0.7249158620834351,18,"{""source"": ""xgb_user_item""}"
83,100012706282,xgb_user_item_v2,0.7241889834403992,19,"{""source"": ""xgb_user_item""}"
83,100002187047,xgb_user_item_v2,0.7080633640289307,20,"{""source"": ""xgb_user_item""}"
84,100114512933,xgb_user_item_v2,0.9848139882087708,1,"{""source"": ""xgb_user_item""}"
84,4246911,xgb_user_item_v2,0.9843044877052307,2,"{""source"": ""xgb_user_item""}"
84,10042124137320,xgb_user_item_v2,0.9803528785705566,3,"{""source"": ""xgb_user_item""}"
84,11819155539,xgb_user_item_v2,0.9767589569091797,4,"{""source"": ""xgb_user_item""}"
84,100154268303,xgb_user_item_v2,0.9754044413566589,5,"{""source"": ""xgb_user_item""}"
84,13065559672,xgb_user_item_v2,0.9742088913917542,6,"{""source"": ""xgb_user_item""}"
84,100008164593,xgb_user_item_v2,0.9701864123344421,7,"{""source"": ""xgb_user_item""}"
84,100195732408,xgb_user_item_v2,0.953932523727417,8,"{""source"": ""xgb_user_item""}"
84,100112272948,xgb_user_item_v2,0.9493758082389832,9,"{""source"": ""xgb_user_item""}"
84,100019031805,xgb_user_item_v2,0.9406836032867432,10,"{""source"": ""xgb_user_item""}"
84,10070360840507,xgb_user_item_v2,0.9383029937744141,11,"{""source"": ""xgb_user_item""}"
84,1682006,xgb_user_item_v2,0.9330088496208191,12,"{""source"": ""xgb_user_item""}"
84,100059911987,xgb_user_item_v2,0.9254322052001953,13,"{""source"": ""xgb_user_item""}"
84,10121602694516,xgb_user_item_v2,0.9242874979972839,14,"{""source"": ""xgb_user_item""}"
84,100115256936,xgb_user_item_v2,0.9114986658096313,15,"{""source"": ""xgb_user_item""}"
84,100151315926,xgb_user_item_v2,0.8915016651153564,16,"{""source"": ""xgb_user_item""}"
84,100071138925,xgb_user_item_v2,0.8887361288070679,17,"{""source"": ""xgb_user_item""}"
84,71577466395,xgb_user_item_v2,0.8619879484176636,18,"{""source"": ""xgb_user_item""}"
84,100215876924,xgb_user_item_v2,0.8569673895835876,19,"{""source"": ""xgb_user_item""}"
84,100000987566,xgb_user_item_v2,0.849833607673645,20,"{""source"": ""xgb_user_item""}"
85,100017016045,xgb_user_item_v2,0.9789376854896545,1,"{""source"": ""xgb_user_item""}"
85,10042124137320,xgb_user_item_v2,0.9697596430778503,2,"{""source"": ""xgb_user_item""}"
85,100114512933,xgb_user_item_v2,0.9255422949790955,3,"{""source"": ""xgb_user_item""}"
85,100008164593,xgb_user_item_v2,0.9240246415138245,4,"{""source"": ""xgb_user_item""}"
85,100064200322,xgb_user_item_v2,0.9057914614677429,5,"{""source"": ""xgb_user_item""}"
85,69673075023,xgb_user_item_v2,0.9019779562950134,6,"{""source"": ""xgb_user_item""}"
85,10098681688567,xgb_user_item_v2,0.9014196991920471,7,"{""source"": ""xgb_user_item""}"
85,100171913423,xgb_user_item_v2,0.8726850152015686,8,"{""source"": ""xgb_user_item""}"
85,100008149331,xgb_user_item_v2,0.8440901041030884,9,"{""source"": ""xgb_user_item""}"
85,100002187047,xgb_user_item_v2,0.811829149723053,10,"{""source"": ""xgb_user_item""}"
85,100203043497,xgb_user_item_v2,0.8020992279052734,11,"{""source"": ""xgb_user_item""}"
85,100230260134,xgb_user_item_v2,0.8003807067871094,12,"{""source"": ""xgb_user_item""}"
85,100080216960,xgb_user_item_v2,0.7977595925331116,13,"{""source"": ""xgb_user_item""}"
85,100010609721,xgb_user_item_v2,0.7867515683174133,14,"{""source"": ""xgb_user_item""}"
85,100021518453,xgb_user_item_v2,0.7837189435958862,15,"{""source"": ""xgb_user_item""}"
85,100098831534,xgb_user_item_v2,0.7820454835891724,16,"{""source"": ""xgb_user_item""}"
85,100062064085,xgb_user_item_v2,0.7510247230529785,17,"{""source"": ""xgb_user_item""}"
85,100203000971,xgb_user_item_v2,0.7096300721168518,18,"{""source"": ""xgb_user_item""}"
85,13065559672,xgb_user_item_v2,0.6911109685897827,19,"{""source"": ""xgb_user_item""}"
85,10037128752741,xgb_user_item_v2,0.6775847673416138,20,"{""source"": ""xgb_user_item""}"
86,100017016045,xgb_user_item_v2,0.9789376854896545,1,"{""source"": ""xgb_user_item""}"
86,10042124137320,xgb_user_item_v2,0.9697596430778503,2,"{""source"": ""xgb_user_item""}"
86,100114512933,xgb_user_item_v2,0.9255422949790955,3,"{""source"": ""xgb_user_item""}"
86,100008164593,xgb_user_item_v2,0.9240246415138245,4,"{""source"": ""xgb_user_item""}"
86,100064200322,xgb_user_item_v2,0.9057914614677429,5,"{""source"": ""xgb_user_item""}"
86,69673075023,xgb_user_item_v2,0.9019779562950134,6,"{""source"": ""xgb_user_item""}"
86,10098681688567,xgb_user_item_v2,0.9014196991920471,7,"{""source"": ""xgb_user_item""}"
86,100171913423,xgb_user_item_v2,0.8726850152015686,8,"{""source"": ""xgb_user_item""}"
86,100008149331,xgb_user_item_v2,0.8440901041030884,9,"{""source"": ""xgb_user_item""}"
86,100002187047,xgb_user_item_v2,0.811829149723053,10,"{""source"": ""xgb_user_item""}"
86,100203043497,xgb_user_item_v2,0.8020992279052734,11,"{""source"": ""xgb_user_item""}"
86,100230260134,xgb_user_item_v2,0.8003807067871094,12,"{""source"": ""xgb_user_item""}"
86,100080216960,xgb_user_item_v2,0.7977595925331116,13,"{""source"": ""xgb_user_item""}"
86,100010609721,xgb_user_item_v2,0.7867515683174133,14,"{""source"": ""xgb_user_item""}"
86,100021518453,xgb_user_item_v2,0.7837189435958862,15,"{""source"": ""xgb_user_item""}"
86,100098831534,xgb_user_item_v2,0.7820454835891724,16,"{""source"": ""xgb_user_item""}"
86,100062064085,xgb_user_item_v2,0.7510247230529785,17,"{""source"": ""xgb_user_item""}"
86,100203000971,xgb_user_item_v2,0.7096300721168518,18,"{""source"": ""xgb_user_item""}"
86,13065559672,xgb_user_item_v2,0.6911109685897827,19,"{""source"": ""xgb_user_item""}"
86,10037128752741,xgb_user_item_v2,0.6775847673416138,20,"{""source"": ""xgb_user_item""}"
87,100019031805,xgb_user_item_v2,0.9856573343276978,1,"{""source"": ""xgb_user_item""}"
87,5475198,xgb_user_item_v2,0.967322826385498,2,"{""source"": ""xgb_user_item""}"
87,100136079282,xgb_user_item_v2,0.9652594923973083,3,"{""source"": ""xgb_user_item""}"
87,13065559672,xgb_user_item_v2,0.9555862545967102,4,"{""source"": ""xgb_user_item""}"
87,100154268303,xgb_user_item_v2,0.9500885009765625,5,"{""source"": ""xgb_user_item""}"
87,100009013165,xgb_user_item_v2,0.9468953013420105,6,"{""source"": ""xgb_user_item""}"
87,4246911,xgb_user_item_v2,0.938510537147522,7,"{""source"": ""xgb_user_item""}"
87,100111748405,xgb_user_item_v2,0.9165986180305481,8,"{""source"": ""xgb_user_item""}"
87,100249994404,xgb_user_item_v2,0.914801299571991,9,"{""source"": ""xgb_user_item""}"
87,100114512933,xgb_user_item_v2,0.8892315626144409,10,"{""source"": ""xgb_user_item""}"
87,100002187045,xgb_user_item_v2,0.7935611605644226,11,"{""source"": ""xgb_user_item""}"
87,69673075023,xgb_user_item_v2,0.769901692867279,12,"{""source"": ""xgb_user_item""}"
87,3197317,xgb_user_item_v2,0.7668659687042236,13,"{""source"": ""xgb_user_item""}"
87,100216501267,xgb_user_item_v2,0.7541028261184692,14,"{""source"": ""xgb_user_item""}"
87,3409140,xgb_user_item_v2,0.7533186078071594,15,"{""source"": ""xgb_user_item""}"
87,100059257824,xgb_user_item_v2,0.7494468688964844,16,"{""source"": ""xgb_user_item""}"
87,4246893,xgb_user_item_v2,0.7467117309570312,17,"{""source"": ""xgb_user_item""}"
87,10098656892439,xgb_user_item_v2,0.7436744570732117,18,"{""source"": ""xgb_user_item""}"
87,10121602694516,xgb_user_item_v2,0.7425827383995056,19,"{""source"": ""xgb_user_item""}"
87,100230694872,xgb_user_item_v2,0.6435881853103638,20,"{""source"": ""xgb_user_item""}"
88,100154268303,xgb_user_item_v2,0.9849095940589905,1,"{""source"": ""xgb_user_item""}"
88,4246911,xgb_user_item_v2,0.9846836924552917,2,"{""source"": ""xgb_user_item""}"
88,100019031805,xgb_user_item_v2,0.9839275479316711,3,"{""source"": ""xgb_user_item""}"
88,100114512933,xgb_user_item_v2,0.9692674875259399,4,"{""source"": ""xgb_user_item""}"
88,100136079282,xgb_user_item_v2,0.9537902474403381,5,"{""source"": ""xgb_user_item""}"
88,100111748405,xgb_user_item_v2,0.9524897933006287,6,"{""source"": ""xgb_user_item""}"
88,100009013165,xgb_user_item_v2,0.9406123757362366,7,"{""source"": ""xgb_user_item""}"
88,11819155539,xgb_user_item_v2,0.9366214275360107,8,"{""source"": ""xgb_user_item""}"
88,100136079284,xgb_user_item_v2,0.9159910678863525,9,"{""source"": ""xgb_user_item""}"
88,5475198,xgb_user_item_v2,0.8893188834190369,10,"{""source"": ""xgb_user_item""}"
88,10192694267563,xgb_user_item_v2,0.8468969464302063,11,"{""source"": ""xgb_user_item""}"
88,4246893,xgb_user_item_v2,0.8408724069595337,12,"{""source"": ""xgb_user_item""}"
88,69673075023,xgb_user_item_v2,0.8362259268760681,13,"{""source"": ""xgb_user_item""}"
88,10037128752741,xgb_user_item_v2,0.8016284704208374,14,"{""source"": ""xgb_user_item""}"
88,100268823874,xgb_user_item_v2,0.7998185157775879,15,"{""source"": ""xgb_user_item""}"
88,100008164593,xgb_user_item_v2,0.7889189720153809,16,"{""source"": ""xgb_user_item""}"
88,100195732408,xgb_user_item_v2,0.7882734537124634,17,"{""source"": ""xgb_user_item""}"
88,10087901051820,xgb_user_item_v2,0.7751441597938538,18,"{""source"": ""xgb_user_item""}"
88,100230694872,xgb_user_item_v2,0.7465931177139282,19,"{""source"": ""xgb_user_item""}"
88,13065559672,xgb_user_item_v2,0.7236453294754028,20,"{""source"": ""xgb_user_item""}"
89,13065559672,xgb_user_item_v2,0.9632025361061096,1,"{""source"": ""xgb_user_item""}"
89,5475198,xgb_user_item_v2,0.9526931643486023,2,"{""source"": ""xgb_user_item""}"
89,100019031805,xgb_user_item_v2,0.9393442273139954,3,"{""source"": ""xgb_user_item""}"
89,10098681688567,xgb_user_item_v2,0.9172648191452026,4,"{""source"": ""xgb_user_item""}"
89,3409140,xgb_user_item_v2,0.907688558101654,5,"{""source"": ""xgb_user_item""}"
89,4246911,xgb_user_item_v2,0.9014984369277954,6,"{""source"": ""xgb_user_item""}"
89,100111748405,xgb_user_item_v2,0.8829867243766785,7,"{""source"": ""xgb_user_item""}"
89,100288929442,xgb_user_item_v2,0.8735707402229309,8,"{""source"": ""xgb_user_item""}"
89,10042124137320,xgb_user_item_v2,0.8543652892112732,9,"{""source"": ""xgb_user_item""}"
89,11819155539,xgb_user_item_v2,0.8388240337371826,10,"{""source"": ""xgb_user_item""}"
89,100154268305,xgb_user_item_v2,0.8252490758895874,11,"{""source"": ""xgb_user_item""}"
89,100009013165,xgb_user_item_v2,0.8207138180732727,12,"{""source"": ""xgb_user_item""}"
89,100008149331,xgb_user_item_v2,0.7940942049026489,13,"{""source"": ""xgb_user_item""}"
89,1682006,xgb_user_item_v2,0.7770010828971863,14,"{""source"": ""xgb_user_item""}"
89,100136079282,xgb_user_item_v2,0.7664316296577454,15,"{""source"": ""xgb_user_item""}"
89,100121467835,xgb_user_item_v2,0.7378661632537842,16,"{""source"": ""xgb_user_item""}"
89,100064236882,xgb_user_item_v2,0.7086562514305115,17,"{""source"": ""xgb_user_item""}"
89,3197429,xgb_user_item_v2,0.6975433826446533,18,"{""source"": ""xgb_user_item""}"
89,100162461068,xgb_user_item_v2,0.6949238777160645,19,"{""source"": ""xgb_user_item""}"
89,100154268303,xgb_user_item_v2,0.6808578372001648,20,"{""source"": ""xgb_user_item""}"
90,100017016045,xgb_user_item_v2,0.9571694135665894,1,"{""source"": ""xgb_user_item""}"
90,10098681688567,xgb_user_item_v2,0.9528220295906067,2,"{""source"": ""xgb_user_item""}"
90,5475198,xgb_user_item_v2,0.9075139760971069,3,"{""source"": ""xgb_user_item""}"
90,100203000971,xgb_user_item_v2,0.8562057018280029,4,"{""source"": ""xgb_user_item""}"
90,3409140,xgb_user_item_v2,0.8480225205421448,5,"{""source"": ""xgb_user_item""}"
90,100111748405,xgb_user_item_v2,0.8030813336372375,6,"{""source"": ""xgb_user_item""}"
90,100070794980,xgb_user_item_v2,0.8027476072311401,7,"{""source"": ""xgb_user_item""}"
90,11819155539,xgb_user_item_v2,0.8023661375045776,8,"{""source"": ""xgb_user_item""}"
90,100002187047,xgb_user_item_v2,0.7876372933387756,9,"{""source"": ""xgb_user_item""}"
90,10042124137320,xgb_user_item_v2,0.7307549715042114,10,"{""source"": ""xgb_user_item""}"
90,10037128752741,xgb_user_item_v2,0.6864814162254333,11,"{""source"": ""xgb_user_item""}"
90,100114512933,xgb_user_item_v2,0.6755730509757996,12,"{""source"": ""xgb_user_item""}"
90,4246893,xgb_user_item_v2,0.6740663051605225,13,"{""source"": ""xgb_user_item""}"
90,69673075023,xgb_user_item_v2,0.6719329357147217,14,"{""source"": ""xgb_user_item""}"
90,100136079282,xgb_user_item_v2,0.6701824069023132,15,"{""source"": ""xgb_user_item""}"
90,10087901051820,xgb_user_item_v2,0.669954240322113,16,"{""source"": ""xgb_user_item""}"
90,13065559672,xgb_user_item_v2,0.6285393238067627,17,"{""source"": ""xgb_user_item""}"
90,100064200322,xgb_user_item_v2,0.5977714657783508,18,"{""source"": ""xgb_user_item""}"
90,100008164593,xgb_user_item_v2,0.589329183101654,19,"{""source"": ""xgb_user_item""}"
90,100288929442,xgb_user_item_v2,0.5862635970115662,20,"{""source"": ""xgb_user_item""}"
91,4246911,xgb_user_item_v2,0.9757591485977173,1,"{""source"": ""xgb_user_item""}"
91,11819155539,xgb_user_item_v2,0.9724987745285034,2,"{""source"": ""xgb_user_item""}"
91,100114512933,xgb_user_item_v2,0.9717439413070679,3,"{""source"": ""xgb_user_item""}"
91,10042124137320,xgb_user_item_v2,0.968257486820221,4,"{""source"": ""xgb_user_item""}"
91,100154268303,xgb_user_item_v2,0.9634659290313721,5,"{""source"": ""xgb_user_item""}"
91,13065559672,xgb_user_item_v2,0.9496561288833618,6,"{""source"": ""xgb_user_item""}"
91,100112272948,xgb_user_item_v2,0.9343778491020203,7,"{""source"": ""xgb_user_item""}"
91,100115256936,xgb_user_item_v2,0.9277786612510681,8,"{""source"": ""xgb_user_item""}"
91,100008164593,xgb_user_item_v2,0.926006019115448,9,"{""source"": ""xgb_user_item""}"
91,10070360840507,xgb_user_item_v2,0.8998374938964844,10,"{""source"": ""xgb_user_item""}"
91,100151315926,xgb_user_item_v2,0.896696150302887,11,"{""source"": ""xgb_user_item""}"
91,100195732408,xgb_user_item_v2,0.8883976936340332,12,"{""source"": ""xgb_user_item""}"
91,100059911987,xgb_user_item_v2,0.8735167980194092,13,"{""source"": ""xgb_user_item""}"
91,100019031805,xgb_user_item_v2,0.8693337440490723,14,"{""source"": ""xgb_user_item""}"
91,1682006,xgb_user_item_v2,0.8653101325035095,15,"{""source"": ""xgb_user_item""}"
91,100071138925,xgb_user_item_v2,0.8330819010734558,16,"{""source"": ""xgb_user_item""}"
91,10121602694516,xgb_user_item_v2,0.8323927521705627,17,"{""source"": ""xgb_user_item""}"
91,71577466395,xgb_user_item_v2,0.830048680305481,18,"{""source"": ""xgb_user_item""}"
91,100215876924,xgb_user_item_v2,0.8200787305831909,19,"{""source"": ""xgb_user_item""}"
91,100000987566,xgb_user_item_v2,0.7795485258102417,20,"{""source"": ""xgb_user_item""}"
92,100017016045,xgb_user_item_v2,0.9571694135665894,1,"{""source"": ""xgb_user_item""}"
92,10098681688567,xgb_user_item_v2,0.9528220295906067,2,"{""source"": ""xgb_user_item""}"
92,5475198,xgb_user_item_v2,0.9075139760971069,3,"{""source"": ""xgb_user_item""}"
92,100203000971,xgb_user_item_v2,0.8562057018280029,4,"{""source"": ""xgb_user_item""}"
92,3409140,xgb_user_item_v2,0.8480225205421448,5,"{""source"": ""xgb_user_item""}"
92,100111748405,xgb_user_item_v2,0.8030813336372375,6,"{""source"": ""xgb_user_item""}"
92,100070794980,xgb_user_item_v2,0.8027476072311401,7,"{""source"": ""xgb_user_item""}"
92,11819155539,xgb_user_item_v2,0.8023661375045776,8,"{""source"": ""xgb_user_item""}"
92,100002187047,xgb_user_item_v2,0.7876372933387756,9,"{""source"": ""xgb_user_item""}"
92,10042124137320,xgb_user_item_v2,0.7307549715042114,10,"{""source"": ""xgb_user_item""}"
92,10037128752741,xgb_user_item_v2,0.6864814162254333,11,"{""source"": ""xgb_user_item""}"
92,100114512933,xgb_user_item_v2,0.6755730509757996,12,"{""source"": ""xgb_user_item""}"
92,4246893,xgb_user_item_v2,0.6740663051605225,13,"{""source"": ""xgb_user_item""}"
92,69673075023,xgb_user_item_v2,0.6719329357147217,14,"{""source"": ""xgb_user_item""}"
92,100136079282,xgb_user_item_v2,0.6701824069023132,15,"{""source"": ""xgb_user_item""}"
92,10087901051820,xgb_user_item_v2,0.669954240322113,16,"{""source"": ""xgb_user_item""}"
92,13065559672,xgb_user_item_v2,0.6285393238067627,17,"{""source"": ""xgb_user_item""}"
92,100064200322,xgb_user_item_v2,0.5977714657783508,18,"{""source"": ""xgb_user_item""}"
92,100008164593,xgb_user_item_v2,0.589329183101654,19,"{""source"": ""xgb_user_item""}"
92,100288929442,xgb_user_item_v2,0.5862635970115662,20,"{""source"": ""xgb_user_item""}"
93,4246911,xgb_user_item_v2,0.9883348941802979,1,"{""source"": ""xgb_user_item""}"
93,100114512933,xgb_user_item_v2,0.9693878889083862,2,"{""source"": ""xgb_user_item""}"
93,100019031805,xgb_user_item_v2,0.968346118927002,3,"{""source"": ""xgb_user_item""}"
93,100154268303,xgb_user_item_v2,0.9536792039871216,4,"{""source"": ""xgb_user_item""}"
93,10042124137320,xgb_user_item_v2,0.9372841715812683,5,"{""source"": ""xgb_user_item""}"
93,100008164593,xgb_user_item_v2,0.9343655705451965,6,"{""source"": ""xgb_user_item""}"
93,11819155539,xgb_user_item_v2,0.9338890314102173,7,"{""source"": ""xgb_user_item""}"
93,13065559672,xgb_user_item_v2,0.9192721247673035,8,"{""source"": ""xgb_user_item""}"
93,100021518453,xgb_user_item_v2,0.9081350564956665,9,"{""source"": ""xgb_user_item""}"
93,71577466395,xgb_user_item_v2,0.8676489591598511,10,"{""source"": ""xgb_user_item""}"
93,3627320,xgb_user_item_v2,0.865187406539917,11,"{""source"": ""xgb_user_item""}"
93,100215876924,xgb_user_item_v2,0.8414113521575928,12,"{""source"": ""xgb_user_item""}"
93,100064200322,xgb_user_item_v2,0.8322393298149109,13,"{""source"": ""xgb_user_item""}"
93,10121602694516,xgb_user_item_v2,0.8318934440612793,14,"{""source"": ""xgb_user_item""}"
93,1682006,xgb_user_item_v2,0.8296080827713013,15,"{""source"": ""xgb_user_item""}"
93,100112272948,xgb_user_item_v2,0.8275974988937378,16,"{""source"": ""xgb_user_item""}"
93,100195732408,xgb_user_item_v2,0.7957667708396912,17,"{""source"": ""xgb_user_item""}"
93,100136079284,xgb_user_item_v2,0.7249158620834351,18,"{""source"": ""xgb_user_item""}"
93,100012706282,xgb_user_item_v2,0.7241889834403992,19,"{""source"": ""xgb_user_item""}"
93,100002187047,xgb_user_item_v2,0.7080633640289307,20,"{""source"": ""xgb_user_item""}"
94,100017016045,xgb_user_item_v2,0.9571694135665894,1,"{""source"": ""xgb_user_item""}"
94,10098681688567,xgb_user_item_v2,0.9528220295906067,2,"{""source"": ""xgb_user_item""}"
94,5475198,xgb_user_item_v2,0.9075139760971069,3,"{""source"": ""xgb_user_item""}"
94,100203000971,xgb_user_item_v2,0.8562057018280029,4,"{""source"": ""xgb_user_item""}"
94,3409140,xgb_user_item_v2,0.8480225205421448,5,"{""source"": ""xgb_user_item""}"
94,100111748405,xgb_user_item_v2,0.8030813336372375,6,"{""source"": ""xgb_user_item""}"
94,100070794980,xgb_user_item_v2,0.8027476072311401,7,"{""source"": ""xgb_user_item""}"
94,11819155539,xgb_user_item_v2,0.8023661375045776,8,"{""source"": ""xgb_user_item""}"
94,100002187047,xgb_user_item_v2,0.7876372933387756,9,"{""source"": ""xgb_user_item""}"
94,10042124137320,xgb_user_item_v2,0.7307549715042114,10,"{""source"": ""xgb_user_item""}"
94,10037128752741,xgb_user_item_v2,0.6864814162254333,11,"{""source"": ""xgb_user_item""}"
94,100114512933,xgb_user_item_v2,0.6755730509757996,12,"{""source"": ""xgb_user_item""}"
94,4246893,xgb_user_item_v2,0.6740663051605225,13,"{""source"": ""xgb_user_item""}"
94,69673075023,xgb_user_item_v2,0.6719329357147217,14,"{""source"": ""xgb_user_item""}"
94,100136079282,xgb_user_item_v2,0.6701824069023132,15,"{""source"": ""xgb_user_item""}"
94,10087901051820,xgb_user_item_v2,0.669954240322113,16,"{""source"": ""xgb_user_item""}"
94,13065559672,xgb_user_item_v2,0.6285393238067627,17,"{""source"": ""xgb_user_item""}"
94,100064200322,xgb_user_item_v2,0.5977714657783508,18,"{""source"": ""xgb_user_item""}"
94,100008164593,xgb_user_item_v2,0.589329183101654,19,"{""source"": ""xgb_user_item""}"
94,100288929442,xgb_user_item_v2,0.5862635970115662,20,"{""source"": ""xgb_user_item""}"
95,4246911,xgb_user_item_v2,0.9757591485977173,1,"{""source"": ""xgb_user_item""}"
95,11819155539,xgb_user_item_v2,0.9724987745285034,2,"{""source"": ""xgb_user_item""}"
95,100114512933,xgb_user_item_v2,0.9717439413070679,3,"{""source"": ""xgb_user_item""}"
95,10042124137320,xgb_user_item_v2,0.968257486820221,4,"{""source"": ""xgb_user_item""}"
95,100154268303,xgb_user_item_v2,0.9634659290313721,5,"{""source"": ""xgb_user_item""}"
95,13065559672,xgb_user_item_v2,0.9496561288833618,6,"{""source"": ""xgb_user_item""}"
95,100112272948,xgb_user_item_v2,0.9343778491020203,7,"{""source"": ""xgb_user_item""}"
95,100115256936,xgb_user_item_v2,0.9277786612510681,8,"{""source"": ""xgb_user_item""}"
95,100008164593,xgb_user_item_v2,0.926006019115448,9,"{""source"": ""xgb_user_item""}"
95,10070360840507,xgb_user_item_v2,0.8998374938964844,10,"{""source"": ""xgb_user_item""}"
95,100151315926,xgb_user_item_v2,0.896696150302887,11,"{""source"": ""xgb_user_item""}"
95,100195732408,xgb_user_item_v2,0.8883976936340332,12,"{""source"": ""xgb_user_item""}"
95,100059911987,xgb_user_item_v2,0.8735167980194092,13,"{""source"": ""xgb_user_item""}"
95,100019031805,xgb_user_item_v2,0.8693337440490723,14,"{""source"": ""xgb_user_item""}"
95,1682006,xgb_user_item_v2,0.8653101325035095,15,"{""source"": ""xgb_user_item""}"
95,100071138925,xgb_user_item_v2,0.8330819010734558,16,"{""source"": ""xgb_user_item""}"
95,10121602694516,xgb_user_item_v2,0.8323927521705627,17,"{""source"": ""xgb_user_item""}"
95,71577466395,xgb_user_item_v2,0.830048680305481,18,"{""source"": ""xgb_user_item""}"
95,100215876924,xgb_user_item_v2,0.8200787305831909,19,"{""source"": ""xgb_user_item""}"
95,100000987566,xgb_user_item_v2,0.7795485258102417,20,"{""source"": ""xgb_user_item""}"
96,100017016045,xgb_user_item_v2,0.9571694135665894,1,"{""source"": ""xgb_user_item""}"
96,10098681688567,xgb_user_item_v2,0.9528220295906067,2,"{""source"": ""xgb_user_item""}"
96,5475198,xgb_user_item_v2,0.9075139760971069,3,"{""source"": ""xgb_user_item""}"
96,100203000971,xgb_user_item_v2,0.8562057018280029,4,"{""source"": ""xgb_user_item""}"
96,3409140,xgb_user_item_v2,0.8480225205421448,5,"{""source"": ""xgb_user_item""}"
96,100111748405,xgb_user_item_v2,0.8030813336372375,6,"{""source"": ""xgb_user_item""}"
96,100070794980,xgb_user_item_v2,0.8027476072311401,7,"{""source"": ""xgb_user_item""}"
96,11819155539,xgb_user_item_v2,0.8023661375045776,8,"{""source"": ""xgb_user_item""}"
96,100002187047,xgb_user_item_v2,0.7876372933387756,9,"{""source"": ""xgb_user_item""}"
96,10042124137320,xgb_user_item_v2,0.7307549715042114,10,"{""source"": ""xgb_user_item""}"
96,10037128752741,xgb_user_item_v2,0.6864814162254333,11,"{""source"": ""xgb_user_item""}"
96,100114512933,xgb_user_item_v2,0.6755730509757996,12,"{""source"": ""xgb_user_item""}"
96,4246893,xgb_user_item_v2,0.6740663051605225,13,"{""source"": ""xgb_user_item""}"
96,69673075023,xgb_user_item_v2,0.6719329357147217,14,"{""source"": ""xgb_user_item""}"
96,100136079282,xgb_user_item_v2,0.6701824069023132,15,"{""source"": ""xgb_user_item""}"
96,10087901051820,xgb_user_item_v2,0.669954240322113,16,"{""source"": ""xgb_user_item""}"
96,13065559672,xgb_user_item_v2,0.6285393238067627,17,"{""source"": ""xgb_user_item""}"
96,100064200322,xgb_user_item_v2,0.5977714657783508,18,"{""source"": ""xgb_user_item""}"
96,100008164593,xgb_user_item_v2,0.589329183101654,19,"{""source"": ""xgb_user_item""}"
96,100288929442,xgb_user_item_v2,0.5862635970115662,20,"{""source"": ""xgb_user_item""}"
97,100017016045,xgb_user_item_v2,0.9571694135665894,1,"{""source"": ""xgb_user_item""}"
97,10098681688567,xgb_user_item_v2,0.9528220295906067,2,"{""source"": ""xgb_user_item""}"
97,5475198,xgb_user_item_v2,0.9075139760971069,3,"{""source"": ""xgb_user_item""}"
97,100203000971,xgb_user_item_v2,0.8562057018280029,4,"{""source"": ""xgb_user_item""}"
97,3409140,xgb_user_item_v2,0.8480225205421448,5,"{""source"": ""xgb_user_item""}"
97,100111748405,xgb_user_item_v2,0.8030813336372375,6,"{""source"": ""xgb_user_item""}"
97,100070794980,xgb_user_item_v2,0.8027476072311401,7,"{""source"": ""xgb_user_item""}"
97,11819155539,xgb_user_item_v2,0.8023661375045776,8,"{""source"": ""xgb_user_item""}"
97,100002187047,xgb_user_item_v2,0.7876372933387756,9,"{""source"": ""xgb_user_item""}"
97,10042124137320,xgb_user_item_v2,0.7307549715042114,10,"{""source"": ""xgb_user_item""}"
97,10037128752741,xgb_user_item_v2,0.6864814162254333,11,"{""source"": ""xgb_user_item""}"
97,100114512933,xgb_user_item_v2,0.6755730509757996,12,"{""source"": ""xgb_user_item""}"
97,4246893,xgb_user_item_v2,0.6740663051605225,13,"{""source"": ""xgb_user_item""}"
97,69673075023,xgb_user_item_v2,0.6719329357147217,14,"{""source"": ""xgb_user_item""}"
97,100136079282,xgb_user_item_v2,0.6701824069023132,15,"{""source"": ""xgb_user_item""}"
97,10087901051820,xgb_user_item_v2,0.669954240322113,16,"{""source"": ""xgb_user_item""}"
97,13065559672,xgb_user_item_v2,0.6285393238067627,17,"{""source"": ""xgb_user_item""}"
97,100064200322,xgb_user_item_v2,0.5977714657783508,18,"{""source"": ""xgb_user_item""}"
97,100008164593,xgb_user_item_v2,0.589329183101654,19,"{""source"": ""xgb_user_item""}"
97,100288929442,xgb_user_item_v2,0.5862635970115662,20,"{""source"": ""xgb_user_item""}"
98,13065559672,xgb_user_item_v2,0.9632025361061096,1,"{""source"": ""xgb_user_item""}"
98,5475198,xgb_user_item_v2,0.9526931643486023,2,"{""source"": ""xgb_user_item""}"
98,100019031805,xgb_user_item_v2,0.9393442273139954,3,"{""source"": ""xgb_user_item""}"
98,10098681688567,xgb_user_item_v2,0.9172648191452026,4,"{""source"": ""xgb_user_item""}"
98,3409140,xgb_user_item_v2,0.907688558101654,5,"{""source"": ""xgb_user_item""}"
98,4246911,xgb_user_item_v2,0.9014984369277954,6,"{""source"": ""xgb_user_item""}"
98,100111748405,xgb_user_item_v2,0.8829867243766785,7,"{""source"": ""xgb_user_item""}"
98,100288929442,xgb_user_item_v2,0.8735707402229309,8,"{""source"": ""xgb_user_item""}"
98,10042124137320,xgb_user_item_v2,0.8543652892112732,9,"{""source"": ""xgb_user_item""}"
98,11819155539,xgb_user_item_v2,0.8388240337371826,10,"{""source"": ""xgb_user_item""}"
98,100154268305,xgb_user_item_v2,0.8252490758895874,11,"{""source"": ""xgb_user_item""}"
98,100009013165,xgb_user_item_v2,0.8207138180732727,12,"{""source"": ""xgb_user_item""}"
98,100008149331,xgb_user_item_v2,0.7940942049026489,13,"{""source"": ""xgb_user_item""}"
98,1682006,xgb_user_item_v2,0.7770010828971863,14,"{""source"": ""xgb_user_item""}"
98,100136079282,xgb_user_item_v2,0.7664316296577454,15,"{""source"": ""xgb_user_item""}"
98,100121467835,xgb_user_item_v2,0.7378661632537842,16,"{""source"": ""xgb_user_item""}"
98,100064236882,xgb_user_item_v2,0.7086562514305115,17,"{""source"": ""xgb_user_item""}"
98,3197429,xgb_user_item_v2,0.6975433826446533,18,"{""source"": ""xgb_user_item""}"
98,100162461068,xgb_user_item_v2,0.6949238777160645,19,"{""source"": ""xgb_user_item""}"
98,100154268303,xgb_user_item_v2,0.6808578372001648,20,"{""source"": ""xgb_user_item""}"
99,4246911,xgb_user_item_v2,0.9757591485977173,1,"{""source"": ""xgb_user_item""}"
99,11819155539,xgb_user_item_v2,0.9724987745285034,2,"{""source"": ""xgb_user_item""}"
99,100114512933,xgb_user_item_v2,0.9717439413070679,3,"{""source"": ""xgb_user_item""}"
99,10042124137320,xgb_user_item_v2,0.968257486820221,4,"{""source"": ""xgb_user_item""}"
99,100154268303,xgb_user_item_v2,0.9634659290313721,5,"{""source"": ""xgb_user_item""}"
99,13065559672,xgb_user_item_v2,0.9496561288833618,6,"{""source"": ""xgb_user_item""}"
99,100112272948,xgb_user_item_v2,0.9343778491020203,7,"{""source"": ""xgb_user_item""}"
99,100115256936,xgb_user_item_v2,0.9277786612510681,8,"{""source"": ""xgb_user_item""}"
99,100008164593,xgb_user_item_v2,0.926006019115448,9,"{""source"": ""xgb_user_item""}"
99,10070360840507,xgb_user_item_v2,0.8998374938964844,10,"{""source"": ""xgb_user_item""}"
99,100151315926,xgb_user_item_v2,0.896696150302887,11,"{""source"": ""xgb_user_item""}"
99,100195732408,xgb_user_item_v2,0.8883976936340332,12,"{""source"": ""xgb_user_item""}"
99,100059911987,xgb_user_item_v2,0.8735167980194092,13,"{""source"": ""xgb_user_item""}"
99,100019031805,xgb_user_item_v2,0.8693337440490723,14,"{""source"": ""xgb_user_item""}"
99,1682006,xgb_user_item_v2,0.8653101325035095,15,"{""source"": ""xgb_user_item""}"
99,100071138925,xgb_user_item_v2,0.8330819010734558,16,"{""source"": ""xgb_user_item""}"
99,10121602694516,xgb_user_item_v2,0.8323927521705627,17,"{""source"": ""xgb_user_item""}"
99,71577466395,xgb_user_item_v2,0.830048680305481,18,"{""source"": ""xgb_user_item""}"
99,100215876924,xgb_user_item_v2,0.8200787305831909,19,"{""source"": ""xgb_user_item""}"
99,100000987566,xgb_user_item_v2,0.7795485258102417,20,"{""source"": ""xgb_user_item""}"
100,100154268303,xgb_user_item_v2,0.9849095940589905,1,"{""source"": ""xgb_user_item""}"
100,4246911,xgb_user_item_v2,0.9846836924552917,2,"{""source"": ""xgb_user_item""}"
100,100019031805,xgb_user_item_v2,0.9839275479316711,3,"{""source"": ""xgb_user_item""}"
100,100114512933,xgb_user_item_v2,0.9692674875259399,4,"{""source"": ""xgb_user_item""}"
100,100136079282,xgb_user_item_v2,0.9537902474403381,5,"{""source"": ""xgb_user_item""}"
100,100111748405,xgb_user_item_v2,0.9524897933006287,6,"{""source"": ""xgb_user_item""}"
100,100009013165,xgb_user_item_v2,0.9406123757362366,7,"{""source"": ""xgb_user_item""}"
100,11819155539,xgb_user_item_v2,0.9366214275360107,8,"{""source"": ""xgb_user_item""}"
100,100136079284,xgb_user_item_v2,0.9159910678863525,9,"{""source"": ""xgb_user_item""}"
100,5475198,xgb_user_item_v2,0.8893188834190369,10,"{""source"": ""xgb_user_item""}"
100,10192694267563,xgb_user_item_v2,0.8468969464302063,11,"{""source"": ""xgb_user_item""}"
100,4246893,xgb_user_item_v2,0.8408724069595337,12,"{""source"": ""xgb_user_item""}"
100,69673075023,xgb_user_item_v2,0.8362259268760681,13,"{""source"": ""xgb_user_item""}"
100,10037128752741,xgb_user_item_v2,0.8016284704208374,14,"{""source"": ""xgb_user_item""}"
100,100268823874,xgb_user_item_v2,0.7998185157775879,15,"{""source"": ""xgb_user_item""}"
100,100008164593,xgb_user_item_v2,0.7889189720153809,16,"{""source"": ""xgb_user_item""}"
100,100195732408,xgb_user_item_v2,0.7882734537124634,17,"{""source"": ""xgb_user_item""}"
100,10087901051820,xgb_user_item_v2,0.7751441597938538,18,"{""source"": ""xgb_user_item""}"
100,100230694872,xgb_user_item_v2,0.7465931177139282,19,"{""source"": ""xgb_user_item""}"
100,13065559672,xgb_user_item_v2,0.7236453294754028,20,"{""source"": ""xgb_user_item""}"
101,100019031805,xgb_user_item_v2,0.9856573343276978,1,"{""source"": ""xgb_user_item""}"
101,5475198,xgb_user_item_v2,0.967322826385498,2,"{""source"": ""xgb_user_item""}"
101,100136079282,xgb_user_item_v2,0.9652594923973083,3,"{""source"": ""xgb_user_item""}"
101,13065559672,xgb_user_item_v2,0.9555862545967102,4,"{""source"": ""xgb_user_item""}"
101,100154268303,xgb_user_item_v2,0.9500885009765625,5,"{""source"": ""xgb_user_item""}"
101,100009013165,xgb_user_item_v2,0.9468953013420105,6,"{""source"": ""xgb_user_item""}"
101,4246911,xgb_user_item_v2,0.938510537147522,7,"{""source"": ""xgb_user_item""}"
101,100111748405,xgb_user_item_v2,0.9165986180305481,8,"{""source"": ""xgb_user_item""}"
101,100249994404,xgb_user_item_v2,0.914801299571991,9,"{""source"": ""xgb_user_item""}"
101,100114512933,xgb_user_item_v2,0.8892315626144409,10,"{""source"": ""xgb_user_item""}"
101,100002187045,xgb_user_item_v2,0.7935611605644226,11,"{""source"": ""xgb_user_item""}"
101,69673075023,xgb_user_item_v2,0.769901692867279,12,"{""source"": ""xgb_user_item""}"
101,3197317,xgb_user_item_v2,0.7668659687042236,13,"{""source"": ""xgb_user_item""}"
101,100216501267,xgb_user_item_v2,0.7541028261184692,14,"{""source"": ""xgb_user_item""}"
101,3409140,xgb_user_item_v2,0.7533186078071594,15,"{""source"": ""xgb_user_item""}"
101,100059257824,xgb_user_item_v2,0.7494468688964844,16,"{""source"": ""xgb_user_item""}"
101,4246893,xgb_user_item_v2,0.7467117309570312,17,"{""source"": ""xgb_user_item""}"
101,10098656892439,xgb_user_item_v2,0.7436744570732117,18,"{""source"": ""xgb_user_item""}"
101,10121602694516,xgb_user_item_v2,0.7425827383995056,19,"{""source"": ""xgb_user_item""}"
101,100230694872,xgb_user_item_v2,0.6435881853103638,20,"{""source"": ""xgb_user_item""}"
102,4246911,xgb_user_item_v2,0.9883348941802979,1,"{""source"": ""xgb_user_item""}"
102,100114512933,xgb_user_item_v2,0.9693878889083862,2,"{""source"": ""xgb_user_item""}"
102,100019031805,xgb_user_item_v2,0.968346118927002,3,"{""source"": ""xgb_user_item""}"
102,100154268303,xgb_user_item_v2,0.9536792039871216,4,"{""source"": ""xgb_user_item""}"
102,10042124137320,xgb_user_item_v2,0.9372841715812683,5,"{""source"": ""xgb_user_item""}"
102,100008164593,xgb_user_item_v2,0.9343655705451965,6,"{""source"": ""xgb_user_item""}"
102,11819155539,xgb_user_item_v2,0.9338890314102173,7,"{""source"": ""xgb_user_item""}"
102,13065559672,xgb_user_item_v2,0.9192721247673035,8,"{""source"": ""xgb_user_item""}"
102,100021518453,xgb_user_item_v2,0.9081350564956665,9,"{""source"": ""xgb_user_item""}"
102,71577466395,xgb_user_item_v2,0.8676489591598511,10,"{""source"": ""xgb_user_item""}"
102,3627320,xgb_user_item_v2,0.865187406539917,11,"{""source"": ""xgb_user_item""}"
102,100215876924,xgb_user_item_v2,0.8414113521575928,12,"{""source"": ""xgb_user_item""}"
102,100064200322,xgb_user_item_v2,0.8322393298149109,13,"{""source"": ""xgb_user_item""}"
102,10121602694516,xgb_user_item_v2,0.8318934440612793,14,"{""source"": ""xgb_user_item""}"
102,1682006,xgb_user_item_v2,0.8296080827713013,15,"{""source"": ""xgb_user_item""}"
102,100112272948,xgb_user_item_v2,0.8275974988937378,16,"{""source"": ""xgb_user_item""}"
102,100195732408,xgb_user_item_v2,0.7957667708396912,17,"{""source"": ""xgb_user_item""}"
102,100136079284,xgb_user_item_v2,0.7249158620834351,18,"{""source"": ""xgb_user_item""}"
102,100012706282,xgb_user_item_v2,0.7241889834403992,19,"{""source"": ""xgb_user_item""}"
102,100002187047,xgb_user_item_v2,0.7080633640289307,20,"{""source"": ""xgb_user_item""}"
103,100019031805,xgb_user_item_v2,0.9856573343276978,1,"{""source"": ""xgb_user_item""}"
103,5475198,xgb_user_item_v2,0.967322826385498,2,"{""source"": ""xgb_user_item""}"
103,100136079282,xgb_user_item_v2,0.9652594923973083,3,"{""source"": ""xgb_user_item""}"
103,13065559672,xgb_user_item_v2,0.9555862545967102,4,"{""source"": ""xgb_user_item""}"
103,100154268303,xgb_user_item_v2,0.9500885009765625,5,"{""source"": ""xgb_user_item""}"
103,100009013165,xgb_user_item_v2,0.9468953013420105,6,"{""source"": ""xgb_user_item""}"
103,4246911,xgb_user_item_v2,0.938510537147522,7,"{""source"": ""xgb_user_item""}"
103,100111748405,xgb_user_item_v2,0.9165986180305481,8,"{""source"": ""xgb_user_item""}"
103,100249994404,xgb_user_item_v2,0.914801299571991,9,"{""source"": ""xgb_user_item""}"
103,100114512933,xgb_user_item_v2,0.8892315626144409,10,"{""source"": ""xgb_user_item""}"
103,100002187045,xgb_user_item_v2,0.7935611605644226,11,"{""source"": ""xgb_user_item""}"
103,69673075023,xgb_user_item_v2,0.769901692867279,12,"{""source"": ""xgb_user_item""}"
103,3197317,xgb_user_item_v2,0.7668659687042236,13,"{""source"": ""xgb_user_item""}"
103,100216501267,xgb_user_item_v2,0.7541028261184692,14,"{""source"": ""xgb_user_item""}"
103,3409140,xgb_user_item_v2,0.7533186078071594,15,"{""source"": ""xgb_user_item""}"
103,100059257824,xgb_user_item_v2,0.7494468688964844,16,"{""source"": ""xgb_user_item""}"
103,4246893,xgb_user_item_v2,0.7467117309570312,17,"{""source"": ""xgb_user_item""}"
103,10098656892439,xgb_user_item_v2,0.7436744570732117,18,"{""source"": ""xgb_user_item""}"
103,10121602694516,xgb_user_item_v2,0.7425827383995056,19,"{""source"": ""xgb_user_item""}"
103,100230694872,xgb_user_item_v2,0.6435881853103638,20,"{""source"": ""xgb_user_item""}"
104,100154268303,xgb_user_item_v2,0.9849095940589905,1,"{""source"": ""xgb_user_item""}"
104,4246911,xgb_user_item_v2,0.9846836924552917,2,"{""source"": ""xgb_user_item""}"
104,100019031805,xgb_user_item_v2,0.9839275479316711,3,"{""source"": ""xgb_user_item""}"
104,100114512933,xgb_user_item_v2,0.9692674875259399,4,"{""source"": ""xgb_user_item""}"
104,100136079282,xgb_user_item_v2,0.9537902474403381,5,"{""source"": ""xgb_user_item""}"
104,100111748405,xgb_user_item_v2,0.9524897933006287,6,"{""source"": ""xgb_user_item""}"
104,100009013165,xgb_user_item_v2,0.9406123757362366,7,"{""source"": ""xgb_user_item""}"
104,11819155539,xgb_user_item_v2,0.9366214275360107,8,"{""source"": ""xgb_user_item""}"
104,100136079284,xgb_user_item_v2,0.9159910678863525,9,"{""source"": ""xgb_user_item""}"
104,5475198,xgb_user_item_v2,0.8893188834190369,10,"{""source"": ""xgb_user_item""}"
104,10192694267563,xgb_user_item_v2,0.8468969464302063,11,"{""source"": ""xgb_user_item""}"
104,4246893,xgb_user_item_v2,0.8408724069595337,12,"{""source"": ""xgb_user_item""}"
104,69673075023,xgb_user_item_v2,0.8362259268760681,13,"{""source"": ""xgb_user_item""}"
104,10037128752741,xgb_user_item_v2,0.8016284704208374,14,"{""source"": ""xgb_user_item""}"
104,100268823874,xgb_user_item_v2,0.7998185157775879,15,"{""source"": ""xgb_user_item""}"
104,100008164593,xgb_user_item_v2,0.7889189720153809,16,"{""source"": ""xgb_user_item""}"
104,100195732408,xgb_user_item_v2,0.7882734537124634,17,"{""source"": ""xgb_user_item""}"
104,10087901051820,xgb_user_item_v2,0.7751441597938538,18,"{""source"": ""xgb_user_item""}"
104,100230694872,xgb_user_item_v2,0.7465931177139282,19,"{""source"": ""xgb_user_item""}"
104,13065559672,xgb_user_item_v2,0.7236453294754028,20,"{""source"": ""xgb_user_item""}"
105,100114512933,xgb_user_item_v2,0.9848139882087708,1,"{""source"": ""xgb_user_item""}"
105,4246911,xgb_user_item_v2,0.9843044877052307,2,"{""source"": ""xgb_user_item""}"
105,10042124137320,xgb_user_item_v2,0.9803528785705566,3,"{""source"": ""xgb_user_item""}"
105,11819155539,xgb_user_item_v2,0.9767589569091797,4,"{""source"": ""xgb_user_item""}"
105,100154268303,xgb_user_item_v2,0.9754044413566589,5,"{""source"": ""xgb_user_item""}"
105,13065559672,xgb_user_item_v2,0.9742088913917542,6,"{""source"": ""xgb_user_item""}"
105,100008164593,xgb_user_item_v2,0.9701864123344421,7,"{""source"": ""xgb_user_item""}"
105,100195732408,xgb_user_item_v2,0.953932523727417,8,"{""source"": ""xgb_user_item""}"
105,100112272948,xgb_user_item_v2,0.9493758082389832,9,"{""source"": ""xgb_user_item""}"
105,100019031805,xgb_user_item_v2,0.9406836032867432,10,"{""source"": ""xgb_user_item""}"
105,10070360840507,xgb_user_item_v2,0.9383029937744141,11,"{""source"": ""xgb_user_item""}"
105,1682006,xgb_user_item_v2,0.9330088496208191,12,"{""source"": ""xgb_user_item""}"
105,100059911987,xgb_user_item_v2,0.9254322052001953,13,"{""source"": ""xgb_user_item""}"
105,10121602694516,xgb_user_item_v2,0.9242874979972839,14,"{""source"": ""xgb_user_item""}"
105,100115256936,xgb_user_item_v2,0.9114986658096313,15,"{""source"": ""xgb_user_item""}"
105,100151315926,xgb_user_item_v2,0.8915016651153564,16,"{""source"": ""xgb_user_item""}"
105,100071138925,xgb_user_item_v2,0.8887361288070679,17,"{""source"": ""xgb_user_item""}"
105,71577466395,xgb_user_item_v2,0.8619879484176636,18,"{""source"": ""xgb_user_item""}"
105,100215876924,xgb_user_item_v2,0.8569673895835876,19,"{""source"": ""xgb_user_item""}"
105,100000987566,xgb_user_item_v2,0.849833607673645,20,"{""source"": ""xgb_user_item""}"
106,4246911,xgb_user_item_v2,0.9757591485977173,1,"{""source"": ""xgb_user_item""}"
106,11819155539,xgb_user_item_v2,0.9724987745285034,2,"{""source"": ""xgb_user_item""}"
106,100114512933,xgb_user_item_v2,0.9717439413070679,3,"{""source"": ""xgb_user_item""}"
106,10042124137320,xgb_user_item_v2,0.968257486820221,4,"{""source"": ""xgb_user_item""}"
106,100154268303,xgb_user_item_v2,0.9634659290313721,5,"{""source"": ""xgb_user_item""}"
106,13065559672,xgb_user_item_v2,0.9496561288833618,6,"{""source"": ""xgb_user_item""}"
106,100112272948,xgb_user_item_v2,0.9343778491020203,7,"{""source"": ""xgb_user_item""}"
106,100115256936,xgb_user_item_v2,0.9277786612510681,8,"{""source"": ""xgb_user_item""}"
106,100008164593,xgb_user_item_v2,0.926006019115448,9,"{""source"": ""xgb_user_item""}"
106,10070360840507,xgb_user_item_v2,0.8998374938964844,10,"{""source"": ""xgb_user_item""}"
106,100151315926,xgb_user_item_v2,0.896696150302887,11,"{""source"": ""xgb_user_item""}"
106,100195732408,xgb_user_item_v2,0.8883976936340332,12,"{""source"": ""xgb_user_item""}"
106,100059911987,xgb_user_item_v2,0.8735167980194092,13,"{""source"": ""xgb_user_item""}"
106,100019031805,xgb_user_item_v2,0.8693337440490723,14,"{""source"": ""xgb_user_item""}"
106,1682006,xgb_user_item_v2,0.8653101325035095,15,"{""source"": ""xgb_user_item""}"
106,100071138925,xgb_user_item_v2,0.8330819010734558,16,"{""source"": ""xgb_user_item""}"
106,10121602694516,xgb_user_item_v2,0.8323927521705627,17,"{""source"": ""xgb_user_item""}"
106,71577466395,xgb_user_item_v2,0.830048680305481,18,"{""source"": ""xgb_user_item""}"
106,100215876924,xgb_user_item_v2,0.8200787305831909,19,"{""source"": ""xgb_user_item""}"
106,100000987566,xgb_user_item_v2,0.7795485258102417,20,"{""source"": ""xgb_user_item""}"
107,100019031805,xgb_user_item_v2,0.9856573343276978,1,"{""source"": ""xgb_user_item""}"
107,5475198,xgb_user_item_v2,0.967322826385498,2,"{""source"": ""xgb_user_item""}"
107,100136079282,xgb_user_item_v2,0.9652594923973083,3,"{""source"": ""xgb_user_item""}"
107,13065559672,xgb_user_item_v2,0.9555862545967102,4,"{""source"": ""xgb_user_item""}"
107,100154268303,xgb_user_item_v2,0.9500885009765625,5,"{""source"": ""xgb_user_item""}"
107,100009013165,xgb_user_item_v2,0.9468953013420105,6,"{""source"": ""xgb_user_item""}"
107,4246911,xgb_user_item_v2,0.938510537147522,7,"{""source"": ""xgb_user_item""}"
107,100111748405,xgb_user_item_v2,0.9165986180305481,8,"{""source"": ""xgb_user_item""}"
107,100249994404,xgb_user_item_v2,0.914801299571991,9,"{""source"": ""xgb_user_item""}"
107,100114512933,xgb_user_item_v2,0.8892315626144409,10,"{""source"": ""xgb_user_item""}"
107,100002187045,xgb_user_item_v2,0.7935611605644226,11,"{""source"": ""xgb_user_item""}"
107,69673075023,xgb_user_item_v2,0.769901692867279,12,"{""source"": ""xgb_user_item""}"
107,3197317,xgb_user_item_v2,0.7668659687042236,13,"{""source"": ""xgb_user_item""}"
107,100216501267,xgb_user_item_v2,0.7541028261184692,14,"{""source"": ""xgb_user_item""}"
107,3409140,xgb_user_item_v2,0.7533186078071594,15,"{""source"": ""xgb_user_item""}"
107,100059257824,xgb_user_item_v2,0.7494468688964844,16,"{""source"": ""xgb_user_item""}"
107,4246893,xgb_user_item_v2,0.7467117309570312,17,"{""source"": ""xgb_user_item""}"
107,10098656892439,xgb_user_item_v2,0.7436744570732117,18,"{""source"": ""xgb_user_item""}"
107,10121602694516,xgb_user_item_v2,0.7425827383995056,19,"{""source"": ""xgb_user_item""}"
107,100230694872,xgb_user_item_v2,0.6435881853103638,20,"{""source"": ""xgb_user_item""}"
108,13065559672,xgb_user_item_v2,0.9632025361061096,1,"{""source"": ""xgb_user_item""}"
108,5475198,xgb_user_item_v2,0.9526931643486023,2,"{""source"": ""xgb_user_item""}"
108,100019031805,xgb_user_item_v2,0.9393442273139954,3,"{""source"": ""xgb_user_item""}"
108,10098681688567,xgb_user_item_v2,0.9172648191452026,4,"{""source"": ""xgb_user_item""}"
108,3409140,xgb_user_item_v2,0.907688558101654,5,"{""source"": ""xgb_user_item""}"
108,4246911,xgb_user_item_v2,0.9014984369277954,6,"{""source"": ""xgb_user_item""}"
108,100111748405,xgb_user_item_v2,0.8829867243766785,7,"{""source"": ""xgb_user_item""}"
108,100288929442,xgb_user_item_v2,0.8735707402229309,8,"{""source"": ""xgb_user_item""}"
108,10042124137320,xgb_user_item_v2,0.8543652892112732,9,"{""source"": ""xgb_user_item""}"
108,11819155539,xgb_user_item_v2,0.8388240337371826,10,"{""source"": ""xgb_user_item""}"
108,100154268305,xgb_user_item_v2,0.8252490758895874,11,"{""source"": ""xgb_user_item""}"
108,100009013165,xgb_user_item_v2,0.8207138180732727,12,"{""source"": ""xgb_user_item""}"
108,100008149331,xgb_user_item_v2,0.7940942049026489,13,"{""source"": ""xgb_user_item""}"
108,1682006,xgb_user_item_v2,0.7770010828971863,14,"{""source"": ""xgb_user_item""}"
108,100136079282,xgb_user_item_v2,0.7664316296577454,15,"{""source"": ""xgb_user_item""}"
108,100121467835,xgb_user_item_v2,0.7378661632537842,16,"{""source"": ""xgb_user_item""}"
108,100064236882,xgb_user_item_v2,0.7086562514305115,17,"{""source"": ""xgb_user_item""}"
108,3197429,xgb_user_item_v2,0.6975433826446533,18,"{""source"": ""xgb_user_item""}"
108,100162461068,xgb_user_item_v2,0.6949238777160645,19,"{""source"": ""xgb_user_item""}"
108,100154268303,xgb_user_item_v2,0.6808578372001648,20,"{""source"": ""xgb_user_item""}"
109,100019031805,xgb_user_item_v2,0.9856573343276978,1,"{""source"": ""xgb_user_item""}"
109,5475198,xgb_user_item_v2,0.967322826385498,2,"{""source"": ""xgb_user_item""}"
109,100136079282,xgb_user_item_v2,0.9652594923973083,3,"{""source"": ""xgb_user_item""}"
109,13065559672,xgb_user_item_v2,0.9555862545967102,4,"{""source"": ""xgb_user_item""}"
109,100154268303,xgb_user_item_v2,0.9500885009765625,5,"{""source"": ""xgb_user_item""}"
109,100009013165,xgb_user_item_v2,0.9468953013420105,6,"{""source"": ""xgb_user_item""}"
109,4246911,xgb_user_item_v2,0.938510537147522,7,"{""source"": ""xgb_user_item""}"
109,100111748405,xgb_user_item_v2,0.9165986180305481,8,"{""source"": ""xgb_user_item""}"
109,100249994404,xgb_user_item_v2,0.914801299571991,9,"{""source"": ""xgb_user_item""}"
109,100114512933,xgb_user_item_v2,0.8892315626144409,10,"{""source"": ""xgb_user_item""}"
109,100002187045,xgb_user_item_v2,0.7935611605644226,11,"{""source"": ""xgb_user_item""}"
109,69673075023,xgb_user_item_v2,0.769901692867279,12,"{""source"": ""xgb_user_item""}"
109,3197317,xgb_user_item_v2,0.7668659687042236,13,"{""source"": ""xgb_user_item""}"
109,100216501267,xgb_user_item_v2,0.7541028261184692,14,"{""source"": ""xgb_user_item""}"
109,3409140,xgb_user_item_v2,0.7533186078071594,15,"{""source"": ""xgb_user_item""}"
109,100059257824,xgb_user_item_v2,0.7494468688964844,16,"{""source"": ""xgb_user_item""}"
109,4246893,xgb_user_item_v2,0.7467117309570312,17,"{""source"": ""xgb_user_item""}"
109,10098656892439,xgb_user_item_v2,0.7436744570732117,18,"{""source"": ""xgb_user_item""}"
109,10121602694516,xgb_user_item_v2,0.7425827383995056,19,"{""source"": ""xgb_user_item""}"
109,100230694872,xgb_user_item_v2,0.6435881853103638,20,"{""source"": ""xgb_user_item""}"
110,100019031805,xgb_user_item_v2,0.9856573343276978,1,"{""source"": ""xgb_user_item""}"
110,5475198,xgb_user_item_v2,0.967322826385498,2,"{""source"": ""xgb_user_item""}"
110,100136079282,xgb_user_item_v2,0.9652594923973083,3,"{""source"": ""xgb_user_item""}"
110,13065559672,xgb_user_item_v2,0.9555862545967102,4,"{""source"": ""xgb_user_item""}"
110,100154268303,xgb_user_item_v2,0.9500885009765625,5,"{""source"": ""xgb_user_item""}"
110,100009013165,xgb_user_item_v2,0.9468953013420105,6,"{""source"": ""xgb_user_item""}"
110,4246911,xgb_user_item_v2,0.938510537147522,7,"{""source"": ""xgb_user_item""}"
110,100111748405,xgb_user_item_v2,0.9165986180305481,8,"{""source"": ""xgb_user_item""}"
110,100249994404,xgb_user_item_v2,0.914801299571991,9,"{""source"": ""xgb_user_item""}"
110,100114512933,xgb_user_item_v2,0.8892315626144409,10,"{""source"": ""xgb_user_item""}"
110,100002187045,xgb_user_item_v2,0.7935611605644226,11,"{""source"": ""xgb_user_item""}"
110,69673075023,xgb_user_item_v2,0.769901692867279,12,"{""source"": ""xgb_user_item""}"
110,3197317,xgb_user_item_v2,0.7668659687042236,13,"{""source"": ""xgb_user_item""}"
110,100216501267,xgb_user_item_v2,0.7541028261184692,14,"{""source"": ""xgb_user_item""}"
110,3409140,xgb_user_item_v2,0.7533186078071594,15,"{""source"": ""xgb_user_item""}"
110,100059257824,xgb_user_item_v2,0.7494468688964844,16,"{""source"": ""xgb_user_item""}"
110,4246893,xgb_user_item_v2,0.7467117309570312,17,"{""source"": ""xgb_user_item""}"
110,10098656892439,xgb_user_item_v2,0.7436744570732117,18,"{""source"": ""xgb_user_item""}"
110,10121602694516,xgb_user_item_v2,0.7425827383995056,19,"{""source"": ""xgb_user_item""}"
110,100230694872,xgb_user_item_v2,0.6435881853103638,20,"{""source"": ""xgb_user_item""}"
111,100017016045,xgb_user_item_v2,0.9789376854896545,1,"{""source"": ""xgb_user_item""}"
111,10042124137320,xgb_user_item_v2,0.9697596430778503,2,"{""source"": ""xgb_user_item""}"
111,100114512933,xgb_user_item_v2,0.9255422949790955,3,"{""source"": ""xgb_user_item""}"
111,100008164593,xgb_user_item_v2,0.9240246415138245,4,"{""source"": ""xgb_user_item""}"
111,100064200322,xgb_user_item_v2,0.9057914614677429,5,"{""source"": ""xgb_user_item""}"
111,69673075023,xgb_user_item_v2,0.9019779562950134,6,"{""source"": ""xgb_user_item""}"
111,10098681688567,xgb_user_item_v2,0.9014196991920471,7,"{""source"": ""xgb_user_item""}"
111,100171913423,xgb_user_item_v2,0.8726850152015686,8,"{""source"": ""xgb_user_item""}"
111,100008149331,xgb_user_item_v2,0.8440901041030884,9,"{""source"": ""xgb_user_item""}"
111,100002187047,xgb_user_item_v2,0.811829149723053,10,"{""source"": ""xgb_user_item""}"
111,100203043497,xgb_user_item_v2,0.8020992279052734,11,"{""source"": ""xgb_user_item""}"
111,100230260134,xgb_user_item_v2,0.8003807067871094,12,"{""source"": ""xgb_user_item""}"
111,100080216960,xgb_user_item_v2,0.7977595925331116,13,"{""source"": ""xgb_user_item""}"
111,100010609721,xgb_user_item_v2,0.7867515683174133,14,"{""source"": ""xgb_user_item""}"
111,100021518453,xgb_user_item_v2,0.7837189435958862,15,"{""source"": ""xgb_user_item""}"
111,100098831534,xgb_user_item_v2,0.7820454835891724,16,"{""source"": ""xgb_user_item""}"
111,100062064085,xgb_user_item_v2,0.7510247230529785,17,"{""source"": ""xgb_user_item""}"
111,100203000971,xgb_user_item_v2,0.7096300721168518,18,"{""source"": ""xgb_user_item""}"
111,13065559672,xgb_user_item_v2,0.6911109685897827,19,"{""source"": ""xgb_user_item""}"
111,10037128752741,xgb_user_item_v2,0.6775847673416138,20,"{""source"": ""xgb_user_item""}"
112,100019031805,xgb_user_item_v2,0.9856573343276978,1,"{""source"": ""xgb_user_item""}"
112,5475198,xgb_user_item_v2,0.967322826385498,2,"{""source"": ""xgb_user_item""}"
112,100136079282,xgb_user_item_v2,0.9652594923973083,3,"{""source"": ""xgb_user_item""}"
112,13065559672,xgb_user_item_v2,0.9555862545967102,4,"{""source"": ""xgb_user_item""}"
112,100154268303,xgb_user_item_v2,0.9500885009765625,5,"{""source"": ""xgb_user_item""}"
112,100009013165,xgb_user_item_v2,0.9468953013420105,6,"{""source"": ""xgb_user_item""}"
112,4246911,xgb_user_item_v2,0.938510537147522,7,"{""source"": ""xgb_user_item""}"
112,100111748405,xgb_user_item_v2,0.9165986180305481,8,"{""source"": ""xgb_user_item""}"
112,100249994404,xgb_user_item_v2,0.914801299571991,9,"{""source"": ""xgb_user_item""}"
112,100114512933,xgb_user_item_v2,0.8892315626144409,10,"{""source"": ""xgb_user_item""}"
112,100002187045,xgb_user_item_v2,0.7935611605644226,11,"{""source"": ""xgb_user_item""}"
112,69673075023,xgb_user_item_v2,0.769901692867279,12,"{""source"": ""xgb_user_item""}"
112,3197317,xgb_user_item_v2,0.7668659687042236,13,"{""source"": ""xgb_user_item""}"
112,100216501267,xgb_user_item_v2,0.7541028261184692,14,"{""source"": ""xgb_user_item""}"
112,3409140,xgb_user_item_v2,0.7533186078071594,15,"{""source"": ""xgb_user_item""}"
112,100059257824,xgb_user_item_v2,0.7494468688964844,16,"{""source"": ""xgb_user_item""}"
112,4246893,xgb_user_item_v2,0.7467117309570312,17,"{""source"": ""xgb_user_item""}"
112,10098656892439,xgb_user_item_v2,0.7436744570732117,18,"{""source"": ""xgb_user_item""}"
112,10121602694516,xgb_user_item_v2,0.7425827383995056,19,"{""source"": ""xgb_user_item""}"
112,100230694872,xgb_user_item_v2,0.6435881853103638,20,"{""source"": ""xgb_user_item""}"
113,100114512933,xgb_user_item_v2,0.9848139882087708,1,"{""source"": ""xgb_user_item""}"
113,4246911,xgb_user_item_v2,0.9843044877052307,2,"{""source"": ""xgb_user_item""}"
113,10042124137320,xgb_user_item_v2,0.9803528785705566,3,"{""source"": ""xgb_user_item""}"
113,11819155539,xgb_user_item_v2,0.9767589569091797,4,"{""source"": ""xgb_user_item""}"
113,100154268303,xgb_user_item_v2,0.9754044413566589,5,"{""source"": ""xgb_user_item""}"
113,13065559672,xgb_user_item_v2,0.9742088913917542,6,"{""source"": ""xgb_user_item""}"
113,100008164593,xgb_user_item_v2,0.9701864123344421,7,"{""source"": ""xgb_user_item""}"
113,100195732408,xgb_user_item_v2,0.953932523727417,8,"{""source"": ""xgb_user_item""}"
113,100112272948,xgb_user_item_v2,0.9493758082389832,9,"{""source"": ""xgb_user_item""}"
113,100019031805,xgb_user_item_v2,0.9406836032867432,10,"{""source"": ""xgb_user_item""}"
113,10070360840507,xgb_user_item_v2,0.9383029937744141,11,"{""source"": ""xgb_user_item""}"
113,1682006,xgb_user_item_v2,0.9330088496208191,12,"{""source"": ""xgb_user_item""}"
113,100059911987,xgb_user_item_v2,0.9254322052001953,13,"{""source"": ""xgb_user_item""}"
113,10121602694516,xgb_user_item_v2,0.9242874979972839,14,"{""source"": ""xgb_user_item""}"
113,100115256936,xgb_user_item_v2,0.9114986658096313,15,"{""source"": ""xgb_user_item""}"
113,100151315926,xgb_user_item_v2,0.8915016651153564,16,"{""source"": ""xgb_user_item""}"
113,100071138925,xgb_user_item_v2,0.8887361288070679,17,"{""source"": ""xgb_user_item""}"
113,71577466395,xgb_user_item_v2,0.8619879484176636,18,"{""source"": ""xgb_user_item""}"
113,100215876924,xgb_user_item_v2,0.8569673895835876,19,"{""source"": ""xgb_user_item""}"
113,100000987566,xgb_user_item_v2,0.849833607673645,20,"{""source"": ""xgb_user_item""}"
114,100154268303,xgb_user_item_v2,0.9849095940589905,1,"{""source"": ""xgb_user_item""}"
114,4246911,xgb_user_item_v2,0.9846836924552917,2,"{""source"": ""xgb_user_item""}"
114,100019031805,xgb_user_item_v2,0.9839275479316711,3,"{""source"": ""xgb_user_item""}"
114,100114512933,xgb_user_item_v2,0.9692674875259399,4,"{""source"": ""xgb_user_item""}"
114,100136079282,xgb_user_item_v2,0.9537902474403381,5,"{""source"": ""xgb_user_item""}"
114,100111748405,xgb_user_item_v2,0.9524897933006287,6,"{""source"": ""xgb_user_item""}"
114,100009013165,xgb_user_item_v2,0.9406123757362366,7,"{""source"": ""xgb_user_item""}"
114,11819155539,xgb_user_item_v2,0.9366214275360107,8,"{""source"": ""xgb_user_item""}"
114,100136079284,xgb_user_item_v2,0.9159910678863525,9,"{""source"": ""xgb_user_item""}"
114,5475198,xgb_user_item_v2,0.8893188834190369,10,"{""source"": ""xgb_user_item""}"
114,10192694267563,xgb_user_item_v2,0.8468969464302063,11,"{""source"": ""xgb_user_item""}"
114,4246893,xgb_user_item_v2,0.8408724069595337,12,"{""source"": ""xgb_user_item""}"
114,69673075023,xgb_user_item_v2,0.8362259268760681,13,"{""source"": ""xgb_user_item""}"
114,10037128752741,xgb_user_item_v2,0.8016284704208374,14,"{""source"": ""xgb_user_item""}"
114,100268823874,xgb_user_item_v2,0.7998185157775879,15,"{""source"": ""xgb_user_item""}"
114,100008164593,xgb_user_item_v2,0.7889189720153809,16,"{""source"": ""xgb_user_item""}"
114,100195732408,xgb_user_item_v2,0.7882734537124634,17,"{""source"": ""xgb_user_item""}"
114,10087901051820,xgb_user_item_v2,0.7751441597938538,18,"{""source"": ""xgb_user_item""}"
114,100230694872,xgb_user_item_v2,0.7465931177139282,19,"{""source"": ""xgb_user_item""}"
114,13065559672,xgb_user_item_v2,0.7236453294754028,20,"{""source"": ""xgb_user_item""}"
115,100114512933,xgb_user_item_v2,0.9848139882087708,1,"{""source"": ""xgb_user_item""}"
115,4246911,xgb_user_item_v2,0.9843044877052307,2,"{""source"": ""xgb_user_item""}"
115,10042124137320,xgb_user_item_v2,0.9803528785705566,3,"{""source"": ""xgb_user_item""}"
115,11819155539,xgb_user_item_v2,0.9767589569091797,4,"{""source"": ""xgb_user_item""}"
115,100154268303,xgb_user_item_v2,0.9754044413566589,5,"{""source"": ""xgb_user_item""}"
115,13065559672,xgb_user_item_v2,0.9742088913917542,6,"{""source"": ""xgb_user_item""}"
115,100008164593,xgb_user_item_v2,0.9701864123344421,7,"{""source"": ""xgb_user_item""}"
115,100195732408,xgb_user_item_v2,0.953932523727417,8,"{""source"": ""xgb_user_item""}"
115,100112272948,xgb_user_item_v2,0.9493758082389832,9,"{""source"": ""xgb_user_item""}"
115,100019031805,xgb_user_item_v2,0.9406836032867432,10,"{""source"": ""xgb_user_item""}"
115,10070360840507,xgb_user_item_v2,0.9383029937744141,11,"{""source"": ""xgb_user_item""}"
115,1682006,xgb_user_item_v2,0.9330088496208191,12,"{""source"": ""xgb_user_item""}"
115,100059911987,xgb_user_item_v2,0.9254322052001953,13,"{""source"": ""xgb_user_item""}"
115,10121602694516,xgb_user_item_v2,0.9242874979972839,14,"{""source"": ""xgb_user_item""}"
115,100115256936,xgb_user_item_v2,0.9114986658096313,15,"{""source"": ""xgb_user_item""}"
115,100151315926,xgb_user_item_v2,0.8915016651153564,16,"{""source"": ""xgb_user_item""}"
115,100071138925,xgb_user_item_v2,0.8887361288070679,17,"{""source"": ""xgb_user_item""}"
115,71577466395,xgb_user_item_v2,0.8619879484176636,18,"{""source"": ""xgb_user_item""}"
115,100215876924,xgb_user_item_v2,0.8569673895835876,19,"{""source"": ""xgb_user_item""}"
115,100000987566,xgb_user_item_v2,0.849833607673645,20,"{""source"": ""xgb_user_item""}"
116,100154268303,xgb_user_item_v2,0.9849095940589905,1,"{""source"": ""xgb_user_item""}"
116,4246911,xgb_user_item_v2,0.9846836924552917,2,"{""source"": ""xgb_user_item""}"
116,100019031805,xgb_user_item_v2,0.9839275479316711,3,"{""source"": ""xgb_user_item""}"
116,100114512933,xgb_user_item_v2,0.9692674875259399,4,"{""source"": ""xgb_user_item""}"
116,100136079282,xgb_user_item_v2,0.9537902474403381,5,"{""source"": ""xgb_user_item""}"
116,100111748405,xgb_user_item_v2,0.9524897933006287,6,"{""source"": ""xgb_user_item""}"
116,100009013165,xgb_user_item_v2,0.9406123757362366,7,"{""source"": ""xgb_user_item""}"
116,11819155539,xgb_user_item_v2,0.9366214275360107,8,"{""source"": ""xgb_user_item""}"
116,100136079284,xgb_user_item_v2,0.9159910678863525,9,"{""source"": ""xgb_user_item""}"
116,5475198,xgb_user_item_v2,0.8893188834190369,10,"{""source"": ""xgb_user_item""}"
116,10192694267563,xgb_user_item_v2,0.8468969464302063,11,"{""source"": ""xgb_user_item""}"
116,4246893,xgb_user_item_v2,0.8408724069595337,12,"{""source"": ""xgb_user_item""}"
116,69673075023,xgb_user_item_v2,0.8362259268760681,13,"{""source"": ""xgb_user_item""}"
116,10037128752741,xgb_user_item_v2,0.8016284704208374,14,"{""source"": ""xgb_user_item""}"
116,100268823874,xgb_user_item_v2,0.7998185157775879,15,"{""source"": ""xgb_user_item""}"
116,100008164593,xgb_user_item_v2,0.7889189720153809,16,"{""source"": ""xgb_user_item""}"
116,100195732408,xgb_user_item_v2,0.7882734537124634,17,"{""source"": ""xgb_user_item""}"
116,10087901051820,xgb_user_item_v2,0.7751441597938538,18,"{""source"": ""xgb_user_item""}"
116,100230694872,xgb_user_item_v2,0.7465931177139282,19,"{""source"": ""xgb_user_item""}"
116,13065559672,xgb_user_item_v2,0.7236453294754028,20,"{""source"": ""xgb_user_item""}"
117,100017016045,xgb_user_item_v2,0.9571694135665894,1,"{""source"": ""xgb_user_item""}"
117,10098681688567,xgb_user_item_v2,0.9528220295906067,2,"{""source"": ""xgb_user_item""}"
117,5475198,xgb_user_item_v2,0.9075139760971069,3,"{""source"": ""xgb_user_item""}"
117,100203000971,xgb_user_item_v2,0.8562057018280029,4,"{""source"": ""xgb_user_item""}"
117,3409140,xgb_user_item_v2,0.8480225205421448,5,"{""source"": ""xgb_user_item""}"
117,100111748405,xgb_user_item_v2,0.8030813336372375,6,"{""source"": ""xgb_user_item""}"
117,100070794980,xgb_user_item_v2,0.8027476072311401,7,"{""source"": ""xgb_user_item""}"
117,11819155539,xgb_user_item_v2,0.8023661375045776,8,"{""source"": ""xgb_user_item""}"
117,100002187047,xgb_user_item_v2,0.7876372933387756,9,"{""source"": ""xgb_user_item""}"
117,10042124137320,xgb_user_item_v2,0.7307549715042114,10,"{""source"": ""xgb_user_item""}"
117,10037128752741,xgb_user_item_v2,0.6864814162254333,11,"{""source"": ""xgb_user_item""}"
117,100114512933,xgb_user_item_v2,0.6755730509757996,12,"{""source"": ""xgb_user_item""}"
117,4246893,xgb_user_item_v2,0.6740663051605225,13,"{""source"": ""xgb_user_item""}"
117,69673075023,xgb_user_item_v2,0.6719329357147217,14,"{""source"": ""xgb_user_item""}"
117,100136079282,xgb_user_item_v2,0.6701824069023132,15,"{""source"": ""xgb_user_item""}"
117,10087901051820,xgb_user_item_v2,0.669954240322113,16,"{""source"": ""xgb_user_item""}"
117,13065559672,xgb_user_item_v2,0.6285393238067627,17,"{""source"": ""xgb_user_item""}"
117,100064200322,xgb_user_item_v2,0.5977714657783508,18,"{""source"": ""xgb_user_item""}"
117,100008164593,xgb_user_item_v2,0.589329183101654,19,"{""source"": ""xgb_user_item""}"
117,100288929442,xgb_user_item_v2,0.5862635970115662,20,"{""source"": ""xgb_user_item""}"
118,100019031805,xgb_user_item_v2,0.9856573343276978,1,"{""source"": ""xgb_user_item""}"
118,5475198,xgb_user_item_v2,0.967322826385498,2,"{""source"": ""xgb_user_item""}"
118,100136079282,xgb_user_item_v2,0.9652594923973083,3,"{""source"": ""xgb_user_item""}"
118,13065559672,xgb_user_item_v2,0.9555862545967102,4,"{""source"": ""xgb_user_item""}"
118,100154268303,xgb_user_item_v2,0.9500885009765625,5,"{""source"": ""xgb_user_item""}"
118,100009013165,xgb_user_item_v2,0.9468953013420105,6,"{""source"": ""xgb_user_item""}"
118,4246911,xgb_user_item_v2,0.938510537147522,7,"{""source"": ""xgb_user_item""}"
118,100111748405,xgb_user_item_v2,0.9165986180305481,8,"{""source"": ""xgb_user_item""}"
118,100249994404,xgb_user_item_v2,0.914801299571991,9,"{""source"": ""xgb_user_item""}"
118,100114512933,xgb_user_item_v2,0.8892315626144409,10,"{""source"": ""xgb_user_item""}"
118,100002187045,xgb_user_item_v2,0.7935611605644226,11,"{""source"": ""xgb_user_item""}"
118,69673075023,xgb_user_item_v2,0.769901692867279,12,"{""source"": ""xgb_user_item""}"
118,3197317,xgb_user_item_v2,0.7668659687042236,13,"{""source"": ""xgb_user_item""}"
118,100216501267,xgb_user_item_v2,0.7541028261184692,14,"{""source"": ""xgb_user_item""}"
118,3409140,xgb_user_item_v2,0.7533186078071594,15,"{""source"": ""xgb_user_item""}"
118,100059257824,xgb_user_item_v2,0.7494468688964844,16,"{""source"": ""xgb_user_item""}"
118,4246893,xgb_user_item_v2,0.7467117309570312,17,"{""source"": ""xgb_user_item""}"
118,10098656892439,xgb_user_item_v2,0.7436744570732117,18,"{""source"": ""xgb_user_item""}"
118,10121602694516,xgb_user_item_v2,0.7425827383995056,19,"{""source"": ""xgb_user_item""}"
118,100230694872,xgb_user_item_v2,0.6435881853103638,20,"{""source"": ""xgb_user_item""}"
119,100154268303,xgb_user_item_v2,0.9849095940589905,1,"{""source"": ""xgb_user_item""}"
119,4246911,xgb_user_item_v2,0.9846836924552917,2,"{""source"": ""xgb_user_item""}"
119,100019031805,xgb_user_item_v2,0.9839275479316711,3,"{""source"": ""xgb_user_item""}"
119,100114512933,xgb_user_item_v2,0.9692674875259399,4,"{""source"": ""xgb_user_item""}"
119,100136079282,xgb_user_item_v2,0.9537902474403381,5,"{""source"": ""xgb_user_item""}"
119,100111748405,xgb_user_item_v2,0.9524897933006287,6,"{""source"": ""xgb_user_item""}"
119,100009013165,xgb_user_item_v2,0.9406123757362366,7,"{""source"": ""xgb_user_item""}"
119,11819155539,xgb_user_item_v2,0.9366214275360107,8,"{""source"": ""xgb_user_item""}"
119,100136079284,xgb_user_item_v2,0.9159910678863525,9,"{""source"": ""xgb_user_item""}"
119,5475198,xgb_user_item_v2,0.8893188834190369,10,"{""source"": ""xgb_user_item""}"
119,10192694267563,xgb_user_item_v2,0.8468969464302063,11,"{""source"": ""xgb_user_item""}"
119,4246893,xgb_user_item_v2,0.8408724069595337,12,"{""source"": ""xgb_user_item""}"
119,69673075023,xgb_user_item_v2,0.8362259268760681,13,"{""source"": ""xgb_user_item""}"
119,10037128752741,xgb_user_item_v2,0.8016284704208374,14,"{""source"": ""xgb_user_item""}"
119,100268823874,xgb_user_item_v2,0.7998185157775879,15,"{""source"": ""xgb_user_item""}"
119,100008164593,xgb_user_item_v2,0.7889189720153809,16,"{""source"": ""xgb_user_item""}"
119,100195732408,xgb_user_item_v2,0.7882734537124634,17,"{""source"": ""xgb_user_item""}"
119,10087901051820,xgb_user_item_v2,0.7751441597938538,18,"{""source"": ""xgb_user_item""}"
119,100230694872,xgb_user_item_v2,0.7465931177139282,19,"{""source"": ""xgb_user_item""}"
119,13065559672,xgb_user_item_v2,0.7236453294754028,20,"{""source"": ""xgb_user_item""}"
120,4246911,xgb_user_item_v2,0.9883348941802979,1,"{""source"": ""xgb_user_item""}"
120,100114512933,xgb_user_item_v2,0.9693878889083862,2,"{""source"": ""xgb_user_item""}"
120,100019031805,xgb_user_item_v2,0.968346118927002,3,"{""source"": ""xgb_user_item""}"
120,100154268303,xgb_user_item_v2,0.9536792039871216,4,"{""source"": ""xgb_user_item""}"
120,10042124137320,xgb_user_item_v2,0.9372841715812683,5,"{""source"": ""xgb_user_item""}"
120,100008164593,xgb_user_item_v2,0.9343655705451965,6,"{""source"": ""xgb_user_item""}"
120,11819155539,xgb_user_item_v2,0.9338890314102173,7,"{""source"": ""xgb_user_item""}"
120,13065559672,xgb_user_item_v2,0.9192721247673035,8,"{""source"": ""xgb_user_item""}"
120,100021518453,xgb_user_item_v2,0.9081350564956665,9,"{""source"": ""xgb_user_item""}"
120,71577466395,xgb_user_item_v2,0.8676489591598511,10,"{""source"": ""xgb_user_item""}"
120,3627320,xgb_user_item_v2,0.865187406539917,11,"{""source"": ""xgb_user_item""}"
120,100215876924,xgb_user_item_v2,0.8414113521575928,12,"{""source"": ""xgb_user_item""}"
120,100064200322,xgb_user_item_v2,0.8322393298149109,13,"{""source"": ""xgb_user_item""}"
120,10121602694516,xgb_user_item_v2,0.8318934440612793,14,"{""source"": ""xgb_user_item""}"
120,1682006,xgb_user_item_v2,0.8296080827713013,15,"{""source"": ""xgb_user_item""}"
120,100112272948,xgb_user_item_v2,0.8275974988937378,16,"{""source"": ""xgb_user_item""}"
120,100195732408,xgb_user_item_v2,0.7957667708396912,17,"{""source"": ""xgb_user_item""}"
120,100136079284,xgb_user_item_v2,0.7249158620834351,18,"{""source"": ""xgb_user_item""}"
120,100012706282,xgb_user_item_v2,0.7241889834403992,19,"{""source"": ""xgb_user_item""}"
120,100002187047,xgb_user_item_v2,0.7080633640289307,20,"{""source"": ""xgb_user_item""}"
