product_id,category,review_cnt,avg_text_len,positive_rate,negative_rate,sentiment_中评_rate,sentiment_好评_rate,sentiment_差评_rate,intent_价格优惠_rate,intent_售后退换_rate,intent_商品反馈_rate,intent_商品咨询_rate,intent_喂养咨询_rate,intent_未知意图_rate,intent_物流发货_rate,bert_pca_0,bert_pca_1,bert_pca_2,bert_pca_3,bert_pca_4,bert_pca_5,bert_pca_6,bert_pca_7,bert_pca_8,bert_pca_9,bert_pca_10,bert_pca_11,bert_pca_12,bert_pca_13,bert_pca_14,bert_pca_15,bert_pca_16,bert_pca_17,bert_pca_18,bert_pca_19,bert_pca_20,bert_pca_21,bert_pca_22,bert_pca_23,bert_pca_24,bert_pca_25,bert_pca_26,bert_pca_27,bert_pca_28,bert_pca_29,bert_pca_30,bert_pca_31,bert_pca_32,bert_pca_33,bert_pca_34,bert_pca_35,bert_pca_36,bert_pca_37,bert_pca_38,bert_pca_39,bert_pca_40,bert_pca_41,bert_pca_42,bert_pca_43,bert_pca_44,bert_pca_45,bert_pca_46,bert_pca_47,bert_pca_48,bert_pca_49,bert_pca_50,bert_pca_51,bert_pca_52,bert_pca_53,bert_pca_54,bert_pca_55,bert_pca_56,bert_pca_57,bert_pca_58,bert_pca_59,bert_pca_60,bert_pca_61,bert_pca_62,bert_pca_63
1681975,cat_food,8,28.5,0.125,0.0,0.5,0.375,0.125,0.25,0.0,0.0,0.5,0.125,0.0,0.125,1.25041,-2.1305459,-0.70683557,3.3343322,0.6711474,-0.4364611,-0.4899428,-0.4620884,-0.1433634,-0.8526844,0.37501532,-0.1459257,-0.8105293,-0.009469379,-1.0032637,0.74911535,0.33538544,1.6325011,-0.13740242,0.42273098,-0.6045625,-0.1367284,-0.1729556,-0.41768032,-0.37866867,-0.15515254,0.09328853,-0.01900354,0.006434366,0.39084756,-0.06713131,0.015364882,-0.24590504,-0.16943067,0.47265768,0.10934039,-0.06236846,0.015888318,-0.27504337,0.19394371,-0.44265357,-0.23353332,0.052441034,0.08251062,-0.12143124,0.34301394,-0.0552303,0.23676673,-0.25506595,-0.31090343,0.1701015,-0.115072384,0.2717036,-0.3899951,-0.09778587,0.015397428,0.16646358,-0.026790675,0.24531582,0.32505235,0.2090885,0.07380968,0.11818159,0.030580208
1682006,cat_food,28,38.642857142857146,0.2142857142857142,0.3571428571428571,0.3571428571428571,0.25,0.3928571428571428,0.1071428571428571,0.0357142857142857,0.0,0.5,0.1428571428571428,0.0,0.2142857142857142,1.5823656,-0.5617647,-0.8722293,0.36498627,0.5342467,-0.28316665,0.07943975,0.21324538,0.08997323,0.28572088,0.522203,-0.4883359,-0.649319,0.04975095,-0.27272937,-0.23717496,0.0052668387,0.10890386,-0.22532313,0.63273525,-0.29101512,-0.31839737,-0.012540206,0.08572311,-0.3245794,-0.37534744,0.2490886,-0.04152578,-0.34702906,-0.10649276,0.12859368,-0.13411342,0.060545016,-0.19910292,0.12414806,-0.19000901,-0.01388907,0.41203505,-0.08930702,-0.2046902,-0.07612324,-0.32251385,-0.1303028,-0.19284317,0.0065866685,0.14861801,-0.10631515,-0.035501897,-0.03855164,-0.0659344,-0.19858302,0.0019176496,-0.076548256,-0.01133274,0.06194678,-0.08031867,0.1400528,-0.086783655,0.14732507,-0.05972535,0.08634467,-0.10890298,0.015870279,-0.0057903016
3197317,dog_food,40,46.225,0.225,0.425,0.325,0.25,0.425,0.175,0.15,0.0,0.375,0.1,0.0,0.2,1.3791723,1.3046346,-1.7451582,-0.5759517,0.5460396,0.5091531,-0.6341453,-0.43472856,0.04691106,0.007217319,-0.52543783,0.3917762,0.26429957,0.23702344,0.42718172,-0.13254263,-0.25272804,0.15159824,0.006146734,0.0071507916,0.123509005,-0.13423726,-0.39920643,-0.21091683,0.11219406,0.21305248,0.3717628,0.08783958,-0.059880983,-0.054133426,-0.25778192,-0.04080711,-0.07516202,-0.2694963,-0.1896325,-0.15490863,-0.13313678,0.16725491,-0.1032506,-0.036949083,-0.007890954,-0.17819554,-0.0012653269,0.06973101,-0.14460096,0.111549996,0.074381456,0.11821605,-0.017848853,0.06402297,-0.10672222,0.20466891,-0.03762668,-0.12889636,-0.124132015,-0.057148356,-0.009881374,0.06429121,0.010248114,0.17511067,-0.098191224,0.016234402,0.024018068,0.028596044
3197421,dog_food,16,56.5,0.0625,0.6875,0.25,0.0625,0.6875,0.0,0.0625,0.0,0.6875,0.0,0.0,0.25,1.9226243,-0.08341111,-3.3977187,-0.34400883,-0.35449517,0.56811243,0.01645014,-0.22513458,-0.0592781,0.8128136,-0.1542213,0.5875983,0.10245065,0.17889261,0.7201492,-0.22133599,-0.2059162,-0.11294602,-0.3324592,-0.28736678,-0.11523245,-0.04514865,-0.017154004,-0.29163542,-0.08115814,0.27185965,0.48924425,-0.26933485,-0.10057474,-0.11794979,-0.18721673,-0.48149368,-0.044540763,0.017812207,0.09733904,0.0630516,-0.10777933,0.2850099,0.15588117,-0.0033008568,0.32678434,-0.12579155,-0.113803655,0.022061616,-0.023800556,0.03257028,0.022391547,0.07456411,-0.2209546,-0.054642152,-0.08907125,0.25732186,0.22493532,-0.007951008,0.011546612,0.12529254,-0.023087218,0.11132909,0.14251892,0.1378353,-0.24354501,-0.20668605,0.20458291,0.087322146
3197429,dog_food,23,36.60869565217392,0.0869565217391304,0.5652173913043478,0.217391304347826,0.1304347826086956,0.6521739130434783,0.0434782608695652,0.1304347826086956,0.0,0.6086956521739131,0.1739130434782608,0.0,0.0434782608695652,2.5913763,0.6354946,-2.4150426,0.2845457,0.1271045,-0.75498915,-0.6329661,-0.86129344,-0.12051638,0.7312563,-0.7527589,0.25592992,-0.1614544,0.6206743,1.045626,-0.2005379,-0.4275628,0.18393251,-0.08623446,-0.27449027,-0.08257938,0.20311119,-0.051129736,-0.4931818,-0.023107965,0.29025006,-0.047394842,0.11925298,0.1650076,0.044661712,-0.21920963,-0.27480182,0.24183717,0.054286703,-0.23907533,0.3003592,-0.11108247,0.16492005,-0.092456155,-0.27964228,0.050585307,-0.09596519,-0.22285642,0.007537142,0.06716114,-0.075792015,0.07220093,0.22788705,0.23157926,0.07458144,-0.14908345,0.17607287,0.13690977,-0.030398631,-0.1329553,0.22972828,0.06087216,-0.132173,-0.13641272,0.11328896,0.08192863,0.21502346,-0.024501173,0.17672826
3409140,cat_food,24,35.25,0.2916666666666667,0.4583333333333333,0.2083333333333333,0.2916666666666667,0.5,0.2083333333333333,0.0,0.0,0.625,0.0833333333333333,0.0,0.0833333333333333,1.0111567,-0.5908622,-0.32952654,-0.16492148,0.5485006,0.27496144,0.030380353,0.2011172,0.26052633,0.13610262,-0.20040299,0.062319946,-0.599876,0.5678101,-0.6170866,-0.09831613,0.005246077,0.36252406,0.5094601,0.19423638,-0.04969618,-0.29849705,0.21115492,0.13481532,-0.05342844,-0.27309105,0.039331455,-0.097075365,-0.4479886,0.2106676,0.015825877,-0.26541966,0.3355384,0.06842693,-0.04132352,-0.33676112,0.121335566,0.1927005,-0.082579374,-0.06317934,0.12545474,-0.10770401,-0.2833961,-0.15391427,-0.2355312,0.04865386,0.1151062,0.0749103,-0.15120724,-0.043529674,-0.07063022,0.12219196,0.17630172,-0.0990518,0.31350687,-0.08896921,0.052274555,-0.17463608,-0.07307348,0.031080237,-0.044798072,-0.14834233,-0.13662247,0.08355013
3409144,cat_food,8,22.625,0.0,0.625,0.375,0.0,0.625,0.125,0.0,0.0,0.875,0.0,0.0,0.0,3.0328429,-1.0970811,-0.16087908,0.69003624,0.9843247,0.31009412,0.4839897,1.1161414,0.0983945,0.32503983,-0.12434423,-0.30342788,-0.7232144,-0.6051531,-0.42674527,-1.273795,-0.14678572,0.6376276,-0.22457524,-0.052976385,0.09869228,-0.66774464,0.037621595,0.43536943,0.2590889,0.7556798,0.27937508,-0.48771006,-0.42438036,0.2868332,-0.0022203103,-0.026457492,0.23815289,0.054595098,-0.14330049,0.3341381,-0.43464434,-0.43818384,0.22958493,-0.41677713,-0.1221292,0.2731374,0.7798717,0.048580818,0.2323903,0.090153255,0.07530336,-0.20894106,-0.12289113,0.11157207,-0.423088,0.29722664,0.18409748,0.24759072,0.06583818,-0.08091394,-0.1576321,-0.26704147,0.2484001,-0.027903818,-0.102151945,-0.21470718,-0.12988266,-0.20468044
3627132,dog_food,23,58.52173913043478,0.4347826086956521,0.217391304347826,0.1739130434782608,0.5652173913043478,0.2608695652173913,0.217391304347826,0.0869565217391304,0.0434782608695652,0.391304347826087,0.1304347826086956,0.0,0.1304347826086956,-0.49942684,-0.55562,-0.38602108,-0.30312878,1.2292894,0.16003563,-0.054773785,-0.1601377,-0.16378793,0.7048039,0.07978322,-0.84473413,0.015909752,-0.40290776,0.6278089,0.7470097,-0.40366837,0.0014897274,-0.20589735,0.31909832,0.1515436,-0.058839574,-0.06339778,-0.26374942,0.018475424,-0.14638391,0.4043541,0.15028583,0.2661744,0.052098576,-0.03135208,0.20221716,-0.1737554,0.027613496,-0.01375402,-0.2219859,0.034244217,-0.0019685107,0.16690269,0.018828498,-0.10487853,0.058429003,-0.0052374513,0.34090295,-0.15191214,0.12013607,0.018199468,-0.035123337,0.018722078,0.0030556216,0.024679983,0.21135165,-0.09625969,0.010059468,-0.0063251522,0.054196995,0.036419768,-0.08915558,0.20460941,-0.068147406,0.06279397,-0.15588373,-0.08246409,0.06022922
3627320,dog_food,48,43.333333333333336,0.25,0.4375,0.2291666666666666,0.2916666666666667,0.4791666666666667,0.1041666666666666,0.0625,0.0208333333333333,0.5833333333333334,0.1458333333333333,0.0,0.0833333333333333,1.2342451,-0.5191367,-0.9800542,0.18630894,0.85834837,-0.2631032,0.04469608,-0.53685707,0.32383537,0.5339833,-0.32650924,-0.4976165,0.3315826,0.21319373,0.24251954,0.42948696,-0.14440845,0.04281706,-0.22316766,-0.05627499,0.12614821,-0.35644493,-0.037826534,0.039983414,0.022825962,0.27189603,0.5088175,-0.048729982,0.0093628755,-0.06460697,-0.1067783,-0.04760321,0.04557867,0.10735916,-0.24456601,0.20794903,-0.109062225,0.10477254,-0.059451748,-0.14281856,0.11060211,-0.079588056,-0.07732602,-0.03465588,0.06054899,0.021803549,0.008871277,-0.0898346,0.0939103,-0.020010404,0.0021054216,0.08199057,-0.12271092,0.13746728,0.0023554433,0.17233412,0.044785928,-0.15438233,0.1263073,-0.02512378,0.051270172,-0.08990239,-0.24351369,0.044140548
4246893,pet_product,21,27.09523809523809,0.238095238095238,0.3809523809523809,0.3333333333333333,0.2857142857142857,0.3809523809523809,0.0952380952380952,0.1428571428571428,0.0952380952380952,0.6666666666666666,0.0,0.0,0.0,3.3135943,-0.40101886,0.10924593,0.82347786,0.14742982,0.34232038,1.1118902,-0.3045283,0.32025608,0.24901602,0.15356159,1.0991253,0.49426475,0.16012649,0.983578,0.63237315,0.16432741,0.120938085,0.35732242,0.17867528,0.7366613,-0.08858552,-0.6864965,-0.43250602,0.10530691,-0.48933965,0.39953083,-0.34245506,0.1169905,0.08415462,0.27429157,0.27016932,-0.03527326,-0.30315736,-0.079638354,-0.06375162,-0.15517077,0.06765598,-0.052213628,0.1653231,-0.12529118,0.15183236,0.07795729,-0.32403302,-0.103470735,0.07712102,0.249633,0.21753949,0.26272807,-0.17349923,-0.3978757,-0.05310859,0.13879135,0.09119571,0.03241763,0.12060391,-0.09884368,0.075892724,-0.062419567,0.0062650186,0.14481518,0.057078406,-0.19303052,0.10945016
4246911,pet_product,55,23.036363636363635,0.1454545454545454,0.5272727272727272,0.3272727272727272,0.1454545454545454,0.5272727272727272,0.0363636363636363,0.2,0.0545454545454545,0.6181818181818182,0.0,0.0,0.0909090909090909,4.2321405,0.70297223,0.4979818,0.9205308,-0.75440353,0.1077471,1.1399823,-0.3929384,0.11751161,0.5022705,-0.55112606,0.7677507,0.4822277,0.54859173,0.87972546,0.32751662,0.2641457,-0.22668111,0.2540023,0.442622,0.36144173,0.3775294,-0.5103581,0.17238086,0.0071078376,-0.11471133,-0.598552,-0.0399638,0.19369723,0.021275884,0.4322716,0.124779694,-0.0072857672,-0.124784485,0.33485568,-0.518843,-0.28010195,-0.32140258,0.24486339,0.056799166,0.02299889,0.19985475,-0.09047802,-0.119585074,-0.012376192,0.0145828845,-0.013705075,-0.13961406,0.03256383,0.17450048,0.044839222,-0.027953938,0.27908936,0.35022426,-0.056503322,0.25283372,0.003071515,-0.08189149,0.083186604,-0.14931405,-0.14885083,-0.0054185432,-0.116949916,0.019563913
5088099,cat_food,38,36.71052631578947,0.131578947368421,0.5263157894736842,0.1842105263157894,0.2105263157894736,0.6052631578947368,0.2368421052631578,0.0,0.0,0.6052631578947368,0.0526315789473684,0.0,0.1052631578947368,1.9411134,0.40574938,-1.1523689,-0.29715848,0.62161565,0.63882875,-0.63796324,0.36463627,0.14412645,-0.5625767,-0.06578332,0.36811426,-0.49300516,0.29000083,-0.28747633,-0.21875678,-0.14341865,0.37535006,0.08360689,0.14864786,-0.051796485,0.17540814,-0.16133608,0.06167965,-0.010770296,0.05876021,0.29508972,0.03803523,-0.19533,-0.020598209,-0.18752961,-0.23684633,0.056044605,0.1487931,-0.1674207,-0.07844354,-0.12560761,0.013266736,-0.07818306,-0.012477127,0.15671964,0.11997995,-0.20307174,0.031007772,-0.07275295,0.11606922,-0.1395876,-0.050312966,-0.12273028,-0.063881785,0.01128511,0.055175606,0.089942746,-0.09030507,-0.07251523,0.106294096,-0.06502522,-0.1422272,0.019288335,0.020196378,-0.116128996,-0.09017908,-0.0640376,-0.1887585
5191106,pet_product,45,28.155555555555555,0.2,0.4444444444444444,0.3111111111111111,0.2444444444444444,0.4444444444444444,0.0444444444444444,0.0666666666666666,0.1111111111111111,0.6444444444444445,0.0222222222222222,0.0,0.1111111111111111,3.4508216,-0.06024565,0.120806694,0.67779,-0.39347988,0.7483567,1.2727548,-0.745114,0.612012,0.50544477,0.13645159,0.5163922,0.616039,0.21096647,0.67003626,0.45806214,0.26677027,0.08518625,0.46362332,0.4568894,0.25398406,0.27413723,-0.15971854,-0.3952175,0.1550612,-0.11066263,-0.28618714,-0.07278062,0.15991955,-0.12186377,0.44952434,-0.21122138,0.16261688,0.22164375,-0.04900109,0.025745975,-0.06557183,-0.14977875,-0.0695329,0.40034106,0.010019134,0.18439789,-0.0068951314,-0.3069826,-0.069971524,0.04485882,0.06686067,-0.10890722,0.05328759,0.14926873,-0.06109502,0.12930833,0.14946023,0.32444274,-0.09096685,0.044905253,-0.09242317,0.018391937,-0.07437199,0.041401684,0.19999383,-0.0167053,-0.19929825,0.030909708
5191216,pet_product,35,24.97142857142857,0.2857142857142857,0.2857142857142857,0.4,0.3142857142857143,0.2857142857142857,0.0285714285714285,0.0857142857142857,0.2,0.6285714285714286,0.0,0.0,0.0571428571428571,3.4516711,1.5162708,1.5413142,1.4480152,-0.403528,-0.23319337,0.8782981,-0.6785618,-0.25202703,0.08379698,-0.37672627,0.9488937,0.47309762,0.4447773,0.85636723,0.72104937,-0.13978629,-0.25074244,0.0405356,0.4182699,0.47921273,0.20916104,-0.17916407,0.24095131,0.1977262,0.003060901,-0.2399098,0.13090277,-0.020373827,-0.05758912,0.36629912,-0.027458241,0.061999008,0.0255612,0.4331498,-0.42745823,-0.029171191,-0.32467195,0.29923126,-0.08634021,0.06526687,0.020922761,-0.24545732,0.10145061,0.07383852,0.035798915,0.1285165,0.08498923,-0.08173642,-0.021767283,0.04982174,0.12907024,0.17167176,0.20740129,-0.022107098,0.12791404,0.021925557,-0.0790467,-0.10053744,-0.204834,-0.13867736,0.0971768,0.075875424,0.12476604
5475198,cat_food,24,46.125,0.3333333333333333,0.2916666666666667,0.25,0.4166666666666667,0.3333333333333333,0.0833333333333333,0.0416666666666666,0.0416666666666666,0.5833333333333334,0.125,0.0,0.125,0.51433414,-1.0411444,-0.7201062,0.5444161,0.73036957,0.10421122,-0.67583054,-0.43525985,-0.045472343,-0.09124788,0.3689543,0.041011807,-0.8210023,0.491635,-0.6753996,0.17192249,0.31048918,0.019789586,-0.30129793,-0.010844548,-0.23569472,0.31514397,0.044759363,0.055556018,-0.17772788,0.23962092,0.19192176,-0.096829824,0.027362918,0.107698224,-0.4473108,0.10753136,0.13518013,-0.061278705,0.19767147,-0.10824414,0.0775113,0.056582298,-0.16679686,0.13015525,0.12492936,-0.040091313,0.28572556,0.28511563,0.06511908,0.047992423,0.102565475,0.03708556,0.04905257,-0.08825803,-0.08712376,-0.095817216,0.26122847,0.16388021,-0.055791426,-0.0349469,0.04728521,-0.17804323,0.068562575,0.17105533,0.18386821,-0.046564948,0.030026486,0.0010547837
11819155538,dog_food,40,82.05,0.8,0.15,0.05,0.8,0.15,0.25,0.025,0.0,0.5,0.05,0.025,0.15,-1.6517694,-0.5833007,-0.5970939,-0.22587402,0.58179843,0.17817141,-1.2371242,0.049489368,-1.0576233,0.38965598,0.5930723,-0.5529739,0.59611017,0.27875584,0.79176,0.06791482,-0.012697195,0.046996415,-0.12022265,0.037391715,-0.0115195755,0.6155126,-0.38482207,-0.036083344,-0.0067187995,0.33517307,0.09159509,0.18580702,-0.081171855,-0.07189979,-0.13546285,0.011399054,-0.19782779,0.33409387,-0.084466286,-0.057151485,0.14672196,-0.11668833,0.005939568,0.030560458,-0.2267904,0.013725376,0.07835748,-0.24493077,-0.108908154,-0.022588158,0.07440589,0.047709875,-0.032892417,-0.23928662,-0.26171327,0.021000415,0.024819726,0.20203277,-0.020935314,-0.12648931,0.032852717,-0.16897161,0.10106561,-0.01716323,-0.050313007,0.023124374,-0.06937689,-0.106275186
11819155539,dog_food,41,58.51219512195122,0.8292682926829268,0.0975609756097561,0.0975609756097561,0.8292682926829268,0.073170731707317,0.2439024390243902,0.0,0.024390243902439,0.5365853658536586,0.048780487804878,0.024390243902439,0.1219512195121951,-2.1524305,-0.75996214,0.038794193,0.22737768,1.1912047,0.30303672,-0.5668493,0.22234014,-0.03472604,0.58263505,-0.32136708,-0.49363485,0.7790296,0.2115004,0.45599124,0.14193512,-0.14860155,0.121897615,0.2567274,0.024879247,0.07957131,0.14460348,-0.23586601,-0.051508136,0.024999402,0.38526252,-0.012476898,0.07528121,-0.005351279,-0.0120448135,-0.09104979,0.031809982,-0.21125871,0.024153123,-0.16823876,0.061104845,0.38982978,-0.22850302,-0.019036448,-0.10991256,-0.09521253,-0.025131563,0.11228989,-0.11421027,0.08197646,0.11411095,0.13204093,0.058365747,-0.122745425,-0.11938829,-0.2459306,0.12228453,-0.08006251,-0.19873267,-0.057054915,0.14069284,-0.09658868,0.049223114,-0.020316543,0.0973164,-0.025719974,0.1265385,0.03503304,0.06277955
11819155540,dog_food,33,68.15151515151516,0.696969696969697,0.1818181818181818,0.0606060606060606,0.696969696969697,0.2424242424242424,0.1515151515151515,0.0,0.0,0.4848484848484848,0.1818181818181818,0.0,0.1818181818181818,-1.085758,-0.39199284,-0.32286474,-0.20456691,1.5518631,-0.8694698,-0.4841513,0.7575268,-1.1944166,0.67511684,-0.47762367,-1.0323178,0.1362737,-0.17865153,0.5769992,0.18413058,-0.3433693,0.050445203,-0.0659502,0.18417755,0.11390572,0.25450024,-0.24600543,-0.32351518,0.46306145,0.19437216,0.27129847,0.099988446,0.17692062,0.09979708,-0.013639687,-0.055309918,-0.1645212,0.14803022,-0.113543175,-0.10150985,0.055881977,0.048779394,-0.14591072,-0.09321256,0.11662567,0.045619134,-0.048093937,-0.21619415,0.15551266,-0.120419875,-0.007729666,0.21300033,0.16193543,-0.2424904,-0.059617404,-0.015739687,0.08176575,0.12475881,-0.016868688,0.044452243,-0.045576833,0.17739773,0.042586617,0.16276407,-0.08530232,-0.023183495,-0.0143046575,0.024918882
13065559670,cat_food,5,14.4,0.0,0.8,0.4,0.0,0.6,0.0,0.0,0.0,0.6,0.0,0.4,0.0,6.493254,0.9619299,1.1083472,-2.2196054,2.436983,-0.91041595,-0.3347288,-0.6752317,0.08245158,-1.555288,0.33814234,-0.61090964,-1.0107505,0.022582613,-0.11399722,0.7576066,-1.325987,-0.4149805,0.09466112,-0.9366118,1.0021576,0.56065345,1.2099015,-0.0066195964,-0.2109066,-0.31571493,-0.33037218,-0.56734896,-0.4278434,0.3049728,-0.17764728,-0.30712366,-0.49095553,-0.10750623,0.3011064,0.07082521,0.43073264,0.049206477,-0.3926714,0.96649915,-0.1255904,-0.40718096,-0.2505852,-0.24364705,0.5123708,-0.111799315,-0.09698202,0.2602585,0.047743805,0.16438694,-0.83187246,-0.14740065,-0.13718928,0.11684765,0.45610213,0.1762974,0.056117058,0.0062640905,-0.06390242,0.37281674,0.39139542,0.031458117,-0.017895013,-0.118004605
13065559671,cat_food,21,75.19047619047619,0.7142857142857143,0.0952380952380952,0.1428571428571428,0.7142857142857143,0.1428571428571428,0.1428571428571428,0.0,0.0,0.3809523809523809,0.0952380952380952,0.0476190476190476,0.3333333333333333,-2.4735205,-1.439569,-0.077766255,-1.0692263,1.0914209,0.021945205,-0.25344366,0.13297094,0.0914818,-0.93232054,0.37670428,-0.049596183,-0.25938135,0.4557541,-0.5492476,-0.36444807,0.30206072,0.026109895,-0.6415399,-0.10928635,-0.66657656,-0.5491058,0.047319323,0.24236318,-0.29766804,0.059762303,-0.28458443,0.011495482,0.06406832,0.03004131,-0.20246783,-0.24485944,0.377248,-0.06923579,0.21364963,-0.2705687,-0.3146947,0.035097316,0.12572116,0.24229768,0.2771979,-0.14383955,-0.020369576,-0.026048092,-0.20383367,0.14282505,-0.025575783,0.036869936,0.08393956,0.07990484,0.07506968,0.05017481,0.038740728,0.41255683,0.2525629,-0.1297125,-0.09670615,0.10871623,-0.19677314,0.101457395,-0.04943394,-0.14926764,0.09229389,-0.07100714
13065559672,cat_food,137,60.08759124087591,0.6861313868613139,0.1751824817518248,0.1094890510948905,0.7299270072992701,0.1605839416058394,0.1897810218978102,0.0437956204379562,0.0072992700729927,0.4233576642335766,0.0948905109489051,0.0291970802919708,0.2116788321167883,-2.130256,-0.11032883,0.04591281,0.03549791,1.0470839,0.713721,-0.49902287,0.29614067,-0.20336646,-0.42528078,0.38913715,0.3208364,-0.75763154,0.079708956,-0.4975461,0.002469888,0.34125578,0.071803816,0.035560187,0.17591877,-0.25639603,-0.062957466,0.0837122,0.025898427,-0.098978825,-0.21115631,-0.13506086,-0.12075868,-0.097114496,0.14808446,-0.14893375,-0.04681186,0.19465777,-0.074063085,0.13328469,0.021784315,0.03708685,-0.12311299,0.025292993,-0.017310526,-0.077796705,-0.1564837,-0.135903,0.057528038,0.038945403,0.09038872,-0.17378478,-0.0489541,0.07404365,0.17928776,-0.013375526,-0.0056468104,-0.051866878,0.08141212,-0.13730991,-0.07685162,-0.04924599,0.02703456,-0.08802329,0.021446038,-0.060047496,0.039336827,0.059752807,-0.003415914
41399717702,cat_food,4,44.0,0.0,1.0,0.0,0.0,1.0,0.0,0.0,0.0,0.5,0.5,0.0,0.0,4.334836,-1.9686953,-1.8084488,-1.7173069,0.06752664,0.95092654,0.24262154,-0.87116754,-0.32645532,-0.8394195,0.39461243,-0.20033753,0.60117584,-1.1279025,-0.45839548,0.5576644,0.3582083,-0.58117205,0.696404,-0.7601079,-0.38698155,-0.67935956,0.29407537,-0.28041852,1.279731,0.15092394,-0.25606492,0.20226398,-0.1605247,0.26654083,0.39170113,-0.45269844,0.1882522,-0.5977407,-0.40836367,0.6032357,0.30661377,-0.27933422,-0.10501416,0.40694922,0.06262448,-0.17235605,0.36446905,-0.8696432,0.7884323,-0.26101926,0.13448167,0.22300708,0.0030210987,0.38903525,-0.10377023,0.27357376,0.010891885,0.074781075,0.2745543,-0.05011285,-0.09336781,0.16896963,0.35431165,-0.41879457,0.46135128,0.24256036,-0.29957712,-0.16980076
69673075023,cat_food,137,53.065693430656935,0.4306569343065693,0.4014598540145985,0.1605839416058394,0.4598540145985401,0.3795620437956204,0.1970802919708029,0.0291970802919708,0.0,0.5182481751824818,0.072992700729927,0.0510948905109489,0.1313868613138686,0.17016877,-0.54313135,-0.48642904,0.06873355,0.8196237,0.5405343,-0.32925248,0.43802336,-0.19237165,-0.20490868,0.21171898,0.38609535,-0.54200566,-0.04549383,-0.47060716,-0.3510095,0.045124553,-0.020484269,-0.17764871,-0.1223609,-0.20772158,-0.04858794,0.23141871,0.10811712,0.17139585,0.0014178397,-0.0953978,-0.07555227,0.019221459,-0.00014877971,-0.07201182,0.15256675,0.14948401,0.054584168,0.13923968,0.05816223,-0.03629381,0.11979778,-0.09802136,-0.0037047712,-0.004405183,-0.010202009,-0.055520985,-0.10153278,0.044876873,0.09387794,-0.12767537,-2.2586788e-05,-0.10720756,0.111937724,-0.09901791,-0.011325859,0.07104304,0.1223219,0.042193692,0.028606893,0.05482183,-0.09290463,0.03523966,0.003797646,-0.04343094,0.0070563797,0.04804441,0.02433346
71577466395,dog_food,3,48.66666666666666,0.6666666666666666,0.3333333333333333,0.0,0.6666666666666666,0.3333333333333333,0.0,0.0,0.0,0.3333333333333333,0.3333333333333333,0.0,0.3333333333333333,-0.9174986,-0.52789015,-0.36616984,0.96516067,1.3235312,1.0634017,1.1201344,-0.92703277,0.5278018,1.1934875,-0.14808196,-1.132623,0.049408376,-0.14122434,-0.45266995,0.5200737,0.39180183,0.9807341,-0.10531659,-0.11573998,-0.032121945,0.08677683,-0.22323315,0.41036198,0.2829282,0.18877392,-0.45772287,-0.62093955,-0.35169578,-0.7085626,-0.33417,-0.20223422,-0.51652616,-0.4530604,0.24353552,-0.14840183,-0.08090637,0.0121607585,-0.23411353,-0.20289575,-0.6083419,0.2879744,0.1707253,0.21872216,0.076930724,0.19746546,0.5652198,0.05418027,-0.061638717,-0.022912383,-0.15260665,-0.16171445,-0.17118168,-0.14131244,0.3554417,-0.5737682,0.07516837,-0.09047366,0.20711513,0.118984215,0.07645913,0.11119327,-0.106458105,0.25766483
100000006199,cat_food,13,31.53846153846154,0.0769230769230769,0.5384615384615384,0.3846153846153846,0.0769230769230769,0.5384615384615384,0.0769230769230769,0.0,0.0,0.7692307692307693,0.0,0.0,0.1538461538461538,2.3425622,-0.41592118,-1.4372761,-0.6739683,1.5315611,-1.1119313,0.28286693,-0.41632926,0.6063214,-0.4178416,-0.39588106,0.5456094,-0.86295265,-0.0024849388,-0.4143225,-0.73411435,0.1434134,0.49792418,-0.30743107,-0.10615003,0.18365103,-0.09871924,0.44271368,0.12134867,-0.35479867,-0.03910208,0.27450755,0.021262549,-0.26131862,0.61681503,-0.07323257,-0.35861063,0.17929807,0.035555664,0.10076789,0.14701729,0.22409776,-0.05142152,0.055864338,0.017483452,0.013735611,0.22094272,-0.19623826,0.3904607,0.20658478,0.032569803,0.070550926,0.007176618,-0.014877145,-0.04496425,-0.2715854,-0.0010026196,0.027058272,-0.03084768,0.05586446,-0.04744186,0.06956894,0.11650978,0.33186963,-0.16859785,-0.08123918,-0.21495199,0.04448239,-0.13635506
100000987566,cat_food,5,49.0,0.4,0.0,0.2,0.8,0.0,0.0,0.0,0.0,0.8,0.0,0.0,0.2,-0.14846683,1.2764848,0.03109485,0.7508825,1.0581875,1.5260912,0.50522316,0.11275301,-0.53294784,-0.09952277,0.65424407,-0.22884409,0.14806154,-0.047689937,-1.1706184,1.305187,0.40589905,0.3050142,-0.095070645,0.4153704,-0.6944871,0.024764657,-0.28137136,-0.6646372,0.26228142,-0.5909224,-0.51067495,-0.8297529,0.3951438,0.9605633,0.22387652,-0.29763576,-0.31281647,0.2670958,-0.2549797,-0.18736789,0.19094424,0.3716107,-0.23558998,0.25257212,0.28786546,-0.23668674,0.26976788,0.03940416,0.07180488,0.107991934,0.25223154,-0.08937241,0.04655572,-0.23204081,-0.19963872,0.56874335,-0.06698028,0.25492638,-0.25325733,-0.3731376,-0.29162464,-0.28066736,-0.065663956,0.2921211,0.07055122,0.097253054,-0.102994874,-0.1856339
100001036626,cat_food,7,38.142857142857146,0.4285714285714285,0.1428571428571428,0.4285714285714285,0.4285714285714285,0.1428571428571428,0.0,0.0,0.0,0.7142857142857143,0.0,0.0,0.2857142857142857,0.2358896,0.96944034,-0.43732312,0.503629,-0.17377457,1.1287377,0.050999608,0.6862551,0.8262426,-1.6230037,-0.027791858,-0.08447534,0.44124746,0.1487752,-0.8693453,-0.23516692,-0.40986276,0.4296753,0.09267958,0.76425654,-0.82450885,-0.26537535,-0.078110576,0.29041815,0.040724058,0.42853546,-0.4218626,-0.019565318,-0.108328775,-0.48534712,-0.1097068,0.09477323,-0.08789184,-0.058992796,-0.38153476,-0.21005423,-0.2837103,0.6290638,-0.54673964,0.20768599,0.33849597,0.04003667,0.17280415,0.12827334,0.25434378,-0.13025732,-0.013243173,-0.17395155,-0.20276289,-0.13000742,-0.35885447,0.16832693,0.29751644,0.31194124,-0.0075367517,-0.18102872,-0.037645694,0.28472996,0.07476213,0.0628639,-0.20695642,-0.33984306,-0.12599461,-0.40880132
100002187045,dog_food,22,58.5,0.3181818181818182,0.4545454545454545,0.0909090909090909,0.4090909090909091,0.5,0.1363636363636363,0.1363636363636363,0.0,0.5,0.0454545454545454,0.0,0.1818181818181818,-0.6552322,-1.1145626,-2.4976208,-0.5522638,1.0096875,-0.6900947,0.41995135,0.07123474,0.3494659,-0.13592333,-0.2646822,0.050749518,0.2568937,0.5106667,0.5743341,0.01610032,-0.83445317,0.13790478,-0.086331055,0.09764884,0.3131816,-0.017361747,-0.41751444,0.13730794,-0.03955692,0.2039102,0.27791044,-0.15262967,-0.036001552,-0.18163355,0.47813255,0.026109966,-0.15978326,0.14987172,-0.44991568,0.2639365,-0.19765164,-0.007966594,0.31107804,0.026546555,0.17597625,0.07301277,-0.098941855,0.062234797,0.13670069,0.20387721,0.08267733,-0.036540065,0.1986708,-0.09399226,0.046412457,0.07202038,-0.32964057,-0.3062453,-0.24162793,-0.104012534,-0.027956568,-0.03162563,0.058956124,0.10373772,-0.04321806,-0.2535029,0.18155676,0.0094864825
100002187047,dog_food,54,57.03703703703704,0.6296296296296297,0.2222222222222222,0.1111111111111111,0.6481481481481481,0.2407407407407407,0.1296296296296296,0.0555555555555555,0.0,0.4444444444444444,0.1296296296296296,0.0,0.2407407407407407,-2.2201772,-0.80020374,-0.5722087,-0.67487675,1.7046018,-0.014026686,-0.38613078,-0.7642352,0.417958,0.38566798,-0.6983678,-0.35400102,0.875038,0.29134908,0.39566556,-0.07177405,-0.30393654,-0.25260338,0.14855185,0.14883426,0.2560757,-0.128393,-0.24248539,-0.14479995,0.10808734,0.22618757,0.14093362,-0.03094487,0.2210574,0.06722287,0.12304336,-0.008469795,-0.19359818,-0.13721806,0.0117504,-0.17895728,-0.14511241,-0.034900747,0.06307328,-0.0680674,-0.12585744,0.16306809,-0.068724595,-0.0046137813,-0.032664306,0.12410198,-0.02242415,-0.13852066,-0.04830659,-0.2490441,0.03933918,0.029702885,-0.11837056,-0.050371263,0.22417982,-0.12398621,0.22726497,-0.08820599,0.084088646,0.026946614,0.012568605,-0.20740026,-0.16575743,0.054666314
100006970787,cat_food,17,32.8235294117647,0.2352941176470588,0.2941176470588235,0.2352941176470588,0.4705882352941176,0.2941176470588235,0.0,0.0588235294117647,0.0,0.6470588235294118,0.0588235294117647,0.0,0.2352941176470588,1.1341219,-0.13774276,-0.823063,1.3640866,0.56248266,0.21353118,-0.85247374,-0.40550008,0.03568476,-0.1619486,-0.1430618,0.0103007,-0.35477757,0.41559136,-0.085703865,-0.80022955,-0.012303212,0.4845203,-0.25383773,-0.4487156,0.10260302,0.089206144,0.37106267,-0.166055,-0.1171217,-0.39210632,-0.031993836,0.37088186,0.18808946,0.1439551,0.2090665,-0.12648606,0.22978106,-0.22147119,0.14657238,-0.030289916,-0.004594498,0.050358195,-0.24013612,0.18721674,-0.052036066,-0.15447317,-0.013599114,0.33872592,0.18211573,0.3228188,-0.35417926,-0.22540987,-0.2284277,-0.028572384,-0.11092895,0.081065536,0.046951428,-0.28841138,-0.19444452,0.0051268376,0.27856678,-0.32296383,-0.0060646255,0.1354116,0.16734238,0.052090377,0.18975864,0.107161306
100006970791,dog_food,57,55.64912280701754,0.175438596491228,0.543859649122807,0.2456140350877192,0.1929824561403508,0.5614035087719298,0.2456140350877192,0.1228070175438596,0.0,0.3684210526315789,0.0350877192982456,0.0,0.2280701754385964,0.47451884,0.46913767,-2.2567155,-0.34015495,0.5983957,-0.08057035,-0.6622718,-0.60780203,0.06334028,-0.026881432,-0.5637006,0.084983006,0.44957653,-0.02453552,0.6367019,-0.38763404,-0.21055955,0.03632775,-0.00958344,0.02002295,0.24171239,0.11097701,-0.10169975,0.06762502,0.061884027,0.1651212,0.31009853,0.11830666,-0.15534006,-0.17180036,-0.03935976,0.14638367,-0.010280322,-0.056733068,-0.21661127,-0.0036756883,0.019599048,0.06191523,-0.04495786,-0.06874106,9.137183e-05,0.12497283,-0.026669225,0.0016237634,0.10702072,-0.038075082,-0.10596493,-0.029056419,0.05743525,0.00856398,-0.100821234,0.013199029,0.042757962,0.103068165,-0.0024492366,-0.15713458,0.043216083,-0.024996473,0.10767875,0.09384609,0.044570647,0.036267444,-0.03489436,-0.19155408
100008149331,dog_food,40,49.475,0.275,0.55,0.125,0.325,0.55,0.05,0.075,0.0,0.575,0.175,0.0,0.125,0.22207455,-0.6548146,-0.46374616,0.062303495,1.4532368,0.00077044294,-0.41744977,-0.8693538,0.13591713,0.5121315,-0.34365776,0.15119535,0.4798866,-0.47692543,0.2503202,0.55544746,-0.18126489,-0.17494358,0.0398997,-0.019091856,0.36741653,-0.074888885,0.026258647,-0.084608644,-0.1347706,0.07598947,0.50258636,0.19989985,-0.00044409037,-0.120673455,0.024674788,0.24695113,-0.1011773,0.029902298,-0.05746303,-0.07256438,-0.12412237,0.054576326,0.10418646,-0.08886893,-0.003685727,0.005708403,0.047237765,-0.040468276,-0.23778763,-0.21172197,0.08802448,0.0367873,0.16301763,0.040358804,0.04320232,0.099766076,-0.24127047,0.12669529,-0.056152593,-0.082432196,0.084397316,-0.046233572,0.06546711,0.050760247,-0.046400316,-0.057691287,-0.085440814,0.004098042
100008164593,dog_food,67,50.04477611940298,0.1492537313432835,0.7313432835820896,0.0895522388059701,0.1791044776119403,0.7313432835820896,0.1641791044776119,0.0895522388059701,0.0,0.6567164179104478,0.0597014925373134,0.0,0.0298507462686567,1.8873687,0.40557247,-1.7784666,-0.7196515,0.42030555,0.57630134,-0.3403356,-0.04914772,0.16431904,0.45551968,-0.5448503,0.10573665,0.09186518,-0.2516814,0.2473448,-0.0021320805,-0.26106352,-0.30203798,0.00338477,0.3702319,0.107639,-0.08219017,0.07979328,-0.15124665,0.21862462,0.30862373,0.09932325,0.35857454,-0.15097427,-0.053771757,-0.2994736,0.17403182,0.021427767,0.23685819,-0.24918191,0.27895474,0.17258458,0.10009041,-0.07831091,-0.06854015,-0.010477101,-0.087611824,-0.04342381,0.13180998,0.05664538,0.11134716,0.18577278,0.04015475,-0.0844767,0.0264082,0.10292194,0.049768604,-0.06134283,0.049924497,0.01863061,-0.11968301,0.028802214,-0.034713645,-0.105834216,0.19533798,0.018453708,0.04465223,0.08640094,-0.0126774935
100009013165,pet_product,54,34.425925925925924,0.2222222222222222,0.4629629629629629,0.3518518518518518,0.2592592592592592,0.3888888888888889,0.0555555555555555,0.0,0.0555555555555555,0.7037037037037037,0.0,0.1296296296296296,0.0555555555555555,2.7885752,0.23887585,0.27918103,-0.5892036,-1.0878446,-2.0949118,-0.61455715,1.9637872,1.8832953,0.42829686,0.6605649,-0.8692567,0.39024264,-0.2764632,0.16267754,-0.020706167,0.20608336,0.05240725,0.50049156,-0.22053045,0.14981483,0.00029401094,0.01915996,0.2883268,-0.008961614,-0.07202429,-0.11524643,-0.48635128,0.38717487,0.39520168,0.0075085782,-0.24524406,-0.22831517,-0.021356419,0.08824553,0.0925756,-0.06804509,-0.31336752,-0.24206722,-0.015170491,0.26306093,-0.22085688,0.38740468,0.059406195,-0.09423499,0.081162624,0.05217774,-0.19683859,0.24356318,0.018116027,0.12708804,0.11085876,0.13901375,0.051252455,-0.06758235,-0.048270516,-0.12343511,-0.11594094,-0.21816939,-0.20294154,-0.17062171,-0.11226836,0.17105602,-0.07347018
100010077605,pet_product,2,48.0,1.0,0.0,0.0,1.0,0.0,0.0,0.0,0.0,0.5,0.0,0.0,0.5,0.58006763,0.2092644,2.4136813,2.1308744,-2.1925516,1.3028173,2.8862882,-1.7278105,-1.1263872,-0.5560696,0.12769166,2.0143607,2.3251848,1.0633184,1.5932515,0.44428438,-0.5312196,0.32573783,-1.0939773,0.58174765,1.3081257,-0.82886887,-0.56935304,0.6445286,1.2403802,0.5520462,-0.75730526,-0.14005134,-1.2773888,-0.26450786,-0.32134014,-1.6125965,0.74970096,-0.20336346,-0.99077296,-0.405131,-0.50363123,0.0687124,-0.40880796,0.78833854,-0.2742571,0.090211734,0.123615995,0.27072537,-0.66225016,-0.1799643,-0.52233756,0.004181385,-0.26014793,0.13386634,-0.73239505,-0.6679279,-0.06706143,-0.11809616,0.15331542,-0.22202986,-0.32500714,-0.0687778,-0.40401474,0.49044067,0.19873741,-0.033088244,0.46931574,-0.0018055439
100010609721,cat_food,17,26.235294117647054,0.0,0.6470588235294118,0.2352941176470588,0.0588235294117647,0.7058823529411765,0.0,0.0,0.0,0.9411764705882352,0.0,0.0,0.0588235294117647,4.2041407,-1.6386405,-1.0861226,0.036550276,0.7040561,0.662441,-0.30157623,-0.57450104,0.450197,0.3261368,0.47264028,0.19992526,-0.73237354,0.13655977,-0.46068645,0.02125711,0.55601424,0.20405422,0.05217932,-0.5110317,-0.40715355,-0.14501482,0.06479664,-0.16737363,0.48233026,-0.22852293,-0.21415657,-0.28346905,0.40131626,0.6200527,-0.11952556,0.20459831,0.05095147,-0.18758777,-0.26567286,-0.017667012,-0.5035188,-0.11514734,0.12846005,0.07822871,-0.16710186,0.22377808,0.1967613,0.1192231,-0.022055296,-0.21496473,-0.0085659325,-0.020008478,-0.20981517,0.21982485,-0.47870272,0.15146148,0.23945811,0.12561378,-0.19358459,-0.27591136,0.21096627,0.27304503,-0.07625766,-0.21057224,-0.073924415,0.00072030636,-0.17992938,0.25766814
100012706282,cat_food,9,38.44444444444444,0.0,0.3333333333333333,0.3333333333333333,0.3333333333333333,0.3333333333333333,0.0,0.0,0.0,0.6666666666666666,0.0,0.0,0.3333333333333333,2.2121248,0.44010308,-0.93778676,-0.29037157,0.26115137,1.8267553,-0.07740703,1.1831888,-0.32390982,0.16142614,0.5584438,0.03586397,0.020471267,-0.1443084,-0.8372116,0.64230573,-0.25504345,0.52175933,0.2599242,0.4774545,-0.552422,-0.5068488,-0.2118614,0.0014203124,-0.1655772,-0.20222609,0.032706838,0.2876259,-0.15444207,0.096580476,0.22808981,-0.2923477,0.0036252225,0.4324097,-0.929171,-0.14241722,0.30733466,0.30443862,-0.26189354,0.09630011,0.49872124,0.0043371385,-0.11390856,0.034115326,0.14618985,-0.049921956,0.11136333,-0.019362327,-0.06070721,0.013730711,-0.16758008,0.068264626,-0.08251936,-0.30454847,-0.12728432,0.22295976,-0.053665563,-0.19477479,-0.19539104,0.048914548,-0.13896571,-0.22772104,0.014013463,0.13877758
100012736860,pet_product,34,44.11764705882353,0.4117647058823529,0.2647058823529412,0.2941176470588235,0.4411764705882353,0.2647058823529412,0.0294117647058823,0.0588235294117647,0.1176470588235294,0.6176470588235294,0.0,0.0,0.1764705882352941,0.7944064,1.91337,0.25342417,-0.01660124,-1.2794391,-0.47495607,0.13516122,0.4240973,0.66446763,-0.18245551,-0.030170294,0.6302507,-0.15651673,-0.22243072,0.6501689,0.6656968,-0.47376353,-0.17986163,0.3989397,-0.9618334,-0.7453606,-0.2064203,0.19898078,-0.27175203,-0.102627404,0.031886324,0.14374395,-0.0011661684,0.19083104,-0.10940168,-0.0674699,0.111321025,0.09688501,-0.17695825,-0.20003727,0.2245865,-0.050265502,0.09371014,0.25836423,0.02982612,-0.29615173,0.23708136,0.21096414,-0.21298063,0.18037534,-0.10828934,-0.22085169,0.33482832,0.017757175,0.028792419,-0.01781353,-0.043825194,-0.032793663,-0.23703349,-0.27013528,0.19631468,0.16986673,0.112782836,-0.05558353,-0.040835865,0.392025,0.009926865,-0.27673188,0.038324915
100014638332,dog_food,38,62.97368421052632,0.1842105263157894,0.631578947368421,0.1578947368421052,0.2105263157894736,0.631578947368421,0.1052631578947368,0.0789473684210526,0.0263157894736842,0.6842105263157895,0.0526315789473684,0.0,0.0526315789473684,1.5921302,-0.7911048,-1.8211107,-0.1234002,0.42903352,0.6044497,-0.15261972,-0.4811184,-0.2265778,0.57098913,-0.50442386,0.0066630533,0.40179738,-0.16571015,-0.073308244,0.17071259,-0.19506775,0.048829135,-0.16122319,-0.30026624,0.16168566,-0.028989924,-0.0449374,-0.2708547,0.19957194,0.13011533,0.14388773,-0.16105753,-0.0024311629,0.03554411,-0.13555203,0.26606074,0.11816601,0.024381656,-0.30612692,0.2322205,0.021833448,-0.0487144,0.2453682,0.032888558,-0.37808487,-0.027493935,0.12877163,0.069405146,-0.20902884,-0.1487535,0.100222275,0.19526733,-0.07105493,0.0025496734,0.13928057,0.22639795,-0.2126773,-0.010616179,-0.047152597,-0.108680435,-0.023186319,0.014580023,0.0045552365,0.08068247,-0.036425423,-0.009310732,0.053444862,0.00046275556
100014638362,dog_food,8,70.875,0.5,0.375,0.0,0.625,0.375,0.125,0.125,0.0,0.625,0.125,0.0,0.0,-1.7273189,-1.6363144,-2.9207442,0.97543937,0.6869041,0.074950844,0.2900426,0.116758466,0.8489337,-0.36315173,-0.20766987,-0.11984387,0.39809364,-0.85693926,-0.062051486,0.46475556,-0.20873132,-0.7652091,-0.5200998,-0.13884291,-0.36051714,0.62833166,-0.29977983,-0.6754953,0.27714416,0.38040018,0.37014,0.29358804,0.17109886,-0.3794588,-0.24304089,0.4508985,-0.11667994,0.27945966,-0.082451716,0.18332641,-0.22229743,0.096340224,-0.18802524,0.049168438,0.2501333,-0.015086412,-0.09699851,-0.16532804,-0.06779742,0.003579639,-0.1344513,0.16227299,-0.06873806,0.23670582,0.08583509,0.0645638,0.24881744,-0.32847854,-0.032137528,-0.2379873,-0.1454497,-0.20456104,0.32340246,0.20083432,0.14953168,0.1883691,0.13154246,-0.21630894
100017016045,pet_product,148,54.83783783783784,0.5675675675675675,0.2027027027027027,0.2094594594594594,0.6081081081081081,0.1824324324324324,0.1013513513513513,0.0067567567567567,0.1891891891891892,0.5202702702702703,0.0202702702702702,0.027027027027027,0.1351351351351351,-0.4316096,0.86677074,0.86133677,-0.4560727,-2.1995735,-1.5139637,-0.67888385,1.2886939,1.5303626,0.38189995,0.51869184,-0.13595624,0.057204697,-0.6131182,0.29279855,0.40216997,-0.12210899,-0.033785544,0.56563205,-0.56450856,0.10159522,0.10728925,-0.015974365,-0.048663955,-0.42533332,-0.12087734,-0.20873415,-0.0049961377,0.23386744,0.058661107,0.122810274,-0.20145935,0.031663198,-0.17224315,-0.03658385,-0.14368929,-0.12679955,-0.03728577,-0.05200008,-0.019804412,-0.1328481,-0.046935834,-0.18496998,0.015831195,-0.052363608,-0.029295038,0.15329131,0.07556355,-0.08149972,-0.06485678,-0.17233625,-0.09584552,-0.0741695,-0.0074564386,-0.115821965,0.01878055,-0.048417553,-0.058582243,0.1410066,0.035472263,-0.065563254,-0.073323116,0.20373167,0.0040963935
100017348122,pet_product,9,22.666666666666668,0.5555555555555556,0.3333333333333333,0.1111111111111111,0.5555555555555556,0.3333333333333333,0.0,0.0,0.1111111111111111,0.8888888888888888,0.0,0.0,0.0,2.52954,-0.061865225,2.0155098,0.8442759,-0.69934297,0.22201176,1.8645177,-1.2354455,0.2168419,-0.027053475,0.04515257,0.057047818,0.91985047,0.7781372,0.3179537,0.6594151,-0.055673428,0.0415898,0.4276361,0.20974898,0.9158571,0.03166996,-0.7725073,0.9711809,0.23251274,-0.11395863,0.039544847,0.2460183,0.31027314,-0.099534206,0.40546936,-0.44338697,0.32616603,0.12303604,-0.17067637,-0.17603576,0.012454222,-0.023240766,0.049483147,0.42413518,0.2739375,0.029180663,0.12056446,-0.31758893,0.08872822,-0.11240133,-0.41854542,-0.32131135,-0.30676156,-0.08010799,0.30435342,0.08561556,-0.00022903417,0.6491754,-0.16363984,0.21121284,-0.56077355,-0.17303108,0.2636964,-0.13203642,0.024374949,0.39506504,0.2995457,0.09764928
100019031805,pet_product,30,55.53333333333333,0.5666666666666667,0.3,0.1,0.6,0.3,0.0333333333333333,0.0333333333333333,0.0333333333333333,0.7666666666666667,0.0,0.0,0.1333333333333333,-0.525212,1.4154294,-0.5564414,0.28574333,-1.9130694,-1.1687567,-0.826236,1.7785027,1.5548882,0.61467093,1.1109717,-0.7088602,0.06575421,-0.53597564,0.31648734,0.09216655,0.74710864,0.23190922,0.5352937,-0.12976895,0.31511256,-0.48992813,0.44949073,0.42756817,-0.097677216,0.25584003,0.14728467,-0.10249928,0.2846517,0.27256024,-0.2019976,-0.28842542,-0.21266332,-0.34404862,0.31561458,0.10475656,-0.012011023,-0.14331768,0.14446078,-0.04952554,-0.08761912,-0.06796731,0.05935352,-0.13715634,-0.21602543,0.014417657,-0.10947321,-0.085563175,0.26984796,-0.24956913,0.06652634,0.095036864,-0.095341854,-0.07614816,0.08344302,-0.007698089,0.053076763,-0.025822455,-0.21063052,0.025297884,0.13936798,-0.022634665,-0.20575927,-0.019610746
100021518453,cat_food,36,37.5,0.1944444444444444,0.4166666666666667,0.3055555555555556,0.2222222222222222,0.4722222222222222,0.1944444444444444,0.0555555555555555,0.0,0.6111111111111112,0.0555555555555555,0.0,0.0833333333333333,1.762119,-0.7419933,-0.78627527,0.8074516,0.55936736,0.45302364,-0.55174756,0.030489014,-0.08930499,0.076390356,0.12695806,-0.0003489206,-0.50890213,0.23598176,-0.57160383,-0.1065815,0.664574,0.29950377,-0.008551609,-0.21489912,0.08357339,-0.017120978,-0.15970913,0.40605548,0.19986548,-0.2444486,-0.061622646,-0.18707876,0.11336356,0.14970428,-0.022656295,-0.101032145,0.31053272,0.21247399,-0.11371199,-0.19652955,-0.03558417,-0.14963073,0.106366076,-0.1026149,0.08992516,0.3074804,-0.07080677,-0.2203899,0.11639646,0.041921414,0.046879377,0.08662001,-0.052690078,-0.08033013,0.0507407,0.011557996,0.015800348,-0.23743354,-0.18454003,-0.20795906,0.23968635,-0.08711674,-0.04742587,-0.039042145,-0.07107692,0.041229445,-0.015812881,0.07734421
100021664928,cat_food,10,32.4,0.0,0.6,0.1,0.2,0.7,0.0,0.0,0.0,0.8,0.1,0.0,0.1,3.1760418,0.11858549,-1.7309363,0.38502473,0.6395592,0.048776805,0.49578303,0.51590204,-0.30002242,-0.0021863221,0.856833,0.18756,-0.2667605,0.45102936,-0.5043233,-0.44214568,-0.023130782,0.3143751,0.19183065,0.17184879,0.50538445,-0.05973485,-0.5628432,0.19901447,-0.06341688,-0.15462847,0.15115006,-0.25309747,-0.40818,0.2177232,-0.1804328,0.4172779,0.12594116,-0.2849303,0.04436203,-0.13456143,0.37501758,0.5220357,0.08804824,-0.2212135,-0.05363946,0.07718437,-0.030782957,0.000346905,0.25421125,0.09599226,-0.39628947,0.3365317,-0.22195537,0.19574533,0.02731913,0.358576,-0.13331945,-0.12042178,0.098514535,-0.35408857,0.0425437,-0.31820038,0.15261313,0.16208644,0.027634192,0.022141065,-0.24637163,-0.20671682
100032385479,pet_product,7,56.285714285714285,0.7142857142857143,0.1428571428571428,0.1428571428571428,0.7142857142857143,0.1428571428571428,0.2857142857142857,0.0,0.0,0.4285714285714285,0.0,0.0,0.2857142857142857,-2.098582,1.9847927,1.6811628,-1.7426761,-0.78907883,-1.996858,1.0545697,1.2852443,1.8051535,1.4036522,0.12362402,-0.4432104,0.44782922,-0.8751006,0.08705712,-0.073787436,-0.20441614,0.14662464,0.273778,-0.5778647,0.041772425,0.49483708,0.20411018,0.18876162,-0.52558804,0.092659675,0.06761789,-0.20544471,-0.3633433,0.058477644,0.3759756,-0.13320372,-0.077843346,-0.16179,0.14225765,-0.38870376,-0.21410958,-0.09553141,0.10473575,-0.04858235,0.18636024,0.14151137,0.19265492,-0.010229213,-0.40228325,0.40053967,0.102999635,0.21678603,-0.1316123,-0.34673056,-0.36782336,-0.051417645,-0.016608592,0.20629919,0.09950999,0.12674801,-0.16516137,-0.18925288,0.22290738,0.13411774,-0.11000466,0.27947402,0.21879593,-0.047537964
100032385481,pet_product,7,71.28571428571429,0.8571428571428571,0.0,0.1428571428571428,0.8571428571428571,0.0,0.0,0.0,0.4285714285714285,0.1428571428571428,0.1428571428571428,0.0,0.2857142857142857,-2.2418644,2.6644115,1.8034096,-0.17777035,-0.8618968,-1.833836,-1.059447,1.9960344,0.6390334,0.32744864,1.5411112,-0.72466296,-0.5490914,-0.4087378,0.6172716,0.4483499,0.12684727,0.023341537,0.6419329,0.16950591,0.8744097,0.11476685,-0.48617235,-0.39250466,0.11523988,0.27361354,-0.21246341,0.66919076,0.5074764,0.7439252,-0.11022631,-0.31666684,-0.17803884,0.21337533,0.10649041,0.39815277,0.29792446,0.31858444,-0.26093826,-0.045929976,-0.32753894,-0.5792675,0.20256113,0.09772741,-0.45960593,-0.47595426,0.20121177,0.24856278,-0.09733672,0.5845651,-0.64646083,0.020710928,-0.34721234,0.113732494,0.2958105,0.19066742,0.21070287,0.1358814,-0.14495854,0.1444764,-0.044584166,-0.20941345,-0.07855046,-0.027409915
100037037988,dog_food,22,63.40909090909091,0.1818181818181818,0.6818181818181818,0.0909090909090909,0.2272727272727272,0.6818181818181818,0.0909090909090909,0.0909090909090909,0.0454545454545454,0.5,0.2272727272727272,0.0,0.0454545454545454,0.46870777,-1.7320234,-1.6865966,-0.062004328,0.7600165,-0.71830106,-0.118787415,-0.74902743,-0.38958302,0.6123553,-0.5071493,-0.15480943,0.30276698,-0.6455867,0.2043137,0.38570184,-0.52494186,0.0541643,-0.2848849,0.16250153,0.12435592,-0.0853084,-0.43415877,0.11991911,-0.20151907,-0.031647965,0.08085764,0.19878124,0.24931827,-0.34286577,-0.06825581,-0.009393214,-0.16823696,0.17927456,-0.11111278,-0.0506611,0.03417274,0.13148452,0.3337482,0.023201404,0.08602499,0.0035700419,-0.09226168,0.10826616,-0.16405493,0.30024126,0.10399128,-0.023231959,0.0022691272,-0.19241261,0.16142295,-0.15213121,-0.06973509,-0.17785032,-0.03495319,0.16589354,0.23748983,0.17635606,0.16399096,0.13219567,0.18656999,-0.26091743,0.21572842,-0.07399701
100037037990,dog_food,6,17.5,0.0,0.5,0.5,0.0,0.5,0.0,0.0,0.0,0.5,0.0,0.0,0.5,3.5964024,1.6669382,0.23832093,1.6958447,1.2581266,-0.34285402,0.7931668,-0.91197634,0.412848,0.5745325,0.37590837,-0.3362634,0.8894043,-0.07410514,-0.39719582,0.12942989,-0.61024004,0.29432735,0.71148556,0.72430205,-0.615931,-0.8181729,-0.24798362,-0.33002022,-0.2058894,-0.15735449,0.12786652,-0.11083192,0.069143414,-0.20260167,0.48683295,0.3501099,-0.34137973,0.42642772,0.45644256,-0.58739156,-0.40327814,0.99564654,-0.095347874,0.22902505,-0.21610655,-0.36837992,0.02269878,-0.20072414,-0.53529,0.013968612,-0.00999175,0.17873812,-0.18365431,0.24247658,0.1466934,0.17227714,0.32875863,-0.0043537416,0.16231893,-0.1638693,-0.4143312,0.31042197,-0.38648447,-0.26331106,0.21411653,0.25666487,0.045786474,-0.3243112
100037409692,cat_food,12,28.83333333333333,0.0,0.4166666666666667,0.3333333333333333,0.1666666666666666,0.5,0.1666666666666666,0.0,0.0,0.75,0.0,0.0,0.0833333333333333,4.017451,-0.20721428,0.057097316,-0.16986519,0.5128178,0.797422,-0.25811076,0.7691042,-0.1477434,-1.1290748,0.33353832,-0.13018458,-0.20454283,-0.16638239,-0.013882653,0.3974042,0.011727005,0.54526967,0.62759054,-0.16809045,-0.062853955,-0.24481416,-0.57382536,-0.09438354,-0.20053744,0.23637833,0.037246227,-0.28689232,0.05898435,0.39455917,-0.15920104,-0.24622262,0.098887086,0.18794213,-0.019167315,0.033014003,0.30392444,0.06324966,0.11578336,-0.6625441,0.3267313,-0.08413737,0.2373333,0.07539754,-0.1027349,-0.4296502,0.19322522,0.30865106,0.2943638,0.19318582,0.0073967427,-0.2206691,-0.3263888,-0.3602774,-0.18413204,0.04416212,0.0016479045,-0.34332684,-0.31444046,-0.108566366,0.31622782,-0.08084029,-0.06516407,-0.042253863
100040243463,pet_product,2,50.5,0.5,0.5,0.0,0.5,0.5,0.0,0.0,0.0,1.0,0.0,0.0,0.0,0.14109969,-0.6910459,1.3541653,0.8154937,-4.3099976,-0.72989297,1.9608248,-0.3858585,0.72722065,0.41728562,0.40310618,0.49345186,-1.6958594,-0.6740763,1.0386276,1.3459584,-0.81002045,-0.20758685,0.24141711,-0.95464665,-1.5960603,0.64281327,0.40007827,-0.5039408,0.039994113,-0.78169715,0.00033316016,0.45897374,0.9614973,0.7852246,-0.15227692,-0.4208603,-0.6715871,-0.49643156,0.09572329,-0.11547536,0.040049255,-0.46149343,1.2797756,0.06107448,-0.63233143,0.2685799,-0.12578884,-0.8027758,0.35285276,-0.021229066,-0.45628926,-0.2091119,0.53866225,0.40050766,0.46707422,-0.67714775,-0.29814288,-0.4419556,-0.0011684597,0.7250873,0.21465927,0.2557872,-0.24634454,0.025908634,0.019599691,-0.49955764,-0.24784358,-0.24797592
100042920855,cat_food,3,39.0,0.0,0.6666666666666666,0.3333333333333333,0.0,0.6666666666666666,0.6666666666666666,0.0,0.0,0.3333333333333333,0.0,0.0,0.0,0.5903402,-0.3954041,-2.0189278,1.2624109,-0.669898,1.1710333,-1.0390943,1.4004062,0.42600253,-0.53454965,-0.30642745,-0.2007407,-0.9870706,0.63213176,0.21654077,-0.30328777,-0.3913463,-0.69739217,0.30104098,0.8810935,0.53097296,-0.06243025,0.796086,0.19360399,0.24960919,0.22408377,0.5410525,0.38446268,0.22132413,0.24021535,0.37499204,-0.55900735,0.10812492,0.19014603,0.39813045,0.3185339,0.05525169,-0.18230002,0.15827858,-0.55918473,-0.284752,-0.5422333,0.046630006,0.07630939,-0.21467339,-0.37344328,0.030345812,-0.27020413,-0.80868554,-0.60198504,0.049041253,0.53513604,-0.38302866,0.18740296,0.022013338,-0.20401628,0.4063634,0.27928296,0.43708253,-0.41619352,-0.22340846,-0.08718311,0.0038490072,0.123561144
100044674722,pet_product,5,62.8,1.0,0.0,0.0,1.0,0.0,0.0,0.0,0.2,0.4,0.0,0.0,0.4,-1.1299412,3.4549682,2.8255336,1.1283454,-1.1542048,0.7485696,0.8365818,-1.6121439,-0.3898217,0.714862,0.18117562,1.2651821,1.4202636,0.24971123,1.3999796,0.68590033,0.7371317,0.5270942,-1.0799081,0.6143986,0.47519055,-0.6772416,0.31221062,0.42515796,-0.030414248,0.245418,-0.7228197,0.56536514,-0.19494222,-0.24938548,0.44009155,0.016446238,0.5377692,-0.056367494,1.0198402,0.10399075,-0.34014422,-0.22538929,0.21657205,0.57770866,-0.032527994,0.2003731,-0.05382471,-0.42725626,0.25464875,-0.07112169,0.13545528,-0.2735651,-0.3683,-0.13830182,0.038605005,-0.121792056,0.36717007,0.11973812,0.12389164,0.087544024,-0.5447108,-0.33352023,0.36884066,0.16242163,-0.0019425809,-0.16666357,0.06413826,0.4013919
100044674724,pet_product,10,65.8,0.9,0.0,0.0,0.9,0.1,0.2,0.0,0.4,0.3,0.0,0.0,0.1,-0.1524266,0.7140415,1.8804772,0.528596,-1.0142345,-0.020093273,2.476204,-1.0340865,-0.060880285,-0.11344119,0.31649587,1.129122,1.6519359,1.018719,1.074906,0.48096633,-0.47027808,0.46802878,-0.59242857,0.36480218,1.5983096,-0.4537714,0.302334,-0.14273351,-0.24023838,-0.18809198,-0.5136634,0.50857085,-0.22411986,-0.00054490566,0.7225146,0.0761604,0.8065683,0.23017557,0.21472578,-0.0650255,0.469102,-0.23432021,-0.3048435,0.1802173,-0.03148341,-0.023981804,0.123768784,-0.17546013,-0.28945723,0.112528756,-0.54041636,-0.16898413,-0.2527754,-0.33039147,0.11859913,-0.31217846,0.5097586,0.42217207,-0.2844467,0.09833312,-0.31409833,0.20649996,0.18942969,-0.2470325,-0.12890708,0.119400345,0.20832169,0.12005659
100051205958,pet_product,39,46.64102564102564,0.2564102564102564,0.4102564102564102,0.282051282051282,0.3076923076923077,0.4102564102564102,0.0,0.2051282051282051,0.0769230769230769,0.6153846153846154,0.0,0.0256410256410256,0.0769230769230769,2.2517521,1.8059659,0.69489044,0.7705475,-1.2145835,-1.1950637,1.0303226,-0.15914866,-0.80106765,-0.6986584,-0.22430444,1.17542,-0.08012079,0.22262837,0.23716812,0.588672,0.32311568,-0.4019589,-0.61002886,0.44543433,-0.087690175,-0.053085975,0.47347894,0.007344905,0.268865,-0.004147799,-0.35600978,-0.21340945,0.073961705,-0.120106526,0.4545775,0.09677797,-0.21775486,0.049638666,0.2565048,-0.26909447,-0.22153786,-0.12473465,-0.2934492,-0.29032305,0.22683589,0.12455242,-0.13696511,0.07652675,-0.13319455,0.16617526,-0.05077894,-0.2308707,0.32177997,-0.120419025,0.023637582,-0.2515031,-0.21786284,-0.08781174,0.13949789,0.008253607,-0.0048790486,-0.29586986,-0.20505455,-0.115375265,0.051391218,0.039265327,-0.15888844,-0.14129983
100051206016,pet_product,5,24.8,0.2,0.6,0.4,0.2,0.4,0.0,0.0,0.4,0.4,0.0,0.2,0.0,4.458249,0.008653879,1.8427883,-0.007771158,-0.9875097,-0.98574513,0.8211498,-1.058065,0.5022051,0.22549093,-0.41611886,1.2493654,-0.59420085,0.11918261,-0.39705986,0.45777965,-0.37291938,0.35612878,-0.7338153,0.4344058,-0.28310218,-0.7012879,0.41775727,0.16266441,-0.5771588,0.031179303,-0.6615697,0.07643063,-0.7147584,-0.33429402,0.6019989,-0.11775829,-0.79637897,0.08436498,-0.06704803,-0.63835204,-0.29966074,-0.87524766,-0.4906377,0.3151211,-0.06919128,0.18420026,-0.260944,0.049486585,0.29470783,0.108760715,-0.33883622,0.36207741,0.7100403,0.15842023,0.0343964,0.046255182,-0.31024677,0.08400323,0.70763445,-0.111754656,0.17955151,-0.20288953,0.020715427,-0.62500846,-0.2633353,-0.050745524,0.4313101,-1.0739734
100059257824,pet_product,22,72.04545454545455,0.9090909090909092,0.0454545454545454,0.0454545454545454,0.9090909090909092,0.0454545454545454,0.0454545454545454,0.0,0.0909090909090909,0.6818181818181818,0.0,0.0,0.1818181818181818,-2.9593954,0.29071027,0.1273352,-0.5147534,-3.0821002,-2.438906,-0.3177137,1.4986451,1.9648803,0.8016157,1.3597726,-0.67566866,0.9141769,-0.69365615,0.21116732,0.13604346,0.048977744,0.50867057,0.62435037,-0.32990566,0.17806382,0.38220346,-0.037958454,0.22927262,-0.70445544,0.21721873,-0.2641195,-0.037506346,-0.040862635,0.21095157,-0.2891711,-0.15083987,-0.39307168,-0.08481005,0.04511074,0.10362572,-0.4325433,-0.20393905,-0.007450462,-0.07834164,0.23053466,-0.30720222,0.02619874,-0.1692823,-0.43711376,-0.05354233,0.044422004,0.25177687,-0.043768346,-0.24527217,-0.15464702,-0.031129,0.17832944,0.18902463,-0.112027556,-0.22073817,-0.005083324,-0.03534508,-0.09470057,-0.20975147,0.073516004,0.15728644,0.14859138,-0.07493209
100059911987,pet_product,1,23.0,1.0,0.0,0.0,1.0,0.0,0.0,0.0,0.0,1.0,0.0,0.0,0.0,-0.5874933,3.3275163,3.621877,3.183464,-0.8317001,1.0679548,2.6392014,-1.7841238,0.027895704,-0.0729681,-1.0996896,2.3874357,0.38703102,2.422426,2.6916993,0.73747873,0.664042,0.29853386,-0.7857743,1.0844129,1.0632138,-0.019824961,0.43470538,-0.26056063,0.88504136,-0.9566928,-0.26581544,-0.24999522,-0.19855653,0.61831343,-0.24806556,-0.8760427,0.24532963,0.111836426,0.14684106,0.5527591,0.27236053,0.07320189,-0.2353906,0.5312185,-0.12778144,-0.2624536,0.13205503,0.62045836,0.2825578,0.33650786,0.4488163,-0.1485386,-0.5923742,-0.47289762,0.53022593,0.109459005,-0.32826057,0.26431626,-0.4782903,0.8951548,-1.3329619,0.1756353,0.26377574,-0.053681854,-0.12186422,0.15446636,0.124736436,1.4503971
100062064069,cat_food,4,59.25,0.25,0.0,0.25,0.75,0.0,0.0,0.0,0.0,1.0,0.0,0.0,0.0,-0.80003035,-1.4842716,-0.45245126,0.58985656,1.2060485,-0.25829828,0.00018940866,0.0878514,-1.753191,0.5140495,0.5773012,-1.2621236,-0.26420787,1.6426888,-0.7997416,0.30243492,1.0682182,-0.522881,0.33007005,0.10691512,-0.67031753,-0.070231706,0.027621146,-0.07278831,-1.2177305,-0.37288672,-0.046636473,0.48802978,-0.18492746,0.280733,-0.058117248,-0.82415557,0.8300454,-0.05906473,-0.09361875,0.36406633,-0.62903535,-0.7326058,0.34158093,0.18296443,0.9554659,-0.269691,0.4051116,0.7507857,0.2534777,-0.03777762,0.008888066,0.7056744,-0.4958169,0.50539726,0.33311546,0.1247153,-0.09490062,-0.14108281,0.0891249,-0.44948325,0.5625235,-0.32193103,0.1086525,0.78144115,-0.28468105,-0.31568262,0.42989016,-0.14294937
100062064085,cat_food,3,64.66666666666667,1.0,0.0,0.0,1.0,0.0,0.3333333333333333,0.0,0.0,0.3333333333333333,0.0,0.0,0.3333333333333333,-4.2358994,0.036159676,-1.4890556,1.6895493,1.3924303,-0.7105543,0.37187728,-0.7276063,0.10853481,-1.9607149,1.4566425,-0.16679306,0.37388155,1.0824554,-1.3637133,-0.8224583,0.47712484,0.1390285,-0.2812722,-0.16561855,-0.07788698,0.22489387,0.44781336,0.7045722,-0.39933595,0.033485405,0.27969775,0.07620154,0.08082599,0.66870356,0.13733204,0.29312345,-0.3299643,-0.20011492,0.05119742,-0.6562955,0.44219613,-0.5736336,-0.29519942,-0.019895917,0.29195818,-0.119306765,-0.220667,-0.16500363,-0.084751904,0.24431586,-0.36989114,-0.24187243,0.29931423,0.041131724,-0.15110612,-0.21503134,-0.15551805,0.66686416,-0.23522203,-0.088429146,-0.025731668,-0.44991377,-0.19797547,-0.37230757,-0.112939954,0.1348119,0.19329369,-0.1874481
100064200322,dog_food,37,62.270270270270274,0.7297297297297297,0.1621621621621621,0.081081081081081,0.7567567567567568,0.1621621621621621,0.1081081081081081,0.054054054054054,0.0,0.2972972972972973,0.2702702702702703,0.0,0.2702702702702703,-3.1005626,-0.82942224,0.16027473,-0.16692635,1.6095839,0.3595114,-0.4620467,-0.35742623,0.54171365,0.23744911,-0.3992062,-0.16569456,0.61840266,-0.07420957,0.50394166,-0.04871848,-0.32524022,0.04508204,0.119455695,-0.0048940955,0.3314682,-0.07961513,-0.2543325,-0.28684577,-0.15552737,0.22843997,-0.1284285,-0.06372917,0.0077091777,-0.0063999696,0.07657345,0.008817879,0.059279494,-0.020045474,-0.09407224,-0.05384748,-0.05993557,-0.16255449,0.1117693,0.02411441,-0.13734376,0.2116706,0.028257126,-0.0049005165,0.10379895,0.031851944,0.12449605,-0.038938154,0.13352971,-0.20912042,0.2309168,0.116118275,-0.21168683,-0.22619046,0.019216785,-0.17996825,0.08391691,0.026140252,0.00019740262,-0.039174926,0.09324584,-0.14365883,-0.13104112,0.1202872
100064236882,pet_product,14,38.35714285714285,0.1428571428571428,0.4285714285714285,0.5,0.1428571428571428,0.3571428571428571,0.0,0.0,0.0714285714285714,0.7142857142857143,0.0714285714285714,0.0714285714285714,0.0714285714285714,2.8757787,1.3228776,0.48582914,-0.16751528,-1.483835,-2.0172431,-1.3049449,1.258712,1.4031441,0.44442993,0.4688644,-0.03973151,0.029367669,0.10836746,-0.1774071,0.34716246,-0.3949246,-0.03254068,0.19948934,-0.42579624,0.15120737,0.113168135,-0.1054491,0.2347281,-0.47912294,0.044617884,-0.029797861,-0.24682617,0.35023212,-0.02681435,-0.014508439,-0.23751529,0.18511939,0.1856043,-0.051562723,-0.061611038,0.27817684,-0.33412263,-0.18765135,-0.12422565,-0.123527184,-0.080756284,0.32268804,0.27138394,-0.26770648,-0.027461618,0.19983344,-0.36141762,0.29575214,-0.12534174,0.26530647,0.028949382,-0.3164652,-0.19862294,0.0448334,0.12090085,-0.009242973,-0.03572011,-0.03146992,0.22917894,-0.09928836,-0.081406474,0.0655175,0.0376289
100070794958,pet_product,8,24.125,0.75,0.125,0.125,0.75,0.125,0.125,0.0,0.375,0.5,0.0,0.0,0.0,3.1670117,-0.27605224,3.378011,1.1934099,-0.18333247,0.50545585,2.027495,-0.1550859,-0.88276815,-0.9529289,0.49566466,1.604342,0.2563958,0.32261008,0.90225405,-0.18327802,-0.3131987,0.055735204,-0.40739384,-0.014950179,1.0620244,0.4378303,0.39664033,0.12149837,0.08865627,0.5237526,-0.93985015,0.96067584,-0.0824931,0.30765542,-0.23433308,-0.38867423,0.7277802,-0.32314593,0.24700893,-0.31927252,0.43367565,-0.1955989,0.0592672,0.31317765,-0.08366803,0.19786307,0.23484138,0.17033939,-0.7254598,-0.10021708,-0.26200598,-0.4524207,-0.00860735,-0.07437277,0.31970707,-0.040726364,0.09502,0.21837717,-0.36898053,-0.34388724,-0.5213493,0.16710499,-0.04144104,0.44748992,-0.12525585,0.040380497,0.06539443,0.13838181
100070794980,pet_product,10,33.5,0.7,0.3,0.1,0.7,0.2,0.0,0.0,0.3,0.4,0.1,0.1,0.1,2.8002348,-0.7620374,1.3257055,1.2594473,-0.7007868,1.1281636,2.7518106,-0.032522947,-1.1625755,-0.0012692094,1.0838686,0.71442306,0.14117515,0.47849703,1.0127897,1.0442694,0.0069046677,0.33803567,-0.19020836,0.32231185,0.72393465,-0.041987278,0.31427208,0.3516901,-0.5261684,0.15712856,-0.6056148,0.7329551,-0.030693287,0.0657177,0.04213813,-0.36222395,0.5252239,-0.6816573,0.28252015,0.029334363,0.33259776,-0.3686626,-0.39010432,0.33215314,-0.16788396,0.4206416,-0.2137305,-0.4100338,-0.32705447,-0.1244632,-0.3090679,0.012203616,-0.18430592,0.39895028,0.114890635,0.046686165,0.17156683,0.048860595,0.009087098,-0.2917685,0.06867965,0.16804786,-0.1105089,0.067337975,-0.28225404,0.025415655,0.19451717,-0.17474428
100071138925,dog_food,17,66.47058823529412,0.8823529411764706,0.1176470588235294,0.0,0.8823529411764706,0.1176470588235294,0.1176470588235294,0.0,0.0,0.5882352941176471,0.2352941176470588,0.0,0.0588235294117647,-3.6857188,-2.4774947,-0.57341105,0.6000144,1.542524,-0.43047124,0.021999106,-0.09383429,0.21960887,-0.11007804,-0.58513737,-0.44761586,1.0965662,0.33135155,0.38111848,0.1932201,-0.18224001,-0.13311076,0.1691189,-0.16964373,0.60883296,0.22796258,-0.2573889,-0.43580273,0.27102262,0.31910318,0.14858128,0.06273316,0.1488073,-0.05085212,-0.0022324394,0.10369821,-0.18718839,0.040316664,0.0833911,0.21836174,-0.107485294,0.22432174,0.09119114,0.07159056,-0.39766788,0.028574936,-0.012533341,0.2659443,0.06317153,0.30695724,0.00759424,0.07581032,0.22191933,0.098074384,0.098826215,-0.038263008,-0.1300258,0.014225237,0.1968713,-0.2281213,0.27610826,0.040282167,0.07137734,-0.13608474,-0.011562505,-0.006962811,-0.12847729,-0.014704785
100078760432,cat_food,9,62.55555555555556,0.7777777777777778,0.0,0.1111111111111111,0.8888888888888888,0.0,0.3333333333333333,0.0,0.0,0.1111111111111111,0.3333333333333333,0.0,0.2222222222222222,-2.9946942,0.085753284,0.7287175,0.6140795,1.0689663,0.45978498,-0.32606494,-0.22077745,0.1440298,-0.3680493,0.73573905,0.70570433,-0.57835793,-0.34233558,-0.74788266,0.049100205,0.22163086,-0.21768248,-0.4548149,-0.08760738,-0.6290528,0.11110147,0.16986531,0.0562807,0.23087072,-0.15199614,-0.16501662,-0.14973594,-0.22858538,0.33830962,0.06878611,-0.46097368,0.23162802,-0.43238494,-0.16144347,-0.28539863,0.0019191139,0.2594304,0.038419172,0.33610964,0.08812358,0.3281853,0.02320391,-0.09525547,-0.05078762,-0.16090448,-0.097440705,-0.2110848,0.32407448,0.068463854,0.119466595,0.06957587,-0.089744076,0.14425121,-0.325221,0.1235091,-0.06589524,-0.05891125,0.2014243,-0.13801186,0.36483324,0.12572959,-0.21917701,0.11326807
100080216960,pet_product,3,42.333333333333336,0.3333333333333333,0.0,0.6666666666666666,0.3333333333333333,0.0,0.0,0.0,0.0,0.6666666666666666,0.0,0.0,0.3333333333333333,1.711903,1.2425998,1.9073814,1.2500905,-0.4940251,-1.012647,0.93132925,-2.6314294,-1.4303551,-1.3398491,1.323042,1.2171955,0.25228637,0.34531143,0.457297,-0.41035482,1.0591959,0.086448155,0.61713964,0.5954135,0.046621323,0.33476838,0.62263274,0.54470253,0.12775934,-0.15263952,-0.6927621,-0.30956972,0.4530878,0.82141024,0.27166,0.1328307,0.11770805,-0.19104981,-0.21037902,-0.013274431,0.32548353,-0.5957827,-0.350577,-0.3979737,-0.245097,0.039483707,0.5908405,0.14645152,-0.00093438226,0.2819343,0.043929037,-0.42999998,-0.1883951,-0.49105564,0.30888113,-0.17782207,-0.2828807,0.54000056,0.15183003,-0.6512978,-0.5385652,-0.49308792,-0.4938186,0.45100972,0.26446763,-0.048413146,0.12798865,-0.007995467
100085324248,dog_food,2,23.5,0.0,1.0,0.0,0.0,1.0,0.0,0.0,0.0,1.0,0.0,0.0,0.0,2.1373038,0.7553289,-1.1249108,-0.20193309,0.93997955,1.7246253,-0.0989517,0.30290395,1.1383206,-0.3800764,-0.87076193,0.1657077,-1.8385891,1.1599448,1.404727,0.7551022,-0.40824628,-0.34440786,-0.10950996,-0.11215527,-0.44887954,-0.28922826,0.23642883,0.9728651,0.20164463,1.6558815,1.8915917,-0.21497235,1.2279443,-0.40976384,-0.0008363351,0.36471197,-0.48326123,-0.48182908,-0.36425406,0.09119942,-0.36310363,1.3277732,0.009360358,0.59137964,-0.13802351,0.79546386,0.2974327,0.27486843,-0.0124031305,-0.44800693,-0.52119964,0.14206493,-0.19589612,-0.3309153,0.0072827935,-1.039129,-0.1321316,0.58761936,-0.02699235,-0.5826694,0.17097707,-0.59455585,0.24865536,-0.037050042,-0.08981974,0.46468735,-0.5920167,-0.16613138
100098831534,cat_food,14,65.92857142857143,0.9285714285714286,0.0,0.0,1.0,0.0,0.5714285714285714,0.0,0.0,0.2142857142857142,0.2142857142857142,0.0,0.0,-3.5952759,0.022229705,0.7297837,0.8972048,1.0123652,1.0894892,-0.9247424,0.93625534,-0.26860303,0.17974706,-0.5258278,-0.17178893,-0.5206983,-0.15915135,-0.7136349,-0.44863185,1.1479789,-0.09344136,-0.656944,0.20031163,0.121817574,0.09616739,0.40620875,0.34622553,0.29242066,-0.21977904,-0.16221945,-0.13007352,-0.17709503,0.04783505,0.043288928,-0.2555202,0.06075521,-0.13302724,0.14086504,0.022450505,-0.043148,-0.17437395,-0.35017517,0.33008558,0.26233846,-0.24350138,-0.17372343,-0.071746394,0.21400578,0.23549218,-0.085707106,0.16659869,0.20089972,-0.10359689,-0.06951178,0.18051647,-0.04480051,0.2916711,0.26971012,0.11946094,0.0063884533,-0.050267126,0.19054294,0.22453083,0.14705172,0.17378148,0.008786912,0.045367803
100111748405,cat_food,42,32.26190476190476,0.0476190476190476,0.5952380952380952,0.2857142857142857,0.0952380952380952,0.6190476190476191,0.0476190476190476,0.0238095238095238,0.0,0.7142857142857143,0.0714285714285714,0.0,0.1428571428571428,3.2737386,-1.2934203,-0.23050942,0.22861831,0.99014336,0.05935485,0.30272055,-0.6589592,-0.49093392,-0.17111994,0.43397862,0.453947,-0.6986415,-0.78364444,-0.5105977,0.07675072,0.57943696,0.023218956,0.28091604,-0.13688283,-0.35713953,0.04532285,-0.121437825,0.118022054,0.047327884,0.017378047,-0.2926312,-0.02486903,-0.057448126,0.22822289,0.06317579,0.14499529,-0.11288075,-0.0063873557,0.080154955,0.11099843,-0.0053442037,0.11878007,-0.013273694,-0.30733675,-0.044307657,0.037939947,0.09318358,-0.02962087,-0.25899863,-0.05166539,0.01464317,-0.014488006,-0.21948822,0.22810386,-0.15667306,-0.12937209,0.062094633,0.0050065927,0.113410994,-0.03824472,0.14023802,0.11331665,0.009232514,-0.1866117,0.17967491,-0.101715766,0.08403675,0.13588737
100112272948,dog_food,39,65.66666666666667,0.8205128205128205,0.0769230769230769,0.0769230769230769,0.8461538461538461,0.0769230769230769,0.0512820512820512,0.0512820512820512,0.0256410256410256,0.5897435897435898,0.1538461538461538,0.0,0.1282051282051282,-3.599862,-1.3710395,-0.6073704,-0.08767566,1.482178,-0.46404746,0.30554125,-0.28679383,0.57320166,0.05340417,-0.32234004,-0.29859182,1.214431,0.49421716,0.54516333,-0.061994884,-0.4571203,-0.09190698,-0.17164107,-0.05569205,0.3251213,-0.039209653,-0.31311408,0.031624116,0.10844047,0.63439953,-0.024541983,-0.017881872,0.0644319,-0.090984136,0.031095881,-0.13471645,-0.28754553,-0.12815422,-0.16029355,-0.17878549,-0.07895324,-0.1445993,-0.07262532,0.019890947,-0.07894402,0.09892901,0.07361111,0.13617894,0.08240177,0.020982364,0.16931216,0.043804616,-0.011831228,-0.05553303,0.0705513,0.032094467,-0.2024756,-0.018568572,0.31672812,-0.0258075,0.17034191,0.03983856,-0.032441728,-0.13379848,-0.13796063,-0.08326391,-0.114176236,-0.06925057
100114512933,dog_food,52,39.36538461538461,0.9807692307692308,0.0,0.0192307692307692,0.9807692307692308,0.0,0.1346153846153846,0.0,0.0,0.5769230769230769,0.1538461538461538,0.0192307692307692,0.1153846153846153,-1.903747,-0.7411969,1.1228864,1.5986148,1.7354636,1.2752178,0.41859037,-0.33907458,-0.33231956,1.0543469,-0.42139876,-0.52781165,0.41886693,0.12958518,0.02429439,-0.2501774,-0.5027204,-0.10454699,0.20092703,-0.34677407,0.30148488,0.14361826,0.0018644797,0.02169277,-0.20937584,-0.35338303,0.09155409,0.036632843,0.03981283,-0.2102967,-0.0067526046,-0.124108166,-0.105433434,0.06613653,-0.33053738,-0.0135701485,0.005094813,0.040155172,0.13463807,-0.097137704,-0.08235741,-0.02970155,0.15842798,0.025514575,-0.0470564,-0.09671473,0.034903076,0.022402922,-0.058987252,-0.14416246,0.008735305,-0.14779836,0.2700328,-0.18368658,0.08058891,0.0024664712,-0.096616596,0.19557306,0.019189034,0.0050273687,-0.123290345,0.056300655,-0.06628085,-0.0053400453
100115256936,pet_product,17,35.411764705882355,0.7647058823529411,0.1176470588235294,0.1176470588235294,0.7647058823529411,0.1176470588235294,0.0,0.0,0.0,0.9411764705882352,0.0,0.0588235294117647,0.0,1.3196462,1.2532346,2.494765,0.80974156,-1.2774644,-0.65592897,-0.08317047,-0.5204159,-0.16951819,-0.7460635,0.35237375,1.1969506,1.5624202,1.0185567,1.942661,0.48582196,-0.10906528,0.78598136,-0.20509362,0.039847597,-2.4297097,0.36544192,0.8860173,1.2908595,1.0900965,-0.8400197,0.7012811,-0.74893713,-0.6783666,0.61542034,-0.21201903,-0.07213365,-0.29530203,0.18404315,0.41706443,0.37107587,0.2414072,0.33603126,0.9320647,0.29824805,0.02769353,-0.2888016,0.06293142,0.0585852,0.682549,-0.35745987,-0.09619791,-0.011168681,-0.111877315,-0.1846259,0.42696694,0.42820477,0.19735716,-0.39218333,0.11110368,-0.15924092,0.46353233,0.06205899,-0.3626877,0.17390803,0.24782975,0.3115638,-0.08356516,-0.24808948
100115256962,pet_product,17,39.1764705882353,0.7647058823529411,0.1764705882352941,0.0588235294117647,0.7647058823529411,0.1764705882352941,0.1176470588235294,0.0,0.2352941176470588,0.5294117647058824,0.0,0.0588235294117647,0.0588235294117647,0.8669324,2.1301806,1.8247683,1.0102476,-1.0266542,-0.90855694,0.4862382,-0.18176872,-0.4787414,-1.069423,-0.4190503,1.0415142,0.7935424,1.2365046,2.1100435,0.786522,-0.17951351,0.5429552,-0.34041554,-0.07872368,-2.1695907,0.31948236,0.9986426,1.141902,0.83166724,-0.9395795,0.31777862,-0.7759682,-0.2435926,0.8435254,-0.75215006,0.36625633,-0.06946558,-0.08440408,0.33878928,0.048924576,0.32916003,0.2700947,0.77487123,0.31882566,0.33718616,-0.29504448,-0.28884298,0.3829045,0.70837593,-0.22556828,0.013718896,0.13001338,-0.10568527,-0.25603145,0.5433758,0.4971929,0.09815245,-0.40977502,0.14390329,-0.31388736,0.37319353,0.24875319,-0.1659717,-0.20861731,0.23026744,0.12261726,0.30223122,-0.18131812
100121467835,dog_food,36,67.11111111111111,1.0,0.0,0.0,1.0,0.0,0.3333333333333333,0.0277777777777777,0.0,0.3888888888888889,0.1666666666666666,0.0,0.0833333333333333,-2.4993489,-0.26270565,1.1019686,0.5020532,0.93682384,1.1436111,-0.3706859,-0.257365,-0.10045265,1.0064543,-0.19851056,-0.3867203,0.8706633,-0.32422405,-0.107761264,0.12737602,-0.42836368,-0.29673812,-0.2852689,0.07344581,0.00817227,0.018483609,0.12037054,-0.15825322,0.06528376,-0.11681541,-0.048818387,-0.14483649,0.1225518,-0.23415817,-0.10307787,-0.045459118,-0.1063793,0.22827233,0.006056582,-0.11357775,0.07052544,0.22770521,0.13617314,0.008257936,0.023687975,0.10660398,-0.1242483,-0.11807757,-0.12825689,-0.030590836,-0.052988324,-0.081147656,-0.14652798,0.0768911,0.090471625,-0.13902335,0.10747482,-0.046910238,0.17715982,0.11813702,-0.1720282,0.040338613,0.016933994,-0.22826621,0.014382414,0.22093774,-0.06514557,-0.067633934
100122162329,dog_food,10,56.4,0.9,0.1,0.0,0.9,0.1,0.6,0.0,0.0,0.2,0.0,0.0,0.2,-2.5311484,0.9713804,-1.0182164,0.7157112,1.6538117,0.9851082,1.1406295,-0.06636089,0.74478596,-0.69649017,0.47067946,-0.66400456,0.4929498,-0.19746773,0.28973693,-0.83429366,-0.36784828,0.04107126,-0.26944333,0.028437829,0.40672773,0.5985613,0.36660463,-0.11731918,0.6524539,0.07839868,-0.17913678,0.6056815,0.21368769,-0.007828039,0.30785552,0.22750774,-0.10126356,0.3305319,-0.22137237,0.09629778,0.29532203,-0.24898997,-0.10239468,-0.105786994,-0.12384735,0.07250231,0.23577984,0.12314315,-0.15929468,-0.06135763,0.070698045,0.059561618,-0.18856773,-0.25860938,0.0147199035,-0.07394201,0.27957082,-0.07517402,-0.107671544,0.189697,0.19098833,0.24927457,0.30698794,-0.36455855,-0.08997069,-0.036139477,0.32710046,-0.35896128
100136079282,dog_food,74,44.054054054054056,0.9864864864864864,0.0135135135135135,0.0,0.9864864864864864,0.0135135135135135,0.081081081081081,0.0135135135135135,0.0,0.5945945945945946,0.1486486486486486,0.0,0.1621621621621621,-1.5410839,-0.83661175,1.060184,1.3021637,1.6770602,0.7511243,0.13016404,0.4781576,-0.39392853,0.94400674,-0.57326525,-0.21457277,0.66784155,0.016213644,0.05528852,-0.14130114,-0.42621127,0.052743334,0.10063478,0.04939192,0.067164846,0.12132009,-0.16709638,-0.044077177,-0.2744619,-0.08466446,0.018347057,0.03214037,0.15631199,-0.22576337,-0.01120933,0.24978578,-0.23889203,-0.02627309,-0.12900227,0.18389764,0.14698377,0.001792687,0.056227632,-0.08203805,0.01656907,0.079979844,0.0132326,0.15676846,-0.013926704,-0.19610819,-0.06796987,0.046949916,-0.052237444,-0.13607864,0.013399181,-0.07329361,0.09999849,-0.11238504,-0.013616833,-0.031653687,-0.061941985,0.11596038,-0.039492775,-0.07448951,0.057338774,0.07028602,0.06359788,-0.07099106
100136079284,dog_food,15,41.333333333333336,1.0,0.0,0.0,1.0,0.0,0.0,0.0,0.0,0.6666666666666666,0.2666666666666666,0.0,0.0666666666666666,-2.6438704,-0.33603907,0.80843794,1.678246,1.248181,1.6672982,0.71462286,0.067374036,-0.1572009,1.182518,-0.4437936,-0.6034809,-0.08575761,0.024369871,0.38810834,0.19498904,-1.0302745,0.094206706,0.0090981405,-0.3133112,0.24642064,-0.12266941,0.09797939,0.053794272,-0.17482278,0.016257595,0.32124278,0.03432825,0.0028799535,-0.1150291,0.29016623,-0.16990489,-0.08934142,0.33418056,-0.031991433,0.28554562,0.11753333,0.27654824,-0.0049420516,-0.15674537,0.031000227,-0.22223417,0.062967375,-0.2297578,-0.19953948,0.12735365,-0.034979034,-0.09531878,-0.16984113,-0.11834776,-0.00804956,-0.23991865,0.1048973,-0.2350717,0.116349176,0.06582887,0.003798884,0.011370107,-0.014701251,-0.013315852,0.5215383,0.282169,0.018960522,-0.06560237
100151315926,cat_food,4,46.0,0.75,0.0,0.25,0.75,0.0,0.0,0.25,0.0,0.5,0.0,0.0,0.25,-1.182221,0.70096934,1.169137,2.3717601,0.44591182,2.6753101,0.22536822,-0.1730458,-0.8484678,0.2760902,0.9564202,0.8133905,-1.5921192,-0.4317861,0.2906539,-0.80178237,-0.5499988,-0.3387146,0.40242043,-0.30715996,-1.0891409,-1.1070532,0.093685284,0.124854974,-0.29721606,0.68253535,0.50064945,-0.34616876,0.54463255,0.90417254,-0.110964686,-0.25389433,0.14648584,-0.1225729,0.017580181,0.496531,0.16262294,-0.065961674,-0.2536201,0.74460864,0.24429773,-0.08082095,0.05939342,0.46751583,0.033216506,0.12440424,-0.21259846,-0.0036026295,0.15722358,-0.42785987,-0.27752882,-0.14916678,-0.12160567,0.6102877,-0.123832054,-0.07048642,-0.17507778,-0.28124902,-0.53165376,-0.2350792,-0.3838108,-0.3358599,-0.10784816,-0.14212328
100153216861,cat_food,6,66.16666666666667,1.0,0.0,0.0,1.0,0.0,0.6666666666666666,0.0,0.0,0.0,0.1666666666666666,0.0,0.1666666666666666,-3.807315,0.3109181,-0.3066931,1.2495236,0.32149273,1.022817,-1.0709715,-0.43928996,-0.58725405,-1.0095602,0.0881618,-0.022160253,-1.1832812,-0.5367548,-0.009015441,-1.0162505,0.33172768,0.32430202,-0.5458396,-0.6298713,-0.4890375,0.015444701,-0.2188256,0.71514267,-0.63216174,-0.16936572,0.07445728,-0.1410354,0.14411722,0.2736515,-0.10861101,-0.32941374,-0.0039356053,-0.22185743,-0.20110536,-0.115154065,-0.19394548,-0.10632068,-0.28981465,0.3255343,-0.23965509,0.021234289,-0.3017969,-0.16549711,-0.18778366,0.19258697,-0.041125253,0.20783831,0.2583584,-0.1580911,0.5597801,-0.08016206,-0.18071914,-0.20929633,-0.14284806,-0.32867208,-0.2471,0.04046261,0.19755936,-0.00031984597,-0.16971982,-0.0117205335,0.33489534,0.18558711
100153216863,cat_food,5,68.4,1.0,0.0,0.0,1.0,0.0,0.4,0.0,0.0,0.2,0.0,0.0,0.4,-5.067108,0.12596293,-0.1973367,1.0608723,1.4350097,0.7832325,-0.29204723,-0.021597361,0.28128183,-0.9785465,0.18493158,0.8525683,-0.6462591,0.25772303,-1.0235165,-0.18208744,1.0364857,-0.13855015,-0.021208871,-0.46296126,0.08911602,-0.30999532,0.06092559,0.066745564,0.36156103,-0.016926337,-0.40264425,-0.6189247,-0.17914973,0.18142314,0.2535599,-0.1786282,0.26012814,-0.15814991,0.012892437,0.05498321,-0.18340242,-0.2923831,-0.0028044463,0.03651469,-0.25579053,-0.056535326,-0.258983,0.12475254,0.5154902,0.13624668,0.2439137,0.04838554,0.021618342,0.28846428,-0.06889963,-0.0633773,0.064842895,-0.08105433,-0.3642752,0.0010367915,-0.02861849,0.014519453,0.053061165,-0.12726545,0.29190663,-0.14472637,0.06769519,0.20588815
100154268291,pet_product,12,104.83333333333331,0.5,0.3333333333333333,0.1666666666666666,0.5,0.3333333333333333,0.0,0.0,0.0,0.3333333333333333,0.5,0.0,0.1666666666666666,0.17676292,0.8999556,0.80399704,-1.3622923,-2.8611405,0.1708601,0.23230278,-0.8102084,-0.88090116,-0.89825004,0.025194744,-1.0287174,-0.22483808,-0.9352284,-0.6400481,0.09344212,0.045310613,-0.28247312,-0.16487893,1.020002,0.7372239,-0.15130971,-0.92865175,0.33187827,-0.30894074,0.46751735,0.003376032,0.037412632,-0.05444001,-0.19376986,0.15539764,-0.023358772,0.28654,-0.06832843,0.17482187,0.048528176,0.14446752,0.2922478,0.4390383,0.18675072,0.25772092,0.0066121146,0.1509745,0.36862782,0.3155803,-0.6031285,0.109339915,-0.052331313,-0.44315806,0.36296543,0.057567876,-0.036171477,-0.14263038,-0.6490374,-0.029321948,0.33621034,0.34412,-0.07728963,-0.16852695,-0.090882055,-0.30537722,0.37626696,0.009021905,0.1438183
100154268303,pet_product,50,66.18,0.9,0.1,0.0,0.9,0.1,0.2,0.0,0.04,0.38,0.28,0.0,0.1,-1.8659909,1.0606827,1.6065973,-1.002581,-2.7046158,0.118589185,0.28562477,-1.3206699,-0.47864437,-1.3361415,-0.6164917,-0.8863929,-0.34246394,-0.46424156,-0.69858414,-1.0936956,-0.08949188,-0.0449608,-0.25660634,0.8942986,0.62940764,0.12415471,-0.54419494,-0.28089902,-0.19343235,0.4356073,0.6550914,-0.03292204,0.15738063,-0.16298662,-0.21508184,0.22786796,-0.082500115,-0.16344248,0.3595815,0.1595611,0.13883668,0.14020343,0.36175305,0.052004665,0.33103076,0.082332544,0.003754301,0.07865629,0.33781418,-0.040388774,0.20844625,-0.3266208,-0.35760823,0.20229217,-0.06466911,-0.11267562,0.083675176,-0.1747835,-0.24256691,0.25092092,0.24334255,0.04784271,-0.13490376,0.04067079,0.0003982842,0.048210695,-0.18425503,-0.17432472
100154268305,pet_product,9,69.66666666666667,0.4444444444444444,0.5555555555555556,0.0,0.4444444444444444,0.5555555555555556,0.1111111111111111,0.1111111111111111,0.0,0.6666666666666666,0.1111111111111111,0.0,0.0,0.53943896,0.9569094,-0.41564548,-0.23569822,-2.0514045,-0.34923637,-0.515177,-1.0887198,-0.49817997,-0.8452083,-0.78627235,-0.85528666,-0.53029263,-0.29042444,-1.0193195,-0.1378855,0.5395404,-0.831399,-0.11148454,0.93521893,0.4942977,0.27658096,-0.44693348,0.42397758,-0.03236551,0.423329,0.08942784,0.49154913,0.20201832,-0.010086698,-0.092608936,-0.26175964,0.036539674,-0.011892226,0.21086694,0.17322609,-0.015570694,0.37951586,0.37554136,0.059811976,-0.07467273,0.4791939,-0.14889663,0.0009518464,0.40154806,-0.1920615,0.26600906,-0.2747784,0.012096054,-0.13530323,0.17751783,-0.24471873,-0.16907558,-0.08416329,0.09775876,0.31104666,-0.35456088,0.37636337,0.0019398706,-0.016811928,-0.09765516,-0.054036897,0.14384708,-0.22160515
100160560411,pet_product,3,31.0,0.3333333333333333,0.6666666666666666,0.0,0.3333333333333333,0.6666666666666666,0.0,0.0,0.3333333333333333,0.6666666666666666,0.0,0.0,0.0,4.7578087,-0.25909075,0.17465909,-0.88879794,-0.3157859,0.6978135,0.6709191,-0.09813917,-0.84647703,0.44740424,-0.5908281,0.7171348,-1.1292015,0.23742104,0.43892574,0.6493147,-0.050078154,-0.04183547,1.0093755,0.2801058,0.07941389,0.30627242,-0.2998191,-0.043947052,0.5496771,-0.28884366,-0.9266544,-0.19099669,0.16334827,0.0043856404,-0.050686937,-0.2568141,-0.229255,-0.7076699,-0.09263778,0.22264247,0.083492495,0.18332772,-0.21748896,0.42672518,0.5071849,0.29134494,0.7459931,0.56534123,-0.34417734,0.18237914,-0.14958595,-0.15912507,0.58429164,-0.5448138,0.12213036,-0.33255935,0.13180156,0.96294826,0.019856574,-0.38468447,-0.44436303,-0.13784783,0.54701453,-0.510879,0.32154915,0.36028633,-0.27635643,0.24674332
100160986751,pet_product,4,61.75,1.0,0.0,0.0,1.0,0.0,0.5,0.0,0.25,0.25,0.0,0.0,0.0,-2.4830232,0.3366003,3.6708336,-0.9472624,-4.3038135,-0.03292171,0.7655474,-1.8683181,-0.032008857,-1.9022832,-0.8875078,-0.19931614,-1.0808039,-0.84896827,-1.0495839,-0.9269138,-0.47439587,-0.6191791,0.13391797,0.7393501,0.5835825,0.4111166,-1.2507273,-0.43333855,-0.29480857,0.29759565,1.0521488,0.017312497,0.22599502,0.032114655,-0.78245753,0.060966954,0.7591487,-0.3861961,0.3764746,0.29970053,0.028592557,0.2978953,0.11361881,0.3746955,0.09700336,-0.3112709,-0.22907446,0.31612208,0.33139297,-0.2901414,0.17064592,-0.046649545,-0.9602862,-0.051172435,-0.5876866,0.05980793,-0.3087929,-0.40147805,-0.39169186,0.060701385,0.03247629,0.27611974,-0.35992894,-0.12506998,0.00037877262,-0.0604503,0.36422607,-0.23864247
100162461006,cat_food,3,31.666666666666668,0.0,0.3333333333333333,0.6666666666666666,0.0,0.3333333333333333,0.0,0.0,0.0,0.6666666666666666,0.3333333333333333,0.0,0.0,3.1964152,-3.9104798,-0.81295156,1.6118075,1.1803007,-0.6680077,0.7372608,-1.4645467,-0.2801157,-0.07285917,3.0392787,0.8279257,-0.600417,-0.059749287,-0.597393,0.34236267,0.9229991,0.8094151,0.63966316,0.93961376,-0.17166333,0.7463195,-0.075134,-0.76293755,0.5425088,0.40320364,0.0034831364,-0.76227134,0.66875386,-0.08590118,0.4877459,-0.15842628,-0.08598418,-0.6255904,0.22714166,0.28127444,-0.44385222,-0.12120821,-0.21872537,-0.025587639,0.29912737,-0.13378544,0.36967504,-0.24957526,0.32048625,0.30027053,-0.26908353,-0.043453623,-0.51596373,-0.24831806,-0.27597898,0.07884623,-0.07096809,0.48744896,0.2835678,0.039314423,-0.31800964,0.51114994,-0.11906433,0.2998278,-0.09464245,-0.018741613,0.5943129,0.29665756
100162461068,cat_food,40,44.15,0.325,0.425,0.175,0.375,0.45,0.075,0.0,0.0,0.7,0.1,0.025,0.1,0.7921673,-1.6244032,-0.1462674,1.1034511,0.94396895,-0.005719012,0.5712496,-0.16900906,-0.2514346,-0.2082793,0.81682414,0.6907696,-0.8862891,-0.81953084,-0.5247802,-0.25676778,0.64587104,-0.022606071,-0.041754387,0.23502938,-0.31935996,-0.17376287,0.22328348,-0.021416355,-0.025401562,-0.011230709,-0.039646924,0.06524323,-0.008169405,0.081042945,0.1446736,0.11247486,-0.026199287,0.044234235,-0.05327633,0.11198523,-0.037644297,0.20146564,-0.09851442,0.060635842,0.2670252,-0.06787057,-0.05387323,-0.1505802,0.11102289,-0.076074935,0.06201043,-0.00065883144,-0.10278852,0.3797889,-0.16530797,0.023008574,-0.25132748,-0.13696125,-0.10137151,-0.23449299,-0.20999837,0.011385111,-0.0578789,-0.06775296,0.048146553,-0.032025088,0.027688041,-0.008853721
100171913423,pet_product,22,60.18181818181818,0.7727272727272727,0.0454545454545454,0.1818181818181818,0.7727272727272727,0.0454545454545454,0.3181818181818182,0.0909090909090909,0.0,0.3181818181818182,0.0,0.0,0.2727272727272727,-0.39649332,3.116047,1.3660476,-0.064029165,-1.6087723,0.025543364,1.6494758,-0.7982038,-1.658909,-0.9656229,-0.2943387,0.22227545,0.17672774,0.21129403,0.3894017,0.48430863,0.16780803,0.053104,-0.6353865,0.4425228,-0.10665586,-0.2841601,0.09168137,0.18730527,0.5004601,0.0938477,-0.5775596,-0.1131819,-0.1350819,0.31337583,0.07772675,-0.00043440948,0.24427743,-0.111745685,0.59922856,-0.018813534,-0.21369152,-0.2544996,-0.12616433,0.01304248,0.2883803,-0.34042224,0.32530835,-0.03686714,-0.24204573,0.016656948,0.10974517,0.14382653,0.46565723,0.03886085,-0.47370723,-0.29469836,-0.102019474,-0.022916658,0.12970026,0.16191013,-0.32788897,-0.41868716,-0.15868779,-0.1641648,-0.090743475,-0.035939123,0.18243313,0.06527925
100177560483,pet_product,1,68.0,0.0,0.0,0.0,1.0,0.0,1.0,0.0,0.0,0.0,0.0,0.0,0.0,-0.94918555,5.9975348,0.9625539,-0.21574302,-1.4339155,-0.5821065,-1.1088755,0.252341,-1.4341038,1.9041026,1.8067389,-1.9190719,0.7497354,0.7559356,-0.4600431,2.4431539,-0.22024876,-0.45198056,-1.1246525,1.5703727,-1.0773441,-0.51250225,0.33832392,0.20917217,0.37964058,-0.9561154,-0.51530766,-1.4234172,0.7393356,0.678557,-1.019703,-0.55894595,-0.64344907,-0.9632324,-1.1588974,0.13607827,1.2159727,-0.70140463,1.1550745,-0.6225089,0.5440588,0.8027246,1.0884777,1.1646754,0.36455426,0.70623267,-0.19794115,0.46250007,-1.4230812,-0.22743914,-0.38280308,0.12073494,-0.23698673,1.2188841,-0.5979438,0.06880837,0.63903654,0.882553,0.4932107,-0.8384136,-0.32592672,-0.6502243,0.056278966,-0.24509686
100177740335,pet_product,9,25.666666666666668,0.6666666666666666,0.3333333333333333,0.1111111111111111,0.6666666666666666,0.2222222222222222,0.1111111111111111,0.0,0.1111111111111111,0.6666666666666666,0.0,0.1111111111111111,0.0,3.5698047,1.2062262,2.8217783,-0.9067373,-1.553486,-0.058243446,-0.2957284,0.7907045,1.2980232,-0.3193396,-0.22799484,-1.9225123,0.08915785,0.09317597,-0.41360596,0.42442572,0.70364404,0.33905193,0.3034191,-0.31140417,0.0761301,-0.34323588,0.013534899,0.5223874,0.10695739,0.17304026,0.40795594,0.36363918,0.46415997,-0.3935292,0.25423914,0.12380045,-0.71124196,-0.22122428,-0.12751889,0.053384602,0.43827596,-0.44134554,-0.041986678,0.25420895,-0.41550615,-0.45914856,0.17144042,-0.023261718,-0.13145134,0.29084763,-0.3243891,-0.04438805,0.013012418,0.56553304,0.38414666,-0.056561273,-0.15620945,-0.02586571,0.36208445,0.085318156,-0.50982326,0.1776722,-0.40219402,-0.27630594,-0.17316836,0.083931476,0.12744258,0.11750087
100178802933,cat_food,3,54.66666666666666,0.6666666666666666,0.0,0.3333333333333333,0.6666666666666666,0.0,0.0,0.0,0.0,1.0,0.0,0.0,0.0,-2.2508903,-0.717669,1.1700884,1.628623,1.5967404,-0.44289598,-2.390302,0.22414418,-1.0992321,-0.83407134,-0.78493303,-0.28683546,-0.17860265,-0.4397557,-1.6792113,0.010840734,0.87067246,-0.56371516,-0.28993282,-1.0902922,-0.0766894,-0.075706266,0.1129793,0.7806952,0.9432612,0.39285794,-0.7002697,0.21595232,0.5649062,0.748877,0.0789364,0.5138583,-0.16528794,-1.096841,0.067385875,0.041773796,0.25481296,-0.30229828,0.1260433,-0.013626655,0.19213496,0.31726858,-0.34222135,0.1401919,0.32248247,0.12090353,-0.105282985,-0.106634475,0.058978677,0.4908649,-0.5709427,-0.44603464,0.33404693,-0.089105725,0.016660491,-0.24184722,-0.4113387,0.19502221,0.056440216,0.41908574,-0.27168486,-0.18120366,-0.15330733,0.24227817
100180651573,dog_food,2,50.0,1.0,0.0,0.0,1.0,0.0,0.5,0.0,0.0,0.5,0.0,0.0,0.0,-2.5852537,-3.4887862,-0.7393091,0.5636421,0.4351775,2.557955,0.24579275,0.7508521,0.3898241,0.99322736,0.027263701,0.8150877,1.1684402,0.2017909,0.5333667,-1.1314856,-1.3516775,-0.18298823,0.12238827,-0.18409878,0.43394953,-0.5472114,0.5141673,-0.2224395,0.35990298,-0.24628575,-0.083291784,0.08684273,0.60772955,-0.40808362,0.26647747,0.5296252,0.952337,0.108579546,-0.5086861,0.04472561,0.086379565,-0.51452994,-0.6608933,-0.5852026,1.1869323,0.12693349,-0.890724,0.1849127,-0.44441655,-0.76884854,-0.5751861,-0.19036259,0.13054416,-0.26581773,-0.4617114,-0.5948977,0.13977349,-0.19655779,0.3444763,0.01760533,0.81571925,0.3275591,0.18664426,-0.6262134,0.13718304,-0.26072848,0.43132636,0.26835936
100184800271,pet_product,1,12.0,1.0,0.0,0.0,1.0,0.0,0.0,0.0,0.0,1.0,0.0,0.0,0.0,3.1875587,-2.4442308,3.4916255,1.2204977,0.03461544,1.3957932,4.939554,-0.3948885,-0.30100602,1.9214269,1.3163458,0.44371375,0.70973057,1.9301107,0.24678482,1.8063549,-0.18091694,-1.2476794,1.0305383,0.6982212,0.8669072,-0.106321834,0.75968117,0.8704864,-1.4611155,1.3082161,1.1170183,0.5533072,0.5115248,-0.2744798,0.35476738,0.24209295,1.7429738,-0.6911554,-0.21394214,-0.7287691,1.0366871,-0.961974,-1.1295557,1.3556554,-0.6248793,0.3930056,-0.08621998,0.21991561,-0.14553428,-0.9355289,-0.24815534,0.06545203,-0.09353436,-0.9518408,-0.34107655,0.33772963,0.21897678,-0.072843485,-0.19342943,-1.5041711,-0.30278414,0.5392367,0.09864831,-0.48861596,-0.7401715,0.6336524,0.0088326195,0.106285304
100195732408,pet_product,14,67.42857142857143,0.7857142857142857,0.2142857142857142,0.0,0.7857142857142857,0.2142857142857142,0.0714285714285714,0.1428571428571428,0.0,0.6428571428571429,0.0714285714285714,0.0,0.0714285714285714,-0.2870174,0.64395714,1.6134071,-1.0308902,-2.6631763,-0.117766745,0.014361843,-1.3040025,-0.44526488,-0.99552506,-0.54683083,-1.227854,-0.69964224,-0.42420605,-1.1836367,-1.3890817,-0.26186526,-0.08963771,-0.23495652,0.49595103,0.67849046,-0.12444844,-0.5730966,-0.24267447,0.09108102,0.08005271,0.61469716,0.037364338,0.46936268,-0.3369716,-0.118651494,0.20396855,-0.018275771,-0.04149758,0.10718957,0.20432048,0.15766522,0.8001773,0.32112232,0.2131345,0.14541337,0.038151972,0.030052822,0.0050599105,0.21929018,0.007667684,0.07309715,-0.4920116,-0.086558424,-0.041488416,0.082971536,-0.1421462,0.039309222,-0.12440077,-0.14465497,0.15000275,-0.20457302,0.16652305,-0.12867968,-0.036693066,-0.12901357,-0.18576194,-0.19626765,-0.078351654
100197922048,pet_product,2,70.5,1.0,0.0,0.0,1.0,0.0,0.0,0.0,0.0,0.5,0.0,0.0,0.5,-2.8651834,3.1192355,1.2872488,-1.2694228,-2.8107245,0.37063134,1.300703,-1.1545455,-0.5478412,-1.3958052,0.042180404,1.6790535,1.4252976,0.6656892,-0.57924056,1.2321963,0.8381703,0.0014576614,-0.54897857,0.3557397,-1.04243,-0.505399,0.19912186,-0.11643129,1.3270366,-0.22572754,-0.62199354,-1.1593082,-0.62048644,-0.37259245,0.4387786,0.46939594,-0.12759641,0.83062935,1.0570055,1.1904743,0.47193983,-0.2777601,-0.72028875,-1.26669,0.853667,-0.0642547,0.4598413,0.49962106,-0.44092014,0.31818843,0.12218613,-0.02062279,-0.21227902,-0.8414274,-0.4993633,-0.67687416,-0.6436535,-0.30542237,0.07875918,0.24210706,0.35937843,-0.6233353,-0.2999749,0.006242007,0.030466944,-0.4274907,-0.37998846,-0.2030076
100199060254,pet_product,4,87.0,0.75,0.25,0.0,0.75,0.25,0.0,0.25,0.0,0.5,0.25,0.0,0.0,-1.6348006,1.0954236,0.65528226,-1.1547837,-2.9038656,0.2528351,-0.6066413,-1.4764212,-1.6836424,-1.2253642,-0.47119525,-1.3013906,-0.09418586,-0.7215058,-0.34540832,-0.028187275,0.9948795,0.36484188,-0.77915394,0.85161763,0.41874862,0.14954567,-0.85288346,-0.037170008,0.163322,-0.021063343,0.38339582,-0.7024182,-0.68411976,-0.19565952,-0.47513688,0.025872424,-0.1915472,-0.40729007,0.34212026,-0.581957,-0.018570483,0.79052776,0.34975502,-0.2922585,0.03592089,-0.0040705353,0.12404595,0.26224062,0.054670036,-0.13223739,0.52715737,-0.2878793,-0.14606094,-0.02323775,-0.18411742,-0.3644302,-0.09325927,-0.082167536,-0.24056923,0.5114875,-0.03169591,0.5065643,0.033019662,0.109540075,-0.29022384,-0.09501238,0.18141483,-0.17902334
100201127257,cat_food,1,12.0,0.0,1.0,0.0,0.0,1.0,0.0,0.0,0.0,1.0,0.0,0.0,0.0,6.659137,-3.120014,0.31085557,-0.28605753,1.584582,-2.1868842,1.936922,0.15945241,0.7867367,-0.11097798,1.9254266,0.08577405,-0.97064275,0.3588305,-0.12629996,-1.5933756,1.0890673,0.9436914,0.28268096,-0.025497807,-0.02376409,-0.37480825,-1.6080126,0.59134525,0.23151386,-0.9448264,0.43701157,-0.8671071,-0.34346431,0.54273415,-0.883117,0.42606035,1.951993,0.26529458,-0.08661969,0.031904597,-1.1041462,0.3335547,0.03317583,-0.5978977,0.57458967,0.7226717,-0.047639042,0.5597456,1.0790915,0.62447274,-0.2935601,0.27011284,-0.8415707,0.42391953,-0.44123846,0.17368612,-0.18524697,0.63908553,0.8621951,0.022623722,0.32563913,-0.21254312,0.64571375,0.119385615,0.38322833,0.24013618,-0.20061754,0.23084043
100201485775,cat_food,1,66.0,1.0,0.0,0.0,1.0,0.0,0.0,0.0,0.0,0.0,1.0,0.0,0.0,-1.2392124,-4.155788,-1.9619385,2.3539007,-0.763314,0.97176707,1.4844052,0.3010171,-1.0394183,-1.3021276,2.400877,-0.025994517,0.57607573,1.2067268,0.27248397,-0.91560376,0.55763936,0.29324564,-1.3606623,-1.8992321,0.36163494,-0.29062086,0.07486379,-0.68998766,-0.09624814,-1.264695,-1.6546137,0.09857161,-0.57778126,-0.006596264,0.5930503,-0.8636699,-0.70915544,-0.40857163,-1.0829768,0.7994401,0.7895724,-0.707633,-0.32381797,-0.1677015,0.22047801,-0.012663304,0.57907623,0.1733908,0.23894617,-1.4822197,0.3506026,1.4362501,-0.9351526,0.52880186,0.73453104,-0.25925136,-0.45937952,-0.6326811,-0.534144,-0.31738785,-0.23958845,1.0133651,-0.9767467,-0.4888501,0.611378,0.44014978,-0.8459453,-0.9836706
100201827671,pet_product,3,44.0,1.0,0.0,0.0,1.0,0.0,0.0,0.0,0.3333333333333333,0.3333333333333333,0.3333333333333333,0.0,0.0,-0.15817846,-0.060405333,2.375276,0.7488753,-4.8290095,-0.3416034,-0.9024301,0.9242143,1.4397558,-0.19720078,1.6443461,0.6771908,0.6359758,1.4608268,-0.82581043,0.5342925,-0.30959025,0.30249026,0.89448375,-0.70817727,-0.74164623,-1.244933,0.11828361,-0.5329836,0.17146367,0.057433963,-0.11461244,0.8155264,0.2598602,0.03866246,-0.78690356,0.5973062,-0.98138046,0.42801356,-0.7795212,0.1628454,0.044945985,0.18941616,0.91660184,0.021139404,-0.4936042,0.18373187,-0.20292443,-0.6585724,0.31287476,-0.42833474,0.28114966,-0.17425244,-0.2558944,-0.373081,0.92214745,-0.19799149,0.6457564,0.35129336,0.50211126,0.14331709,-0.59326595,0.094640106,-0.22081123,0.19010763,0.3195134,0.09187917,-0.25885364,0.24378638
100203000971,dog_food,1,74.0,1.0,0.0,0.0,1.0,0.0,0.0,0.0,0.0,0.0,1.0,0.0,0.0,-6.822733,-0.97848195,0.49271035,-1.3210099,2.5526361,-0.9591991,-0.50523216,-0.48731083,1.9886004,1.2520163,-0.45661235,0.58155197,2.4034176,0.26443893,0.39181238,-0.1617826,1.0532609,-1.8674247,0.375034,0.3762803,1.3625848,-2.1321237,0.33429027,0.2640735,-0.8079392,0.18074714,-0.1312913,0.33127648,0.3855219,-0.8562146,-0.27779067,0.8646134,0.64198333,-0.92188287,-0.5083217,-0.13759969,0.33034015,0.24150047,0.08322842,-0.3360343,0.3696154,0.56976444,-0.48764315,-0.08415863,0.66946733,-0.25883114,-0.3210042,-0.89030826,-0.13831937,-0.28428483,-0.12871185,0.29214817,-0.1317176,-0.30621424,0.21657434,-0.15818769,0.2234957,0.04458158,0.025597382,0.34465986,-0.06984151,0.05603233,-0.020994686,0.055498395
100203000973,dog_food,16,75.6875,0.875,0.0625,0.0,0.9375,0.0625,0.3125,0.0625,0.0,0.375,0.0625,0.0,0.1875,-3.6429474,0.31786832,-0.94021666,-0.73643947,0.7976629,1.2366595,-0.6785314,0.21484014,0.44515273,0.20022433,-0.7425948,-0.087254375,0.9403339,-0.07813217,-0.08601341,0.032898545,0.15691216,-0.09756088,-0.14237379,-0.57934475,0.08234914,0.6197261,0.310922,0.08861154,0.26600733,-0.071085006,0.2869877,-0.25022405,-0.09620501,-0.5489025,0.2187226,0.0564241,0.05133751,-0.15604955,-0.31559366,0.052138895,-0.029854953,-0.19637968,0.027993567,0.05190634,0.11221974,-0.11001155,-0.0048874393,0.05067898,-0.26482153,0.12050721,-0.052833546,0.07861225,0.21873733,-0.015398705,0.04614141,-0.0060673207,-0.3179608,-0.21840471,0.05324209,0.12760738,-0.23489712,0.1521249,0.22573808,-0.02287805,0.25992703,0.13181578,-0.08688849,-0.053653218
100203000983,dog_food,5,73.8,1.0,0.0,0.0,1.0,0.0,0.4,0.0,0.0,0.4,0.0,0.0,0.2,-4.203883,0.936927,0.028789788,0.3556329,0.7623209,1.8038543,-0.64624345,0.25868255,-0.10926266,-0.2902223,-0.028041625,-0.71714324,0.36177826,-0.3134418,0.4429019,-0.026275456,0.033335336,-0.5854866,0.033347957,1.0361993,-0.12967044,-0.12183156,-0.46375433,-0.019406725,0.32843566,-0.10924027,-0.45664102,-0.1620851,-0.08413966,-0.49505582,-0.12136521,-0.25918803,-0.11874002,0.1840163,-0.046267636,0.4311758,0.31534213,-0.018431414,0.6544927,-0.09489272,-0.55157167,-0.3070595,-0.63439834,0.20813909,-0.09809694,-0.0756412,0.064304106,-0.34323716,-0.09523825,-0.094270006,0.023736637,-0.5648186,-0.3342806,-0.037816435,-0.14931858,0.32018167,0.0983503,0.2606739,0.2997686,0.042257685,0.0145719405,0.26725012,0.12196468,0.19057174
100203043497,cat_food,6,62.66666666666666,0.8333333333333334,0.1666666666666666,0.0,0.8333333333333334,0.1666666666666666,0.1666666666666666,0.0,0.0,0.6666666666666666,0.1666666666666666,0.0,0.0,-2.0592475,-0.99701506,0.31718573,0.32159296,0.08903938,0.52130663,-0.44448662,-0.3235018,0.63501805,-0.044787567,-0.46420622,0.26038274,-1.382672,-0.3186631,-0.22678001,0.049444143,0.15154386,-0.5051974,-0.17288882,0.09541138,-0.27826896,0.44259167,-0.046268925,0.16457434,-0.6574138,-0.53384906,-0.26354375,-0.14756201,0.052429896,-0.14948143,-0.6658349,-0.5953682,-0.053637724,0.318965,0.25113449,-0.3900703,0.030532986,0.19405842,-0.31879982,0.099872254,-0.13381448,-0.15649682,0.018539751,-0.12816806,-0.34544888,0.3024908,-0.17136808,0.041227546,0.30540898,0.07150587,0.09784203,0.2626501,-0.19317691,0.21008153,-0.0024632763,0.2270527,0.11101841,-0.17977141,-0.14075701,-0.1027368,0.13097267,0.22966431,0.10878256,0.094224475
100205817100,pet_product,10,58.6,1.0,0.0,0.0,1.0,0.0,0.0,0.0,0.1,0.2,0.7,0.0,0.0,-1.0999699,-0.15659463,2.3230848,-0.941004,-3.508716,-0.22577648,0.65463245,-1.7977288,-0.69272715,-1.6221634,-0.4008925,-1.3217697,-0.54647243,-0.78243345,-0.9202832,-0.94383895,-0.78378516,0.092081934,0.05510977,0.30817336,0.2977941,-0.2560951,-0.51924044,-0.3657117,-0.15092142,0.5537642,0.75260943,0.3816295,-0.020141874,-0.04836737,-0.29314762,-0.010319382,0.22457984,-0.26263565,0.2935632,-0.433074,0.007626033,0.07923201,0.30875963,-0.19835845,0.65681726,0.17601216,0.21547791,0.27118555,0.24589677,-0.09088813,0.08655252,-0.19077799,-0.66532314,-0.029978167,-0.050701637,-0.09734021,-0.18750587,-0.15438907,-0.05090613,0.22544742,0.3904217,0.2873355,-0.17747582,0.11448152,-0.046238806,-0.05962024,0.19161427,-0.21755943
100208997549,cat_food,1,74.0,1.0,0.0,0.0,1.0,0.0,0.0,0.0,0.0,0.0,0.0,0.0,1.0,-5.367723,2.105055,-0.7803379,-0.597935,1.6690236,1.0918418,-1.4165347,-1.8216233,-1.1291292,-1.1879548,2.0947125,-0.02592152,-1.5747801,0.8146072,0.7715246,-2.2320282,-0.5536576,0.48852882,0.84414124,0.6144015,0.32895175,-1.3346645,0.43690783,1.7463754,-0.96089125,-0.83399254,-0.15274896,-0.9910507,-0.1345588,-0.72363615,1.5379966,0.49131593,0.08948423,0.41074157,0.26922503,0.5331679,0.45325226,-1.5206776,-0.25992385,-0.07016834,0.053914715,-0.22047243,-1.1674947,0.35098046,-0.49343783,-0.054589752,0.02358572,0.29650876,0.6375775,-0.22433887,0.49095067,-0.8000991,-0.7337933,-0.5647103,-0.72434866,-0.3786096,0.74279296,0.53162473,0.14820549,-0.34909734,0.21502976,0.37578604,0.48863763,0.3528976
100209270507,pet_product,1,137.0,1.0,0.0,0.0,1.0,0.0,0.0,0.0,0.0,0.0,1.0,0.0,0.0,-3.1890192,-0.92578304,-2.0240195,-1.2554824,-4.7216372,1.1941079,-1.1972694,-0.44501638,-3.3242543,-0.808093,-0.2867628,0.08467447,0.64113116,0.295943,-0.54204834,-1.2587117,0.48722687,-0.5854914,0.39431068,1.2218854,-0.27747458,-0.016321862,-0.95390606,0.9725401,0.08599023,0.6574356,0.41833425,-0.4687458,-0.41558963,-2.2855062,0.5900944,-0.25010034,0.55746627,1.4208661,1.8685988,0.38750908,0.50976336,0.36975986,0.7854913,-0.64639807,0.682893,0.62768626,0.95377874,0.5661597,0.52009696,0.12539779,-0.16823794,0.56122166,-0.74366933,-0.47743908,-0.32746732,-0.9812574,-0.9972888,-0.10760668,-0.2500419,-0.06415993,0.27348474,-0.3104715,0.5512967,-0.5721565,-0.19432056,-0.016490195,0.051340364,-0.16974027
100210171410,cat_food,5,29.0,0.2,0.8,0.0,0.2,0.8,0.0,0.0,0.0,1.0,0.0,0.0,0.0,1.44402,-2.73599,-0.82325906,1.3872269,0.52472365,0.36512396,0.88097936,0.042191945,-0.71999884,-1.2040718,0.22606492,0.059455633,-0.836607,-0.3722178,-0.053957842,-1.4490153,-0.051080853,-0.7627739,1.5462481,-0.98275197,-0.6763584,-0.13822837,0.52834105,0.056073952,0.3018337,-0.3334098,0.053252626,0.78294265,0.27843246,0.4611256,0.5505804,-0.45413056,0.5748199,-0.013961554,0.14267254,0.5687219,-0.14805345,0.1185116,-0.14093159,-0.31284937,-0.28245905,0.10141687,0.27586746,-0.09789463,0.278958,-0.5440841,-0.08101763,-0.38091236,-0.109228656,0.48308402,-0.50312793,0.5466569,-0.14536205,0.07657164,-0.16415748,0.019107837,0.024122339,0.29819313,-0.051537313,-0.11313941,-0.009310265,-0.09095087,-0.17501552,-0.53118557
100215876924,cat_food,1,65.0,1.0,0.0,0.0,1.0,0.0,0.0,0.0,0.0,0.0,0.0,0.0,1.0,-5.7326603,5.9856815,0.061801456,0.9809755,2.0152524,1.1581215,-0.69065136,-1.1542552,0.3906024,-0.017370313,1.7541136,0.21529008,-1.1393148,-0.9987292,-0.2461226,-1.328174,0.5773673,0.61134106,0.4450639,0.64612806,-0.18465352,-1.3196366,-0.8827898,-0.50038004,0.32963237,0.48480654,-1.0094715,0.2169056,-0.03176823,-0.16533332,0.6760212,0.16312501,0.34151077,0.04258212,0.769747,0.12313421,0.7950541,-0.19671348,0.32000965,-0.04673274,-0.17559776,-0.53197044,0.07454373,0.41548607,0.3975461,-0.6290075,0.26049688,0.14021924,0.47320575,0.046596013,0.13658516,-0.5698582,-0.0869983,0.33953652,-0.94051003,-0.059793897,-0.19506617,0.5897038,0.2613396,0.3168578,-0.25734922,-0.58868855,-0.03918447,-0.013874087
100216501267,dog_food,8,74.125,1.0,0.0,0.0,1.0,0.0,0.125,0.0,0.0,0.5,0.25,0.0,0.125,-3.180023,-1.3599913,-1.3177024,1.2930474,0.6974081,0.26592124,0.4892524,0.23209494,-0.43041834,-0.76294667,0.40365678,-0.9607812,1.1908348,0.19395989,0.6514872,0.043994725,0.06590086,-0.43274385,0.11512543,0.015889369,0.10576086,0.4430451,-0.34671137,-0.25413284,0.014655637,0.26067874,-0.45601022,0.112311736,-0.05926706,0.017888345,-0.41742784,0.5671193,-0.28131104,0.4423698,-0.27611268,-0.113153495,0.051981956,0.3125495,0.28893638,0.390913,0.08375961,-0.10074672,0.27624848,0.008109545,-0.13793725,0.057699963,-0.18140845,0.37615448,-0.11122499,-0.13104708,0.23658556,-0.26261568,0.075482234,0.07312569,-0.0014288127,0.218321,-0.41387528,-0.27541578,0.030493349,-0.22193708,0.019731984,0.064825974,-0.16066961,-0.10116764
100216501269,dog_food,29,73.89655172413794,0.8275862068965517,0.1034482758620689,0.0689655172413793,0.8275862068965517,0.1034482758620689,0.1724137931034483,0.0344827586206896,0.0,0.2758620689655172,0.1034482758620689,0.0,0.4137931034482758,-3.0580173,0.28010693,-1.0345912,-0.12704834,0.9007443,0.9548834,-0.38388008,0.04080352,-0.14194691,-0.22822131,0.12193281,-0.40264446,0.7650093,-0.5315194,0.49312425,-0.5308728,-0.5284182,0.103914194,-0.17341141,0.16745754,-0.08846491,0.30925468,0.0004226915,-0.24125142,-0.28938493,-0.194658,-0.19039816,-0.005093932,0.080730505,-0.14831838,0.19307163,0.12801608,0.02756695,0.19181441,-0.0890822,-0.017918663,-0.15473965,-0.12630798,0.15290643,0.065972775,-0.040784333,-0.047760967,0.14245228,-0.06860627,-0.25909412,-0.03587181,0.019861294,0.005949125,0.2970037,-0.14337792,0.04099553,-0.19016911,-0.019125495,-0.03807259,-0.0010000446,0.12152868,-0.117042474,0.03434824,-0.11457158,-0.03683455,-0.04892313,-0.023298705,-0.16132969,0.17328542
100216501271,dog_food,7,55.0,0.7142857142857143,0.1428571428571428,0.1428571428571428,0.7142857142857143,0.1428571428571428,0.4285714285714285,0.0,0.0,0.4285714285714285,0.1428571428571428,0.0,0.0,-1.7907865,-0.67945147,-0.76997674,0.8610014,1.2078134,1.6821893,-0.2012591,0.8852416,-0.03385779,-0.14102328,-0.9038432,-0.58343107,0.644567,0.007704965,-0.46597585,-0.2127411,-0.112371005,-0.25625616,-0.09098155,0.3247996,0.16642976,0.12421679,0.49698848,-0.0717821,-0.050196845,0.09315077,-0.10605068,-0.09443588,0.14770572,-0.17145573,-0.2350311,-0.23141316,-0.2180933,-0.15588045,-0.6620407,-0.07123605,-0.8512193,0.039228678,0.32363227,-0.36998054,-0.051907122,0.2542314,0.14049967,-0.21035893,0.07330285,-0.25216636,0.22662857,-0.21756624,0.34360114,0.16693936,0.10337855,-0.23777576,-0.18539858,0.15970011,-0.20445299,-0.07072786,0.070091136,-0.27919394,0.15165956,-0.16315469,0.10124081,0.18205288,0.0112665575,-0.030982597
100218523716,pet_product,3,54.333333333333336,1.0,0.0,0.0,1.0,0.0,0.0,0.0,0.3333333333333333,0.6666666666666666,0.0,0.0,0.0,-2.3745863,0.6209137,2.8449924,-0.7516367,-2.4743907,-0.7284605,0.76751727,1.7993046,0.80197114,-0.14719296,-0.92247814,1.9168078,1.2762189,0.30722392,0.6902999,0.23541905,-0.3656148,1.0012734,-0.20888229,-0.24100353,-1.4342084,-0.16141951,0.63767976,0.68250626,1.2575593,-1.255871,0.54385483,-1.0486349,-0.6869819,0.7810047,-0.31968036,-0.1695251,-0.85358256,-0.21865475,0.761914,0.72802377,-0.029578766,-0.47653756,0.42326498,0.14684664,0.30383912,0.16708684,-0.21371382,0.38405094,0.3210527,-0.5728061,-0.32175872,0.4423041,-0.055402398,0.34351948,0.08041233,0.43632635,0.3301318,0.15701433,-0.13804048,-0.035119254,0.9698884,0.10371804,-0.3537701,-0.18127678,0.34649554,0.16232072,-0.4615517,0.27153423
100222208820,pet_product,4,63.75,1.0,0.0,0.0,1.0,0.0,0.0,0.25,0.0,0.5,0.0,0.0,0.25,0.34361106,0.29530528,1.590731,0.31992748,-3.9923017,0.83806205,1.6923103,-2.397714,-2.0927105,-0.9047123,-0.11823699,0.32797062,0.36607862,0.63947016,0.6781865,-0.049333215,-0.053643957,0.25685522,-0.62234694,0.28856912,-0.35305452,-0.73117805,0.16515183,0.7975344,-0.10659976,0.65758973,-0.49313146,-0.33644503,-0.43220258,0.33067745,0.18287238,-0.309883,-0.57985723,-0.26928225,0.4620908,-0.484685,0.8286072,-0.28692913,-0.46752048,-0.46581554,0.498631,-0.108874604,0.10985732,-0.24275926,-0.14365861,-0.14805754,0.1726045,-0.37995085,1.1197263,-0.3025445,0.0013643131,0.0250808,0.46359706,-0.30395615,0.70117414,-0.98912877,0.540775,-1.056026,-0.1965537,0.001307792,0.025363192,0.07945173,-0.054861248,0.17928362
100226942201,cat_food,1,87.0,0.0,0.0,1.0,0.0,0.0,0.0,0.0,0.0,0.0,1.0,0.0,0.0,-0.07359535,-4.671949,-2.686699,0.68175375,-1.4472306,0.18422149,-0.43995205,1.6386471,-4.417257,-0.24554643,1.0712042,-1.8989365,0.8294736,-0.2891117,4.246344,-2.8193898,1.3914907,-0.8203081,0.7671762,-0.26620412,0.7495438,-0.9787242,2.8005493,-0.42053857,-0.53750175,0.15726013,0.06784938,0.64872843,-0.49161473,1.5609976,-0.09840288,0.9232644,0.80016094,-0.9831221,1.4737498,-1.1923956,-0.2698457,1.0860729,0.8173056,0.4080952,0.26389608,0.19575986,-0.1381395,-1.2360569,-0.6204455,0.38655278,-0.02996147,-0.65434504,0.86786133,0.54961157,1.0934949,-0.7878017,0.7110858,-0.6863283,0.49983278,0.01084396,-0.8579181,0.061538305,0.19064958,0.5369768,0.019988494,-1.0185446,-0.10452705,-0.7159231
100230260134,pet_product,8,26.625,1.0,0.0,0.0,1.0,0.0,0.0,0.0,0.125,0.875,0.0,0.0,0.0,0.18834941,2.1472714,2.3533053,1.736052,-2.3778334,-1.522111,-0.49545857,2.0228798,1.5318409,0.9141364,0.09079853,-0.49568677,0.16179901,-0.2240065,0.39325845,-0.42505035,-0.1884746,0.25142235,0.5196916,-0.48822457,-1.5781417,0.23257221,0.19460514,0.14580768,0.12953317,-0.6881704,-0.13702196,0.9346825,-0.24368429,0.27887174,-0.14729474,-0.05540014,0.06803381,0.106662795,-0.7509576,-0.27426982,0.037348762,0.12051263,0.4172653,0.30763507,0.022475332,0.28854692,-0.048163995,-0.0064806836,-0.18513112,-0.035025313,0.22804531,-0.120274976,-0.12008871,-0.047247894,0.5129916,-0.09708295,-0.452345,-0.296761,0.35600373,0.067892194,-0.36867508,0.44048154,0.37517518,0.30453244,0.4944899,0.08374024,-0.21725497,0.3745173
100230260150,pet_product,2,44.5,1.0,0.0,0.0,1.0,0.0,0.0,0.5,0.0,0.5,0.0,0.0,0.0,-0.45095086,0.4416256,1.7197177,-1.9461635,-0.33664346,1.6560197,1.0259199,1.9718347,1.1352696,0.43645698,1.312043,0.41259757,-0.6889965,-0.13656536,0.23675855,0.25236705,-0.09936039,-1.4501579,1.4912076,-1.2761886,0.15399253,1.1705854,-0.67525244,0.2502171,-0.47867924,1.2552841,1.3469803,0.15088391,-0.16353719,0.12506646,1.5807723,-0.62360865,0.46754012,0.5418173,1.234132,0.667106,-0.2397638,-0.9832843,0.7956006,0.81261915,0.10526796,0.6955674,0.21388516,0.23141661,0.26729685,-0.7063408,0.40878633,0.12195557,0.30020702,-0.17580302,0.60445565,0.097188905,0.047783136,0.14630127,-0.38188863,0.31348217,0.39555624,0.13564695,-0.029428933,-0.44617084,0.36178672,0.20275643,-1.0330868,0.39653736
100230260164,pet_product,3,49.333333333333336,0.3333333333333333,0.6666666666666666,0.0,0.3333333333333333,0.6666666666666666,0.0,0.3333333333333333,0.0,0.3333333333333333,0.0,0.0,0.3333333333333333,2.0782359,2.670388,-1.2879442,-0.029758304,-2.1456602,-0.47925815,0.085202396,-0.38690248,1.4883822,-0.22869492,-0.4593182,-0.637451,-0.0059207776,-1.1634917,-0.13503392,-0.07234763,-0.075901605,-0.7072573,-0.03214848,0.5460444,0.17606257,0.05840966,-0.2918608,-0.1044556,0.54978514,0.6741002,-0.90450925,0.06785109,-0.018043756,0.016663292,-0.21515878,-0.0973973,0.47387984,-0.4285787,0.47566283,0.35421315,0.22961919,0.5766316,-0.25031248,0.052497525,0.097839914,0.20241638,-0.1658407,-0.06657911,-0.20003778,0.41873828,0.50161976,0.10276229,0.16074303,-0.12813269,0.038806718,-0.40691027,0.44894645,0.35930395,-0.38516226,-0.25670305,0.002683113,-0.06212285,-0.20574729,-0.29487208,-0.69555306,0.22170842,0.12147298,0.12546569
100230694872,pet_product,26,43.23076923076923,0.8846153846153846,0.0769230769230769,0.0,0.9230769230769232,0.0769230769230769,0.0769230769230769,0.1153846153846153,0.2307692307692307,0.4230769230769231,0.0,0.0,0.1538461538461538,2.170536,0.83362174,2.1639552,1.06298,-0.29117575,1.1722001,1.7338116,0.35637328,-0.7868165,-0.53586626,0.9004069,1.1242776,0.52009,0.30356085,0.6361989,0.7610109,-0.26434162,-0.275598,-0.38166925,0.5042671,0.83087665,-0.118249014,0.2726421,0.21567056,-0.111551434,0.026916075,-0.5869689,0.3468359,-0.15133163,0.2686011,-0.093311444,-0.6033957,0.373072,-0.15935466,0.36145127,-0.094852366,0.25956264,-0.2931218,-0.26770586,-0.11870098,-0.13410899,-0.055418983,0.041620728,0.03853961,-0.26931927,0.013907098,-0.43587476,-0.15336977,-0.062693186,0.06669707,0.32609022,0.21028373,0.4327993,0.062828906,-0.321809,-0.2095085,-0.2166858,0.26986617,0.28874072,0.2637244,-0.03582186,-0.20674706,-0.12925334,0.20426473
100232533686,cat_food,1,88.0,1.0,0.0,0.0,1.0,0.0,0.0,0.0,0.0,0.0,1.0,0.0,0.0,-5.287896,-2.1018033,-0.6952711,1.3568577,1.9486574,-2.6353538,-2.5745516,0.45851812,-0.37748408,-2.536468,-0.1835439,0.030436145,-1.7155185,0.8549236,-1.5159163,0.29025236,-0.7324835,-1.5805453,0.61387193,1.0005769,-1.8293457,-0.24875687,-0.5927467,0.45208734,0.10456882,-0.22142525,-1.2643996,0.35997668,0.3721367,0.4579544,0.74637717,-0.98478794,0.29405665,1.078141,-0.54652286,0.19699873,0.014734832,-0.38119337,-0.1617367,0.36480236,0.2582002,0.6842922,-0.010034982,0.13518795,0.21143614,0.011885448,0.36955357,0.15437685,-0.48711213,0.37882978,-0.23697251,0.33677188,0.65470433,0.71852404,0.2863633,-0.44211194,-0.1398745,-0.16510633,-0.4311648,0.45403206,-0.34604982,-0.07421556,-0.10783311,0.050575275
100238235296,pet_product,1,22.0,1.0,0.0,0.0,1.0,0.0,0.0,0.0,0.0,1.0,0.0,0.0,0.0,-1.095528,-1.009602,2.2660513,3.9442773,0.6526234,-0.60686105,1.2182304,-1.6134838,0.6846761,1.2915252,-1.4216665,2.439242,2.4593658,1.8334069,0.17046255,1.76574,1.5306603,0.7825781,-0.99776316,0.43835923,-0.8440033,1.651985,0.49813205,0.6593802,0.9365452,-1.3370172,-0.6024345,0.9364185,-0.10471076,-0.6622435,0.23624311,-0.60014206,-1.799293,0.52171427,-0.78801596,-0.14584392,-0.2542136,-0.16242538,0.1817977,-0.14317195,-0.18399379,0.41182607,-0.09578659,0.13080032,0.4581781,-0.28904095,-0.21407522,-0.15530817,-0.42256576,-0.34495434,0.37127528,-0.98898363,-0.2864949,-0.8980196,-1.1958612,-0.88163126,-1.4358253,0.15592217,-0.32211417,0.8166957,-0.45552662,0.43737397,-0.35627586,0.34035605
100238235316,pet_product,1,88.0,1.0,0.0,0.0,1.0,0.0,1.0,0.0,0.0,0.0,0.0,0.0,0.0,-4.3272734,0.9299888,1.9298042,0.6260228,-1.3918571,0.1675992,3.384126,0.5431981,0.840555,-0.7386354,-0.7412556,2.9933255,2.5383856,0.0045553553,1.022907,0.7498607,-1.0267262,-0.6340644,-0.64592236,-0.048750497,1.4310211,0.39114633,0.86445093,-0.8608588,1.1972749,-1.1783265,-0.094394796,0.487859,-0.94398326,-0.29733413,-0.29660553,-0.80457497,0.16756333,0.34999117,0.23073451,0.71555924,0.6642128,-0.9304324,-0.43455756,1.2794017,-0.2722802,0.82242155,0.77260476,-0.47813794,0.28040704,0.8591405,0.49975112,0.08714113,0.23734935,-0.03722824,-0.1454314,-0.4202183,0.85255677,0.45899025,-0.030307155,-0.35234788,0.11634983,-0.060192052,0.8143801,-0.465145,0.54454553,-0.12887818,-0.21260457,-0.0101625
100241520186,pet_product,2,40.5,1.0,0.0,0.0,1.0,0.0,0.5,0.0,0.0,0.5,0.0,0.0,0.0,-2.5015764,1.6353678,3.3121614,0.18998581,-0.9380413,0.959778,2.8857124,-0.36183274,0.1136972,-0.2939978,-0.9038495,1.6219069,-0.92283213,0.6467607,0.05582285,1.5364285,0.23737606,0.3213173,-0.46568736,0.052114077,1.118386,-0.17921862,0.44885552,0.035599083,0.064731136,-0.24876809,-0.078305185,-0.43358287,-0.82430387,0.48594475,-0.28329116,-0.92026496,-0.13851061,0.2720414,0.3816954,0.45413437,-0.40171725,-0.13686258,-0.5239796,-0.6515805,-0.44903395,0.10894777,-0.305854,0.30591494,-0.5136161,0.2602025,-0.45955753,0.16563772,0.010233283,-0.30138713,0.4267548,-0.54905844,0.5801062,0.39381808,-0.17008036,0.21649331,-0.29457304,0.12923157,0.13135676,0.31816965,-0.040616557,-0.051436946,-0.17581701,0.017531767
100248854597,pet_product,2,33.5,0.5,0.5,0.0,0.5,0.5,0.0,0.0,0.5,0.5,0.0,0.0,0.0,3.3305976,0.18600953,4.7036743,-1.212647,-0.43587208,-1.5444648,1.8872598,-0.5153332,-1.1071047,-0.04132825,-1.4572349,-0.8167144,-0.9232423,-1.3334383,-0.5150114,0.9016993,-0.03615372,-0.04614842,0.3778641,0.04189658,1.1837176,0.0006059706,1.8821491,-0.56952834,-0.8784916,0.23314698,0.5649562,0.47246397,0.06512257,0.63765484,0.4772982,0.008372679,0.8459524,-0.8673925,1.0913512,-0.74476993,-0.2988139,-0.096417725,0.07984325,-0.21321687,0.52158594,-0.57398796,-0.29381484,0.13302718,0.5449475,-0.021885797,-1.2291508,-0.059079148,-0.09523991,0.455929,0.17601356,-0.2581542,-0.44475335,0.53831697,0.0017549396,-0.17903325,0.568444,-0.016423792,-0.320825,-0.34926352,-0.7269314,0.22875379,0.36337873,0.29003748
100249056172,pet_product,6,29.0,0.8333333333333334,0.0,0.1666666666666666,0.8333333333333334,0.0,0.0,0.0,0.0,0.8333333333333334,0.0,0.0,0.1666666666666666,-0.7561579,2.0981464,2.6098404,0.9535454,-1.915038,-0.9350273,-0.95116836,0.4568093,0.5721057,-0.5102461,0.15354493,0.5597763,-0.4091191,0.3966147,0.677638,-0.21503182,-0.26086769,0.12878042,0.835946,-1.6409982,-1.6396035,0.71004987,0.38106176,-0.22915654,0.33088443,-0.28399122,-0.13397212,0.12434099,0.22817133,-0.261727,0.2816216,0.4002544,0.04349606,-0.40434745,-0.27500752,0.5832841,0.022453984,0.11704264,0.43850577,0.3077961,-0.96991915,0.62945884,0.026015734,-0.46355352,0.28129748,-0.42421678,0.116028875,0.10898632,-0.38571033,0.021689713,0.0022712548,-0.19914041,-0.043637503,-0.5375975,-0.2759533,0.15538484,0.058761638,0.11140215,-0.22334065,0.43748268,0.84899753,-0.0627609,-0.00039650002,-0.038320344
100249960035,dog_food,1,74.0,1.0,0.0,0.0,1.0,0.0,1.0,0.0,0.0,0.0,0.0,0.0,0.0,-5.8894978,3.4010468,-0.29744142,-0.25052255,1.8375142,1.2796471,-0.3004913,-0.015195397,0.8577211,-0.53721267,-0.18461354,-0.4594144,1.0693387,-0.50980103,0.4258457,-0.31950185,0.9671658,-0.6898986,0.5171265,0.8749066,0.5301485,-1.1536256,-0.16791344,-0.261109,0.27717853,0.82165366,-0.4248368,-0.41675738,-0.87819064,-0.36339775,-0.09739904,-0.95228815,1.1935558,0.0026606908,-0.9661939,0.4039542,0.059140462,-1.0223181,1.5227945,-0.21825282,-0.26888004,-0.20536721,-0.11304152,0.07442555,-0.16799068,-0.22540279,0.64569646,-0.036288373,0.42683044,0.07549,-0.36350346,-0.803209,0.349075,-0.5777988,0.013023163,-0.31854606,0.13931121,0.2100601,0.113666184,0.5305137,-0.03157437,-0.29723018,0.6759097,-0.09470724
100249994404,pet_product,7,29.714285714285715,1.0,0.0,0.0,1.0,0.0,0.0,0.1428571428571428,0.0,0.8571428571428571,0.0,0.0,0.0,0.6839307,2.8239753,1.8074385,-0.2826679,-1.1752205,-0.41850546,1.1078985,1.5775766,1.2832669,0.66276515,0.25240412,-1.3798703,-0.19751017,0.5630788,-0.1255521,0.06206497,-0.11580881,-0.1539981,0.04010707,0.16160174,-0.54519284,0.35768127,0.27137038,-0.08993121,-0.29655743,-0.012724919,0.41516238,0.17483714,1.0016156,-0.06456865,-0.22625218,-0.08982479,0.1621658,-0.637055,-0.15069506,0.40979937,0.11251019,-0.026248734,-0.16433942,0.08468989,0.5201416,0.40198746,-0.17884734,0.36394185,-0.16227034,-0.02995984,-0.27790692,-0.20619223,-0.2573604,-0.10692517,-0.07454979,0.24536827,-0.07395135,-0.43388137,0.16032775,0.2895715,-0.36632934,0.41906363,-0.04518392,-0.13170737,0.18104114,-0.38959405,-0.041003548,-0.062041808
100254932638,pet_product,1,61.0,1.0,0.0,0.0,1.0,0.0,0.0,0.0,1.0,0.0,0.0,0.0,0.0,-3.7153747,-0.41324,3.2075164,1.5366373,-6.1976504,-1.3455306,-0.4878441,0.11249672,1.7556243,0.5452438,-0.088266544,2.0442033,1.7583926,-0.8680008,-0.1538981,1.1532483,-0.8517419,-0.026865914,1.3863626,0.06443271,-1.243527,0.52352625,-0.7566777,0.08711967,-0.09916665,0.09754514,0.68210596,-0.2363323,0.43084997,0.6237619,-0.8449629,0.402098,-0.74671596,-0.065733396,-0.68833226,1.2734224,0.11449179,-0.12740941,0.0046426808,0.38008878,0.41066808,-0.010753109,-0.2808326,0.093888886,0.44463634,-0.70060134,0.6090103,0.042217154,-0.09578525,-0.18981886,-0.119930334,-0.5055884,-0.070281945,-0.11208752,0.013098549,-0.36580068,-0.1752475,0.19742517,0.061157443,1.0975616,-0.17330335,-0.07838071,-0.41562435,-0.093576014
100259241076,cat_food,4,66.0,1.0,0.0,0.0,1.0,0.0,0.25,0.0,0.0,0.25,0.25,0.0,0.25,-5.547597,-0.6117122,1.0835403,-1.1560892,1.093287,0.38562763,-0.88059855,-0.23847878,1.1729847,-0.2700225,-0.24686727,1.4439118,-1.3985755,0.10753626,-0.76954466,-0.25163385,0.32424918,0.2523905,-0.64987844,-0.4428265,-0.61579686,0.005824767,-0.06373173,0.5884164,-0.3578977,-0.28232214,-0.3798222,-0.53218204,0.18235922,-0.3019969,-0.3353544,-0.17247052,0.74010456,-0.17865375,-0.19945648,-0.65413576,-0.24987467,0.2378417,-0.056767754,-0.084048264,-0.12348032,0.17097005,0.1518434,-0.3539296,0.080766656,-0.48825216,-0.10754908,0.0696822,0.13839902,0.029078327,0.11899461,0.5831975,-0.20431094,-0.058767006,0.12495381,-0.17277634,0.092514396,-0.5187386,-0.41270542,0.16346264,0.2386542,0.2503228,-0.011365473,0.45825553
100268823846,dog_food,1,70.0,1.0,0.0,0.0,1.0,0.0,0.0,0.0,0.0,1.0,0.0,0.0,0.0,-4.2087927,-3.2580578,-1.5371128,-2.4274223,2.8392093,-0.4252536,-1.0875599,2.3672228,-1.249796,-1.3460786,-1.3225316,0.47234336,0.73091817,0.74562573,2.3113167,-0.9959123,-1.2433857,0.52566755,-1.2740633,-0.27411795,0.32990044,1.3066926,-0.08726947,-0.3951977,-0.57682294,-1.5126777,0.34822702,-1.4180969,0.4376337,-1.224312,0.6724781,-0.3579961,0.2622729,1.4189752,-0.6807001,-1.5619752,1.6483532,0.01693328,1.3818691,0.35963807,0.86646307,0.18382664,1.6175431,-1.1407146,-1.1422104,-0.2564354,0.32341215,1.1318762,-0.20210439,-0.37520486,-0.96863145,-1.1890596,-0.17702425,0.43089822,0.42718554,0.031282496,-1.5948039,-0.30038953,-0.9484063,-1.2747891,-0.21492662,1.708119,-0.22319503,1.0076101
100268823874,dog_food,14,61.92857142857143,0.9285714285714286,0.0,0.0,1.0,0.0,0.2857142857142857,0.0,0.0,0.2857142857142857,0.2857142857142857,0.0,0.1428571428571428,-4.08534,-2.006435,-0.06887492,0.58952564,1.7101281,0.17589079,-0.6690003,-0.7510958,1.0255872,0.24970198,-0.6876461,-0.13930035,1.0766901,-0.33693242,0.06375181,0.032241583,-0.47054094,-0.5990132,-0.2291049,-0.05411889,0.100155555,0.33418062,-0.33903077,-0.22362542,0.26295808,0.06434672,0.30110127,0.350585,-0.15630218,-0.10666328,0.045695953,0.4341568,0.17576496,-0.25028273,0.32770142,-0.0030984315,-0.09916771,-0.11556413,0.12098169,-0.1660017,-0.1827903,-0.106111996,0.17749824,0.09159789,0.04859255,-0.12154804,-0.049256466,-0.07724102,0.17835559,0.2380623,0.12428517,-0.09380657,0.04722122,-0.24202229,-0.21295561,-0.09894366,-0.27940086,-0.030212548,0.09122305,-0.110177875,-0.11045276,-0.20976298,-0.08711388,0.091041386
100268921828,cat_food,2,68.0,1.0,0.0,0.0,1.0,0.0,0.0,0.0,0.0,0.5,0.0,0.0,0.5,-5.2980156,-1.0010179,-0.4618807,1.5538357,0.37289283,0.25233382,-0.8309789,0.16274244,-0.4937656,-1.7051785,0.81112105,0.3434725,-1.0264363,1.2361612,-0.22484483,0.009439528,-1.0182382,-0.16711557,0.7437218,-0.15405299,-0.77692497,-0.81217813,-0.29856384,0.21964534,-0.38981915,0.09890158,0.20917436,0.82684493,-0.71591747,1.4766986,-0.2447671,0.43093944,-0.51643866,0.123752445,0.09844342,0.29484862,0.032061636,0.5036825,0.22713739,0.26371187,-0.17274487,-0.39213967,-0.87486386,0.21917948,0.050682597,0.37821728,0.23108707,-0.5152755,-0.22426291,0.5186382,0.20604749,-0.1890996,-0.1605753,0.07753106,0.29808477,-0.06350564,0.037552625,-0.39641142,-0.51938194,0.08364613,-0.274464,-0.28824106,0.1037319,0.09269862
100269228338,dog_food,1,61.0,1.0,0.0,0.0,1.0,0.0,0.0,0.0,0.0,0.0,1.0,0.0,0.0,-3.7744813,-1.0345912,0.5065942,1.7351629,2.1995697,0.8621197,1.6925756,-0.47273484,-0.14771385,0.49634427,-0.27100146,-1.0577344,1.6223029,0.93229043,-0.3322789,0.32183272,1.1073078,1.5181494,-2.0769303,-0.6423924,2.2366643,0.61878973,-0.87492925,-1.1020932,-0.38902327,-0.45460853,0.32720557,-1.2087744,0.26000258,0.39537838,-0.8690324,0.22326589,-1.0429609,0.3561293,-0.6346534,0.83033216,-0.24246469,-0.1558196,-0.34007213,0.0074426527,0.3779441,0.20430984,0.17692588,-0.41550612,0.0013125017,0.2348925,0.22461352,0.70267797,0.032825638,-0.5840957,0.24071285,-1.2692609,-0.9632369,-0.0660345,0.09444331,-0.0671966,0.22181122,-0.056761608,-0.34558237,-0.82024133,0.2773961,0.59706855,0.16099092,0.6616401
100269228340,dog_food,3,34.666666666666664,0.3333333333333333,0.6666666666666666,0.3333333333333333,0.3333333333333333,0.3333333333333333,0.0,0.0,0.0,0.3333333333333333,0.3333333333333333,0.3333333333333333,0.0,3.6473706,-2.3277063,1.2629502,-0.80287313,2.0171776,0.43550912,0.4242383,0.56961447,-0.41833067,-0.321303,0.35053584,-1.1461979,0.58966404,-0.24127048,0.5788726,0.6376099,0.6773803,-0.279043,0.49405146,-0.0747902,-0.6463014,0.27651116,-0.6107959,-0.12129599,-0.086300075,0.57195634,0.59624285,-0.30861223,0.47625396,-0.060058903,-0.17126231,0.7648143,-0.049747724,0.056197096,0.7868262,0.31086484,-0.13556637,-0.3067169,-0.19298925,0.60384154,0.018078545,0.10671723,-0.1959077,-0.42237878,0.2906854,0.003034563,1.051981,-0.04535541,-0.17302012,-0.045579355,-0.17879756,-0.85378,-0.024339238,0.57911235,0.37708703,-0.4054365,-0.040617246,0.33646634,-0.4831549,0.52892137,0.23557967,0.2608209,-0.3662665,0.43838838
100273184394,pet_product,1,64.0,1.0,0.0,0.0,1.0,0.0,0.0,0.0,0.0,1.0,0.0,0.0,0.0,-2.7118614,0.5511415,4.2600994,-0.75864553,-3.068535,-0.513158,2.1735377,-1.8304011,-0.63150877,-1.8782778,-1.3334996,1.3395923,1.7384763,0.97780555,0.27859533,0.9814854,1.5402892,-0.79530317,-1.9159577,0.9031884,-0.21768029,-1.104413,0.91099316,0.018817825,1.0956368,-1.4434073,-0.4573933,-0.5037076,-1.3972685,0.12425004,0.68277633,1.094355,0.9335262,0.02234446,1.5998867,2.236616,0.44186413,-0.60163254,-0.728012,-1.6657581,0.6461477,-0.3123755,-0.022762662,0.16196655,-0.5687816,0.28669643,0.507606,-0.030726394,0.3444794,-0.22844371,-0.98715365,-0.31515884,-0.11706486,-1.1101693,1.1656185,-0.5482877,0.26933807,-0.9329174,-0.9013471,0.43022025,-0.12268051,-0.08037734,-0.7081767,-0.51778394
100276002028,cat_food,9,56.0,0.4444444444444444,0.5555555555555556,0.0,0.4444444444444444,0.5555555555555556,0.0,0.1111111111111111,0.0,0.7777777777777778,0.0,0.0,0.1111111111111111,0.61925983,-0.68021977,-1.1438402,0.47372374,0.22368938,0.84598,0.32268095,-0.018408008,-0.7896372,0.64517194,0.75907457,-0.39341658,-0.5103685,-1.0134306,-0.5122926,0.45225176,0.7068207,0.5187217,-0.73504925,-0.359692,-0.31107295,-0.18257779,0.045267805,0.3029339,0.21020511,-0.2189555,-0.11097303,-0.10022799,-0.2760148,0.30664858,0.38347,0.23164982,0.28469667,0.43214232,-0.11057639,0.21154912,-0.76476556,-0.30895114,-0.07984923,-0.099285856,0.22494571,0.03989798,0.22212222,0.07721473,0.29949299,0.090539485,-0.6743839,-0.030539565,-0.2023781,0.39768383,-0.20315808,0.0556279,-0.23894185,-0.18056186,-0.010228336,-0.10264459,-0.18668598,-0.00089210935,-0.08883145,-0.19897681,0.28054395,-0.1934014,0.28860822,0.03559909
100279581660,pet_product,1,64.0,0.0,1.0,0.0,0.0,1.0,0.0,0.0,0.0,1.0,0.0,0.0,0.0,2.873343,-1.2986699,-2.6345735,-3.8489995,-2.399477,2.9792335,0.3311552,0.8858038,0.74285203,2.7384906,1.2823712,-3.1775575,-0.91470224,1.0192846,-0.16886272,-0.37396336,1.3625667,-1.0613978,-0.5287597,1.1512899,-0.49571127,0.31715828,0.3067183,0.40842402,-0.12336089,0.17908162,2.2259104,0.114942975,-0.8116248,0.20722704,0.63632387,0.8098158,-0.21357535,0.6504085,2.2718601,0.7154777,-0.25008616,-0.5145423,-0.11093492,1.355417,-0.5325874,-0.05573457,0.03768786,1.0512727,-1.134124,0.06813589,1.2918565,-0.13797122,0.6423883,-0.13949351,0.72648484,-1.0933605,-0.085341886,-0.301562,0.29574198,0.5142374,0.30157784,0.26841938,-0.40931377,-0.067056306,-0.1332465,0.4450648,-0.5395365,-0.4453354
100280794186,pet_product,1,80.0,1.0,0.0,0.0,1.0,0.0,0.0,0.0,0.0,1.0,0.0,0.0,0.0,-3.3346183,-0.20197985,4.0461545,-0.5759539,-3.7571669,2.0267236,3.7574918,-1.8635707,-0.77317715,-1.0102267,-0.94596606,0.8554736,-0.62240624,-0.2951497,1.2589464,1.441245,-0.4003028,-0.20312047,-1.081354,1.4464637,-0.09577174,0.6314862,0.8930999,-0.51183,0.54966885,0.15723443,0.30371323,-1.8008921,-0.88531077,1.166333,-0.7782615,-0.24799219,-0.2821515,0.21113501,1.4093357,-0.032061283,0.5539961,-0.042881683,-0.62437403,-0.9639148,-0.61098516,-0.017676836,0.77209216,0.4030131,0.28294924,0.30100095,-0.30423996,-1.004639,0.4145557,0.031751353,-0.5232608,0.025519444,0.7514357,-0.3467611,1.3415983,-0.30491424,-0.012708234,-1.0969249,0.11530295,0.26645204,-0.22055501,-0.4131314,0.17223917,0.21124074
100284318456,cat_food,6,65.33333333333333,1.0,0.0,0.0,1.0,0.0,0.3333333333333333,0.0,0.0,0.3333333333333333,0.3333333333333333,0.0,0.0,-4.3810964,-2.8089411,0.2605411,-1.1030914,1.2643037,0.43550885,-1.3080392,-0.8196761,0.35699832,-1.232679,-0.28675506,-0.22174978,-0.5819769,1.3835374,-0.75982803,-0.59024745,0.62783384,0.118869305,0.11784866,-0.5315488,-0.10456705,-0.5870196,0.078497864,-0.15295297,0.21978985,-0.3722473,-0.262415,-0.09170172,-0.1468337,0.27010635,-0.18087031,-0.40964222,-0.13981082,-0.3229451,0.23366119,-0.31916872,-0.005600413,0.12989773,0.14234382,0.15197343,0.19101171,0.19484907,-0.18867712,-0.20037568,-0.102980815,-0.10884419,-0.30340955,0.24219751,-0.14909677,0.09333759,-0.015078138,-0.09048448,-0.037807304,0.23153895,0.17818426,0.06491079,-0.15732904,-0.075237595,0.015366524,0.19944434,-0.073735066,0.23547661,0.33709574,-0.046254743
100288929438,dog_food,3,75.0,0.6666666666666666,0.3333333333333333,0.0,0.6666666666666666,0.3333333333333333,0.0,0.0,0.0,0.6666666666666666,0.0,0.0,0.3333333333333333,0.16160084,1.361895,-0.8335089,-1.0361328,1.0803897,0.41731715,-0.40099922,1.5184698,-0.27852285,0.18894212,-0.523107,0.86535805,0.6214122,-0.6363613,-0.09657245,1.1894194,-0.36238265,-1.4827825,-0.85356903,-0.72569245,0.14284082,1.0177603,-0.7857368,-0.026999818,0.20127696,1.0149473,0.8763418,0.4364452,-0.32590342,0.3638717,1.1249373,0.04106866,1.3578745,-0.32184017,0.49201965,-0.29141334,0.1621732,-0.17344636,-0.13826583,0.48650047,0.52801293,0.2536273,0.39302766,0.7553325,-0.0026901613,-0.6005932,0.5517052,-0.734004,0.2052352,-0.23709017,0.04077542,0.0847983,-0.20704763,0.24622346,0.18618543,-0.3009839,-0.054842412,-0.42129418,0.66811186,0.14248638,0.44076848,0.45252922,0.19142814,0.28458056
100288929440,dog_food,6,74.16666666666667,0.8333333333333334,0.0,0.1666666666666666,0.8333333333333334,0.0,0.6666666666666666,0.0,0.0,0.3333333333333333,0.0,0.0,0.0,-2.5532024,-1.7890171,-1.4949617,0.33965024,0.94481564,1.1238589,0.30307272,1.8675098,-0.51464635,-0.6605086,-0.5950602,0.18368341,1.015163,0.021476826,0.16644318,-0.49609184,-1.1540145,-1.6575588,0.06208235,-0.20148142,0.037673812,0.71250635,0.53517014,0.04092678,0.6965676,0.340714,0.3927046,-0.13224556,0.024558028,-0.2771056,0.08792171,0.017007804,0.019974718,0.2197247,-0.3469007,0.13946164,-0.23416185,-0.043107595,-0.04444101,0.36880365,0.13924235,0.06337591,-0.15341604,-0.32711548,-0.23544347,0.21315628,-0.20274003,0.07150964,0.32840994,0.11773801,-0.14560176,0.17663585,0.118713744,0.19592394,-0.19442306,0.22680221,0.026954094,-0.16032614,0.43417743,-0.37153932,0.06823146,0.09925743,0.2308328,-0.07089857
100288929442,dog_food,22,64.13636363636364,0.7727272727272727,0.1818181818181818,0.0454545454545454,0.7727272727272727,0.1818181818181818,0.0909090909090909,0.0454545454545454,0.0,0.5909090909090909,0.0454545454545454,0.0,0.2272727272727272,-2.3489497,0.12329821,-0.25563142,-0.20168847,1.3212254,0.34572566,-0.49166134,0.25886956,0.20215039,0.5769302,-0.64477754,0.11024971,0.71960235,-0.052363917,0.32803237,0.15076321,-0.16546965,0.009148192,-0.22531953,0.13593717,0.51759756,0.1001472,-0.21505536,0.009154781,0.050477766,-0.20330869,0.16026342,-0.24508877,-0.124248914,-0.2259919,0.21226534,0.11419897,0.037812624,-0.19965814,-0.19783781,0.26120168,0.04170803,0.087750345,-0.18921064,-0.099554546,0.045746867,-0.0675552,0.14310993,0.04896375,-0.060854748,0.03739245,0.0035713424,0.20925762,0.26330566,0.06317702,0.16179751,-0.07878194,0.007803665,0.01404741,0.101008035,-0.013463896,-0.12736338,0.052180946,-0.0014522915,0.25698864,0.049528718,0.020177593,0.061601695,-0.08029771
100288929462,dog_food,4,38.5,0.5,0.25,0.25,0.5,0.25,0.25,0.0,0.0,0.25,0.25,0.0,0.25,0.3965292,0.087133095,0.3518125,2.0689733,1.8646196,1.5903951,0.14280641,-0.43115836,0.5331676,1.2580868,-0.17643416,0.549625,0.63839334,-0.8059952,-0.6210546,0.40937376,-0.053440034,0.03482628,-0.12536666,0.055895984,0.14179589,-0.1707626,0.2889154,-0.21911362,0.09874573,-0.39146614,0.106217846,-0.13060293,0.26362622,-0.2856579,0.12851287,0.15869865,-0.08924025,-0.12720244,-0.17371425,0.30167097,-0.6339111,-0.18598174,-0.0049485415,-0.3875965,-0.0074857697,-0.23387583,-0.18206432,-0.07344032,-0.05009105,-0.056662142,0.3475982,-0.15518725,0.4183336,0.29705712,0.026557565,0.13826007,-0.32074323,-0.22193392,0.37646884,-0.20033573,0.0677852,0.34829953,0.075179055,-0.061167944,-0.38488582,0.29153168,-0.069216646,-0.5230631
100291857584,pet_product,3,66.0,1.0,0.0,0.0,1.0,0.0,0.0,0.0,0.0,0.0,0.3333333333333333,0.0,0.6666666666666666,-1.720491,3.6540592,1.6742505,-0.15553398,-0.090463795,0.1651823,0.20048517,-1.4604397,-0.91640615,-1.3834915,1.0907651,0.5188906,0.19104868,-0.97225595,-1.3358998,-1.7615248,-0.2201237,-0.2968193,-0.020832757,0.30866316,0.34333074,-0.37121192,-1.6057202,-0.19486433,-0.4673963,-0.020609071,0.2489316,0.48109993,-0.368723,0.03810064,-0.14698446,-0.5409755,-0.40278897,0.21525626,0.8939288,-0.22765245,-0.22644818,0.15517144,0.47885802,0.12606964,-0.40473554,-0.43585452,-0.16495077,0.6920948,0.26874205,-0.6535569,-0.057503987,-0.17101522,0.06561426,-0.09326891,-0.09424075,-0.2971526,-0.15255904,0.4690124,0.00016863395,0.0989604,0.2137922,0.3884829,-0.062350154,-0.34711742,-0.25348166,-0.8212814,0.21196008,0.06878814
100293051202,dog_food,1,61.0,1.0,0.0,0.0,1.0,0.0,0.0,0.0,0.0,1.0,0.0,0.0,0.0,-1.1291192,-2.3652308,-3.0506759,3.5126715,-1.8375126,2.2858074,-1.9756804,2.8376691,-1.820853,-0.24051213,1.6250397,-1.4664965,0.19634731,1.0461267,2.919025,-1.2748863,1.3141534,-0.46628863,-0.42977637,-1.2400057,0.0942416,0.7686092,0.52827126,-0.66447914,-0.6490655,-0.52887857,0.17599241,0.9075697,0.19158736,-0.5865792,0.09322742,0.020041779,0.63794273,1.1638709,1.4324088,-0.40711772,-0.292296,1.182275,0.22718526,0.052331947,0.7290234,0.029269489,0.86660707,0.5203169,-0.014310041,0.6807316,0.762748,1.2831558,-0.79719853,0.25310558,-0.12286735,-0.43547925,0.21137221,0.102323584,0.3580513,0.11452189,-0.59086114,0.26673564,-0.67707735,-0.94718826,-0.29636043,0.8024029,0.11714158,-0.5447046
10022997415952,dog_food,6,46.5,1.0,0.0,0.0,1.0,0.0,0.0,0.0,0.0,0.8333333333333334,0.1666666666666666,0.0,0.0,-1.9367466,0.25720575,0.15047961,2.018615,-0.021222731,0.96201354,0.21215291,0.43934003,0.58643,0.5548585,-0.15729107,-0.13311927,1.040907,0.89810055,0.3016309,-0.00269109,0.55143636,0.39297763,0.02186966,-0.32519093,0.49852654,-0.21974348,0.13893606,0.19836353,-0.14778362,0.20805232,0.44456187,0.0055924207,-0.8841681,-0.83187693,-0.41118225,-0.45574436,-0.32014945,0.19165607,-0.12238398,-0.33502558,0.32495162,0.63959575,0.030185306,0.101913325,-0.046062052,0.36577424,0.3792026,0.24090743,0.029081186,0.3617194,0.020803442,0.2771694,0.32464108,-0.30268684,-0.17239942,-0.028071733,0.15638809,-0.40175018,0.23692165,-0.10529885,-0.15048994,0.17584904,0.30233702,-0.016071225,0.317172,0.33462954,-0.13788646,-0.20113076
10037128752741,pet_product,81,83.69135802469135,0.4938271604938271,0.4320987654320987,0.0246913580246913,0.5185185185185185,0.4567901234567901,0.0123456790123456,0.0493827160493827,0.2345679012345679,0.5308641975308642,0.0246913580246913,0.0,0.1481481481481481,0.297869,1.2383898,0.5518583,-2.0698588,-2.764027,-1.3559537,0.39347675,-0.5220197,-1.0401663,-0.48096952,-0.35391507,-0.23391034,-0.2911872,0.0670086,-0.6240862,-0.3023843,0.22442214,-0.4324403,-0.24281047,-0.18059665,0.08416044,0.00595987,0.1607843,-0.3063126,-0.09127045,-0.102497794,-0.1302611,0.106505185,-0.044077206,-0.23107061,0.29637706,0.33226466,-0.11785873,0.13327938,-0.21409503,0.25454605,0.038444012,0.103919946,-0.24330552,-0.0787618,-0.3324385,0.05885992,-0.008076292,0.028023917,0.08818577,0.056291603,-0.10680333,0.12967859,0.12181335,0.02201586,0.10016397,0.056431446,-0.076588586,0.05487844,0.25383297,-0.049117878,0.019290056,0.26461583,0.034737147,-0.08018124,-0.09854133,0.10518636,-0.06949297,0.024522005
10038280123718,pet_product,18,92.27777777777776,0.0555555555555555,0.6666666666666666,0.2222222222222222,0.1111111111111111,0.6666666666666666,0.1111111111111111,0.1111111111111111,0.0555555555555555,0.6111111111111112,0.0555555555555555,0.0,0.0555555555555555,2.2150822,1.0906867,-0.5777019,-2.3322477,-2.4278238,-1.2769948,-0.3191086,-1.0391535,-1.3775222,-0.2125677,-0.22581244,0.0689555,-0.27506387,0.031143196,-0.95086914,0.8578129,0.16392533,-0.9165832,-0.4711656,0.12682758,0.12390958,-0.008354101,0.030365594,-0.15159184,-0.44659722,0.074671835,-0.23978704,-0.00582769,0.11767973,-0.7369855,0.5442431,0.2009043,-0.14966393,-0.20130657,0.28336886,0.013159116,0.13808358,0.014770135,-0.27702528,-0.03447656,-0.5416321,0.2801722,0.07678309,0.27339777,0.14912169,0.045197323,0.23689209,0.11925381,0.33243164,-0.1831929,0.23281789,-0.03751533,0.0638468,0.13954028,0.23109025,-0.19603206,0.10407942,0.046843544,-0.10606995,-0.28953612,-0.32453316,0.10971585,0.05507641,0.23510098
10042124137320,cat_food,163,57.607361963190186,0.2822085889570552,0.5705521472392638,0.0736196319018405,0.3374233128834356,0.588957055214724,0.1288343558282208,0.0490797546012269,0.0,0.5337423312883436,0.2024539877300613,0.0122699386503067,0.0736196319018405,0.5116168,-1.3299816,-1.0299728,-0.48078638,0.84420043,-0.16480394,-0.18742803,0.17679735,-0.30153236,-0.024554744,0.34056768,0.10168949,-0.8276121,0.07649049,-0.4479764,-0.011896948,0.36073205,0.07463119,-0.15138054,-0.06428892,-0.17142484,-0.17126149,0.14998747,0.13035668,0.057919525,-0.025700068,-0.2564411,-0.009012938,-0.17362234,0.039737396,-0.15154505,0.029458968,-0.007040834,0.13969475,0.023776539,-0.14582145,-0.048768856,0.12126842,-0.08699555,0.11411888,0.09048687,-0.03119586,-0.03134315,-0.02881816,0.08222386,0.0003727689,0.003284873,-0.03401648,-0.06155813,0.07790447,0.086054586,0.031987675,0.037457738,-0.032063764,0.00787615,0.11045807,0.024492951,-0.029680928,0.041659385,0.06544133,0.081640996,-0.0070976317,0.023537025,0.044663485
10042124137321,cat_food,26,65.92307692307692,0.1153846153846153,0.5769230769230769,0.3076923076923077,0.1153846153846153,0.5769230769230769,0.3461538461538461,0.1538461538461538,0.0,0.2307692307692307,0.1153846153846153,0.0,0.1538461538461538,0.88664174,-0.32518944,-2.3627977,-0.27537078,0.07906241,0.13173431,-0.15346926,0.21170339,-0.36214545,-0.35178697,-0.117492385,-0.071918115,-0.3241307,-0.29197127,-0.3377054,-0.09413827,0.24247585,0.09953642,-0.15083541,0.61602813,-0.34092474,0.03594544,0.3146022,0.0902162,0.0074425605,-0.3571505,-0.01804955,-0.22060877,-0.35194337,0.0009441327,-0.027500313,-0.2384164,-0.09850519,0.33770466,-0.22037308,-0.010744054,0.016739776,-0.120689526,0.0614622,0.18202874,0.024078544,-0.14264539,-0.08115542,-0.114371434,-0.043278556,0.08800889,-0.1204284,0.05249929,-0.14627986,-0.1044712,-0.045214396,0.04759062,0.105457194,0.036124554,-0.0954297,0.0432287,-0.13395163,0.0075930264,-0.046557877,0.127364,0.086925834,-0.024487138,0.012159114,-0.016209736
10043933515880,pet_product,14,83.35714285714286,0.5714285714285714,0.2857142857142857,0.1428571428571428,0.5714285714285714,0.2857142857142857,0.1428571428571428,0.0,0.2142857142857142,0.5714285714285714,0.0714285714285714,0.0,0.0,-0.8985178,0.020673173,0.9020194,-1.5961958,-4.05857,-0.7044359,1.2464845,-1.0870634,-1.4840448,-0.9924987,-0.29742536,-0.21677391,-0.634151,-0.17845944,-0.7352909,0.054890778,0.33808878,-0.33533147,0.24315688,-0.34616253,0.123478234,-0.08702077,0.2899082,-0.38747153,-0.104337946,0.16468965,0.331289,-0.09956473,-0.16206647,-0.18256389,0.35875544,0.24850743,0.11912221,0.14548044,0.108610615,0.22617541,0.14502461,0.008662777,-0.35981274,-0.17124604,-0.1986099,0.052218776,0.1843327,0.36005417,0.09103994,-0.3619396,-0.072163686,-0.0030069351,-0.010626282,-0.13728689,-0.040302623,0.06795163,-0.10687915,-0.36822882,0.2962688,0.38379765,0.2355599,-0.00586594,0.07769907,-0.038623095,-0.19751094,0.36536852,0.13290043,0.14843956
10057092273768,pet_product,3,135.66666666666666,0.0,1.0,0.0,0.0,1.0,0.0,0.3333333333333333,0.0,0.0,0.3333333333333333,0.0,0.3333333333333333,0.47621837,0.6906242,-2.44371,-4.0570145,-3.3686876,-1.4644874,0.1321203,0.04707114,-1.2332968,-0.07820449,-1.6571232,0.65839505,0.8922519,-0.3227904,-1.344954,0.22438204,1.0269775,-0.26508692,-0.49891663,-0.40302458,0.37240914,0.030380607,-0.36731076,-0.84366673,-0.082434215,0.30620733,0.18478684,-0.9226601,-0.44417787,-0.7658792,0.4495848,0.11823257,-0.80067277,-0.0829452,0.61935264,0.3487952,-0.39625302,0.61329514,-0.28563622,-0.9109704,-0.40099967,0.33061662,0.04412474,0.32010755,-0.36516234,-0.120028935,-0.18472748,-0.01527219,0.15539451,-0.31100747,0.24226083,0.018516183,-0.0013047854,-0.06374698,0.17254807,-0.5360149,-0.07324832,0.6064523,-0.39581802,-0.3618361,-0.11386496,-0.1748644,-0.4475155,0.23015754
10057640005589,pet_product,6,100.66666666666669,0.0,0.8333333333333334,0.0,0.0,1.0,0.1666666666666666,0.0,0.0,0.5,0.0,0.0,0.3333333333333333,3.443452,0.7965985,-2.222944,-1.2994307,-2.0010166,-0.5630977,0.06624496,-1.0034224,0.19334601,-0.42022535,-0.8359027,0.087099046,0.33480632,-0.9088579,-0.5744886,0.1734836,0.44786718,-0.2606561,0.18355477,-0.085362494,0.39448622,0.2552662,0.2745917,-0.10090286,-0.6496579,-0.32832834,0.028421232,0.5460443,-0.10293129,0.07538587,0.4462342,-0.15732229,-0.22254969,-0.23216663,0.036816075,-0.09335733,0.5252143,0.019729659,0.08745679,0.15860052,-0.13334675,0.028892243,-0.5063784,-0.42128932,0.19240443,0.3168458,-0.23346066,0.0413917,-0.116387375,0.2007255,0.30391586,-0.20401174,0.15782103,-0.21970801,0.09655974,0.25073096,0.18256648,0.2513857,-0.055207755,-0.19061804,0.21565838,0.55525213,-0.44429123,0.068695575
10062595082028,cat_food,15,62.66666666666666,0.8,0.1333333333333333,0.0,0.8,0.2,0.2666666666666666,0.0666666666666666,0.0,0.4,0.0666666666666666,0.0,0.2,-3.3920329,0.21363491,-0.4623386,-0.10349811,0.9933284,1.5996071,-0.63066727,-0.24499096,0.13656299,-0.10200857,-0.005918423,0.36362293,-0.34497002,-0.03044784,-0.6836655,-0.45870632,0.60017186,0.18771552,0.42263684,-0.4639953,-0.42657557,0.0422135,0.22764644,0.17087321,-0.000117975476,-0.39219,0.19384514,0.20264755,-0.33950454,-0.11243903,-0.3967566,-0.23929642,0.3472398,-0.34224936,0.1712902,-0.25491372,0.025552157,-0.09979387,0.13167779,-0.12385712,-0.14717728,-0.119712904,0.26877862,0.009659084,-0.16406918,0.10044317,-0.10819333,0.10837207,0.11796407,0.13504829,-0.039121434,0.119790226,0.0960767,0.040648296,0.10311616,-0.061198376,-0.15466148,-0.047795303,-0.07112319,-0.054680817,-0.22881137,0.059386995,0.19630167,-0.075652316
10070360253056,cat_food,42,63.92857142857143,0.5238095238095238,0.3333333333333333,0.119047619047619,0.5714285714285714,0.3095238095238095,0.2142857142857142,0.0,0.0,0.4285714285714285,0.119047619047619,0.0714285714285714,0.1666666666666666,-1.3522177,-0.9010878,0.024799421,-0.042026117,0.8947814,0.4023694,-0.48168713,0.31097823,-0.15628803,-0.3320558,0.3585353,0.13855632,-0.75469434,-0.05871617,-0.30041593,-0.108434334,0.04710886,0.029287972,0.06042255,0.06958395,-0.2760049,-0.0686633,0.2821014,0.0428438,-0.04321336,-0.1958929,-0.1461756,-0.008849998,-0.45776922,-0.064304926,-0.14931476,-0.2211971,0.16401714,0.087252334,0.21614254,0.16964582,0.2518742,-0.13168332,-0.092576966,0.1661525,0.24857895,-0.024741331,-0.10189464,-0.0500679,0.105507284,-0.08831011,0.085779704,0.056875955,0.06708895,0.15433398,0.043861143,-0.08646363,-0.079224564,0.11252761,0.06060505,-0.08383325,-0.10688918,-0.00958121,-0.18589845,-0.042985696,-0.08203192,-0.012380082,-0.08514363,0.03118302
10070360645999,cat_food,16,59.5625,0.5625,0.25,0.0625,0.625,0.3125,0.25,0.0,0.0,0.4375,0.1875,0.0,0.125,-0.73950046,-1.6452364,-0.69485676,-0.052006748,0.5131479,0.7219111,0.47720525,0.95571554,-0.436026,-0.8677357,0.15865535,0.12992091,-0.5060944,0.3340325,-0.13949582,-0.10435891,0.21278991,0.35768953,-0.11931702,0.103837244,-0.5207293,-0.05945921,0.016501088,0.30662784,-0.02823313,-0.19684164,0.048592903,0.38757482,-0.035422843,0.12781979,-0.25176367,0.03255087,0.10644022,-0.07672659,0.19434102,0.23763695,-0.09840447,0.11240755,-0.32682398,0.15912521,0.06447035,0.055395097,-0.11875263,-0.08183295,0.123447046,0.03852518,-0.19133216,-0.09284873,0.115320586,0.111572064,-0.019480662,-0.06380795,-0.09181879,0.11946896,0.09054555,-0.03892686,-0.08863393,-0.087938674,-0.043709114,0.10573799,-0.1759998,0.21000962,-0.03270074,-0.1878145
10070360840507,cat_food,8,56.5,0.75,0.125,0.0,0.875,0.125,0.25,0.0,0.0,0.5,0.125,0.0,0.125,-2.8149076,-0.58578146,-0.15017189,1.7593886,0.39220217,0.65779465,-1.012082,0.20866978,-0.033546567,-0.107224055,0.07017217,0.5810305,-0.9826833,-0.19546357,0.049858503,-0.6437929,0.79773194,-0.38204008,0.20809115,-0.20805776,-0.0162033,-0.5990203,0.5255714,-0.05969928,-0.20629416,0.19653586,0.15023303,0.38215253,-0.0086739585,0.31708673,-0.2735605,-0.020398611,0.3197046,-0.68275464,0.3484761,-0.47650793,0.2206366,-0.2323518,-0.27614886,0.48010826,0.022246234,-0.002852302,0.23916945,0.23345764,-0.095138565,-0.10696831,0.0036173463,-0.25996795,0.26972556,0.017331015,0.1559324,-0.030264772,0.029944051,0.07943536,-0.15003027,-0.07415007,-0.14423987,-0.021068677,-0.38949424,0.18375565,0.0437322,0.14439851,0.1067432,-0.08395519
10087901051820,pet_product,11,95.0,1.0,0.0,0.0,1.0,0.0,0.0909090909090909,0.0,0.1818181818181818,0.5454545454545454,0.0,0.0,0.1818181818181818,-1.7103566,0.63188934,2.6811895,-1.4919486,-2.6128454,-1.1691724,0.73337656,-0.8243746,-2.2341356,-0.94777244,-0.51896167,0.031095235,-0.38611886,0.6963424,-0.49676687,-0.79860514,0.45148894,-0.2153874,0.019400029,-0.6722354,-0.1285478,0.35524088,0.6140944,0.25638878,0.5500772,0.22590494,0.4813467,-0.21427566,-0.2944908,-0.26327363,0.8043986,-0.04323187,0.17851634,-0.1707822,0.39719522,0.079801984,0.17022827,0.41294917,-0.11835427,-0.20720607,-0.29851654,0.13740075,-0.10000348,0.024532752,-0.14685702,-0.09720966,0.014007738,-0.39238816,0.50636965,-0.14878465,0.10465217,0.034090936,-0.1943253,0.39055416,0.20243216,0.06226401,-0.12272694,-0.050371155,0.42057323,0.18861456,-0.19247831,-0.24273656,0.063440494,0.35925487
10088090136835,cat_food,4,20.75,0.25,0.5,0.25,0.25,0.5,0.25,0.0,0.0,0.5,0.0,0.0,0.25,3.538444,2.6784196,1.8048753,-1.5906132,1.6389351,0.99696994,-1.3030808,0.45840815,-0.059848085,-1.5655193,0.2925983,-0.9968197,0.009278127,1.004806,0.4315852,1.1436011,-1.0243697,0.16944855,0.058170594,0.27740806,0.44669756,-1.0915511,0.2354987,0.2113206,-0.08035517,0.3813412,0.03522543,0.08576211,0.19566613,-0.41438344,-0.5362777,-0.52159274,-0.26636946,0.44198307,0.17762704,-0.4204764,0.06911568,0.31699365,-0.37031823,-0.57519376,-0.05960206,0.16963859,0.6434687,0.03400846,0.22986089,-0.23251557,0.014416128,-0.39585656,0.0026265979,0.9039387,-0.11638566,-0.65411067,0.06139113,0.12857293,-0.069451004,0.21827754,0.26171008,-0.43677518,0.018621117,0.2924106,-0.079818636,0.40532088,0.23653172,-0.07001485
10098656892439,cat_food,15,60.86666666666667,0.8,0.1333333333333333,0.0666666666666666,0.8,0.1333333333333333,0.1333333333333333,0.0,0.0,0.2666666666666666,0.1333333333333333,0.0,0.4666666666666667,-2.936379,0.18885176,-0.8072013,0.7453455,0.8280802,1.465176,-0.38601807,0.037204646,0.3477315,-0.69404453,0.5685203,0.6355772,-0.11478688,0.37223753,-0.7233728,-0.6206734,0.62966114,0.25434676,-0.3733076,-0.22877039,-0.11039319,-0.24791442,0.01193133,-0.39616236,0.1066341,-0.20738629,-0.3193201,0.043206885,-0.18088515,-0.06870901,-0.28862467,0.03853919,-0.01886339,-0.34082618,0.061112363,-0.009547476,-0.17102076,-0.20349793,0.035719287,0.07486472,-0.094351895,0.13162312,-0.08647054,0.016120726,-0.132611,-0.37389767,-0.12731007,-0.31697166,-0.04807733,0.10400001,0.10211537,-0.0024733741,-0.102216735,0.01546512,-0.054677587,0.09853292,0.24006304,-0.07103732,-0.04871797,0.13412304,0.03991967,-0.049349744,0.080351345,0.12537599
10098681688567,cat_food,4,52.0,0.5,0.5,0.0,0.5,0.5,0.0,0.0,0.0,0.75,0.0,0.0,0.25,1.2998153,-0.1944663,1.0367948,2.0705352,1.7958444,0.4844044,-0.11137761,-0.6573423,-1.0703146,0.14222719,1.8044995,1.9180574,-0.39376634,-1.9598602,-0.73585796,-0.5598213,0.7565472,-0.3520839,-0.33139625,0.12624879,-0.54873717,0.9590143,0.3538698,0.07376906,-0.02390787,0.26882172,0.05285821,0.30321363,0.5466081,-0.87991387,-0.19288509,-0.2537348,0.07803327,-0.7809829,-0.20764934,0.31142715,0.019346856,0.076189086,-0.08363353,-0.37327325,0.20322987,0.5559914,0.52800924,0.5173024,-0.0948748,-0.20228449,0.05313627,0.5626079,0.5627774,0.099040896,0.30533266,-0.036706224,-0.068246,0.042716384,-0.4300345,-0.15362118,0.32570022,0.26064184,-0.67665726,0.1400042,-0.20056437,-0.26485628,0.4104321,0.21480346
10098681688568,cat_food,4,50.0,0.75,0.0,0.25,0.75,0.0,0.25,0.0,0.25,0.0,0.0,0.25,0.25,-3.0823913,2.6625223,1.0700457,-0.49172142,2.5400457,0.36932847,0.08566713,-0.38729298,1.3021113,-0.63952416,1.9042048,0.25332326,-0.121442705,0.99044406,-0.607321,-0.44361532,0.5239184,-0.7576335,-0.42931512,-0.6981797,-0.47598273,-0.92254746,0.39458942,-0.32972693,0.24044168,0.11651552,-0.12915552,-0.4995759,0.11713788,-0.05017093,0.37213826,-0.36401463,0.1283676,0.122759655,-0.5462039,-0.5557635,0.77117705,-0.13106728,0.10320869,0.82958984,0.38864934,-0.43630302,0.17311656,-0.012844443,-0.09875585,-0.30774927,-0.34716547,0.08538437,-0.056379355,0.5383421,-0.24114177,-0.52945125,0.697688,0.102419555,0.04499021,0.1580702,0.12428892,-0.23274663,-0.38420364,0.35434014,-0.041892216,-0.12907572,-0.11005695,-0.25340876
10109147342652,pet_product,29,65.48275862068965,0.9310344827586208,0.0344827586206896,0.0,0.9655172413793104,0.0344827586206896,0.1034482758620689,0.0,0.1724137931034483,0.5172413793103449,0.1034482758620689,0.0,0.1034482758620689,-1.195,0.7473099,1.7343316,-0.8596075,-3.3980737,-0.45948896,1.6439416,-0.7620006,-0.7374863,-0.77337956,-0.1525515,-0.19681135,-0.4591983,0.7279563,-0.58513016,-0.553676,0.30691606,-0.22464365,0.111645035,-0.25665796,-0.31172115,-0.015247287,0.18917973,-0.16979244,0.13073963,-0.14682268,0.24249026,-0.033547062,-0.28309062,-0.27867386,0.28431904,0.036551587,-0.40643507,0.26762512,-0.065676436,0.045271315,-0.042944998,-0.21811935,-0.26008102,-0.3414008,-0.22909829,0.15176867,0.23372053,0.02762645,-0.2117292,0.12813522,-0.090628564,0.11662708,0.2386434,-0.17990302,0.17677929,-0.25109395,-0.12946919,-0.32612136,0.2630245,0.20740983,-0.19760829,0.028641568,0.22567326,0.22114065,-0.21852897,-0.013795154,0.05811237,0.11703609
10121602694516,pet_product,13,78.76923076923077,0.9230769230769232,0.0769230769230769,0.0,0.9230769230769232,0.0769230769230769,0.0769230769230769,0.0,0.2307692307692307,0.6153846153846154,0.0769230769230769,0.0,0.0,-0.19537356,0.42407945,2.7762556,-1.785541,-2.7023184,-1.0131024,1.0263922,-0.5936216,-1.5387006,-1.0595696,-0.16304067,-0.39423248,-0.07848485,-0.11595833,-1.0394771,-0.16007212,0.13530625,0.30095443,0.0110714985,-0.017038273,0.13439558,-0.023567872,-0.69847465,-0.035282567,0.22912778,-0.071030974,0.11547189,0.38597214,0.1003488,-0.0012721247,0.06601783,-0.12149966,0.38979322,0.103617,-0.063113436,0.23461865,0.3467526,-0.0807304,-0.23238662,-0.17969212,-0.0064705736,-0.0009207611,-0.122987345,-0.1377003,0.12243341,-0.262052,-0.19890764,0.445764,-0.02253433,-0.15696526,0.11041559,0.12850493,0.26093003,-0.14812408,0.015274316,0.16903912,0.2012812,0.034155007,-0.10684028,0.039881647,-0.07371972,0.1617334,-0.22448418,0.064252265
10132040325617,cat_food,5,25.4,0.2,0.8,0.4,0.2,0.4,0.0,0.0,0.0,0.2,0.2,0.4,0.2,4.5394244,0.049603224,1.6911309,-0.8044955,1.7112726,-0.91407186,0.002578783,0.7127279,-0.0100878235,-0.17068642,0.7214051,0.87214833,-0.8546387,0.78116786,-0.28770977,-0.249104,0.5969508,0.17839326,-0.2404829,-1.2410548,0.16762893,0.10286088,-0.26282445,0.3363453,-0.40419236,0.6807825,0.23812184,0.07910527,-0.6005484,0.021839142,-0.24276781,0.1988424,-0.31617403,0.16953515,0.052451145,-0.39404693,-0.037390996,-0.29138225,0.4868234,-0.23649149,0.22187464,-0.033336043,-0.38097554,0.121462025,0.19785492,0.5607282,-0.15207055,-0.14653139,-0.27062356,0.1619356,0.4568902,-0.19058144,-0.36306563,-0.20550403,0.23229976,-0.50259864,0.2218589,-0.17925207,0.19746122,-0.3297002,0.18512502,0.1176876,-0.116364405,0.2383084
10132040325618,cat_food,1,56.0,1.0,0.0,0.0,1.0,0.0,1.0,0.0,0.0,0.0,0.0,0.0,0.0,-3.3163288,0.5273912,-1.7585549,2.2998645,1.645719,1.6168134,0.2499216,0.9200806,0.9056266,-2.115773,-0.20347825,-1.7190464,0.63172626,-0.2495469,-0.5778168,-0.43409088,1.6985551,0.11803428,-1.4503961,-2.1554549,-0.050872695,0.6969389,-0.31984144,-1.3170946,-0.38192874,-0.90565634,0.19905314,-0.37371907,-1.6693138,-0.25063983,0.23508377,-0.626236,1.122355,-0.3096798,-0.2590131,-0.4610965,1.0990219,-1.0182483,0.22756293,-0.1993897,0.8583058,-0.7398451,-0.37584347,0.75804603,-0.54021317,-0.1600095,-0.889282,-0.56053627,-0.02990536,0.19958657,-0.3737507,-0.21392979,-0.07579302,-0.45178673,-0.4759253,0.18999559,0.08292408,-0.10502176,-0.5311985,-0.22138,-0.24822278,0.1780875,-0.2293439,0.22646026
10158610217611,pet_product,8,63.0,1.0,0.0,0.0,1.0,0.0,0.125,0.0,0.5,0.375,0.0,0.0,0.0,-1.3212553,1.6091944,4.4083223,-2.1157115,-3.8138278,-1.4476418,0.19063333,-1.566438,-1.8398364,0.32914156,-1.3635969,-0.54937464,-1.0257185,-0.0042367578,-0.1926412,-0.967638,0.73679096,-0.2195725,-0.16339508,0.08306722,0.0154216215,0.7504097,-0.096951686,-0.22322801,0.56319934,0.17291442,0.34179464,-0.35434037,-0.46683785,-0.17767811,-0.5056236,0.070075154,0.08888267,0.18964121,-1.0133427,-0.20626642,0.17428236,0.15487158,-0.26172107,-0.26549327,-0.00625157,-0.41647765,-0.2856561,-0.4801109,-0.15461777,-0.08313545,-0.30735987,-0.29869,0.048559472,-0.060665697,-0.31886762,0.29145858,-0.45842388,-0.14663723,-0.35061625,-0.6240673,0.2114377,-0.058535527,0.2366935,-0.40237868,-0.034584254,-0.5212976,0.15128349,0.013295682
10159600685389,pet_product,17,38.1764705882353,1.0,0.0,0.0,1.0,0.0,0.0,0.0,0.0,0.8235294117647058,0.0,0.0,0.1764705882352941,0.28210405,1.2801201,2.4312515,0.33771378,-0.4435767,1.6508012,1.7417715,0.032946244,-0.44647184,0.91845095,0.11663419,-1.3116525,-0.092778236,-0.10330038,-1.3664471,-1.239202,-1.0262958,0.43199828,-0.76523703,-0.18205647,0.18465397,-0.21394704,-0.350789,-0.3880069,0.019690514,0.0020296152,-0.03150769,0.9475835,0.079978876,0.07671978,0.29838794,0.68416625,-0.5676201,0.14722678,-0.2318451,0.60849947,-0.15366594,-0.1956333,0.40615356,-0.09388573,0.34158006,7.61228e-05,0.16438524,-0.07851041,-0.0020945028,-0.24436241,0.3883381,0.34783408,-0.0062491735,0.10603334,0.45742497,0.08091064,0.1638005,-0.06903849,0.09063161,0.13996951,0.29528382,-0.052000046,0.29448608,0.006062883,-0.056544468,0.47160518,0.18558468,-0.07230603
10159600685390,pet_product,8,73.875,1.0,0.0,0.0,1.0,0.0,0.0,0.0,0.0,0.75,0.25,0.0,0.0,-1.11786,-1.7325866,1.3237644,0.52386165,-1.9605397,1.8820909,0.44292867,-0.49579218,-1.0710187,-0.41670987,-0.29645753,-1.3227055,0.21900055,-0.60333055,-0.6821807,-0.78389347,-0.8406495,0.24140391,-0.9563517,0.10366964,0.52116674,-0.7077125,0.13229297,-0.5666628,-0.46586427,0.24799737,-0.021307275,0.8380886,1.0101037,0.33216473,-0.01639685,0.808296,-0.36308277,0.5916739,-0.39955923,0.15410192,-0.34824347,-0.20384379,0.6692935,-0.22862639,-0.21408147,-0.18365875,0.81419134,0.11520803,0.1644916,-0.29110596,0.41277725,0.00582882,0.24144885,-0.51080847,0.20271339,0.0922964,0.028966606,-0.030136734,-0.32233125,-0.005096309,0.3859272,0.51043314,-0.07172853,-0.5532644,0.17721497,0.35813233,-0.23116735,-0.15342605
10192694267563,pet_product,27,33.48148148148148,0.925925925925926,0.074074074074074,0.074074074074074,0.8518518518518519,0.074074074074074,0.074074074074074,0.0,0.037037037037037,0.5925925925925926,0.037037037037037,0.074074074074074,0.1851851851851851,0.75596803,2.3458736,1.530928,0.2934719,-0.5679514,-0.87558526,0.35288945,0.7257168,0.5608214,-0.15017216,0.4750778,-0.568977,0.34059474,-0.0727418,-0.30294985,0.3175341,-0.49209312,0.22420558,0.2767133,-0.15119171,-0.27301967,-0.33919722,0.2980263,-0.024908695,-0.6106566,-0.1699537,-0.23024781,0.6277789,-0.0027224047,-0.26428732,-0.2602487,0.13615039,-0.076405935,-0.04894254,-0.18119994,-0.1401804,0.14613083,0.0017305965,-0.019130142,0.06562575,-0.012109407,-0.044805255,0.025309645,-0.098873235,-0.18642372,0.054416277,0.4523929,0.007348908,-0.24100678,-0.20125328,0.01622554,-0.12512471,0.20987841,0.4415126,-0.20758902,0.48196828,-0.31067622,0.0025758208,-0.22227655,-0.025950873,0.32234415,-0.28918374,-0.1985208,-0.21139555
10192694267564,pet_product,3,29.666666666666668,0.3333333333333333,0.3333333333333333,0.3333333333333333,0.3333333333333333,0.3333333333333333,0.0,0.0,0.0,0.6666666666666666,0.0,0.0,0.3333333333333333,2.7913096,1.6207381,1.2730324,1.1925455,-2.1784506,-1.5820866,-0.35514295,0.12844212,0.88612604,-0.31889728,0.51975167,-0.61579037,-0.7248568,0.27760538,0.7288415,-0.15176111,-0.5601185,-0.85537505,1.1518708,-0.13985716,-1.2349495,0.9592268,-0.5826486,1.0542561,-0.5265593,-0.7172017,-1.0742161,-0.4604893,0.2864661,-0.5266548,-0.36265385,0.95478344,-0.28741404,-0.24023078,-0.14432335,0.031308156,0.04668806,-0.48786226,0.3065766,0.23829556,0.08393979,0.849371,-0.7712906,0.08193686,0.030172145,-0.27273548,0.5605325,-0.053324282,-0.09121448,0.111535124,0.10217873,0.09961057,-0.4146266,0.026018769,-0.71389705,0.4479939,-0.35572633,-0.24320348,0.18376727,0.0843663,0.31769177,-0.13984711,-0.09131777,0.07668471
10202010911478,pet_product,21,40.42857142857143,1.0,0.0,0.0,1.0,0.0,0.0,0.0,0.1904761904761904,0.8095238095238095,0.0,0.0,0.0,-0.08217361,1.430183,2.7841334,-0.12145883,-3.0097897,-0.51771915,1.9653538,-0.6859008,-0.5993703,-0.69817257,-0.7228444,-0.48031035,-0.21209581,0.6016336,-0.65501666,-0.60749066,0.071074404,-0.18616334,0.13204743,-0.6646898,-0.32140613,-0.24003744,0.2950069,-0.37689313,0.5871924,0.033406276,0.3953463,0.07289038,0.14062038,-0.40298948,0.1106485,-0.05080016,0.16497084,0.3229812,0.0694259,0.28798565,0.42718357,-0.15012126,-0.38286108,-0.22441946,-0.4073372,-0.07128481,0.057469066,0.051765323,-0.0768835,0.043273587,-0.25495243,0.06591914,0.092729196,-0.23798947,-0.14041021,-0.01690875,-0.263442,0.00776297,0.321084,-0.09684335,-0.04363517,0.043306064,0.10479675,0.105062045,-0.06977562,-0.053686175,0.042773373,0.16828158
10212550372912,pet_product,2,49.5,0.5,0.5,0.0,0.5,0.5,0.5,0.0,0.0,0.5,0.0,0.0,0.0,0.32321274,3.7717755,0.4088933,-1.8866149,-0.3129682,2.1057372,0.38009948,-0.027449988,2.0604122,0.3861543,0.44491225,-0.7419281,-0.9598881,-0.51938003,0.06416494,0.82993686,0.5527018,-0.5737401,0.4145907,1.014577,0.8357669,-0.62316036,0.8748969,0.23809874,1.2477729,1.789662,0.7674311,0.25574735,-0.1257605,-0.022979707,0.33506253,-0.2202996,-0.18809406,-0.38961327,-0.105530724,0.94867736,0.81979877,0.1432702,-0.5757275,0.07262413,-0.4564603,0.10771009,0.3140934,0.1677182,-0.15113771,-0.2216511,-0.540747,-0.29386953,-0.54838806,-0.13052693,0.6992786,0.2066432,0.40737712,0.63143873,-0.44783008,0.18207228,0.23500592,-0.02116898,-0.5369694,-0.43920767,-0.33731294,0.03714022,0.13260992,0.5412637
10212550372913,pet_product,1,26.0,1.0,0.0,0.0,1.0,0.0,0.0,0.0,0.0,1.0,0.0,0.0,0.0,2.1953163,3.256483,-1.4529691,1.6447792,-2.858621,-0.49549374,-0.76802874,-0.1417989,0.6258308,-0.4586262,-1.2417012,1.973234,-1.755255,0.6514316,0.23692507,0.8890516,-0.7827188,0.44388124,0.92114496,1.5460854,-0.84246963,-0.41739538,-0.91588306,-0.46626565,-1.6352615,0.98356557,0.25057968,-0.58902985,0.072144926,-0.6350389,-0.37310556,-0.6429788,-1.3784224,-0.669074,-0.9394576,0.1010425,0.3368845,0.483822,-0.48593417,-0.015199409,0.30687782,0.20493673,0.41854256,0.3024878,-0.4008077,-0.67086405,0.79978997,-0.9100924,0.9789041,-0.018143943,0.35807416,0.51431054,0.40656736,-0.27927446,0.4360354,0.7549775,0.0030550715,0.34797472,-0.13516289,0.06862754,-0.07413284,0.11671572,0.5227994,0.4714039
10212550372914,pet_product,1,17.0,0.0,1.0,0.0,0.0,1.0,0.0,0.0,0.0,1.0,0.0,0.0,0.0,5.291777,0.96014684,-2.5298228,1.2713169,-2.9903278,-1.9980152,-0.07745071,1.9021372,2.4688523,0.4581948,0.1896391,-1.0961812,-0.7181294,0.8276099,-0.6775911,-0.9942551,-0.55798674,-1.8841964,1.1267387,1.8861831,0.5309617,-0.12766612,-0.94963896,-0.069070145,0.76003593,-0.8715575,-0.63497406,-0.28498903,1.5556344,0.23680858,-0.46589485,-0.65074974,0.30663785,-0.66560787,-0.004653207,-0.674522,0.1682309,0.416715,-0.7756469,-0.64566934,0.59111935,0.94274724,0.7312011,1.1034739,0.07246987,0.4513037,-0.12195154,-0.31192887,0.38008305,-0.20414092,0.76080734,-0.122393966,0.021353452,-1.2977413,-0.17351097,0.3645269,-0.6476713,0.27061403,-0.41762945,-0.7728231,0.2601289,0.8831424,-0.49720532,-0.36868224
10216990532692,pet_product,5,45.6,1.0,0.0,0.0,1.0,0.0,0.8,0.0,0.2,0.0,0.0,0.0,0.0,-0.8274967,1.5211089,4.529517,-0.971587,-1.9090313,0.61705434,0.13748093,-1.8102614,1.596899,-0.40263146,-1.4372334,1.4932793,1.2442586,0.13617282,3.0983465,0.75752175,-1.531711,1.0227385,-0.2185103,0.6694429,-2.6360908,1.098164,1.5425501,0.041161526,1.8170649,-1.3597504,0.79973996,-1.3929465,-0.31531447,1.075637,-1.3919336,0.17326076,-0.34357736,-0.04644517,-0.099602185,-0.30685157,-0.1270384,0.5205916,0.83152217,0.7041081,0.59593356,-0.8326627,0.51228416,0.17746958,1.061846,-0.8497821,-0.28024668,-0.3474062,-0.35291713,0.1720547,0.5913946,0.146718,0.22291474,-0.38114104,-0.35735053,-0.65663594,0.036045827,1.3391888,0.3783282,-0.22405684,0.19554327,-0.4801281,0.12065294,-0.38063735
10216990532693,pet_product,2,30.0,1.0,0.0,0.0,1.0,0.0,0.0,0.0,0.5,0.5,0.0,0.0,0.0,-2.9096398,3.1636174,2.6225872,-0.044757232,-0.4878049,-1.4077601,2.1519544,-1.9293759,1.9990058,0.23121099,-0.7857622,1.8516738,2.0706077,-0.0358884,3.0631087,0.124389455,-1.6729971,1.2644625,-0.2941087,-0.75069094,-3.199337,1.2595938,0.7945996,0.63164824,2.0764203,-1.7354878,0.74461716,-0.9490564,-0.49738163,0.20795284,0.3283003,1.0386428,0.11205697,-0.42711294,0.027021984,-0.23551488,0.66154456,0.92544913,1.1454448,0.6960796,0.6762844,0.45749795,0.4193072,0.13182725,0.7203778,-0.45410734,0.040777247,-0.40243036,-0.36609387,-0.45821556,0.58919185,0.47304726,0.18883435,-0.80511457,-0.077039145,-1.1539885,0.5488186,0.66136223,-0.31126097,-0.540928,-0.30911937,0.060147434,0.03744288,-0.69491434
10216990532695,pet_product,2,39.0,1.0,0.0,0.0,1.0,0.0,0.0,0.0,0.0,1.0,0.0,0.0,0.0,-2.1836047,3.3523903,3.546787,-1.700742,-1.3869768,0.29760808,1.1053829,-2.2870994,1.4312259,0.11637822,0.15586385,0.9525386,0.6577848,0.75847256,2.635905,0.68407375,-0.5046714,1.6826774,-0.020856142,0.8455534,-2.1829896,1.390644,1.3914832,0.3856596,1.7033792,-1.1089888,0.6923704,-1.1060654,-0.14369456,0.43621683,-0.47417098,1.0405295,-0.20275843,-0.62582487,-0.08998527,-0.8371051,0.38924536,0.5396759,0.6461463,0.46700585,0.52593946,-1.0712717,0.3530944,0.087151796,0.41889587,-0.55060947,0.5679731,0.0030770004,-0.21144342,-0.07085442,-0.10393321,0.2160034,-0.09875232,-0.06738888,0.09273935,-0.66098607,-0.31147563,0.5401815,0.42296642,-0.6460191,0.20430091,-0.09624112,0.24348927,-0.4158846
