text,label,score
鲜朗烘焙猫粮真的超出预期！开袋肉香很自然，颗粒干爽不油腻，再也不担心黑下巴。我家玻璃胃猫咪吃着不软便，便便成型不臭，毛发越来越顺滑亮泽，挑食猫也顿顿光盘，长肉结实不虚胖，配料干净放心，会一直回购！,好评,5
这款猫粮颗粒大小适中，猫咪很爱吃，不挑嘴。配料表干净，肉含量高，没有乱七八糟的添加剂。吃了一段时间，毛发变亮了，便便也正常，不软便，性价比很高，会继续回购。,好评,5
包装严实没漏气，开袋就是扑鼻肉香。我家挑嘴的布偶居然主动凑过来，吃得咔哧咔哧响，颗粒干爽不油手。在京东买次日达，囤货方便。,好评,5
适口性：猫咪现在每次吃饭都很主动，两只小猫抢着吃 毛发亮泽：吃了一段时间，感觉毛发都变得光亮顺滑 配料干净：无谷无添加，成分干净让人放心,好评,5
猫粮品质很不错，颗粒大小均匀，猫咪闻着就过来吃，适口性超棒！吃了一段时间便便正常，毛发也顺滑了很多，会一直回购～,好评,5
鲜朗猫粮，鲜鸡肉，鲜鸭肉，鲜鸡肝，鱼油，羊奶粉，蛋黄粉，全价猫粮。营养丰富，口感美味，小猫咪爱吃，&hellip;&hellip;&hellip;&hellip;长期购买，下次仍然购买。鲜朗全价烘焙猫粮&hellip;&hellip;,好评,5
我家猫一直吃的这款烘焙粮，最近陆陆续续买了好几袋，吃了一年多了，适口性好，猫咪很爱吃，身体没出过问题，也不软便，毛发很亮，只要品控没问题就会一直投喂。,好评,5
已经给猫吃上了，吃的挺香。不错不错不错，大口大口的开吃，挺多朋友推荐这个，我就买来试试。根据小猫的表现来说，还挺好吃,好评,5
这个猫粮我感觉还是很合适的，很多营养成分在里面，吃这一包等于吃了很多包~小猫吃了之后最明显的就是毛不怎么掉了，而且不臭拉粑粑也很正常总之我是很满意的！店家还有积分换礼品活动也是很用心的，很满意的体验还会再来的！,好评,5
开封闻着挺香的，我是从皇家幼猫粮掺合着吃，猫咪过去吃别的粮容易拉稀，掺合这个没事。也许是大了肠胃好了。,好评,5
家里猫咪吃这个猫粮有一阵时间了，整体体验很不错，这款是低温烘焙猫粮，颗粒干爽不油腻，猫咪吃了不容易黑下巴,好评,5
非常好的猫粮，猫咪爱吃，营养丰富，配料表干净，鸡肉含量高达百分之90多，远远超越其他大品牌的猫粮，打开袋子是一股香香的饼干味道，我都想品尝一下，好猫粮，值得推荐，下次会继续囤货,好评,5
一直吃这款猫粮，低敏，猫咪吃了肠胃很稳定，持续购买中，看看猫咪养的怎么样，优质蛋白，吃了很健康，我们是从半岁就开始味这个品牌，值得信赖，价格如果在低一点就完美了,好评,5
首先就是原料，绝对是在猫粮里面的第一梯队，抛开什么双汇圣农的肉源不谈，猫咪的状态总是展示一款猫粮好坏的最好结果，我家喂了小半年后最直观的感受是猫猫手感变了，长得很结实，但肋骨可以摸到，不虚胖而是有肌肉的那种，去体检也是非常健康！,好评,5
小猫挺爱吃的。小猫挺满意。吃了也没有拉肚子什么的，听他咬这个猫粮的声音嘎嘣脆。和邻居一起买了这一款。三只小猫都爱吃。不错不错。,好评,5
一口一口鲜朗喂大了孩子，高品质的猫粮给咪吃我很放心，三岁半了身体健康身形标准，这个粮的适口性咪也喜欢，咪爱吃,好评,5
物流很神速呀，已经回购好多次啦！感觉是毛孩子吃过的最清爽的猫粮了，不像别的猫粮油大的不行，不错不错，适口性也很好👌🏻国产也很安心罒&omega;罒配料看着也很干净，好评好评好评好评好评,好评,5
鲜朗猫粮回购多次，品质稳定，猫咪每次都吃得干干净净，毛发也更亮泽了，真心推荐给各位铲屎官，值得信赖！,好评,5
我娃爱吃，身体棒棒，感觉很不错，比渴望适口性好，也不那么油，价格也适中，毛孩子吃起来噶本嘎嘣的感觉很香，也好保存，一个月一袋足够。,好评,5
这款猫粮已经给我们家的小猫吃了很久了，特别的好，而且他是纯肉，小猫都喜欢吃，而且还嘎嘎长胖，我们家的小猫挑食很严重，但是这款猫粮就非常的,好评,5
适口性不错，国货品牌不错的一款，种类虽然有细分，但也不会很杂乱，这样保证了供应链严格把控，才能把产品做好，希望再接再厉。家里两只毛孩子吃了快两年，希望能一直吃下去。,好评,5
我的缅因小猫四个月左右开始吃这个猫粮，便便固定有型了，其他含量太低吃了会稀便，还是用这一款才能放心的,好评,5
这款猫粮我家二猫吃了有5年了，养得肥肥壮壮的，毛色也好，因为使用情况很好，一直没换猫粮，品质值得信赖。价格这么多年了也没涨价，平时京东搞活动囤起来实惠不少。,好评,5
这款烘焙猫粮猫猫都非常爱吃，2只猫都抢着，主要是配料表干净，猫猫吃完毛色也很顺滑，大便也很正常。是猫猫最爱吃的猫粮一直在复购,好评,5
第一百次回购，家里的哈基米从小吃到大，每次都是大口炫猫粮，成分表很干净，猫咪被喂的很健康，从来没有挑过食也没生过病，会一直回购下去。,好评,5
猫猫非常喜欢吃 因为是第一次猫猫不懂得小猫喜欢吃什么，所以选择了这款猫粮，事实证明我的选择没有错，推荐大家进行购买,好评,5
鲜朗烘焙猫粮太绝！93%动物性原料全鲜肉配方，0谷物0肉粉，我家橘白咪咪，和金渐层。超爱，颗粒干爽不油腻，吃完不黑下巴，毛发亮、长肉稳，肠胃无负担，放心囤！,好评,5
这款猫粮已是无限回购的，首先是配方好，利于猫猫的健康。其次是适口性好，猫猫爱吃。找到一款猫猫爱吃主人放心的猫粮不容易，猫猫就是家里的一员，健康第一,好评,5
价格高，性价比没进口的好，准备换了，网上风评也不咋地,中评,3
我家灰灰4岁半，鲜朗猫粮我家猫吃3年多了，颗粒酥脆味道香，我的灰灰从来没有软便，没生有过病，毛发光亮，胖呼呼，一直在回购,好评,5
给小猫吃的东西，千挑万选的选了鲜朗，之前给猫买过试吃装，吃下来后它特别喜欢吃，鲜肉含量高，颗粒酥脆，希望能改善改善猫咪黑下巴的问题，吃完后还会继续回购！,好评,5
我家猫猫很喜欢吃他家的品质，也不错 而且也不贵，大家都可以买一下试试看，我们家都吃他家的主食，猫条主食，罐头零食冻干,好评,5
我家小猫咪，一直吃鲜朗的猫粮，之前买过其他的，但是太咸了，小猫眼睛总是很容易流眼泪，相对吃鲜朗的猫粮，小猫还是很稳定的，便便也非常好！,好评,5
买的是鲜朗的试用装，幼猫猫粮打开以后，猫孩子吃的特别香，头都不抬大口大口的带。以后如果需要的话，会再来买,好评,5
一直在用这个品牌的猫产品，原来用吃过爱肯拿的，因为猫吃了有4年多了，不好好吃了，换了这个品牌的猫吃的还错，后面短时间不会换的，支持国货,好评,5
还行，猫愿意吃，希望吃了能长肉，之前买的别款猫粮它都不愿意吃，这次选对了，就是不知道这款长期吃，营养好不好,好评,5
小猫喜欢吃鲜郎的猫粮，回购了好几次了，买过山姆的也没过京东的，品质相同，小猫都爱吃，现在这一袋又要吃完了，再次回购，特来评价！,好评,5
无限回购的鲜朗烘焙猫粮，真的太适合我家猫了！开袋就是自然肉香，93%动物原料、0肉粉0谷物，低温烘焙颗粒干爽不油腻，从根源改善黑下巴，玻璃胃吃着也不软便。适口性超绝，挑食怪主动干饭，毛发越吃越顺滑，长肉不虚胖，营养好吸收，铲屎官闭眼入不踩雷！,好评,5
我们家俩个猫宝儿，一直吃鲜朗猫粮。禽肉猫粮，兔肉猫粮，鱼肉猫粮，换着吃。一如既往的好猫粮。布偶猫也不软便，非常好。会一直回购，希望保持住品质。。,好评,5
先买了试吃装，三只猫都爱吃，于是下单大包装，昨晚放满碗猫粮，早上只剩几粒了。我家老三是猫瘟后遗症的残疾猫，比较瘦，每天吃两顿罐头也吃不胖，换猫粮试试。,好评,5
咪很喜欢吃。这个味道的吃一阵，会换成深海鱼油那款，吃了很多，只有鲜朗的能让我肉眼看出来猫咪的毛发是亮亮的，再贵也值得了，希望小猫咪们以后可以吃好喝好，没有烦恼,好评,5
家里小猫挺喜欢吃的！两只猫都吃的这个！之前肠道不好一直吃处方粮，结果不长肉，后来搭配这个一块吃，俩小家伙都胖了老多！有活动就给他俩多囤点，蛋白含量高，猫猫也喜欢吃！,好评,5
小猫特别喜欢吃这款猫粮很不错，小猫特别喜欢吃，每次喂食都吃得津津有味。颗粒大小适中，色泽均匀，闻着也没有怪味，性价比高，会回购。,好评,5
先朗烘焙，全期全价猫粮成分，好，营养丰富，猫特别爱吃，一直后来就吃这款，粮，质量是特别好，软硬适中猫吃完嗯嗯非常好健康，也不用提前买京东送货特别快，今天下单，明天就到了,好评,5
鲜朗猫粮真不错，我家猫吃了肠胃明显变好，不再拉稀。颗粒大小合适，适口性佳，猫咪每次都吃得很香，会继续回购。,好评,5
味道非常不错，小猫特别喜欢吃，营养很足，性价比也是非常的高，吃过非常多次了，小猫吃完便便也是很正常，没有拉肚子什么的，挺不错的，力挺，棒,好评,5
鲜朗老品牌，家里冻干猫粮经常购买鲜朗品牌，毛孩子喜欢吃，营养健康，适口性好，希望商家多一些优惠活动，京东送货放心，品质好。价格合适会回购！,好评,5
已经多次回购了，几只猫咪都爱吃，配料表干净卫生，大厂加工放心安心。京东物流也很快，快递员配送服务好。,好评,5
感觉猫对大包装没有试吃装爱吃。,中评,3
家里六个毛孩子🐱都喜欢这款猫粮，吃起来嘎嘎香。2kg包装吃起来新鲜方便，毛孩子不喜欢吃陈粮，这款猫粮吃着放心。,好评,5
鲜郎猫粮真的是国产粮里的宝藏！价格实惠，品质却不输进口粮。我家挑嘴的猫主子居然光盘了，而且便便正常，没有软便。客服态度也很好，有问题都耐心解答，必须五星好评！,好评,5
包装很好，物流很快，大品牌值得信赖。配方安全，对猫咪和人类无害。接触温和，刺激性可控，猫咪能接受。使用方便，期待好的使用效果。,好评,5
在朋友家给猫咪试用了一次，感觉这个产品还不错，特意买来用了一段时间再来评价，目前看效果还真不错，再坚持用一段时间再来追评，只要产品好就值得推荐给朋友们！,好评,5
这款帮邦芙宁宠物耳螨膏已经用了几天了，感觉效果还不错。我准备再买一个，再用几天看一看效果，这个是普安特大品牌的值得信赖，有需要还会继续购买的。,好评,5
家里布偶猫买来后耳朵一直有棕色分泌物，到医院检查并无真菌感染，听从医生建议买了洗耳水和制霉素软膏，定期给猫咪清洗耳朵，干干净净的。,好评,5
这款宠物滴耳液效果特别好，成分温和不刺激，猫咪狗狗用着都不抗拒。清洁力在线，能有效软化耳垢、缓解异味，坚持用耳道干净很多，也不怎么抓挠耳朵了。瓶口设计贴心，好控制用量，性价比高，家里常备很安心，强烈推荐！,好评,5
终于找到温和不刺激的洗耳液！普安特这款pH值7.0，贴近耳道环境。清洁力强、速溶耳垢，用后猫咪不抓耳、不甩头，耳道干爽无异味。独立密封、干净卫生，60ml/120ml可选，赠品丰富。大品牌品质放心，洗澡不影响，每月2-3次超省心。,好评,5
这个猫的耳部护理液非常好用，这款耳部护理液真是猫咪的福音！瓶身设计简洁大方，透明瓶身能看到淡黄色的液体，质地清爽不油腻。用起来很方便，滴几滴在棉签上，轻轻擦拭猫咪的耳朵，瞬间干净又清爽。我家主子用后耳朵再也没异味，真是养猫必备神器！强烈推荐给各位铲屎官！,好评,5
罗安特的宠物猫咪洗耳液，清洁效果显著，软管设计方便，它深入耳道温和，不刺激宠物普遍的也不抗拒。每次使完以后都能很清理出很多的脏东西，真的很好值得购买,好评,5
狗狗第一次使用这款洁耳液，看看后面用一段时间的使用效果看怎么样，好用还会继续回购的。,好评,5
京东物流还是非常棒的。买回来之后就赶紧给猫咪洗了洗耳朵。猫咪耳朵还是会有一些脏，也是应该经常给他洗一洗。希望猫咪干干净净健健康康。,好评,5
刚换的 猫咪很喜欢。就是价格有点小贵。如果价格可以再便宜点就完美了。,中评,3
做活动买的，和10月初的价格差不多，双十一其实没撒特别，甚至会有点贵。最近1年都吃的这个牌子，质量还可以吧，看中的是京东的物流，不然呵呵了。,中评,3
讨厌啊，真讨厌，第一包的时候猫猫还挺爱吃的现在我囤货了，它这几天一口都不吃了，我心烦意乱，真不知道换粮换啥它才爱吃。,中评,3
虽然毛孩子很爱吃，但是发现厂家因为用过期肉被处罚过，心里有些不痛快,中评,3
再次复购的猫粮 冲品牌去的 猫咪吃的也适口 整体还可以 唯一就是购买后几天商家有新活动 打包降价了20元 ～ 未价保成功,中评,3
虽然箱子被认为开了那么大一个口子 但还是用胶带贴上了 怎么说呢 还挺贴心的 养宠人还是敏感一点吧 谁知道对猫粮做了什么,中评,3
猫粮配料表看着还可以，但是猫也就新鲜两天，就没那么爱吃了，颗粒想对与其他家猫粮要大一些，感觉还是小一些好，猫都不咬，直接吞了，其他还行，我过一次便血，之后就没有了，再吃吃看,中评,3
适口性：适口性是很好的，闻起来有鸡肉的香味，猫咪也是很爱吃，一打开袋子就跑过来了！ 颗粒大小：颗粒不大不小，正好合适四五个月的猫咪，家里喂的是蓝白，颗粒比较合适这个年龄段的猫咪！ 便便情况：这个新配方猫咪吃了还是会软便，这个是不好的地方，可能是蛋白太高了，导致猫咪难以接受，一直吃一直软便 毛发亮泽：毛发比较干燥，不知道为啥吃鲜朗就是毛发很干燥，这个实话实话确实吃了鲜朗毛发很干燥！,中评,3
咋的了 到我这包装就环保起来了？？？,中评,3
我家猫吃了容易上火。有泪痕,中评,3
同样的东西，比在其他平台旗舰店都要贵。,中评,3
说不上很好，但是也不能说很差。如果有同等质量的，会选择别家的。,中评,3
第一次在京东买，不晓得是厂家问题还是商家问题，以前我家俩猫是很喜欢鲜朗的这款的，但是这批猫粮我家两猫动都不要动，伤心,中评,3
喂了二十多天了，偶尔会吐，过几天吐一次，就是那种刚吃完就吐了，在考虑要不要换粮,中评,3
也不知道为什么，这次买的猫儿吃一点点就不吃了，饿着都不吃😿😿我以为是碗的问题，换了碗还是不吃,中评,3
这款买了很多次，这次的猫咪不是很爱吃，不如原来的香，不确定是不是换配方了,中评,3
活动价划算，但过了活动涨价太厉害，要188一包，，，就挺离谱的，后面又降了，价格有点起伏太多。但家里猫只吃这个，只能一直回购这个,中评,3
商品确实还可以，但是感觉添加了诱食剂，然后猫咪吃了很容易发胖，另外就是猫咪很喜欢这个味道，然后感觉很好吃，下次还会继续购买吧，但是就是很贵，感觉不值得这个价格，如果价格便宜一点的话，那么我想我会毫不犹豫的购买，保价感觉也不太行,差评,2
吃到一半，里面有毛发，客服说是鸡丝，让我把弄散的给寄过去，我想毛发和鸡丝还是分得清楚的。,差评,2
换了这款猫粮后猫咪出现了胃胀气 异物梗阻的情况 平时猫猫不会乱吃东西 状态也一直都很好 应该是这款猫粮不好消化 所有导致梗阻 加上检查和药物治疗已经花了700多了 我是学生 身上没那么多钱 但还是省下钱想买款贵一点的猫粮给猫猫吃 以为贵的应该会好 没想到却出现这种情况 问了客服 客服说可能是过敏 让我退货退款 也没有说赔偿 猫咪已经陪了我4年了 希望猫咪能够早日康复,差评,2
快递速度也太慢了，迟迟不派送，我家猫差点没猫粮吃,差评,2
这次买的猫粮，家里六只猫，都不爱吃，不知道为啥以前这是他们最喜欢的猫粮，以后不会再买了。,差评,2
物流真的太拉跨了。1月11号下单，1月30号到的。问客服只有机器人回答。猫粮没问题，一直也在买这一款的。,中评,3
猫猫更本不怎么吃，最开始以为是吃的少，后来发现是粮食太大了它嚼起来比较困难，还因为消化不良呕了一次，买之前都问了客服3个月幼猫适不适合，说的是可以吃，真的是不负责,中评,3
先买了400克小包装试吃。猫粮很香。家里三只猫每次吃的光光。前天开了2公斤大包香味很淡。三只猫闻一闻都不吃。这试吃装和正装差距这么大？,差评,2
猫吃了呕吐，以前从来没有这样的情况，再也不敢买了，客服也没说出来个所以然，就说可能是猫自己的吸收问题，我家是橘猫，很好养，以前就没出现过这种问题，哎，自认倒霉,差评,2
猫咪吃了拉稀，只能放弃了,中评,3
小贵，猫子吃了也不长胖,中评,3
网友推荐的，但我家猫不吃，饿急眼了吃完吐酸水,差评,2
猫咪吃了一点点然后吐了一大摊～现在也就闻闻，猫咪不喜欢。,中评,3
新到的颜色跟之前的不一样,差评,2
双十一买的猫粮，双十一刚过就降价，真是把我们消费者当傻子了！！！,中评,3
适口性真的很差,差评,2
这包装猫看了都震惊,差评,2
一般般，家里两只猫都不太爱吃，之前定时出粮器每次出两份粮都能吃完，现在都会剩下一份,中评,3
挺好的，就是有点贵,中评,3
不错不错，次次都买它了，就是越来越贵了希望以后能够便宜点,中评,3
我非常满意我在京东上的购物体验。订单处理非常迅速，包装精美，且物流速度非常快，让我在短时间内就能收到心仪的商品。,中评,3
两只猫都不吃,中评,3
想要换粮的建议多买两份试吃装试一下看自己的猫咪是不是适应，我家铁胃小猫从小随意吃猫粮，在~种草鲜朗，买了试吃装挺爱吃，就是吐了两次，后来试吃装混在其他里边就好了，就没放在心上买了正装，吃了每天吐三四次，问客服说可能不适应让喂益生菌，喂了几天不吐了，又便秘前两天拉屎特别硬的羊屎球，后来直接不拉，又买了乳果糖，灌药灌的痛苦，也可能只是我家猫不适应，但是换粮的话建议多吃几天试吃装，大袋了拆了也不好退浪费,差评,2
家里猫多，近期买了三箱12袋，但感觉最近批次的粮没有之前的好，有一袋粮里面有类似麻绳的异物混在颗粒中，虽然商家给换货了，但还是挺担心的，特别是近期三只猫有两只每天都有很明显的黑眼屎，糟心啊啊啊，到底哪个牌子的猫粮靠谱啊😭😭😭商家提示~8元，~你那8元啊？猫粮做好品控才是王道啊！,差评,2
晚上猫吃了没多久咳了几下（喂食方法没问题 是七日换粮法），凌晨猫想呕又呕不出来声音把我吵醒了。 其次，猫粮成分表和购买的介绍页写的不一样，多了三样东西（覆盆子 、车前子 、菊苣根粉），详情里面才能看到 。查了下，副作用有呕吐。,中评,3
猫咪不爱吃但是打开了又不能退服了,差评,1
猫根本不吃这猫粮 还那么贵,差评,1
猫咪换成这个粮吃了一个月后，每天一吐,差评,1
双十二价格比现在都贵，还得领一堆券,差评,1
吃了这个猫粮一直反反复复长黑下巴,差评,1
猫吃了一直拉稀，还控制不住到处乱拉,差评,1
吃了软便，2只都是的，完全智商税,差评,1
第一次买鲜朗，居然包装袋的密封条都封不好！！！！！,差评,1
这个价位的猫粮，包装袋做的跟闹着玩一样,差评,1
我的猫就吃鲜朗，在这里买的都不吃，怎么一个真？,差评,1
原来吃的幼猫粮，换这个成猫粮软便七天了都没适应过来，我还是用原来的粮两掺的,差评,1
猫咪吃了拉肚子的 便便情况：软便,差评,1
猫咪吃完就吐，别的猫粮一点事也没,差评,1
猫咪吃吐了好几回，联系客服敷衍了事。。。。。,差评,1
买了这个小猫不吃，客服不让退，小猫还吃吐了,差评,1
吃了一半开始呕吐，便便有点稀，慎重考虑！！！,差评,1
吃了那么多款猫粮，只有这款猫粮吃吐了，吃多少吐多少。慎入！,差评,1
猫粮没有私密包装，客服发货前说有私密包装，不建议购买,差评,1
之前吃了两年了，现在一吃就吐，感觉最近批次有问题,差评,1
不知道为什么换了粮一周之后猫咪胃出问题了，不清楚是不是过敏，但是吐酸水这种情况实属不应该，网上查了查这款粮出过不少类似事情，猫已经脱水到去医院打吊瓶了,差评,1
以前吃一点问题没有，这次给猫吃吐了，拉粑粑也不成形,差评,1
猫咪吃了之后真的是又吐、偶尔拉稀、真的不建议大家买了、也不便宜，存粹的浪费了、,差评,1
我家猫吃了他家的猫粮上吐下泻，幼猫感染嗜酸性肉芽肿，这款猫粮不推荐,差评,1
两岁的猫猫以前吃的粮都没有出现呕吐的情况，换了这个粮后，就出现呕吐的情况，开始没有在意，觉得着凉了，第五次吐的时候带去看了宠物医生，认为是猫粮有问题，这猫粮猫猫吃了不消化。大家慎入，小心害死猫猫。,差评,1
还有一半呢，上面的封条坏了，密封不了，质量这么差吗😅,差评,1
家里的🐱第一次吃这款，但吐了好几次，吃其他的猫粮从来没有吐过,差评,1
吃了两年了，这次不知道是不是因为猫粮，天天吐，准备换种试试了,差评,1
配方变了 说是详情有写 我想我一直买的这个我还用多看嘛？肯定直接购买了 我认为应该在快递盒子里加一个小纸片温馨提示一下 我们家吃了吐了 就这样大家谨慎选择吧,差评,1
布偶猫，吃这个有点拉稀，之前吃弗列加特从来没有过，可能不太适合我家猫,差评,1
可能是该批次猫粮存在质量问题，猫咪吃了吐，建议各位毛孩子爸妈暂停喂食并联系品牌方反馈，同时带猫咪就医检查。,差评,1
40 一斤的猫粮 买了这么久了 今年开始连个包装都没有了？就一个快递袋？一直没想评价 连个盒子都舍不得？,差评,1
第一次买他家东西就出现这种问题，就冲着他家品牌跟质量去的，这以后还怎么买,差评,1
吃完几个小时后就开始吐 今天第一次给它尝试吃这个贵一点的猫粮 还是安七天换粮规则放的 没到是这样的情况 前面吃的蓝氏 没有这样的问题 按理说狸花猫应该是很皮实的猫了 都出现了这样的情况,差评,1
我是买了两次的，我家猫咪连着吃了两袋，一斤没长😭😭😭，吃的也不多，看来贵的也不一定适口啊！建议你们还是不要买这个了🙄,差评,1
我家两只猫猫 看了很多成分表 这次选择买了鲜朗的猫粮 因为看营养成分还不错。可是不知道为什么 我家两只猫猫不爱吃这个猫粮！我就只好给兑着罐头和猫条吃。单独的粮就是不爱吃。之前也吃过江小傲 喵樊思 贵芬的猫粮 猫猫都吃的 没有像这个鲜朗这么不喜欢吃。搞不懂为什么猫不爱吃！是假货么,差评,1
因为猫挑食，吃鲜朗吃了快三年了，其他猫粮不爱吃。但最近一周突然一直呕吐，最多一天吐三次，吃了一周药都没好，但精神又很好不像有什么大病的样子。前天偶然发现刚放粮吃完以后没多久就吐（图二），遂测试换了家里另一款品牌冻干，不放鲜朗的粮。现在两天了没见过吐了。不知道是批次有问题还是什么情况，总之评价肯定要写出来让其他人也看看有没有同样情况的。,差评,1
看风评换了这款猫粮 已经有一两年了吧 还是挺好的 两种口味来回来去换着吃 禽肉的颗粒会大一些 鱼肉的颗粒会小一些 总之猫咪都很喜欢 换辆我是直接就换了也没什么问题 就一直在购买这款 就是袋子总被我撕坏 什么高科技啊弄简单一些可还😂😂😂,差评,1
主子6个月金渐层，又挑嘴又玻璃胃😭 这次买了这款猫粮爱吃但软便，换某国产粮便便正常却不吃&hellip;兽医建议找： ✅ 单一肉源+益生菌配方 ✅ 颗粒小（幼猫嘴小） ✅ 不含豆类/谷物 求真实推荐！,差评,1
一次性的屯了4包，因为之前买过一次，我们家三只猫巨爱吃，但是这次囤货并不愉快，拆开第一包，颜色跟之前的不一样了，发黑发油，图片我当时拍了，后面找不到了，给我们家猫吃，我们家猫看了看就走掉了，三只猫都不吃，起初我以为是偶尔一包的问题，于是拆开了第二包，结果是一样的结果，适应了有三天，我们家猫拒食，然后饿到不行了勉强吃了两口，说真的我很气愤也很无语，后面跟售后进行了协商退货，因为有两包没有拆，也还算顺利，还是想要之前那种香香的有点儿烘焙小饼干的味道的鲜朗，那个品质是真好啊，就是我们家猫吃的很开心，但是会有呕吐症状，估计是吃快了,差评,1
避雷，唯一一款吃一次吐一次的猫粮。猫咪2岁，想着给他换换粮，看配量表干净才买的。真的不能试，上个月到货后第一次吃，吐，以为是那段时间身体不好；停了一个月，又换了这个，又吐了。 猫粮从小一直吃的某家六种鱼和鸡，牛肉、自制猫饭、猫罐头都吃的很香，体质一直很好。 适口性：换完新猫粮后，立刻去吃了很多口，同样换完前的六种鱼一点都没有这种欲望，包括换完的也是掺杂一点原粮的，什么原因自己想。 颗粒大小：大，胃口大的猫咪不推荐，容易积食吐。,差评,1
没收到货给我签收了 什么鬼,差评,1
什么垃圾店铺，千万别买，,差评,1
特别差，猫咪吃了一直软便拉肚子,差评,1
猫吃了老是吐 差评差评,差评,1
猫图了很多 ，屁股上也都是屎 哎,差评,1
这是我第一次买猫粮不送试吃装的 差评,差评,1
唯一一款猫咪吃了软便拉稀的猫粮，吃一次拉一次无语死了,差评,1
快递太慢，几天都不到。,差评,1
给客服态度一个差评 问非所答 态度又差 降价25块还不能退,差评,1
这个批次的材料不行，猫不咋吃，品质要保持稳定对于一个四十块钱一斤的猫粮品牌很难吗？,差评,1
太差劲，买回来猫咪吃了一顿就拉稀了，真的太垃圾了，那么多好评到底咋来的？？？？？,差评,1
新配方的鲜朗买回来猫吃了两天。结果不吃了。换了别家的猫粮一顿炫。说是说升级配方。实际上就是节约成本。鲜朗再也不会考虑了！,差评,1
鲜朗这个牌子也可以说是大牌自己家猫也是吃的这个没想到今天给他们喂粮发现这个异物客服说是鸡肝但我复购好多次第一次遇到这种情况我只能说吃完这次就换粮了慎重！！！,差评,1
鲜朗的包装真是做得差劲，第一回买的时候一包正装的包装就破损了，后来申请了退换货。这次买囤货装送了一包赠品完全就是破裂的，你们的包装真的是要改进，五百来块的猫粮连个防震袋都没有。,差评,1
便便情况：拉软便了，真服了，猫吃过几款都不会，这个吃了屎臭还是软便，这么贵吃了还这样，你们写评论的良心不痛？,差评,1
垃圾猫粮，上半年一次买了几袋，一直有软便没怎么在意，那几袋吃完了，上个月又买了一袋，这袋吃了几天直接串稀还有血丝,差评,1
说实话我不想说这家什么，但是我换了猫粮之后两只猫都生病了 跟客服探讨一下她直接说什么是我们家自己猫有问题，让我自己送检有问题他们负责？我猫都要死不活了我哪有心情搞这些，真晦气,差评,1
奇怪了，和以往买的不一样，一点都不香，以往都有香味，猫也不爱吃了，看了看日期也没有过期，能不能不要让复购消费者失望，保证品质啊,差评,1
168的猫粮就给我拿这破袋子装？连个纸箱也不舍得拿出来装一下，这猫粮还配不上拿个纸箱子装一下吗？？之前也在京东买过，包装是纸箱，这次的包装太差太差太差,差评,1
你这个猫粮怎么回事？猫咪吃了每隔几天就要呕吐？平时不怎么爱吃，看着食欲不振，吃完就是几天一次呕吐，差评差评差评，再也不会购买了。,差评,1
刚买就降价，误导消费者，近期想换粮很难，里面怀疑有诱食剂,差评,1
包装很垃圾，拿了一个小破纸盒包，价格也比其他平台贵。要不是麻烦就退了。如果不是官方店铺购买的，这个包装真的很像假货，还好内里没破，最后还是拿了个仆仆的塑料袋装的,差评,1
一直吃鲜朗，每次都要求标注最新日期，这次在京东下单就没要求标注，发现生产日期25年2月10号这批发霉变质，味道熏人，相当可怕，已沟通客服，目前说给换最新日期,差评,1
购买鲜朗猫猫一年多，期间出现过猫粮品质问题，此次购买的猫粮味道和以前完全不同，打开袋子有股非常重的哈喇味，两只猫饿不行了勉强吃点，吃后分别呕吐两次，精神状态不好。鲜朗这么贵的粮，出现这样的问题，十分质疑他家猫粮质量问题，差评！！！！,差评,1
猫粮还行，但是包装实在是太差。之前是魔术贴包装，现在这个非常难用，很容易断裂，然后不能再封口。 以后不会再买了,差评,1
很生气，猫猫吃了最近耳朵特别容易脏，下巴也黑黑的，毛毛不停蹭耳朵，耳廓蹭伤后很快就化脓。以前从没有过这种情况，耳朵和下巴平时都很干净，就这次吃完粮成这样了，非常生气，猫猫最近蔫蔫的，瘦了好多。,差评,1
算好只买了两包，家里两只小猫吃了一包，吃了半个月，这周连续吐了三天。能劝一个是一个，大家快跑。之前买渴望从来没有问题，这回想着省钱没想到省出这后果，十分后悔,差评,1
不解决售后，嚣张得很，因为京东偏袒商家。 吃的各种软便，一天天说猫粮没问题，然而吃的，各种软便，已经拉长了起码半个月的换粮，还软便，垃圾,差评,1
吃了快一个月，从最初呕吐白色口水，到后来慢慢演变成呕吐黄水、未消化猫粮、食糜，此前吃高蛋白猫粮没有这样过，建议谨慎购入,差评,1
第一次购买鲜朗就买了个教训啊！！！本人首先声明 3.31猫粮到家按照7天换粮法操作的 绝对没有直接喂新粮 混着吃好好的 从7号中午开始喂的鲜朗 两只猫吃了就疯狂吐 一直吐 最开始我还以为喂的多了 昨天少喂了点 照样吐 我家猫误食塑料袋都能拉出来 就这样的肠胃 受不了鲜朗的猫粮 想问一下厂家往猫粮里面加啥了 好评全是刷出来的吧！劝一嘴其他铲屎官们 慎买！慎买！慎买！不然 一买一个不吱声！反正我以后不会买鲜朗任何东西了！,差评,1
不好再也不买他们家的了,差评,1
小猫不怎么吃，吃了还拉肚子,差评,1
我家换这个粮一个毛孩子走了一个肠胃炎才好,差评,1
猫粮一般 买回来猫根本不错 而且没有试用装退不了,差评,1
小猫吃了两个星期多，今天出现了呕吐的情况，鲜朗最近的猫粮怎么了,差评,1
说保密发货，纸箱墙快递单上不出现宠物字眼，纯纯搞笑，偌大个&ldquo;猫粮&rdquo;俩字在上面，真&ldquo;保密&rdquo;,差评,1
不咋样 老是软便,差评,1
四只猫都不爱吃&hellip;我家猫都是不挑食的，不知道是怎么回事，试吃装倒是很爱吃，结果买这么多回来猫不吃,差评,1
小猫根本不吃，两只猫都不咋吃，这么贵的猫粮，也不晓得啥情况。饿的肚子扁扁的都不吃&hellip;&hellip;,差评,1
吃完吐，软便拉稀，绝对不是换粮方法问题！ 买回来很多天，吃完吐或软便拉稀就会停止吃这款粮，过几天再次少量喂食，依旧吃完吐或者软便拉稀。 为了主子生命安全，不敢吃了,差评,1
此用户未及时填写评价内容,差评,1
这次买的有哈喇味,差评,1
猫咪吃的拉肚子了,差评,1
买了猫不吃，跟~旗舰店买的差好远，好湿。没售后，准备扔了。,差评,1
真别买了 两只猫一个吐一个拉 从来没有过的事情 以前吃百利都好的很,差评,1
我家猫咪一直吃这个牌子的猫粮 买他们家的猫粮连续吐了两天 跟客服沟通态度非常恶劣,差评,1
一直喂的鲜朗，之前在~买的都没吐过，回家着急忘带猫粮着急从京东买的，吐了，之前看评论好多吐的还以为是恶意差评，这回才知道京东的猫粮本身就有问题，再也不会在京东上买猫粮，这哪是喂猫，这是要命啊,差评,1
大家小心了，这家有假猫粮，被我发现后我，提交问题并申请退货退款，商家同意后，收了货就关闭退款。现在是我花钱买的货被他们签收了，我的钱一分都没退回来，这是明着抢啊。 大家记住了，收到货后要录开箱视频，不然他们咬死不承认是他们的货出问题。我就是太相信旗舰店了，所以没有录开箱视频。 现在猫粮被他们签收了，我买猫粮的钱一分都没退给我，我现在没有猫粮，假粮的证据也没了，我该怎么办？,差评,1
吃了这款粮就开始黑下巴，真的是什么破猫粮，也不便宜，我家猫以前吃过两种都不会，太差了,差评,1
看了网上很多人评论这款猫粮不错 就买了， 猫咪连续吃了一个星期不到 就出现了 呕吐频繁 ，就很纳闷什么吃的都没换过 就换了个猫粮 想着停两天看看是不是猫粮问题 这两天就没有给猫咪喂这款猫咪 就没有出现呕吐了 。 图片,差评,1
品控越来越差，这两次买的猫粮猫明显的软便不爱吃，我以为是因为我喂了生骨肉的原因，停了肉零食很久了，五只猫吃了16斤粮，还是那个德行，一开始我看着就和去年买的猫粮样子不一样我不信，我以为是我的错觉，我进行了排除法，现在总而言之，鲜朗的品控是越来越烂越来越垃圾，喂了整整一年多，88了您咧,差评,1
两只猫自从吃了这个粮之后，一只拉稀，一只吐！第一次尝试果断避雷！,差评,1
购物体验极差，买了两箱，我一个女孩子本来就搬不上去，提前就和客服说了要备注送货上楼，答应得好好的，结果包裹还是给我放楼下，协商几次只会说已反馈给物流，包裹在楼下方式四五天，箱子都被老鼠啃了，最后还是要自己妥协搬上去，糟蹋了怪可惜。花了一千多，这样的服务实在令人下头，本以为在京东买会服务好点，果然还是我想多了🙃,差评,1
已经买了五六次鲜朗，去年买的吃的很快也很爱吃，今年买的感觉偷工减料了。我老婆说刚买的这次鲜朗味道闻起来也不像去的香。现在倒在猫面前闻了一下就走了，能吃完，实话实说粮能吃完，但是猫要到很饿的程度才去吃。不推荐,差评,1
给猫咪买的奶香即口味，它比较喜欢吃，从另一个猫粮换过来适口性还可以，吃的不是很多但也还行啊。下次可能不选择这款猫粮了哦。,好评,5
第一次直接买12kg的猫粮，不过也是吃了很多回了，伯纳天纯，放心，再自己搭配点冻干，我觉得比直接买里头带冻干的好,好评,5
家里的两个毛孩子一直都在吃这一款猫粮，这一款猫粮吃了以后，猫孩子的粪便有极少的毛球，对毛孩子的身体健康也很好，毛孩子就是自己的家人，所以让他们吃好一点,好评,5
以前给猫咪吃别的牌子的猫粮，改了伯纳天纯猫粮后，猫咪特爱吃，以后就买这款猫粮了，京东物流有快又好，步梯送货上门，辛苦了！,好评,5
伯纳天纯的宠物粮品质不错，原料新鲜营养丰富，能满足宠物日常所需。包装设计合理方便保存，适口性好，我家宠物很爱吃，会继续回购。,好评,5
这款伯纳天纯大包装猫粮很耐用，算下来日均花费不高，品质和口碑都在线，是一款性价比高、对猫咪肠胃和健康都很友好的成猫粮。,好评,5
给毛孩子选到这么好的猫粮，太省心了！这款品质绝佳，价格实惠，适口性强，猫猫爱吃，买来特别放心，以后有优惠还会回购，特别好的一款产品,好评,5
伯纳天纯这牌子不错，做了好多年了，生产线覆盖很齐全，价格适中，安全性高，令人放心。京东送货快，小区送货上门很不错。时效快。,好评,5
发货速度非常快，包装非常仔细，运送速度很快，派送质量也很好，商品生产日期比较新，猫咪非常喜欢吃，性价比比较高，已经多次购买了,好评,5
这是第二次买这款猫粮了，物流运输速度很快，隔天就能收到了，而且小猫对猫粮非常喜爱，看到新的猫粮就喵喵叫，一天吃100g都可以。送的两袋散装猫粮也很贴心。,好评,5
非常满意非常好猫咪很喜欢吃家里有两只猫我那天纯是大品牌配料很好非常值得信赖京东送货非常的快价格也十分优惠惠惠长期回购的一款满意,好评,5
家里的猫咪一直吃的是这款猫粮，成分很健康。这次我们家里的猫咪安排上Plus版的。店家也十分的好，每次买猫粮都送试吃装，这次还送了我家包一袋的零食，非常推荐这款猫粮,好评,5
猫咪一直吃这款猫粮 已经买了好多袋 刚换这款猫粮的时候 效果很明显 毛发变顺了也不咋掉了 很喜欢,好评,5
价格可以品质也可以。如果说多猫家庭可以再买一袋儿更好的猫粮，掺着一起吃 我家有4只小猫，回购很多次了,好评,5
这个品牌一直在买的，其它的基本没买过，个人觉得很不错，当然也要看实际使用体验，家人也觉得很不错的一款，有用到的可以试试购买看看的,好评,5
伯纳天纯猫粮无谷低敏配方，含益生菌护肠胃，适口性不错，猫咪爱吃。颗粒干爽不油腻，减少黑下巴，品控稳定。部分款肉粉偏多，换粮需循序渐进，整体性价比适中。,好评,5
小猫吃了一直拉稀，很担心。,中评,3
流浪猫咪变成家里新宠，接连收留了两只，之前吃的这个牌子幼猫猫粮，够一岁了换了成猫款，依旧爱吃，都不用放肉泥就能饱餐一顿，现在看还不错，吃了小半年了，这次又买了大包装！猫咪身体健康！,好评,5
这款伯纳天纯经典猫粮，颗粒很小，特别适合成年和老年牙口不太好的猫咪。适口性很好，配料表干净，值得推荐购买。添加蔓越莓，更有利于猫咪健康。,好评,5
收到粮食，满满一大箱，开箱后猫咪忙特别喜欢吃，期待吃完之后的减肥效果。因家里猫咪均已绝育，年龄大了担心体重问题。安利这款猫粮后，果断下单。到货很快。,好评,5
这款猫粮包装精美，打开后香味浓郁，猫咪超爱吃😻。颗粒大小适中，适口性很好，吃完毛发也更顺滑了✨。快递包装严实，没有破损📦，物流速度快🚚，配送员态度友好👏。整体体验非常满意，值得回购👍！🐾💖💖,好评,5
一直买这个猫粮，家里两只猫咪爱吃，适口性好。送货及时，送货上门，包装干净、完整，日期新鲜。价格稳定。营养成分丰富，可以长期喂养。,好评,5
小猫爱吃，价格小贵，一个月大的小猫泡无糖舒化奶，猫粮泡化了小猫就可以吃了，看配料表不错，小猫答大便性状正常，就是颜色比较黑不知道正不正常。,好评,5
两只猫猫从领回家，就一直吃伯纳天纯的猫粮，没有换过其它牌子。各种口味换着吃，猫猫也不挑食，6年过去了，也没生过病，挺好的。,好评,5
京东物流非常方便快捷，头天下单，第二天就收到货了。包装完好无损，值得信赖。这款猫粮不错，猫猫很喜欢吃，香香的，配料干净，值得购买。,好评,5
这次回购这个品牌的另一款猫粮，之前买的是烘焙款，挑嘴的小猫咪经常换粮吃，这款也不错，配料表干净，日期也很新，京东物流也很快，给力,好评,5
伯纳天纯猫粮表现出色，颗粒均匀猫咪咀嚼轻松，肉香宜人它很爱吃。营养搭配科学，让猫咪毛发柔顺亮泽，而且性价比超高，真心值得购入。,好评,5
给猫咪买的这款粮很不错，我家猫特别喜欢吃，每次一开袋就凑过来。食材新鲜，营养均衡，吃了毛发亮泽还胖乎不少，会回购。,好评,5
回购很多次的猫粮了，家里的毛孩子很喜欢吃这一款猫粮，营养搭配很丰富，配料表也很干净。猫猫日常所需的营养都能被补充到日期很新鲜还送了很多试次性价比很高非常推荐,好评,5
试了很多款猫粮，也试吃了很多款，只有这款猫粮猫咪很喜欢吃，吃了以后体重也胖了很多，毛也顺了不少，主要是价格也可以，整体来说，很不错！,好评,5
还可以吧，毛孩子不太爱吃，感觉没有皇家的好,中评,3
以前就是吃这款，搞活动买的，很便宜，猫咪也爱吃,中评,3
京东，自营产品买的有保障送货上门。,中评,3
如果不是被小包装坑了，这个联名款其实还不错,中评,3
还不错的。第一次给猫咪吃。觉得还可以。,中评,3
东西还行吧。但是物流真的很有问题。,中评,3
猫咪吃不胖吃的少，一般般吧，毕竟猫咪还是挑食的主儿,中评,3
超级油，换了这个猫咪油尾巴了,中评,3
一般，快递速度很快，小猫不咋爱吃，先凑合用,中评,3
便便情况：软便 适口性：猫咪不吃啊,中评,3
这款猫粮还不错的，小猫吃得可香了,中评,3
刚买的准备掺杂一起吃 看看吧在追评,中评,3
宠物喜欢吃，就是吃了这个其他的都不吃了,中评,3
家里猫爱吃，但是拉屎臭软。,中评,3
我家猫之前一直吃这个，这次吃了后不爱喝水！,中评,3
我家蓝猫吃了挺肥的，但还会出现泪痕，应该是不合适吧,中评,3
还行， 还行， 还行， 还行， 还行吧,中评,3
和试吃装完全两样，猫咪完全不像试吃装那样缠着你要吃。,中评,3
最近看测评说伯纳天纯的淀粉含量太多了，下次要换个牌子买了,中评,3
这个猫粮真是非常大的一袋，可惜我家的大橘不是非常喜欢吃，伤脑筋&hellip;&hellip;,中评,3
还好&hellip;&hellip;吃了2周没了。感觉有些油 而且 碎渣特别多&hellip;&hellip;,中评,3
之前经常回购大包的这次是一下小包的没想到小包的是包装比想象要小一些，其它都还可以没什么呕吐症状还不错,中评,3
唉，我家猫吃这个从开始吃到结束全程拉稀。吃是爱吃，，就是拉，拉的次数也多，买益生菌吃也没效果,中评,3
东西是不错，但赠品系统需要优化。虽然是我自己没注意，但买猫粮还是应该默认赠猫用营养膏吧？结果送了一个狗用滴&hellip;&hellip;&hellip;😓,中评,3
我的猫单独吃这个会拉肚子，即使一开始就有慢慢换粮，后面单独吃还是拉肚子。,中评,3
我也不知道是不是因为吃了这个粮的问题，猫咪尿闭了，做了手术花了大几千。,中评,3
吃了這款貓糧一年多了，一直都不錯，但是不曉得什麼原因，吃了這包，家裡好幾位主子都有拉軟便的情況,中评,3
还凑活吧，反正猫吃着也就那样，也没胖,中评,3
品尝了一粒，比较咸，这是第二次试用这个品牌的猫粮，共同的问题都是偏咸,中评,3
价格变化太大，猫吃了还好，目前没有发现有什么问题,中评,3
物流很给你，小哥更优秀,中评,3
还可以吧 一直在吃这个系,中评,3
1星给香味，1星给京东本地仓当日达救急，1星给快递小哥加班也要送过来,中评,3
买这个猫猫之前我是有看过好几家店，最后看到这家店的评价不错就决定在这家店买 收到快递后迫不及待的拆了包装。猫猫我真的是非常喜欢大大的好评!以后买猫猫再来你们店！(￣▽￣),中评,3
相比之前买的贵一点的发育宝，伯纳天纯这个猫咪有点过于喜欢吃了，一天一碗我都怕了，胃口这么好？,中评,3
看来看去最后还是选择了这家。收到货后我非常的开心，因为猫猫的质量和品质真的非常的好！大大的好评!以后买猫猫再来你们店！(￣▽￣),中评,3
第一次买这个牌子的，但愿不要失望,中评,3
这家的猫猫的真是太好用了，用了第一次就还想再用一次。收到快递后迫不及待的拆了包装。猫猫我真的是非常喜欢我会推荐想买猫猫的朋友也来这家店里买,中评,3
看了好几家店，也对比了好几家店，最后发现还是这一家的金*鱼评价最好。包装的很精美！金*鱼的质量和品质非常不错！大大的好评!以后买金*鱼再来你们店！(￣▽￣),中评,3
买了不到十天就降价了40，咨询客服还说不保价,差评,1
没有按照备注送货上门,差评,1
猫不吃，还不知道是不是正品。,差评,1
东西不便宜，服务不友好！,差评,1
我家猫吃了一直在拉肚子,差评,1
买了二十斤回来三只猫都不吃 又不能退,差评,1
为什么漏了？难道这个价钱买的是残次品？,差评,1
买了两袋只到了一袋。另一袋遥遥无期？,差评,1
一直拉稀 去宠物店 查了好多 才发现是猫粮不对,差评,1
活动时间买的，活动结束后多了很多优惠券，比活动时还要便宜,差评,1
11只猫吃完全拉稀，黑色的,差评,1
我们家猫吃了这个猫粮就吐了,差评,1
猫咪换了这个粮之后居然黑下巴了,差评,1
小包装的主料竟然是鸡肉粉，而不是金*鱼,差评,1
东西都没收到就订单完成了？现在京东还有这操作？,差评,1
买完就降价，还不能申请价保。包装简陋。,差评,1
猫咪吃了眼睛一直流眼泪。之前吃海洋盛宴系列都没有,差评,1
不想多说，吃了半年得到这样的结果！谁赔,差评,1
吃了就拉稀，三只猫全部拉稀，买了两包不敢喂了,差评,1
吃了一天，拉稀拉了一整天。疯狂拉稀,差评,1
我家三个月大的毛孩子吃了拉稀 真的没有问题吗,差评,1
小猫猫吃的尿不出了，换了皇家，不会再买了。原包还没拆呢！88,差评,1
降价了 降了二十多还送六个罐罐 280 不开心,差评,1
我家猫咪吃这款猫粮三年多了，很好，没有泪恒，爱吃,差评,1
但是吃了黑下巴。不太行,差评,1
包装袋都是坏的！简单的拿透明胶带密封！！！！！撒的一箱子都是猫粮,差评,1
之前一直吃这个牌子的猫粮，这次不知道为什么，吃了一直吐&hellip;&hellip;,差评,1
这个不行，我的猫吃了生病了。医院检查肯定是食物不好。,差评,1
我家猫正从幼猫粮换成猫粮，之前吃皇家的不拉肚子就是猫粮油长了黑下巴，想着换个猫粮结果吃了一点就开始拉肚子，心塞。,差评,1
有没有和我家猫猫一样吃了两袋以后，拉不出尿来，不敢给吃了,差评,1
已经多次购买这款猫粮了，不油不腻，适口性不错，至少猫咪还比较喜欢吃，毛发也算不错，大便也比较正常。中间有换过其它牌子的猫粮，不太适应，基本上就适应这款猫粮和另一款京东京造的猫粮,好评,5
一袋3斤，有冻干，颗粒均匀，味道没有太香也没异味，猫猫是后加人的成员，吃过好几个品牌，他都还吃，有时喜欢去吃狗狗的狗粮，才买的卫仕，希望不要让人失望，送货快,好评,5
看朋友家猫吃的卫仕，毛发油亮，还不怎么掉毛，照抄的作业，买来后给猫子们试吃了，很喜欢吃，买了三种，美毛，鲜肉和冻干，两只猫都喜欢吃。,好评,5
卫仕山海猫粮，挑食猫福音！五种冻干超满足，高蛋白营养足。猫咪爱吃，毛发亮泽，肠胃舒适。无谷低敏，安全放心，国产粮里的性价比之王，真心推荐！,好评,5
他是做活肉买的，之前小猫吃的不是这个粮，但是想着给它们换个口味，吃吃这种没毛的猫粮，所以就买了这一款，还有鸡肉 有虾比较肉类还是比较多的,好评,5
卫仕爆爆袋猫粮太绝！6.18kg大包装超划算，冻干注心+鲜肉配方，深海成分美毛绝了，掉毛少、毛发亮，成幼猫都爱吃，便便也稳！以后还回购 。,好评,5
猫咪很爱吃，吃了也长肉，我家猫一直吃的他家的，吃了8个月就，没有软便也没怎么掉过猫毛，我家几乎看不到猫毛，而且我发现我家还行精力特别足，早上的嗓门都洪亮，撞你一下也挺疼。,好评,5
配料表干净，无谷低敏很放心，动物蛋白含量高，营养够足。猫咪吃着适应快，肠胃没负担，泪痕也淡了，活力满满，性价比高，囤货无压力,好评,5
这个牌子的猫粮最近一直回购，我家猫咪很爱吃，吃了这个猫粮都长肉了，我家猫咪之前毛发没有光泽，自从换了这个口味，猫咪毛发也顺滑有光泽了。,好评,5
我家金渐层猫咪一直吃卫仕猫粮，适口性很好，每次都能光盘。毛发看起来更加柔亮有光泽，便便状态也很健康。包装设计方便保存，会继续回购这款产品。,好评,5
家里的小猫从小开始吃的猫粮，冻干注心，适口性好，性价比高，安心配方，猫猫很喜欢吃。京东下单，物流极快，送货上门，包装完好，省心省力，值得购买。,好评,5
家里猫咪一直吃的这款猫粮，肉粒满满，猫咪也喜欢吃，这次活动价买了几袋价钱还挺合适，送了试吃装，发货快速，第二天就到了。京东快递发货快速准时达。,好评,5
家里猫咪挑食换了好几款，这款终于爱吃了。颗粒酥脆不油腻，不用担心黑下巴，吃完没有软便情况，精神状态也很好。成分让人放心，价格实惠，品质对得起价位，铲屎官可以放心入！,好评,5
我家猫咪很喜欢这款猫粮，每次都吃的很香，毛发也变得顺滑有光泽。快递包装得很仔细，送货速度也快，配送员服务态度也好，很满意这次购物。,好评,5
卫仕深海美毛爆爆袋猫粮全价冻干注心鲜肉猫粮是第二次购买了，猫粮高鲜肉配方，肉香浓郁，营养丰富，猫咪爱吃，京东物流快送货上门很方便,好评,5
这款猫粮的品质不错，颗粒大小均匀，闻着有股自然肉香。猫咪很爱吃，吃了后毛发更有光泽。价格实惠，性价比高，以后会继续回购。,好评,5
猫咪很爱吃，白白胖胖的，毛发也很顺滑,中评,3
家里毛孩子一直都是吃这款猫粮，值得放心，毛孩子非常喜欢吃，冻干也非常多，简直了，非常良心，猫猫第一次吃的时候就爱上了，价格也非常实惠！！！,好评,5
不错的一款猫粮，猫咪还是比较爱吃的味道闻着也比较的香，就是颗粒有点小，成猫如果大颗粒吃起来会不会更好一点？总之还是推荐的。,好评,5
是一款我经常购买的猫粮，我们家的俩个猫咪都喜欢吃。打开袋子就能闻到一股淡淡的肉香味，难怪猫咪喜欢吃。里面有各种我家猫喜欢吃的冻干。不错不错，关键是活动的价格很优惠。,好评,5
卫仕五拼冻干猫粮已收到昨天下单今天京东快递直接送到家省事省力太棒了，这款猫粮适口性很好里面含有丰富的营养物质，毛孩子很喜欢吃，物美价廉物超所值真是一次完美的购物,好评,5
刚收到卫仕山海猫粮1.5kg，五拼冻干含鹿肉鹅肝，用料扎实。活动价58.9很划算，送货快。包装完好，猫咪爱吃，吃完会回购。,好评,5
早就关注了这款猫粮，最终下手买了大袋的，还送的试吃装，家里猫咪很喜欢吃，这次趁活动买的，价格适中，猫粮颗粒不大，猫咪吃起来比较方便,好评,5
家里的猫一直买的这个牌子的猫粮，里面的冻干猫很喜欢吃，吃的猫也很长壮，很满意，这一次买了两袋，差不多能吃不到两个月，非常不错,好评,5
猫粮真不错！肉香浓郁，冻干多，猫咪超爱吃。颗粒清爽不油腻，不黑下巴，肠胃友好不软便，营养均衡，毛发亮泽，性价比高，铲屎官放心选！,好评,5
十只猫猫都挺爱吃的，算是国产里靠谱的，但是国产粮容易多吃多拉，之前吃了很多包最近吃进口比较多了，换着吃吧 ，有时会软便，我家猫只有吃自然光环的时候一点软便没有。,好评,5
这款猫粮太香了，闻着味道就觉得特别香，我都想吃一口😆，每次倒猫粮猫咪都大口大口吃，以前买的冠能猫粮，没感觉猫咪这么爱吃，不错,好评,5
包装完好，价格适中，生产日期新鲜。大品牌值得信赖，猫咪也爱吃这款猫粮。趁着商家有活动多屯了点猫粮。小袋包装随吃随拿，猫粮不容易氧化。,好评,5
看起来不错哦，价格很划算，希望猫咪会喜欢，之前一直用的皇家的幼猫粮，猫咪看起来有点瘦，希望能换个让猫咪快快长肉的猫粮，同时别掉毛太多,好评,5
挺好的，小猫喜欢吃，卫仕猫粮是一开始就买给小猫的，价格上面挺有优势，适合我们这种想养猫但是又不是很富余的人，小猫吃了没有什么不适，会回购,好评,5
卫仕老牌子，经常购他们家的猫粮和猫用维生素，开袋肉香，颗粒均匀饱满，我家小主非常愛吃，食后大便正常，毛发光亮顺泽，物流也很快，赞一个。,好评,5
这款鲜肉猫粮真的不错，肉含量高，猫咪闻着就凑过来，挑食怪也吃得香。颗粒干爽不油腻，吃完没有软便，毛发摸起来顺滑很多，营养够长不虚胖，性价比高会回购。,好评,5
趁着活动的时候买的，算下来很划算了，反正保质期也有那么长，多囤点也无所谓，家里的毛孩子非常喜欢里面的冻干，营养很全面，非常不错。,好评,5
家里的两张猫一直吃他们家的猫粮，性价比比较高，也没有不舒服的情况，总是掉毛，所以这次换了一款猫粮，这次还给送了试吃，不错，如果猫咪爱吃了的话，还会回购的,好评,5
生产日期挺新鲜的，乘着商家有活动的时候买3包很划算，家里猫咪也爱吃，原来粮里面是有一包冻干的，现在升级了，没有额外的冻干给了。,好评,5
不知道爆爆袋和爆爆焙有什么区别，可是爆爆爆爆焙要贵很多，是买爆爆袋送了，我家狸花很喜欢，刚刚放进去就开始吃了，不过她平时也是什么都吃，嘻嘻,好评,5
这款卫仕猫粮是我家猫猫一直吃的一款猫粮，里面冻干很多，猫粮质量也很不错，家里的猫咪非常喜欢吃这款猫粮，一直信任这个品牌，不错。,好评,5
看着还不错，换粮第二天给猫吃吐了，再观察一下。,中评,3
一直吃卫士的猫粮，猫咪爱吃，猫咪吃了后长得也比较壮实，很少生病，卫生的猫粮性价比还是不错的，这款猫粮冻干非常多是猫咪的最爱,好评,5
多次给家里的猫猫买来吃，里面的冻干比例不错，除了肝块猫咪不吃，别的吃的都很好，京东快递送上门也很方便，总体都很满意，希望价格再美丽些,好评,5
过渡还是一家都吃渴望。买给前几天捡的五个月橘猫妹妹。钢铁胃。家里有捡的边牧哥哥四岁。缅因妹妹三岁。需要隔离先放父母那。小包一天一袋方便他们喂。领回来复查没事等打疫苗就买渴望了,中评,3
冻干只在最上面一层有一些分布 2/3深度开始基本是纯粮，目前手动加冻干,中评,3
还行，刚开始不吃，后面吃了,中评,3
还是自己买冻干配会丰富些，但这也还行吧,中评,3
猫咪不太爱吃，吃了一段时间，瘦了&hellip;&hellip;唉,中评,3
比平比其他的平台贵很多，没有必要买，,中评,3
冻干挺多的 还行吧,中评,3
猫不喜欢吃，里面的虾还可以,中评,3
小猫比较喜欢，多多优惠老客户才是,中评,3
猫吃完吐了&hellip;不知道咋回事。,中评,3
新包装相比旧包装少了很多冻干，现在只剩下表面一层了,中评,3
618团的很便宜，但是不知道成分真的咋样，不好说猫猫是喜欢吃的,中评,3
肉粒有点少，猫咪比较喜欢吃。价格高了，多优惠老客户才是,中评,3
看着还不错，还没打开看，等打开看了再说的,中评,3
不会回购，冻干少的可怜，明天喂猫咪看看肯吃不肯吃,中评,3
我家猫一直吃，不过猫粮闻着有股臭味，准备换其他猫粮试下,中评,3
猫咪比较喜欢吃，多优惠老客户，增加粘性需要才长久,中评,3
冻干可以，猫粮不爱吃,中评,3
京东送的倒是挺快的，回购好几次了，就是发现保质期不太好，是半年前生产的,中评,3
这款卫仕的五拼山海盛宴冻干是换购的试吃装，之前换购了一次猫咪挺喜欢吃，就想多试几次，这次怎么冻干里面好多虫子，袋子里面也看不到整块的冻干了，都被虫子咬了。,中评,3
看了评论和广告，选择换口粮给我家的三只宝宝，包装等等都非常棒，希望三宝喜欢吃,中评,3
我感觉挺好吃的，但是家里这位美女只吃里面的粮，虾米和冻干是一点不吃。冻干我掰开没有那种肉丝感，是碎末那种，应该不是太好,中评,3
宣传价格低，但是一下单就要高了不少。不知道怎么回事。产品喂起来还算是可以的吧，目前没有出什么问题。家里猫太多了。。。。。。。。。,中评,3
冻干是很多，可惜猫粮我家猫咪一点也不爱吃，之前吃的皇家奶糕粮，她吃的就很香，每次都是三分之一皇家猫粮，三分之一鸡肉冻干，三分之一鱼冻***会都吃掉！但是换了这款冻干猫粮，她只吃冻干，猫粮弄的地上都是，不怎么吃，买的卫士的维生素她倒是很爱吃！,中评,3
2、收到宝贝真心不错，性价比很高，经济实惠。快递的速度也是给力，收到之后打开看，各种东西放的非常齐全，包装完整3、包装很好，快递给力，卖家很有信誉，发货速度也很快。价格更是比别家的实惠多了粘贴复制的仅供参考,中评,3
"就这吗，不太行，,,,,,,,,,,",中评,3
这款粮非常上火！以前一直吃凯锐思，后来听说是毒，就换了这款，吃了很多眼屎，现在吃了半包了，得了结膜炎，眼睛流脓水。真的醉了！我还屯了好几包！,中评,3
适口性：适口性：吃这款猫粮很久了，之前都没有问题，就这代开始， 这一袋刚开始还好，后来两只猫都不爱吃了 颗粒大小：还可以，正常 便便情况：还可以，硬的 毛发亮泽：还可以,中评,3
毛发亮泽：猫猫好像掉毛变少了，不过有搭配同品牌的维生素在吃 便便情况：没有软便，正常 颗粒大小：看图吧，不是很大，可以放猫粮桶用 适口性：很多冻干，猫猫挺喜欢吃的，就是🍤很小一个,中评,3
给猫咪吃的都是卫仕的药之前，也相信卫仕的品牌。说是没有谷物，没有人工诱食剂，果断不看评论就买了。买回来不负众望的，跟之前的粮按比例掺到一起，猫咪马上就开吃了。可是大猫正常吃了一点，吃完马上就吐了。小猫吃了十分钟了，目前没事，有待观察。后面会追评的。,中评,3
包装真用心了🙃绝不再来！,差评,2
三只猫吃完无一例外都吐了,差评,2
打着冻干的旗号卖猫粮，良心何在。。。,差评,2
一般，猫咪不吃猫粮，只把里边的冻干选出来吃了,中评,3
猫吃了连吐两次，之前买的这个牌子其他的都没事，就这个有冻干的会吐,中评,3
这东西搞得像泡沫一样它都不吃！怎么办呢！,差评,2
买的预售什么赠品都没有？,中评,3
一般，希望价格还能便宜点,中评,3
骗子，只有上面一层是冻干，下面全是猫粮。,差评,1
买了半个月，东西不发货，客户也不联系。还**没法投诉,差评,1
我家猫吃了一只拉稀，换猫粮就好了,差评,1
我家猫不吃，也不知道好不好,差评,1
吃完了猫的毛发没有光泽 最后一次买他们家的了,差评,1
味道不好，猫咪一点都不吃，感觉潮了,差评,1
买了没多久就降价56元，质量也不知道能不能保证,差评,1
一直买你家的，但是这次冻干明显太少了吧。,差评,1
包装设计有问题，根本斯不开,差评,1
便便情况：我们家猫吃了几天就拉了几天稀！！换了猫粮才好！准备把剩下的全扔掉！,差评,1
发货第二天，居然就自动确认收货了。不给我退货的机会,差评,1
不要买，吐三次了，已经扔了,差评,1
猫粮颗粒有点像受了潮一样，包装一般，检测报告是有的，,差评,1
这个月的第四次了 两只猫吃了都一样吐&hellip;.,差评,1
此用户未填写评价内容,差评,1
买个东西闹心，快递来了赠品没给 反馈了又送过来一个 在反馈再送过来一个 我来回15公里拿快递玩呢？,差评,1
包装盒烂了，暂时没找到针孔，但凡我家猫咪有事就是你们干的,差评,1
绝大多数是猫粮，冻干不多，误导消费者，不值这个价,差评,1
猫吃完吐了七八次。。直接送医院了,差评,1
吃完出现黑下巴了，慎买慎买，还有一包不敢给吃了,差评,1
价格虚高。质量一般。冻干都是碎碎的,差评,1
买回来一直没吃 ，刚喂了两天，疯狂拉稀。,差评,1
送错了吧不是猫粮 狗骨头棒什么鬼,差评,1
流浪猫不吃，还好只是买的试用装,差评,1
我都不知道怎么说了，欺诈，六号购买界面是有标明送赠品的，没收到，也不处理。,差评,1
购物体验差拿到就一层塑料袋还破损连箱子都没有不会买第二次,差评,1
比以前贵了，内容没任何区别，狗东西,差评,1
虽然是送的，主子吃了就吐,差评,1
现在质量越来越差，里面肉干猫都不吃。,差评,1
吃了一段时间，结果猫肝损伤了,差评,1
家里两只猫咪，都爱吃这个猫粮。这次有活动多屯了点,差评,1
给我的几只猫都吃吐就算了，连我的狗子都搞吐了。这是多难吃,差评,1
最近买的几次 吃了一直吐 客服说批次不同可能吃的口感不一样 这是什么处理方式 不会再买,差评,1
猫咪吃了就吐了，还拉肚子。,差评,1
包装真的很隆重，但是里边好少，有啥用呢？,差评,1
我们家猫吃这个猫粮两天吐一次，我的妈呀，劝退了,差评,1
包装方便易收纳，自带密封条不易回潮，毛孩子一直吃这款，经济实惠，鸡肉鱼肉配方，含9种冻干， 包装份量是5斤装，开启食用也不担心吃不完,好评,5
给学校流浪猫买的，上午买，下午就到了，物流更新及时，运送速度也快，全程无忧，猫粮里面有冻干，营养丰富，以后还会继续光顾的，好评。,好评,5
冻干很多，希望没有科技狠活，吃下来猫咪各方面可以的话，会回购 味道不错，香气很重 物流很快，基本无等待 不敢给多吃，怕肠胃不行,好评,5
换了这款猫粮，倒进食盆猫咪闻着味立马凑上来吃了，现在基本上没有猫咪不吃的猫粮吧。价格便宜实惠，京东上买的也放心，物流快，好评！,好评,5
这已经是我买的第N包了，猫咪吃着挺好的。虽然是小野猫。配比也不错的，还有干鸡肉，小虾米等等，都是小猫咪爱吃的。总之实惠。不错的，点赞👍👍👍👍👍👍,好评,5
第一次给猫咪吃这个牌子，里面冻干很多，又二次回购来了，京东还是非常给力的，昨晚下单今天早上就到了，又快又有保障，很不错,好评,5
家里2只2岁的大猫猫，饭量非常大。有时候忘了买了就在京东买，基本第二天就能送到。猫砂也是的现在基本在京东买。这个猫粮有一点肉块，比较不错,好评,5
发货速度快，在网上对比买了这款冻干猫粮，看着配方表还挺健康的，营养比较全面吧，到货了给猫猫吃，它也挺爱吃的，要是价格再低一点就更好了,好评,5
女儿给他的小猫咪买的，小猫咪很喜欢吃，闻着味道香香的，营养也很足，小猫咪毛毛长的很光滑，感觉她也非常喜欢吃这个口味的猫粮,好评,5
这款猫粮性价比比较高，下单头一天下单，第二天就送来了，猫咪还是挺喜欢吃的，一打开自己就把袋子都咬开了，味道不大，也不油腻。,好评,5
给单位的流浪猫买的猫粮，上次就买的这个品牌猫咪非常爱吃 已经回购第二次了，猫咪非常喜欢吃 好评物流非常快，次日达 嗯,好评,5
我给小猫试用了这款猫粮，它营养丰富，小猫吃得津津有味。自从换了这款猫粮，小猫的毛发更加光滑，活力也明显提升。强烈推荐给注重宠物健康的家长们！推荐度：五星。,好评,5
一直都是买这个猫粮给猫咪吃，从小就开始吃了，一直都很喜欢吃，中途换过其它的不够这个好，里面很多冻干，猫咪很喜欢吃，价格也很实惠，会继续回购！,好评,5
不错的选择，物流很快很方便，而且里面添加的东西很多猫咪很喜欢吃，还会继续购买的，量很足，猫咪可以吃很久，而且价格也很优惠。京东上面买很放心,好评,5
这个感觉里面东西很丰富，然后有感觉真的是冻干的那种鸭肉，还有虾，还有其他的这些杂七杂八的东西。反正就是感觉油油腻腻的，可能会让猫吃了，感觉很油，但是这些配料是比较丰富的,好评,5
这款猫粮真的很不错！成分天然，猫咪吃了毛发光亮，活力十足。口味独特，我家挑食的猫咪也爱不释手。颗粒大小适中，方便猫咪咀嚼，消化吸收也很好，推荐给各位猫主人！,好评,5
适口性非常好，我的2只猫小猫非常爱吃，已经回购了里边冻干还是挺多的，我每次都把冻干挑出来作为奖励小猫，非常爱吃非常好，有的时候不在家，小猫爸装猫粮的袋子都挠破了，迫不及待想吃呢,好评,5
猫咪爱吃，一直换了好几个牌子的猫粮。就这个它喜欢吃，估计是冻干比较多吧。价格也比较合理，不是那种贵的离谱的，还能接受，希望多出活动就更好了。,好评,5
猫咪喜欢吃，有小孩了，食量很大，每次倒了一大碗一天就吃完了，里面还有冻干，猫咪很喜欢，之前买的它不喜欢，这个可能合它的胃口吧。,好评,5
第一次买这个品牌的猫粮，看评价还感觉不错的，打开给猫吃，猫也很喜欢吃。但是看到了有一则分享，心理开始有点后怕，不敢再给猫吃了。,中评,3
发货包装都还不错，就是猫不爱吃,中评,3
猫猫不是很爱吃，看着挺好的，就是不爱吃。,中评,3
东西配置还是挺高的但是整体怎么说呢，还行吧，猫也不是很喜欢吃的感觉，但是喂猫粮吗主要是还是图了一个方便，至于好不好我也不是猫也说不清楚，也说不上来这个东西到底是好是坏，反正价钱便宜,中评,3
挺好的 专门留了个口没封 省我自己拆口了 这个设计6啊,中评,3
第一次买，猫不是很喜欢吃,中评,3
猫喜欢度一般，而且重量不足,中评,3
快递员送件很快，送货上门态度很好,差评,2
猫咪不吃。不知道为什么。,中评,3
冻干少很多，主粮猫也不爱吃，有点窜稀,差评,2
这猫粮虽然便宜，但猫咪吃了会吐，扔掉了,差评,2
我家猫吃了这个粮吐，而且拉的粑粑特臭,差评,2
性价比较高但是不知道为什么猫猫不是很喜欢吃,中评,3
上面一半有冻干，下边的全是黑色颗粒，而且猫不吃,中评,3
不怎么样，我家猫吃了直接无精打采几天了还一直吐，慎买吧,差评,2
配料十足，可惜猫咪闻了一下就走了，不喜欢吃,中评,3
这个猫粮里面各种冻干啥的都很丰富，但是我家这个猫好像吃的不是特别积极，不知道是不是我家小猫的口味不太一样，但我一般不惯着它，他饿的时候自然就去吃了。,中评,3
这猫粮两天了 基本没动。换成其他的猫粮立马就吃。第一次买这个猫粮不咋地。,差评,2
买了两款对比。 小猫就是不吃这个！ 放了两个盆 一个吃的干净。一个除了少许冻干没了 没变化。,中评,3
实际上是我家猫咪不吃这种猫粮，我只混了五分之一进去，它也能挑出来，后来放多了逼它饿了吃进去了就也会吐出来。,中评,3
第五次购买，名种 冻干 在上面三分之一处。商家在发货之前将冻干给上下摇均了！,差评,2
上次购买的幼猫粮，十分爱吃，而且没有任何不适，这次不知是什么情况，吃了就开始吐，吐了一天，嗓子也伤了，声音都不能正常发出了，唉😔。,中评,3
感觉有诱食剂，我闻着很香一股海苔味，但是猫一口都不愿意吃，除非饿急了，另外一起买的粮里面没冻干他都愿意好好吃，一点不剩，这个混罐头吃都还要剩一大半。，不知道什么原因。。,差评,2
猫粮打开后就无法密封了，虽然有密封胶条，但其实是无法密封了，满屋子都是猫粮的气味，因为无法较好地保存，可能会使猫粮较快地变质。店家有没有什么密封袋，给我提供一个，解决这个问题？,中评,3
猫压根都不吃，看起来料很足，实际&hellip;.醉了😵&zwj;💫我还买了20斤，要命了,中评,3
第一次买这款猫粮，味道闻起来是那种淡淡的香味，味道。没有那种特别香的刺鼻子的味道，里边虾跟肉条的量很少，买回来发现猫猫不爱吃。,中评,3
一般，猫猫也不是很爱吃,中评,3
只能说一般吧！我家两只猫不喜欢吃。,中评,3
自家养的不爱吃，流浪猫吃两次都嫌弃,差评,2
一般吧，猫不怎么特别喜欢吃，,中评,3
有毒，猫吃了连续吐好几天,差评,2
猫咪吃了拉稀，拉了几天了,差评,2
买回来 我家猫咪不吃 不知道是怎么回事,中评,3
买来喂院子里的流浪猫的，结果这一袋猫粮流浪猫不怎么吃,中评,3
猫不怎么爱吃，吃了两个月还有大半包，消耗最慢的一次,中评,3
最近投喂流浪猫都不怎么喜欢吃，挑完肉干，猫粮就留在那，不吃了,中评,3
我以为猫只是吐毛球的问题，每天回来地上一摊黄的，看来是粮的问题，它宁愿饿着也不吃,中评,3
东西已经收到了收到了收到了,中评,3
老猫，小猫都不爱吃,差评,2
重量不够，缺斤少两,差评,2
这个猫粮真的可以，我家猫一口都不吃的🌚🌚,差评,1
几只流浪小猫都不吃，吃两口就跑了,差评,1
买的喂流浪猫的，结果猫宁愿吃我家狗粮，猫粮一口不动,差评,1
自从买了这个猫粮，周围的流浪猫都不来了。,差评,1
猫吃了呕吐，还不与退款,差评,1
我家猫吃了，就吐 ，别的粮就不吐,差评,1
猫粮味道不行，猫不喜欢吃，白白浪费整整一包！,差评,1
猫咪一点不愿意吃，吃完还吐，已经准备全部倒掉了,差评,1
猫一口不吃。7只猫 没一只吃,差评,1
小猫饿一天了，给它倒上闻了闻就走了 不吃啊,差评,1
猫吃了会窜稀 吃死猫,差评,1
不咋地，我家猫不咋爱吃还吐了两次，之前吃的力狼从来没有过这情况，,差评,1
猫咪不吃，吃的面黄肌瘦，原来没眼屎，现在每天都有眼屎，果断换了。,差评,1
19.9斤的猫粮，1两的冻干,差评,1
买的猫粮大猫不吃就小猫吃，不知道为什么（大猫之前连狗粮都吃）,差评,1
猫咪很爱吃，但是吃了拉肚子 ，毛孩子受罪了！,差评,1
吃你的猫粮，天天吐，换成其他猫粮一点事没有，这种东西早点下架得了,差评,1
不太推荐的猫粮，闻着蛮香的，但是猫咪吃了以后每天都吐，心疼死了！去医院也检查不是猫咪生病，是猫粮的问题,差评,1
除了上面的冻干，猫粮基本不吃，不是一只猫不吃，好几只猫都不吃 图1在吃的是换了一种 不建议买,差评,1
套路，就开口的地方放了点冻干，虾皮。全是忽悠，猫粮都是猫不吃的,差评,1
刚开包虾仁，白色方块还有，这喂了几次啥也没了，也就表面撒点，挺好该说不说海藻粉绿不拉几的属实多,差评,1
刚打开，毛粮袋考靠上面的冻干比较多，猫咪比较爱吃，到下面，基本上没有了，这也太不靠谱了，这个店必须拉黑！,差评,1
收到商品就是打开的。 联系客服极不负责,差评,1
垃圾，猫都吃吐了，千万别买,差评,1
猫猫不吃就是最直接的最真实的反馈,差评,1
什么垃圾东西好意恩拿出来卖,差评,1
第一个差评，猫不吃，别买,差评,1
只吃掉冻干，猫粮根本不吃，真的很差😥,差评,1
发货都不包装。一个袋子就过来了 ，还是从石家庄过来的 ！差评,差评,1
一碗量放了一周都不吃。 太硬 我家猫成年猫7岁。根本咬不动。根本吃不成。大家最好不要买。现在囤的还退不了,差评,1
垃圾，猫粮太硬，我都咬不动，泡了一晚上水也是硬的，猫咪就只吃冻干，猫粮一口不动，直接扔了,差评,1
这个猫粮不知加了什么，我家猫特别不爱吃，这么久了也没吃一半，只能给他换别的猫粮了，以后不会再买了,差评,1
差评，这个猫粮不知道啥做的！！！猫猫吃了狂吐！！！,差评,1
垃圾，猫不吃，吃了吐，垃圾东西，不愧是河北出品,差评,1
"太差劲了,两只猫吃一次吐一次，消化不了，毒猫粮，起码三四次了，全都倒掉",差评,1
真的非常不好，猫吃了狂吐，客服只知道让过渡喂，我也是那么换的粮，大家谨慎购买吧,差评,1
猫吃了，边吃边吐，要么不吃，要么吃了就吐，精神差的很，气味特别重，这个猫粮,差评,1
非常差，买来喂小区里的流浪猫的。结果没一只吃的。全都是低头闻一下就走开了，要是一两只猫不吃我还能理解，那是猫的问题，但全部猫都不吃，那肯定是粮食的问题了，无语，既然是猫粮，起码猫得吃吧，而且快递包装也非常的简陋，就用个透明的袋子装着。,差评,1
不知道咋回事，我家猫吃那么多家猫粮都好好的，唯独他家猫粮不吃，只吃了里面的小鱼干。本想退的，买回来之前还有剩余。这袋过年这两天才刚打开，过年这两天猫老翻垃圾桶，我还说咋回事呢？结果一看猫粮没吃，只吃了里边的小鱼干。想退货吧，已经晚了。。。,差评,1
吃别家猫粮都没事 他家的粮 猫不吃 吃了还吐 客服还一直说试益生菌 你自己不会往猫粮里面加么 非得把这个问题甩给客户客户有几个懂的啊,差评,1
这款冠能成猫粮真不错，营养配比均衡，能满足日常所需。肉香自然不刺鼻，我家有点挑食的猫咪也愿意吃。颗粒大小适中，肠胃无负担，吃完毛发亮泽，健康有活力，品质很放心。,好评,5
这款猫粮配料干净，鲜肉含量高，猫咪特别爱吃。颗粒大小适中，不油腻，吃完便便正常不软便，毛发也越来越顺滑亮泽，性价比很高，会继续回购。,好评,5
10kg很大一包，袋口密封条严实。颗粒不大，适口性高，两只猫都爱吃。赶上了活动价格还优惠了不少，还赶上有赠品。京东自营送到家又快又方便。非常满意的一次购物。,好评,5
冠能猫粮品质超赞！大厂品控稳，营养均衡好吸收。添加活性益生菌，护肠胃少软便。猫咪爱吃，毛发亮泽、免疫力强￼￼￼。科学配方安全放心，喂着超省心，值得回购！,好评,5
会无限回购的一款猫粮，口感鲜美，我家的猫咪都喜欢吃，颗粒大小适中，营养价值也高。物流配送服务好，快递包装结实，配送速度快。,好评,5
很不错 品质好 日期新鲜 家里的猫咪很喜欢吃这一款猫粮 营养搭配丰富 配料表干净透明 吃完状态很好 价格也很实惠 大牌子吃的放心,好评,5
冠能老品牌了，非常值得信赖，猫粮成分干净，做工细致，适口性特别好，一直坚持回购，家里猫咪特别喜欢吃，已经空袋好几回了，嘎嘎长肉！,好评,5
买的是三文鱼款的，也挺爱吃的，这款也买过试吃，猫咪也挺喜欢吃的，不错不错，推荐大家购买，以后还会回购的，小猫吃起来嘎嘣脆 ，几个味道一样，也非常均衡，之前买过拉屎什么的都挺正常的。,好评,5
日期新鲜，适口性非常好，性价比超高，配送速度快，这次还有活动送了幼猫的套装，挺不错的，老牌子的猫粮喂的也十分放心，以后还会常来！,好评,5
确实不错，猫猫很爱吃，嘎嘣脆，吃了一段时间，挺好的，每天大口大口造，一切正常，宠物医院推荐的，放心些，双十一价格特别优惠，非常棒,好评,5
赶上活动可以入手，冠能家猫粮还可以，发货还行算快，到货包装完好无损。自家2只猫咪一直有吃他家猫粮，他家还有一款，专门给有泌尿疾病的猫咪吃的猫粮也不错。,好评,5
这款猫粮已经回购多次，猫咪很爱吃，说明适口性佳。价格实惠性价比高，品质也稳定，能满足猫咪营养需求，有它猫咪吃得香，会一直回购。,好评,5
这个粮吃了有力气！！！一打开就抢着吃，小小颗的三角形不原来吃皇家，大颗粒，咬着嘎嘣脆，现在皇家和冠能换着喂，只要咪喜欢吃就行！,好评,5
这款猫粮真的很不错，开袋肉香浓郁，颗粒干爽不油腻。我家挑食猫超爱吃，每次都光盘。吃了一段时间，便便成型不臭，毛发也顺滑有光泽，营养均衡，性价比高，会一直回购，推荐各位铲屎官入手！,好评,5
这个是一直摆的一个猫粮的品牌，配料表也非常的干净，是泰国进口的，对成年猫来说的话适口性非常好，而且基本上没有挑食的问题，也比较健康干净。,好评,5
非常好，长期多次回购了，有活动多买些，家里猫多，白大褂推荐的适口性好，能健康的控制体重，我家猫猫爱吃，外面的流浪猫也爱吃,好评,5
小包猫粮，适合给家里猫猫试吃，也可以买来给外面的小流浪当日常口粮，有稳定的食物来源，携带也方便！封面的猫咪们很可爱！！！,好评,5
开包装味道很香，比皇家香，一只咪吃皇家拉羊粪蛋，换了很多款都没用，后来换成这个好多了，大品牌品控比较好，吃着也安心，希望宝贝能能吃的稍微壮一些，有一只真的太瘦了！！！,好评,5
适口性比较好，营养配方看起来一般，但是猫咪比较爱吃。,中评,3
已经很多次回购，我家猫咪吃完很健康，两只都很爱吃，便便也很好，吃完也没有不良反应，在京东上下单，送货上门，非常省心，推荐,好评,5
复购的，毛娃来家里后就一直吃这个牌子的粮食，吃了快3年了，配料成份搭配得好，毛娃也喜欢吃，吃的时候能听到脆脆的声音，包装袋打开就闻到香味，还会继续买,好评,5
猫猫很喜欢吃，里面真的有很多冻干，性价比超高。物流速度快，第二天就到了。打开袋子有很浓郁的猫粮味道。,好评,5
一直吃冠能家的幼猫猫粮，适口性很好，现在猫主子一岁了，替换为成猫猫粮，选择三文鱼口味的，看看猫主子喜不喜欢，一袋5斤，一个月差不多够吃。,好评,5
猫咪一直吃这个品牌 稳定性好一些 也没有生过病 主要猫咪也爱吃 只吃他家的鸡肉味 就是价格不太稳定 每次做活动的价格不一样 呜呜呜呜,好评,5
我家猫年纪有点大了，对于猫粮非常挑剔，但是吃了半年冠能，还挺不错的，没有任何不适，体重也很稳定。近期会一直买冠能了，省心。,好评,5
冠能，大品牌，值得信赖！猫咪吃着还不错的猫粮！颗粒小，方便猫咪食用，味道很好，营养均衡！猫咪毛发油亮，体重达标！就是不怎么长胖！值得大家放心购买哦！赞赞赞赞赞赞赞👍👍👍👍👍👍👍,好评,5
超大一袋，活动的时候抢的，价格也划算，就是我家小猫因为冠状导致肠胃敏感脆弱吃不来这个，已经低价出给朋友了，适口性挺好的，小猫都抢着吃,好评,5
习惯性放在购物车，发现有活动，果断来一包，几只美短猫咪从小吃到八岁多了，几种口味都喜欢。早上收到货，日期新鲜，2026.3月份的新日期，扫码验防伪。,好评,5
小猫比较喜欢吃冠冠能的猫粮，而且对它的毛发什么的都感觉挺好的，而且是大品牌的，比较信赖，希望能多多搞一些活动，还会大力支持的哟,好评,5
给予猫咪这份猫粮真是明智之举，成分配比均衡，营养全面，让我家毛孩吃得健康又开心。明显感受到它的活力和光泽的毛发，真心推荐给其他猫奴朋友们！,好评,5
一直吃的这一款猫粮，很满意，猫咪很爱吃，也很健康，活动多买一些，没活动的时候有些贵。其他都很好。不错。棒棒哒🎉🎉🎊🎉🎉🎊,好评,5
最近有过户，这是买的第二代冠的价格也有优惠颗粒，大小也适中，表妹也挺喜欢吃的，相对来说稳定靠谱，健康就好，基本上也就两种品牌换一换,好评,5
家里的猫子嘴太刁了，尝过各种各样的猫粮，还经常出去吃流浪猫的救济粮，最终还是选择了冠能，既合他的口味又营养丰富，一大袋能吃好久。,好评,5
冠成猫粮我们一直在用，猫咪也很喜欢吃。就是 每次价格都不一样，等到搞活动时再蹲囤几包。物流也比较快，头天下单，第二天就送到了。,好评,5
我家比较挑食和爱软变得布偶仔仔一直吃冠能的这个品牌的粮，各种口味换着吃，宝贝吃的很开心，我也很放心，就是感觉包装太大了，最少五斤装，我家宝子要吃三个月才能吃完,好评,5
物流还是蛮快的，包装也没有破损，猫咪也很喜欢搭配着平常的猫粮一起吃蛮不错的，性价比也高后续估计还会再买点试吃装来给猫咪搭配着,好评,5
适口性：还是可以把，就是价钱不值这个,中评,3
刚开始买的鸡肉的买了14斤小猫都比较喜欢，我是皇家和冠能换着给，要不我怕吃腻了，目前这样搭配很好！都是老牌子吃不胖估计也不会吃出问题，很好支持！,好评,5
一直在给猫喂食的品牌，性价比很错，几只猫都爱吃。没有出现过肠胃不适，厌食呕吐的问题，吃了10多年的品牌值得信任。持续囤货。,好评,5
家里小猫一直吃的这一款，有吃过跟其他大品牌猫粮，因为肠胃不太好，特别容易软便，但是自从吃了冠能家的，大便很正常，适口性也很好，一直在回购,好评,5
第一次买冠能的猫粮，买了一袋四百克的，收到的猫粮外包装完好，生产日期还是二五年五月的，保质期十八个月，已经过了十个月。猫前几次吃的还可以,中评,3
家里两只猫一直吃的冠能的这个猫粮，猫猫爱吃，颗粒大小适中，不喜欢那种裹肉粉的猫粮，这个猫猫吃着也还行，生产日期也还行，就是涨太多了，有点离谱。,中评,3
我家毛孩子吃这款猫粮大半年了，健康活泼可爱，皮毛光滑油量，也没有明显发胖的迹象，由此可见这款猫粮还是不错的，猫猫太胖对健康不利，所以还是要管控一下体重,中评,3
这款猫粮家里2只小猫咪都爱吃，已经回够多次了，适口性较好。原料以鸡肉为主，蛋白质含量还行，2只都吃的胖胖的，营养知道，还行，就是涨价太厉害了。,中评,3
我家猫一直吃冠能，价格一直涨，这次日期还不新鲜，已经过去6个月了,中评,3
第二次买冠能的这款猫粮，收到的猫粮外包装完好。生产日期比较久是二五年五月的，保质期才十八个月，已经过了一大半。这次的猫粮家里的猫不爱吃,中评,3
换粮之后出现软便，以及黑下巴,中评,3
一直买这个牌子的猫粮,中评,3
猫咪爱吃，但是吃完猫咪嘴巴一直有猫粮味。,中评,3
除了配送问题其他还可以,中评,3
其它什么都好，就是这也叫包装？,中评,3
价格没有双11优惠，送货很快，包装稀烂！,中评,3
家里两只大肥猫，一直吃冠能猫粮，价格偏高，,中评,3
家里的猫一直吃的这款，它倒是不挑，什么都爱吃,中评,3
适口性：猫咪不爱吃 香味：我闻着挺香的,中评,3
这款猫粮真是减肥好猫粮啊 也吃了一个月了，猫主子明显瘦了两圈，我还是换成皇家吧,中评,3
安全猫粮，但是谷物蛋白太多,中评,3
我家猫咪不怎么爱吃 味道倒是不错 大便比较软,中评,3
不知道真假，目前吃了软便拉稀&hellip;还需要观察几天,中评,3
一般般，谷物过多，以鸡油，肉粉之类的为主。 还可以。,中评,3
一直用这个猫粮，我家猫猫吃习惯了，但是最近几个月她胖的有点快,中评,3
大促期间的价格仍毫无优势,中评,3
买猫粮赠送的罐头是2年12月份的，你们也是吗？可以给毛孩子吃？,中评,3
少的可怜！只够猫一次吃的,中评,3
颗粒小，适口性好，猫咪爱吃。,中评,3
扣扣搜搜的终于给发货了，，还行吧，几十块钱的，图个便宜,中评,3
挺好的，猫猫爱吃，就是比较油,中评,3
等吃了再来追评，比618便宜，日期也还行,中评,3
我家2个一直吃天然粮，朋友家的一直吃这个胖胖的 .不知道怎么，这个猫粮2个小家伙都不喜欢吃,中评,3
应该添加了某种东西，吃了尿量会多增多,中评,3
第二次买，但是我家猫自从吃这袋猫粮开始就软便，还特别臭，已经持续快一个月了，吃第一袋时就没有这种现象，难道是改配方了？,中评,3
一直买冠能，但是不知道为什么，家里的猫吃这个粮越来越瘦,中评,3
价格实惠，配送迅速，只是包装过于简陋，仅用一个快递袋打包，没有任何填充和加固措施。京东现在的打包真的越来越敷衍了～,中评,3
适口性：感觉主子没那么爱吃了 （他是同龄猫里最爱吃的） 颗粒大小：大小适中 毛发亮泽：好像从开始吃就掉毛 不知道是不是到了掉毛的季节,中评,3
一直吃这款猫粮，还不错，长肉毛发也听错的，已经回购好多次了,中评,3
可以**出去吗？刚倒出来一碗，吃了一周，实在不适合我家猫咪，这款偏油，吃的猫咪眼镜上火每天都要清理几遍眼屎，下巴也油乎乎的。,中评,3
都还可以，最近几个月一直吃的这个牌子，饿不死小猫的，问题就是打开袋子以后就密封不了了。,中评,3
之前购物是送过小包装试吃，我家小宝贝还蛮喜欢的，这次都狠心直接买了一大包，估计能吃很久很久，猫粮本身质量还可以，适口性不错，小家伙还算喜欢，就是这个重量让人有些呵呵，客服说存在称的问题，如果还觉得有问题让联系厂家，自行体会吧,中评,3
以为真的两小时送达，还是天真了,差评,1
这个原包装袋坏的，粘上了,差评,1
刚刚打开就破了 根本没办法密封,差评,1
猫咪吃过排出来油，呕吐,差评,1
吃了一直流眼泪流鼻屎,差评,1
辣鸡，说好的赠送没送，玩不起别玩,差评,1
寄来的包装袋是漏气的，不是真空的,差评,1
猫咪不爱吃，退货推不掉，麻烦,差评,1
没有包装，碎了不少，已经距离生产日期九个月。,差评,1
猫咪第一次喜欢吃，后面都不喜欢吃，把其他的吃了猫粮都还剩下。,差评,1
外包装也没有！底子漏了上楼漏下一楼道,差评,1
买了两袋猫粮，都漏气的，包装不好,差评,1
猫咪吃了几天就再也不肯吃了。再也不会购买,差评,1
之前买都没有这种情况？里面都做不到真空，哪里都有破损,差评,1
承诺送四个罐头 然后收到了三个 联系卖家买家不理人,差评,1
之前吃的海洋之星，现在换成这个，猫眼睛全是泪痕，不成样,差评,1
刚下单没几天就降价二十多。。。。296买的，现在274,差评,1
辣鸡，说好的赠送没送，玩不起别玩，快过期的猫粮,差评,1
价格不稳定，大数据沙熟。,差评,1
猫饿着也碰都不碰，买的最差的猫粮,差评,1
11.1号买了一袋，到双十一，又降价了，和之前的一样，不能保价，说是因为有赠品，虽然客服用其他方式赔付了，但是体验不好,差评,1
吃出来石子，吃完猫咪得了胰腺炎。,差评,1
刚买来就降价！我不服！,差评,1
刚买完就降价，客服还一直瞎扯,差评,1
快递公司随便收取我的货，货品都不知道在哪里就看见货品已经签收了,差评,1
和第一次买的不一样了，猫咪吃了之后吐了好几次，不敢给猫咪吃了,差评,1
你们库房就不舍得包装一下吗。。。就这样食用的商品啥也没套直接送到客户手里&hellip;&hellip;&hellip;,差评,1
这两天从幼猫粮换了这个开始腹泻便血，我不知道是怎么个情况，md好烦啊 有没有人和我情况一样？,差评,1
连续两次发过来的猫粮包装都是破的！！！,差评,1
这款猫粮价格618的活动价格远远高于平时购买价，平时298元一袋，618反而要358元,差评,1
没有货商家不通知，还写着什么时间能送达，后期问客服客服说不知道什么时间有货，着急用猫粮是不是等猫咪饿死了猫粮才到？,差评,1
双十一先提价再打折，现在价格比双十一还便宜,差评,1
快递发来就尼玛一个袋子，外包装都没有，谁知道这有没有破眼里面变质没有，猫猫吃了也不舒服三天两头的吐没消化的粮,差评,1
商品外包装漏了，发货之前为啥不检查清楚,差评,1
双十二买了两袋，因为我不在家，是我爸爸帮我拿的快递，今天回家一拆有袋竟然没有封口夹？？？,差评,1
3.8购买，图片上还有一袋送一盒罐头的图片，收到就说以订单为准，图片也已更新，不想送就提前说清楚就可以了，何必误导人,差评,1
买了以后货还没到就降价了，然后京东不给退差价，说当时我用优惠券付款了,差评,1
没拉链吗？打开了合不上，，，这么大袋怎么保存,差评,1
东西一般，啊不建议购买,差评,1
很信赖的品牌，也是有小袋独立包装的，很方便，但是最近价格都很高，毛孩子嗷嗷待哺，快要吃不起了！品牌方请问你能看到吗？多做做活动吧毛孩子求求了,好评,5
多次购买了，冻干很多，猫猫们喜欢吃。物流也很快，卖家服务也可以，我是两三种粮混合在一起给猫猫们吃的。不能买太便宜的，一分钱一分货。,好评,5
日期很新鲜里面也有肉块，猫主子爱吃每次没赏脸一盆干光光～也没有呕吐🤮肠胃问题，属于常购清单了～京东物流很快值得信赖，下次还来。,好评,5
我家的三个毛孩子吃他家猫粮五年了，身体非常健康，这个小的是今年十月份捡的，也爱吃这猫粮，还会一直回购下去的,好评,5
这款商品特别不错，我家的猫咪特别喜欢吃，已经吃了好几年了，一直吃的是这一款猫粮营营养也够吃的老胖了。小猫咪现在它挺胖的，推荐大家购买,好评,5
富含冻干、肉粒。毛孩子很爱吃。从小不点到现在六岁多，一直吃这个牌子的猫粮。毛孩子很健康。价格也不贵，趁着活动，抓紧入手吧！,好评,5
这款猫粮我已经是多次购买了，我家的猫咪很喜欢吃的，每次看见我就颠颠跑过来，知道我要给它猫粮了，和我非常亲，就因为爱吃这个猫粮，非常赞,好评,5
麦富迪这个品牌的宠物零食，我们经常购买这款猫粮的性价比非常的高，适口性还非常的好。家里的猫和流浪猫都非常的喜欢，以后还会继续购买,好评,5
麦富迪猫粮真的让我家猫变了样！毛发肉眼可见地变亮变顺了，掉毛也少多了。适口性特别好，每次倒粮它都冲过来。看了配料表很干净，没有乱七八糟的添加，吃着放心。已经回购好几次了，会一直支持！,好评,5
已经购买很多次了，这款你的蓝猫挺喜欢吃的，养的胖胖的性价比比较高，猫咪爱吃不过就是没有活动的时候卖，买着还挺贵的，希望多点活动,好评,5
这款猫粮给猫咪回购很多次了，猫咪也很爱吃，吃的很香，这也是一个牌子的，给猫咪吃的放心，物流也很快，价格也很实惠，不定时就会有小福利,好评,5
麦富迪冻干猫粮太赞了！冻干超多肉香浓郁，挑食猫狂炫光盘，高肉含量营养足，吃后毛发亮不软便，大厂品控放心，性价比绝了无限回购！,好评,5
价格非常的实惠，京东的客服服务态度也很好，物流也很快，这牌子已经买了很多次了，猫咪很爱吃，服务质量好，东西便宜，用的开心,好评,5
猫粮不错，冻干还挺足的，而且方便存储，密封效果也还不错，可以保持猫粮持久新鲜，这样猫咪每次吃，都可以吃到新鲜的，所以一直购买，到货速度快，值得推荐一下。,好评,5
这款麦富迪猫粮已很多次回购了，是三文鱼双拼猫粮，颗粒大小合适，味道不是很重，质量还可以，手感也还可以，没有油腻不粘收，而且都很喜欢吃,好评,5
营养元素丰富，味道很吸引猫咪。 京东自营商品送货速度很快，价格实惠，质量有保障，更加不用担心售后什么的。值得推荐购买。,好评,5
第一次购买，价格便宜，不过感觉猫星人不是很爱吃，慢慢适应吧,中评,3
这款麦富迪的猫粮，我家猫咪必备之食量，适口性好，猫咪很喜欢，没有诱食剂，价格实惠，自营旗舰店的产品，猫咪吃着放心，营养丰富味道好。,好评,5
这一款麦迪富猫粮成猫粮感觉还是可以的，价格适中，牌子还是名牌产品，买来喂小区的流浪猫的，猫咪还是挺爱吃的，京东物流保证快速送达，货品完好。,好评,5
猫粮吃了几次了，以前喜欢吃这个牌子的冻干，现在吃猫粮。猫咪吃的还不错，下次还会回购。很不错的猫粮。下次买点冻干给它吃。。,好评,5
我家的小猫咪一直吃的都是这款猫粮，活泼健康，毛毛特别亮。肠胃好，能吃能喝的，任何问题都没有，还有猫条也不错，推荐大家购买。,好评,5
第一次给我家猫买麦富迪的这款猫粮，里面冻干还挺多的，配料表也还行，看这个价格还是可以的，性价比比较高，这个牌子的应该也不会出错,好评,5
麦富迪 冻干猫粮 超肉粒冻干双拼粮（冻干三文鱼） 成猫粮10kg 麦富迪一直给猫猫吃的 大厂品质 值得信任 猫咪很喜欢吃,好评,5
我家猫咪超爱这款猫粮！冻干颗粒超多，每次开饭都冲过来狂炫。吃了一段时间后，毛发变得更顺滑了，软便的情况也改善了不少。配料表很实在，肉含量高，猫咪吃着放心，会一直回购这款！,好评,5
家里猫猫喜欢三文鱼冻干，上次买的夹心酥那款它就不太喜欢，看来这个口味更对它胃口。到货也比较快，要是能换成顺丰或京东送货上门就更好了。,好评,5
给猫咪买的这款粮看得出来很优质。猫咪一打开就凑过来吃得津津有味，适口性很棒。原料务实，营养也均衡，为了猫咪好口感一定要选它。,好评,5
商品质量很好，发货速度快，客服态度也很贴心～📦🐱 家里猫咪都喜欢这款产品，值得信赖，只要我养猫就会无限回购,好评,5
✨商品收到啦，猫咪很喜欢吃呢～🥰 颗粒大小刚好，闻着也挺香的，每次喂食都吃得干干净净，满意！😋,好评,5
麦富迪这款猫粮非常满意猫猫们非常喜欢，己经多次购买了，里面有冻干，价格合适会继续购买的,好评,5
这款猫粮真的很不错，里面肉干好多，吃了又大半年了，毛孩子不怎么脱毛了，毛发也很顺。,好评,5
给小区流浪猫囤的，一次10KG，流浪猫们爱吃，家里收养的小三花也爱吃。麦富迪品牌还是很不错的。,好评,5
送货上门速度快，外包装严实无破损，超赞👍颗粒大小适中，冻干挺多，也不油腻，猫咪食用后一切正常，不愧是大品牌，值得信赖，赠品日期新鲜，种类丰富，搭配投喂效果棒棒哒！,好评,5
这款猫粮品质出色。颗粒大小均匀，味道自然，猫咪很爱吃。营养配比合理，吃了一段时间毛发更亮泽。价格实惠，性价比高，会持续回购。,好评,5
自家一窝9个布偶，三个大的，猫粮有点费，我家一直吃这款猫粮，宝子们也喜欢，一直在京东旗舰店里买的，质量可靠，快递也快，基本第二天就到了，吃完还来回购，,好评,5
大品牌，配料表干净安全，肉含量高，猫粮一倒出来，猫咪为围上来哐哐炫，猫粮颗粒大小合适，干爽不油腻，闻着有浓浓的肉香，推荐购买,好评,5
常年购买麦富迪双拼猫粮，成猫猫粮收到货，自家猫主子很喜欢，自从吃这款，没有软便，眼泪泪痕也轻了，商家发货日期挺新鲜，冻干很多，包装完好无损，物流也很快，京东服务很好，发货很快，送货外包装完好，保证正品，一定好评。,好评,5
这款猫粮猫猫很喜欢吃，猫猫4.5个月大，吃的胖胖的，有冻干，配料表干净，猫猫毛色也很亮，健健康康，活动力度大双十一，大袋小袋都买一些,好评,5
给小流浪猫买的，一打开袋子就闻到香味了，里面还有丰富的冻干蛋奶颗粒，小猫非常爱吃。猫粮颗粒小小的，适合小猫进食。自封口，方便储存。,好评,5
麦富迪猫粮真的太棒了！我家猫咪超爱吃，每次开袋都迫不及待冲过来。颗粒大小适中，营养丰富，吃完毛发更亮了，便便也正常。性价比超高，会无限回购！,好评,5
物流很快，小宠非常喜欢吃，质感挺不错的，已经买过很多次了，营养成分高，肉含量高，适口性不错，而且大厂也放心，性价比不错。而且物流非常好，很方便，满意的一次购物体验，还会再来的！,好评,5
家里小家伙们吃这款粮已经好几年了，赶上活动又买了一些，猫粮颗粒大小适中，里面还有冻干，小猫咪们非常喜欢吃，而且蔓越莓成分对猫咪尿道也比较友好。,好评,5
一共养了三只猫，家里两只，在单位收养了一只流浪猫，一直都是给它们吃的麦富迪双拼猫粮，这款猫粮猫咪适口性好，都很爱吃，尤其是这只流浪狸花猫，自从吃了这个猫粮以后明显的胖了很多，而且赶上搞活动这款猫粮性价比超高，还会继续回购！,好评,5
麦富迪 猫猫狗狗的好粮 第一次养猫不知道什么样子的好 （中间买个一次一个宠物店 真难闻那个味道 还是相信大品牌的）刚刚开始就买小包的 小猫很爱吃 每天就是专心干饭 哈哈😂,好评,5
这款猫粮原料优质，鸡肉占比高，蛋白来源清晰。无谷物配方降低过敏风险，添加益生菌呵护肠胃。适口性佳，猫咪爱吃，毛发也显柔亮。综合性价比出色，是日常喂养的安心之选。,好评,5
已经连续买了几次这款猫粮，我家宝子很爱吃，里面冻干比较多，吃了便便也很正常。我还买了新鲜的刁子鱼，煮了去头去刺给它补充营养，咪咪长得圆滚滚😁,好评,5
包装严密，配料也比较丰富，价格也很实惠，给自家毛孩子或者投喂流浪猫都非常适宜，每一包300克的重量，两个毛孩子正好可以吃两天左右，又不容易返潮,好评,5
猫咪比较喜欢吃卖的这款猫粮，每次到了碗里，它就先挑挑拣拣，把冻干都吃了，然后过一会儿再回去吃其他猫粮，吃着适口性挺好，大便也很正常,好评,5
麦富迪猫粮已经购买多次了，长期购买，近期吃的很快，几天就得买。多个品种，包括成猫和幼猫的，双拼的猫粮，质量都很好。包装很好，送货很快，快递员非常负责。猫咪们都很喜欢吃，消化很好，长得很结实。,好评,5
打开直接吃，味道很鲜美，猫咪直接一碗吃完，里边儿还掺杂有冻干，好评一下吧，性价比超高的一款产品，物流还很快，推荐大家购买，👍,好评,5
一直买这个，流浪猫猫很喜欢，之前买的小包，现在是大包，我也不知道目前评价的是小包还是大包，反正是没了就买。小包2KG消耗的快。,好评,5
这款麦富迪双拼成猫猫粮真的大赞了！颗粒大小适中，适合成年猫食用。鸡肉和鱼肉的搭配营养均衡，而且味道也很好闻。我家毛孩子非常的喜欢吃。,好评,5
已经买过很多次了，投喂附近的猫孩子，他们会定时来找我，味道应该不错，连其他区域的猫孩子也常过来，为了不让他们打架，分了好几个碗，他们也喜欢吃，其他品牌没试过不敢买，毕竟他们生病了没人知道，尽自己所能吧。,好评,5
猫咪非常爱吃这款猫粮，一开袋就主动凑过来，食欲明显增加。长期食用后毛发变得柔顺有光泽，体重健康增长，肠胃问题减少。性价比高，分量足且价格实惠，包装完好物流快。会持续回购并推荐给其他猫友，猫咪健康活泼的状态令人满意。&zwnj;&zwnj;,好评,5
这个双拼粮里边有各种冻干，家里那只小的毛猪都挺喜欢的，买大袋的也比较划算。然后这次嗯下单的是10 公斤的大袋儿，厂家寄过来的是5个两公斤的小袋儿，这样也方便挺好的。这个洞是被一个猫种子偷吃的时候自己挠破的洞,好评,5
这个牌子的，我家猫咪一直都有吃呀，味道也还不错，嗯，里面还有这个肉颗粒很喜欢呢，主要赶上活动买还比较合适，一袋也吃不了太多时间,好评,5
这款麦富迪双拼成猫猫粮真的太签了！颗粒大小适中，适合成年猫食用。鸡肉和鱼肉的搭配营养均衡，而且味道也很好闻。我家毛孩子非常的喜欢吃。,好评,5
麦富迪猫粮已经购买多次了，长期购买，多个品种，包括成猫和幼猫的，双拼的猫粮，质量都很好。包装很好，送货很快，快递员非常负责。猫咪们都很喜欢吃，消化很好，长得很结实。,好评,5
猫粮收到了 ，已经是回头客了，好几次回购了，价钱合理，猫咪爱吃，这个款有冻干肉，价钱也划算，大厂家的东西，配料表也可以，快递给力，给赞赞赞，还会回购的,好评,5
这款麦富迪双拼粮真的超值！营养均衡，猫咪吃得津津有味～颗粒饱满，适口性很棒🐱✨发货快，包装严实，客服也很贴心👏👍值得回购！💖🐾🐾,好评,5
给猴妹一直吃的麦富迪双拼粮，复购的时候店铺又推了这一款，今天给它试吃的结果还不错，埋头干饭，超肉粒还是一样挑出来玩着吃，后面再混搭一下看看比较长时间的效果吧,好评,5
这款猫粮我家挑食猫居然不抗拒，吃了小半个月，毛发摸起来顺滑多了，便便也一直很成型，没有软便情况，性价比挺高，会继续回购好好,好评,5
价格很实惠，这一款猫咪很爱吃，不伤肠胃，这款已经买过很多袋了，家里三只猫一直吃的这款，里面还有冻干碎，非常满意，还会回购,好评,5
发货速度惊人，下午下单，第二天一早就收到了。买过多次了，猫子爱吃，也长肉，目前还是不错的，就是那个肉干膨化的有点大，猫子小的吃起来费劲,好评,5
买的时候没注意看，这家不是京东自营，帮我放在了驿站自己去拿的，好在猫喜欢吃，这个牌子是我同事推荐的，她说她家猫只有吃这个牌子长得好，我也买来试试看。,好评,5
还可以吧，要是冻干再多点就好了，家里挑食小猫还可以接受，快递很快，包装好，吃的差不多了，冻干先挑出来吃掉了，总体还不错，价格也合算,好评,5
我家这个大橘一直吃的都是这一款猫粮，长得快，猫咪很爱吃，花纹也很漂亮，毛色很漂亮。 这个冻干粮猫咪吃了适口性也很好，小猫咪吃很合适,好评,5
家里养了2只猫，猫粮的消耗量大一些，每次买就买大包装20斤的，里面有分装10包，每次都把一袋倒出来放在透明盒子里，对猫是个残忍的诱惑。天天围着我转，就是要吃，说明猫粮口感应该还是不错的。,好评,5
猫粮很好吃，小猫咪很爱吃，量特别大，特别实惠，小猫很喜欢，吃得特别香，包装也很高档，物流也很快，一两天就到了，包装完好细致,好评,5
麦富迪双拼粮嗯是专门给猫准备的猫粮添加了冻干三文鱼的颗粒。嗯，添加了鸡肉蔓越莓，含益生元嗯，这个肉粒超大猫很爱吃，经常购买,好评,5
家里有猫有狗，平时有买很多麦富迪的宠物零食、牛肉粒，鸡肉干、猫条等都是买的麦富迪，感觉性价比还是蛮不错的，狗狗和猫咪都喜欢吃，身体也是棒棒的，可以信赖。,好评,5
一直用麦富迪猫粮，小猫猫很爱吃，也没什么问题！里面有鸡蛋干，猫猫很爱吃！我家大猫也一直在吃，很不错，一直都在购买，还会继续购买！,好评,5
我家三年前捡的一只小流浪猫，银渐层妹妹，一直吃的都是这款麦富迪双拼猫粮，里边有很多小冻干，适口性非常好，猫咪爱吃，而且长肉快,好评,5
给孩子换了好多粮，比麦富迪贵的也不少，总是吃两口就不吃了，后来买的麦富迪，孩子真的喜欢吃，啥口味的都爱，这就一直买麦富迪了，每个月一袋，质量很好，孩子发腮的也不错，身体倍棒～,好评,5
这款猫粮来了很多次了，非常信赖这个牌子。从21年开始买的，没换过其他牌子。家里好几个小猫，都很喜欢吃这款猫粮。他家的罐罐和猫条也很好。,好评,5
我们家猫孩子一直用这个猫粮，挺好的，价格合适，小包装不会潮，很好，物流也很快，我的都是隔天就到了，双十一活动价格也挺好的，多买了几包。,好评,5
这款麦富迪双拼粮是家中常备猫粮，添加了冻干三文鱼颗粒，冻干鸡肉蔓越莓益生元颗粒，促进肠胃蠕动，提升肠动力，有助肠道环境健康，猫咪非常爱吃。,好评,5
麦富迪大品牌值得信赖，小猫们都很喜欢吃，已经买了34 年了，京东服务好，配送快，送货上门货方便，猫粮口味好，日期新鲜。推荐大家购买^_^^_^,好评,5
麦富迪猫粮大品牌值得信赖，两个小流浪猫从小一直吃到现在，从骨瘦如柴，瘦骨嶙峋吃到膘肥体壮，很讨人喜欢，两个小家伙很喜欢吃，每半个月吃一袋，每次都是三袋一块买。,好评,5
自从领养了我们家一百以后，一直给他吃麦富迪猫粮，从幼猫粮吃到成猫粮，现在稳定稳定每年吃40斤冻干双拼粮，价格合适就下单，省心。,好评,5
麦富迪的猫粮种类挺多的，选的都是带冻干的，这款双拼粮这次买了两种口味，鸡肉的和三文鱼的，两只馋猫都喜欢吃，那就时常调换一下口味吧。,好评,5
猫粮一直吃这个牌子，猫孩子们都特别喜欢，一个月得吃23 袋儿物美价廉，让孩子们吃了非常健康，没有生过病，所以还还是很不错的，性价比很高,好评,5
这款猫粮非常适合我家的小猫咪吃。听朋友说，它吃了之后，毛色发亮，不易脱毛。虽然猫咪有点软便，但朋友推荐这款猫粮，希望对它有所帮助。,好评,5
麦富迪大品牌，值得信赖的一款，而且还是经常复购的一款猫粮，家猫和流浪猫我都买的麦富迪，而且里面都有冻干，含蛋白质，猫孩子吃了也长肉，,好评,5
麦富迪的忠实粉丝，外面养了七十几只流浪毛孩子，双十一价格优惠，多囤一点给毛孩子们，大品牌值得信赖，物美价廉，这款粮适口性也很好，小猫们很喜欢吃,好评,5
这款麦富迪猫粮送货速度快，包装完整严实，自有工厂生产，全价营养成分均衡，每只毛孩子都能吃得健康又开心。特别推荐给各位铲屎官们使用。,好评,5
内有10小包，共20斤，有活动就来购买，家里有两只猫，消耗量比较大，猫还挺爱吃，一直是购买的这个品牌，应该还会购买下去。,好评,5
忠实老客户了 每一周都要买一袋，这一次买了两袋，天气冷，小猫咪们饭量也加大了，感觉现在一周半就得迟两包。以前都是给他们吃鲜朗。太贵了，感觉没必要，这个也很好。,好评,5
猫猫很喜欢 特别是里面的冻干 天天扒拉里面的冻干 哈哈哈哈 喵喵吃的很毛茸茸 很开心 喜欢 下次有需要会再来的爱麦富迪品牌,好评,5
家里的小猫一直都吃的麦富迪的这款全价猫粮，一直反应都挺好的，适口性可以，京东上购买也有活动，从官方店购买速度很快，第二天就能到，多给小猫过年囤点。,好评,5
不错小猫喜欢吃，小猫通常喜欢吃肉类、鱼类和专门的猫粮，对高蛋白食物特别感兴趣。性价比高，可选，我们家吃皇家+麦富迪双拼。,好评,5
京东一站式购物方便快捷，京东物流也很快，以前买的其他款的猫粮，我家咪咪吃了一直没长肉，最终决定换一款猫粮，选来选去'最终选择了这款猫粮，先试试咪咪还很喜欢吃，喜欢就继续吧,好评,5
家里小猫咪从小到大都吃的麦富迪的猫粮 从幼猫粮到成猫粮 双十一活动 性价比超高 正好家里猫粮消耗殆尽 果断入手一大袋子 赞,好评,5
麦富迪大品牌猫粮值得信赖，已经买了34 年了，口味好好吸收，小猫们都很喜欢。一个月大概是买30~32包，性价比高配送快，大品牌值得信赖。推荐大家购买。,好评,5
性价比超高，已回购多次，适口性好，家里的猫主子和单位的流浪猫都喜欢，特别是冻干猫猫们老喜欢了，吃的摇头晃脑的，值得信赖，,好评,5
猫咪自从换了这个牌子的猫粮，各方面都有所改善，活泼开朗，经常在家跑酷，并且特别喜欢吃，饭量还提高了，真心不错，值得信赖。,好评,5
便宜是便宜，猫吃了吐，不推荐,中评,3
在一个阳光明媚的日子里，精挑细选了麦富迪的这款小猫猫猫粮，经过快速的运输，完好无损的到了猫猫主人手里，十分的丝滑妥帖，猫猫也爱吃，满意。,好评,5
麦富迪和子品牌佰粹相比，家里的蓝猫还是喜欢吃麦富迪这款猫粮，每次吃麦富迪都是狼吞虎咽的，吃佰粹猫粮就显得很随意，吃几口就不吃了。,好评,5
每次搞活动都会囤好多猫粮，这一款吃了一年多，两只猫都很喜欢，这次活动也很优惠，满意满意 里面有颗粒状的冻干，猫猫都还蛮喜欢吃的,好评,5
这款猫粮性价比不错，之前买过多次，猫咪也喜欢吃。总体来说，质量尚可，价格公道。同时，京东送货速度快，次日达，值得推荐。。,好评,5
这款麦富迪猫粮真的是太棒了！里面的配料非常丰富，营养十足~🐾🍗我家猫咪特别爱吃，每次都吃得津津有味，双十一囤货中了💖强烈推荐给所有养猫的小伙伴们！！,好评,5
我家里的猫咪宝贝，自从换了麦富迪的这款双拼猫粮，就变得胖乎乎的，腮帮子也鼓起来了，腰也变粗了！再加点麦富迪的舒然鱼油粮，也不掉毛了！,好评,5
给流浪猫的补货，一直在给小流浪们买这款麦富迪的主粮，价位适中，长期投喂的话钱包也比较能接受，性价比不错，适口性也很好，小流浪们都很爱吃,好评,5
这个粮感觉还不错，猫猫还蛮喜欢吃的，本来只买了4袋，已经吃完两袋了，感觉还可以回购，之前他们都说低价的这个猫粮都是毒猫粮，但是我看着还行，猫猫吃了两三个月了，感觉也长的挺壮实的，也没有生病或者什么呕吐啊，软便之类的,好评,5
这个特别的好 价格合适 很好这个质量好 味道好 小猫爱吃 我家是布偶吃着特别的好 很好这个猫粮 大品牌 质量好 吃的好 抗饿,好评,5
每次都是买10 公斤的粮，里面是10 小袋，每袋两公斤非常方便储存，每小袋上都有小锁口，基本上半个月就有一袋粮，家里的猫和外面的猫都吃的这一款里面的冻干分量非常足猫咪特别爱吃。,好评,5
猫咪爱吃，以前也买过，颗粒大小合适，含肉量也足，里面富含的营养成分能让满足猫咪的健康需求。物流也很快服务态度很好。包装严实没有破损。,好评,5
这款猫粮是我家猫猫吃的不是第9袋就是第十代了记不清了，中间也换过两次 都没有这个爱吃 一袋大概吃四个月左右，非常不错的一款猫粮,好评,5
麦富迪的奶糕幼猫粮， 家里小猫真的很喜欢！！！ 闻起来真的很香 蛋黄味道很浓郁！ 刚上有活动买的真的很便宜 麦富迪也算是平价粮里的天花板了,好评,5
挺好的，也没有那么少，也没有那么多，还行吧，真的比之前买的好多了，我都感觉到很香，我一倒给它，它就开吃了❤️❤️,好评,5
京东物流速度很快，头天下单第二天就送到了。货物包装完好无破损，京东物流依然那么给力。这款猫粮性价比比较高，我家毛孩子很喜欢吃。不错。,好评,5
这款麦富迪双拼粮真不错，猫咪爱吃，颗粒饱满营养足～📦🐱✨ 包装严实，物流快，客服也贴心，值得回购！👍💖💕💕,好评,5
已经多次购买了，猫咪很爱吃，京东物流速度快，服务质量好，东西便宜，而且质量好，物美价廉，买的放心，用的开心，东西品种多，而且又特别全，划算方便，包装很好，而且没有任何损坏,好评,5
京东旗舰店值得信赖，京东快递速度很快，隔天就能送达收到包装完好没有破损，家里猫一直在吃这款猫粮，质量很好猫也很爱吃，希望商家多搞活动,好评,5
买来喂流浪猫的，猫妈妈生了一窝小流浪，太能吃了，麦富迪性价比非常高，喂自家猫和流浪猫都放心，还会继续回购的～～哈哈哈哈哈哈哈,好评,5
猫还挺爱吃的，这次购买没注意，还没吃完，连续买了3次，家里就有几十斤猫粮了，不过日期比较新，慢慢吃，我家其中一只猫爱吃猫粮，另外一只喜欢吃人类的食物。,好评,5
这款猫咪粮食家里已经反复重购了，东西还是很不错的，肉眼可见，里面配备了三文鱼和鸡肉，猫咪很喜欢吃，而且吃了这款猫粮后，猫咪的毛发很旺盛，油光发亮，很可爱,好评,5
哎呀，这个猫粮了，买过很多次了，家里一只小野猫已经喂了3年了，他就爱吃这个猫粮。今年这个猫粮吃的就比较快一些，因为他带了3个小伙伴一起来吃，冬天了，猫猫也很可怜，流浪的猫猫也没地方吃东西，多买一点喂吧,好评,5
卖富迪的猫粮猫罐包零食，我买过无数次，这一款猫粮他是有冻干的，猫咪会特别喜欢吃，量也比较大，年前同一次或年后再囤一次货也能跟得上,好评,5
这是无限回购的一款猫粮，是我家猫猫和小流浪们每天的饭饭。猫粮颗粒适中，加有冻干。每包1公斤，一大袋里10包，打开一包吃两天。,好评,5
很棒的店铺，已经多次回购，猫粮的质量非常好，家里猫猫很喜欢吃，这次趁双十一搞活动，一次性买了很多！包装箱也非常好，很棒的购物体验！,好评,5
家里这个小猫咪还特别喜欢吃这一款猫粮的，尤其是这款猫粮的性价比很高，家里一共有78 只小猫，性价比比较高，一直在购买还会考虑继续回购,好评,5
这款10 公斤的粮非常实惠，里面的升级款超肉粒冻干分量十足，个头大，猫咪特别特别喜欢吃家里的猫，吃了好多年了，外面的小流浪也给的这一款，里面是小袋分装的方便储存,好评,5
麦富迪大品牌值得信赖，之前买的是20 斤一大包的猫粮，现在买4斤的可以吃2天，外面小猫很多猫粮口味好好吸收有营养小猫们都爱吃金东服务好配送快送货上门隔日达推荐大家购买,好评,5
已经买了这个品牌好几次了，家里的小猫非常喜欢吃。口感上我自己也尝了一下，还是不错的。家里的猫大人也吃的比较习惯。唯一的缺点就是贵了点。,好评,5
这款麦富迪猫粮真的超赞！里面添加的大块冻干肉粒，我家猫猫看到就冲过来，吃得特别香。双拼搭配营养很全面，毛发都油亮了不少。关键是它适合全阶段猫咪，省心又放心，会一直回购！,好评,5
味道不错，小猫咪非常爱吃，，，我一天为两顿，，买的一大包，，，来了发展都是小包装的，，非常不错，，这款猫粮会一直回购的,好评,5
多次回购啦，猫咪们都很爱吃，口感好，营养价值丰富，价格实惠，吃的毛发丝滑柔顺，好细腻哦，推荐给朋友啦，会继续回购的。,好评,5
一直吃这款猫粮，猫宝也很爱吃。趁着双十一价格屯了两袋。给外面带着猫仔野猫也准备一袋。每天都准时来吃，小猫仔也能吃爱吃。大大的赞！,好评,5
麦富迪的产品不错，还看见谢霆锋来做广告，知道谢霆锋家里也有猫猫，所以放心点，家里的猫狗食品都用卫仕和麦富迪的，猫猫狗狗都喜欢。,好评,5
配料表干净，猫咪很喜欢吃，回购了好几次了，价格不贵，是大厂生产，值得信赖，猫咪现在吃的也很胖，肥嘟嘟的，没有什么问题，很喜欢不错不错,好评,5
🐱家里的宝贝们最爱这款麦富迪冻干双拼啦！这款猫咪食品不仅口感丰富，还有丰富的营养成分，让它们吃得开心，长得健康！快来试试吧～🍖👍,好评,5
回购，囤不起来了，这款猫粮涨价了，粮还是好的，就是比以前贵，等有活动了，再买，没什么优惠活动就少买，主打一个真诚采购囤货,好评,5
这是养猫六七年第一次买麦富迪家的猫粮，也是我家两只猫第一次换猫粮，两小只很喜欢这个款，新口味确实不错的喜欢吃，颗粒饱满不大，没有细碎，冻干也小小的一颗刚刚好！,好评,5
麦富迪家的猫粮狗粮性价比真的超级高，好多大牌子的更贵的猫粮狗粮的配料表，也不如麦富迪好，这个第一位起码是肉，便宜的时候15元1kg,好评,5
这个味道还挺不错的呢，我家两只小猫咪都比较喜欢，还有这个独立包装也特别爱时间久，我不会犯愁，这次活动又囤了一袋，不过就是吃的比较快,好评,5
这款猫粮猫咪很喜欢吃，猫咪从小到大就挑食，之前买过其他品牌的猫粮，宝贝都不喜欢吃，麦富迪喜欢的猫粮我家宝贝非常喜欢吃，我就换着品种给她吃,好评,5
一直给这个小家伙买的麦富迪，中途换了其他的不爱吃，一开这个袋子听到声音就跑过来了。 感觉以后也会一直买这个猫粮了，性价比也高，👍,好评,5
你猫很爱吃，一直用的这个干猫粮，配合着其他的世贸粮一起还是挺不错的。猫吃这个也没见着明显的发胖，吃的比较多也没关系，还会继续购买,好评,5
活动购买的，稍微便宜了点。猫孩子挺爱吃的，比较之前的包装，这个款颗粒较小些。新旧混装一起喂时，猫孩子优先吃这款小颗粒的。这种小包装正合适。,好评,5
在猫孩子一直吃的都是这款猫粮，其他品牌的猫粮它也不吃，而且这款猫粮的嗯量非常的足，买一包大概能吃一两个月，而且猫猫的毛发非常的光泽，很利于猫猫的身体健康，会继续继续继续回购的,好评,5
这款猫粮我以前的猫买过，后来猫丢了，新养的猫吃的其它的牌子的猫粮，双十一刷着刷着刷到了这款猫粮，价格不错，买了给猫吃着还行，不错,好评,5
入手麦富迪猫粮后，我家猫直接变成&ldquo;干饭喵&rdquo;😻。这款猫粮营养丰富，含有多种维生素和矿物质，能满足猫咪日常所需。而且价格实惠，性价比超高，我会一直回购的！,好评,5
麦富迪双拼冻干粮鸡肉三文鱼口味都不错，猫很喜欢吃，已经回购多次的一款猫粮，日期新鲜猫猫多消耗快，后续还会再回购一批囤着哈。,好评,5
麦富迪10kg猫粮是囤货党的高性价比之选，10kg大容量单价亲民，叠加活动后性价比突出，日期新鲜且包装便于保存，长期喂养这款猫粮，闭眼回购不踩雷。,好评,5
打开奶味很浓， 给小流浪们吃的 ， 希望每个小可爱都能度过这个冬季 。活动买很值得， 应该不是毒粮 。,好评,5
大概是一年以前，我也买过麦富迪的猫粮，效果非常好，但是苦于价格贵没继续买。现在有活动。果断继续吃回去。买一大袋，应该可以吃个2～3个月了吧。,好评,5
猫咪们都很爱吃这个猫粮 隔壁的猫咪也爱吃 外面的流浪猫们也是很爱吃 已经回购了好几次了 都是20斤20斤的买的 猫咪们吃的肥肥的,好评,5
从开始养猫就喂的这一款，猫咪非常喜欢吃这一款猫粮，有次中途因为没有猫粮了，掺了点其他猫粮，倒了一盆，放了半天也是没吃多少，新的猫粮买回来之后才开始吃起来。,好评,5
卖付地猫粮大品牌值得信赖四斤装的冻干很多外面的小猫们都很爱吃两天吃四斤非常好现在性价比也高京东送货上门配送快服务好推荐大家购买,好评,5
一直在给我家猫猫吃。这款麦富迪的猫粮囤货装更经济划算，赠品多多在京东购物安全放心。麦富迪值得信赖的品牌以后，还会经常回购的。在麦富迪购买猫粮安全放心好评,好评,5
物品收到挺不错的，还会再来的！没得说，物流那是杠杠杠的。必须赞！已经买了两次了不错。猫咪很爱吃，吃完再来回购。价格实惠，冻干丰富。,好评,5
一直给猫猫吃乖宝旗下的麦富迪猫粮和藻趣儿猫粮，偶尔买过一、二次佰萃猫粮，猫猫都很爱吃，还是大品牌好，质量不错，值得信赖。,好评,5
买了试用装，猫咪很爱吃，所以回购了大包装的，目前还在吃猫咪，确实是挺喜欢吃的，尤其是里面的大颗粒的三文鱼肉粒，每次都是把肉粒挑完了再吃其他的,好评,5
猫粮包装完好无损，看上去很正规。猫咪吃了之后状态良好，没有出现不良反应。卖家的服务也很周到，值得推荐。一直在用这个牌子，喵喵很喜欢,好评,5
猫猫吃，不抗拒，但是好像吃完后💩会比较臭。这个猫粮也很便宜很便宜，后面也没有回购这个了，买了其他别的品牌的。不确定好不好。,好评,5
又来囤货了，小猫粮库按时进货屯粮，冬季专线物流送货及时，小猫们免受宵夜没得吃的苦了，值得无限次回购等我麦富迪双拼三文鱼YYDS，小猫的守护神,好评,5
多次购买麦富迪双拼猫粮了，这次的猫粮冻干比较多，只是自家的猫不喜欢吃里面的冻干，不知道什么原因。价格实惠物流也很快。会回购。,好评,5
我家三只美短，一只布偶，这款猫粮结合其它猫粮零食混搭，多猫家庭必备，肉含量高，他家超级工厂产出的东西猫咪吃的放心，值得五星推荐,好评,5
麦富迪双拼猫粮已经购买多次了，包装很好，送货很快，快递员非常负责。猫粮的质量很好，小猫咪们很喜欢吃，消化很好，长得很结实。,好评,5
家里猫猫狗狗一直吃的麦富迪，每次开袋闻起来是香的，对大厂自有品牌制造的质量更相信一点的，小动物们长期吃各方面也很正常，价格公道经常有补贴折扣，尤其推荐给新手宠爸妈们。,好评,5
这款猫粮的质量非常好，猫咪非常喜欢吃，而且卖家的服务态度也非常好，发货速度很快，非常满意！ 猫咪会自己把袋子咬破偷吃，可见很不错,好评,5
麦富迪这款猫粮性价比超高 毛孩子吃了易消化，毛发好 配方营养均衡，家里的大橘色吃了以后变得更胖啦 无限回购的一款猫粮，已经推给同事了,好评,5
多次购买麦富迪的双拼粮，石原一斤的价格，自家猫一直吃这款，伴有其他品牌的烘焙粮，猫不胖不瘦，毕竟价格摆在那里，以后会回购。。,好评,5
我家猫一直爱吃这个好评满意 无限回购 jd价格便宜送货速度快 满意 里面是双拼粮食 有肉 大猫小猫都爱吃的很 肉干很好新鲜,好评,5
买给流浪猫的，一直喂的麦富迪这款猫粮，适口性不错，这款性价比比较高，不然投喂小流浪的成本太高，平时会搭配着弗列加特和麦富迪霸弗一起喂小流浪们，保证一点高品质主粮,好评,5
家里猫咪挺挑食的，每次吃不了几口，这款猫粮还可以吧，觉得这个牌子还行，价格也不贵，趁着有活动买了2袋，性价比不错，价格实惠！,好评,5
这款猫粮一直在用，目前为止还挺好的。家里的猫咪很喜欢吃，关键是价格也便宜。麦富迪也算是一个大牌子，我们也经常用总体上来说还是比较满意的。双11 搞活动价格也比较便宜，平价便宜就是首选这送,好评,5
家里的猫和流浪猫一直都是吃这个牌子的猫粮 这款三文鱼猫粮质量很好猫咪很喜欢吃一如既往的好 每天都为这个猫粮偶尔再配一些鸡胸肉和鱼肉,好评,5
一直在给我家猫吃这款麦富迪的猫粮价格合理，物流发货很快，店家服务态度特别好。宝贝吃过这个粮发育的特别好，在京东购物安全放心，下次还会回购的。希望麦富迪可以一直保持下去好评,好评,5
这款麦富迪的猫粮我家已经回购了好多年了，真的是性价比超高的一款粮，主要还是没有添加剂，吃着放心。猫咪都很爱吃，尤其是里面的冻干，每次都是先挑干净吃。,好评,5
家里丰子挑嘴，试过很多品牌都不爱吃，这次居然南后 动跑来过食。颗粒大小适中，嚼起来嚏嘣脆，天然肉 吉味很足没有音精味。成分安全，无谷配方对肠胃友 好，吃了之后毛发顺泪了不少，排便也正常。包装密 封性好，容易保存。,好评,5
猫粮收到好几天了，我家猫咪一直都是吃这个品牌的猫粮，猫咪爱吃，不掉毛，我家猫咪长得胖乎乎的，大品牌值得信赖， 好评，赞。,好评,5
麦富迪这款双拼猫粮是回购第二次了，我家猫咪喜欢也习惯了吃这个味道，物美价廉，物超所值，包装很好没有破损，五分好评了！！！,好评,5
猫粮收到了，猫很爱吃，从开始养就一直吃的这个牌子两年多了，物流也很快，很推荐，性价比高。☺️☺️☺️☺️☺️☺️☺️☺️☺️☺️,好评,5
这款猫粮颗粒适中，我家猫咪很爱吃。营养配方科学，能满足猫咪日常营养需求，而且消化吸收好，猫咪吃后便便正常。快递包装严实，送货速度快，配送员服务态度也好，整体体验超棒。,好评,5
适口性好，主子吃得香，会回购～ _ 颗粒大小合适，猫猫超爱，满意! _ 营养均衡，换粮后猫咪状态不错～ _ 包装严实，猫咪爱吃，性价比高!,好评,5
麦富迪双拼猫粮，营养丰富刚打开包装看了一下，给流浪猫吃应该没问题，天冷了希望毛孩子们都能平平安安迊接春天的到来，尽自已的一份绵薄之力。,好评,5
麦富迪，大品牌值得信赖，看着不错，刚好刚活动，买了几包，猫也很喜欢吃冻干鲜粮，这个口味没吃过，买来给猫试吃看看。,好评,5
猫咪近期才换这款猫粮，没想到很顺心之前客服交待换粮方法没用上 ，猫咪很喜欢吃，还吃胖了，吃完了还会买的,好评,5
特别好，特别重，完全扛不起来，猫嘎嘎吃，买了八斤一个多星期就吃完了又买二十斤，唉希望小流浪挺过这个冬天,好评,5
猫粮收到了，猫咪吃得很好！猫咪瘦，需要补充营养，吃过一段时间后，看看效果再来评价。,好评,5
这款猫粮一直都在用，自己家的猫很爱吃，而且这一次买的猫粮里边，它的那个冻干非常的多，比以前买的都多,好评,5
一直喜欢麦麦富迪家的猫粮 ，感觉挺好的 这个拿来喂流浪猫 或者没猫粮的时候给自己家猫吃 都好。,好评,5
家中小猫之前很瘦，换了这个猫粮后，长胖好多，胃口也好了很多最喜欢吃里面的肉粒，很多肉粒也蛮香。,好评,5
还可以，还可以还可以，还可以。,中评,3
发货快，包装完好，虽然是双11，也就两天收到了，猫粮性价比很高，大厂有保证，我家猫很爱吃,好评,5
没的说了！这款猫粒已经吃了一年，猫咪们还很喜欢😻。粑粑很粗很正常😊 价格比皇家实在，关键是三只猫咪都喜欢！ 里面有冻干儿，营养丰富。回购了N次，两天到货，送货上门！,好评,5
猫猫喜欢吃。颗粒大小适口。猫猫吃了没有黑下巴。营养均衡，包装日期新鲜。一次囤几袋够用好久。京东物流神速，满意的。推荐麦富迪品牌。,好评,5
冻干量足，肉香浓用后郁，我家猫超爱吃。吃了一阵，毛发确实亮泽顺滑了些，美毛效果不错。肠胃方面也挺稳定，之前偶尔软便，现在便便正常。20斤装很划算，多猫家庭够用很久，值得试试,好评,5
多猫家庭这款猫粮挺适合，性价比高营养丰富，适口性好，猫咪爱吃，里面含有超肉粒冻干，橘红色的三文鱼碎，闻着很香，主要京东从下单到送达超快，不愁断粮，会继续回购的。,好评,5
同时买了幼猫粮和成猫粮两款，六个月的喵崽子都爱吃，不过更喜欢幼猫粮，颗粒小点。喵崽子现在油光锃亮的，体重也长上来了，真的是性价比超高的一款猫粮。,好评,5
这款猫粮超赞！颗粒大小适中，我家猫咪一闻就凑过来，吃得超香。含鲜肉成分，营养丰富，吃了段时间毛发顺滑发亮，便便也正常，会继续回购！,好评,5
打开就开始吃了，不用过度，猫咪很喜欢吃，大小颗粒都适合小猫，满满的冻干，还有淡淡奶香味，猫咪吃了没啥异常，价格合适，可以放心购买。,好评,5
麦富迪冻干猫粮，超肉粒搭配冻干三文鱼，肉含量高，营养丰富，猫咪超爱吃！10kg大包装，性价比超高。颗粒适口，易消化吸收，品质安全可靠。适合成猫日常喂食，是健康又实惠的优质猫粮，值得推荐！,好评,5
这款猫粮口感很好，猫咪食用后消化良好，便便正常，推荐购买。猫粮成分天然，无添加，猫咪吃了之后身体健康，毛色亮丽。包装严实，物流迅速，猫粮香味浓郁，猫咪喜欢吃，满意。,好评,5
这款猫粮，易于消化，包装便于储存，价格合理，有防过敏配方，易于消化，里面添加了两种冻干和肉类，猫咪十分爱吃，很喜欢这款猫粮，强烈推荐，价格实惠。,好评,5
这款粮食的被接受度很高，很多描部喜欢！邻居家的也喜欢吃！小颗粒，吃起来很方便，闻起来也很音，没有异味！最方便的是，里面2.5kg独立保鲜小包装，大包装还有密封条！储存很方便！,好评,5
麦富迪大品牌，主食双拼肉粒猫主粮长期回购，大猫小猫都能食用，营养均衡，光主粮未免单调，里面还添加了肉粒冻干，口感更加丰富美味，非常满意。物流也很快。nice,好评,5
幼猫超爱麦富迪这款冻干猫粮！满满的三文鱼冻干颗粒，掰开全是肉香，小家伙每次都光盘。吃了毛色变亮，肠胃也很适应，2kg装性价比高，新手养猫选它不踩雷～,好评,5
家人们，这款猫粮我真的无限回购!颗粒大小适中，不油腻。我家猫猫吃了毛发顺滑，便便正常，每次开饭都超积极，适口性绝了!真心推荐给各位铲屎官!,好评,5
这款添加了三文鱼冻干的双拼粮适口性很好，家里的猫咪非常爱吃，营养成分也适合宅家猫咪，品牌出品耶放心。 发货很快，赠送了一个试用装，平台优惠活动价格便宜。,好评,5
便宜实惠，安全性好，猫粮的口感很好，颗粒大小适中，猫咪吃起来很舒服，没有出现呕吐的情况，而且密封性也很好，保证了猫粮的新鲜度。,好评,5
这款猫粮里面有冻干，还有三文鱼碎屑，适口性不错，我家猫咪很爱吃，也没有出现软便等肠道不适情况。价格也便宜，性价比很高，会回购的。,好评,5
这款猫粮太赞了！猫咪超爱吃，以前挑食得厉害，现在顿顿光盘。吃了一段时间，毛发变亮顺了，拉的便便也正常。性价比高，会一直回购！,好评,5
一直购买麦富迪猫粮，猫粮的质量很好，没有异味，猫粮加冻干的搭配也很好，猫咪们很喜欢吃。包装设计很好，便于储存和喂食，会继续回购。,好评,5
麦富迪双拼成猫猫粮已经购买多次了，包装很好，送货很快，快递员非常负责。这款幼猫粮也购买两次了，猫粮的质量很好，小猫咪们很喜欢吃，消化很好，长得很结实。,好评,5
想给我家小崽子换粮，对比了很久选了这款麦富迪双拼粮，配方干净，添加了冻干肉粒，收到货就给小崽子安排了，崽崽很爱吃，吃段时间看看效果,好评,5
家里的猫猫已经三岁了，一直吃的麦富迪猫粮，麦富迪的品种丰富，各种口味换着吃，猫咪非常喜欢，特别是这款双拼粮，添加了冻干肉粒三文鱼和益生菌，营养丰富又健康，猫咪可爱吃了,好评,5
一直吃的麦富迪家的猫粮，猫咪已经养了6年了，现在16斤重，除了尿结石，没生过病，很健康。尿结石可以多喂水，猫条掺水喂，特别是秋冬季容易复发。不严重可以不用手术。,好评,5
家里俩毛孩子超爱吃这款猫粮！适口性绝了，便便健康不软便，毛发也顺亮不少。成分天然营养足，性价比很高，会一直回购！🐾❤️,好评,5
我家猫多，四只猫，大的五岁多，小的半岁，它们都爱吃，不挑食，吃了这么多年了，猫咪都很健康，不掉毛，不生病。成分也安全，性价比高。,好评,5
麦富迪三文鱼猫粮太可了！超肉粒冻干超多，猫咪超爱。吃了毛发亮泽顺滑，护肠胃效果好，便便正常。2kg装方便，性价比高，会一直回购！,好评,5
东西收到，京东快递非常好，昨天下单今天到，产品性价比很高，猫咪爱吃，有肉成分，是否有祝牙齿健康得用一段时间才知道，产品包装很好，还会回购,好评,5
猫粮很好，很不错，喂流浪猫很喜欢吃，但是却越买越贵，希望多点优惠多点福利，发货很快，第二天就到了，包装很完整，含肉量不高，喂喂流浪猫就好了，不建议给家里面的猫吃,好评,5
第二次购买该品牌的猫粮，拿去给陈猫跟小猫吃，看起来他们都非常的喜欢。后面会持续的使用该品牌的猫粮，也值得推荐大家使用。 营养是均衡的，在消化的部分看他们吃的都很好。比较了其他品牌的猫粮价格，应该都是属于合理的价格范围内,好评,5
这款猫粮非常好，猫咪非常喜欢吃。营养成分均衡，对猫咪的毛色、精神状态都有很好的改善。商家服务态度好，发货速度快，包装严实。猫粮质量也很好，猫咪吃了之后没有任何不良反应。,好评,5
毛孩子很喜欢吃这款猫粮 一直买 吃了毛色很很好 大便啥的都很正常 体型也适中 没有肥胖 包装也挺好的 很方便 毛孩子很喜欢,好评,5
麦富迪的猫条以前买过，这次尝试了一下猫粮，之前给毛孩子吃的都是皇家和阿飞巴弟，这次也试试，没想到挑嘴的毛孩子超级喜欢，而且很容易就切换了，几乎没怎么适应，吃完也没有不好的反应，非常不错。过两天出门，再给毛孩子备上一包。,好评,5
这个冻干猫粮我们家猫狗都爱吃，营养均衡，颗粒较小，吃着方便，卖家很贴心还送了赠品150克试吃，总之这款猫粮物超所值，旗舰店买的质量很好,好评,5
猫猫们喜欢吃这款粮食，估计是口感好，猫孩们爱吃啥咱就买啥，如今，猫们都胖嘟嘟的很可可爱，谁见了都会夸。所以选食物很重要，全五星好评！,好评,5
麦富迪双拼猫粮质量好，日期新鲜，颗粒均匀，猫咪基本吃这款双拼粮，而且吃了有助牙齿健康，吃了肠胃没有不适，营养成分好。优惠活动回购，五星好评。,好评,5
一直给猫咪买的这个降，颗粒小，适口性好，而且闻着很香，拿回来猫咪就都围过来了，每一次一碗的量，两只猫咪刚刚好，很信赖的品牌！,好评,5
一直买麦富迪猫粮，很多不同的配方，第一次买这一款，感觉不错，两个猫主子还比较爱吃，能看到很大块的冻干，料比较足，比较推荐购买。,好评,5
麦富迪超肉粒冻干猫粮，已经回购N次，含鲜鸡肉，蔓越莓，车前子，海藻，有荤有素，营养搭配比较合理，足够猫咪一天的营养所需，吃完再回来！！！,好评,5
这款猫粮口感很好，猫咪非常喜欢。营养成分也很丰富，对猫咪的健康有很大的帮助。这次购物非常满意，商品性价比高，质量可靠。物流高效，商家服务周到，售后完善。,好评,5
猫咪很爱吃，里面有冻干还添加了别的，我看了配料表很干净，价格也很优惠，这款猫粮专门为猫定制的就是绝配，三文鱼口味,好评,5
有活动，价格合理给猫孩子就囤一袋，毕竟缘分一场，已经是家里成员之一，还是像家人一样照顾好他。这款猫粮是试吃后发现真的不错，肉粒冻干可见，猫咪也是很享受的样子。,好评,5
这款猫粮口感很好，猫咪非常喜欢吃。而且包装也很严实，没有漏出来。猫粮很好闻，猫咪吃了之后毛发光泽度也提高了。而且卖家服务态度很好，物流也很给力,好评,5
麦富迪双拼粮，添加了冻干三文鱼颗粒，满满2大袋，20kg，是我家猫咪接近一年的口粮。赠送的冻干松骨肉等小食，也非常受欢迎。下次考虑单独买点,好评,5
这款猫粮真的太棒了！猫咪超级喜欢吃，毛发光泽了好多。物流超快，包装严实，猫粮闻起来香香的，希望猫咪会喜欢。买到了物美价廉的宝贝，质量让人惊喜。物流迅速，商家服务周到，售后放心。,好评,5
猫咪吃了这款猫粮后，毛发变得柔顺亮泽，精神状态也好了很多。性价比高，比实体店便宜多了，而且质量也非常好。客服服务态度非常好，耐心解答了我关于猫粮的各种问题。,好评,5
在京东超市购买的麦富迪全期幼猫粮，是我家毛孩子的最爱，它一直都是吃的麦富迪品牌猫粮，大厂家大品牌，值得信赖和推荐；一次非常愉快的购物体验，给商家和快递小哥全五星好评！,好评,5
小猫很爱吃这款猫粮，适口性好，也不发胖，推荐购买，这款猫粮已经复购了两年多了，有活动就囤，很不错，里面也没有添加乱七八糟的东西，给家里小猫吃的放心。,好评,5
麦富迪双拼猫粮已经购买多次了，包装很好，送货很快，快递员非常负责。这款全价幼猫粮是第二次购买，质量很好，猫妈妈和小猫咪们都非常喜欢吃。,好评,5
我起先买麦富迪冻干双拼猫粮是买了给我家二只小猫咪换换口味的，没想到我家的小猫咪很喜欢吃，吃了毛发顺滑有光泽。这次提早618活动价格很优惠，就又买了一包屯货了。非常好！绝对是五星好评！,好评,5
麦富迪家的猫粮，质量信得过。价格非常优惠，买的这款是喂流浪猫妈妈和她的四个宝宝，特意喂后三天评价，每天投喂的猫粮被吃的干干净净。打开袋子味道很香，以后会继续购买！,好评,5
很叭戳，买的喂流浪猫的，流浪小咪爱吃，配料表干净，一直买的都是麦富迪的猫粮，没出现过不吃或者拉肚子的情况，流浪小咪吃的狼吞虎咽的,好评,5
这款猫粮 猫猫爱吃，吃完2袋2kg后 果断买入10kg大袋装，如图 实拍图片 所见即所得 开袋有分装1kg一小袋共10小袋 总量10kg 非常方便的分装,好评,5
买给小区流浪猫的，一直给他们吃的麦富迪这款猫粮，适口性很好，价格也是我可以接受的，平时投喂它们都是这款粮+弗列加特，弗列加特我都是买试吃包，平时消耗量比较大，主要以这款便宜粮为主，每次掺拌一包100g的弗列加特,好评,5
猫咪特别爱吃 推荐大家都来购买,中评,3
挺好的，猫猫也喜欢吃。就是价格特别不稳定。一直在涨价，越买越贵,中评,3
买过N次，活动力度大点就好了！,中评,3
含肉量低，营养成分低,中评,3
希望猫咪喜欢吃这个猫粮，如果可以，以后会回购,中评,3
一直吃这款猫粮，但是最近发现几只猫都有黑下巴了,中评,3
垃圾快递，不通知，无短信提醒，直接放驿站，但是产品很好，值得推荐！,中评,3
猫咪一直吃麦富迪，现在换了粮但是也是麦富迪牌子，猫咪怎么吐黄水啊,中评,3
建议加试吃装，我家猫第一次吃这款猫粮，这几天一直吐，不知道是不是因为这个猫粮。,中评,3
我的猫不爱吃这个，之前买的牌子的猫粮喂一小碗的量能吃完还缠着再来点，这次买的这个牌子猫粮吃小半碗它就不肯吃了，剩在猫碗里面,中评,3
物流各方面都挺好的。但是味道很冲，猫咪不爱吃，吃几口就刨地，建议新手买猫粮还是先买使用装。不爱吃只要丢掉了。,中评,3
第三次购买了，冻干粒少了很多，很多碎渣，老板偷工减料了,中评,3
还不错，快递改了，放在驿站老远了。不是京东快递就考虑不再购买了。发京东啊，在重庆拿个快递真是恼火惨了，拎着十几斤爬坡几公里&hellip;,中评,3
会买这款猫粮原因是看错重量了&hellip;而且价格高又已经收货就算了&hellip;重量不多看里面营养应该很好就拿来喂养小猫希望效果不错（但老实说性价比不咋样&hellip;）,中评,3
晚上吃了第二天早晨就给拉肚子了，什么情况,差评,2
小猫不是很喜欢吃，物流很快,差评,2
冻肉颗粒很少，猫不喜欢吃,差评,2
味道比较重，里面的肉块比较干，这个价位可能质量也就这样吧,中评,3
冻干全碎了，也不知道是快递的问题还是冻干的问题,中评,3
日期不大新鲜，都生产差不多半年了&hellip;&hellip;发货也是比较慢。,中评,3
跟图片上描述差距挺大的，冻干一小袋只有几颗,差评,2
这种囤货双拼猫粮里面根本就没有多少冻干，感觉比那种1.8kg的要少,差评,2
一直买了给流浪猫吃 可是为什么明明写了门牌号 把东西给我放快递柜一样,中评,3
之前买的猫粮除了我自己加的小饼干，一碗里面冻干也是有些的，这次买的拔搂来拔搂去一袋里面都没这一碗多，考虑换粮了，这还叫啥三拼啊,中评,3
这次不怎么好，有一袋漏气，还好有密封条，我给按好了,中评,3
最近两个月 不打算买这款猫粮了，猫吃着不是很好，换个别的看看什么情况～,中评,3
这次买的没有第一次的好，颜色也暗淡一些，之前的偏黄色，这次猫也吃得少,中评,3
包装不好，漏气嫌麻烦没退，同款猫粮猫粮和2公斤完全不一样，都是碎末，猫咪不怎么吃，早知道退了,中评,3
含肉量少的很！！！！,差评,2
因为便宜买了几袋，家里猫咪多，里面是一小包一小包的独立包装，这点加分，猫咪有的吃了没问题，有的吃了会吐（每天只喂猫粮和水），有两次吐了带血的呕吐物，不知道什么原因，是不是吃这款需要喝很多水才可以？大家买的时候要先给猫试吃一段时间观察再买哦。,中评,3
这次买的猫粮有一股酸味，说不上来是油酸还是淀粉酸，整体感觉比去年的差很多，去年我还买过来给家里的猫咪吃，今年都换成进口的了。 猫粮颗粒大小：适中，适口性也可以。 冻干数量明显比去年少一大截，而且动感颜色焦黄焦黄的，去年看起来还是正常的鸡胸肉白。 怎么说了，就冲自有工厂这个点吧，今年成本都增加了，工厂做粮原料也许偷工减料了。,中评,3
先前买的冻干很多，现在两包两包的买，反而少了,差评,2
一箱两包，一次性拍了两包，从下单到收货等了足足有两个来月，期间喵喵的猫粮断了也也没等到货，然后去超市买了一包先吃着，最主要的问题是后来让他发顺丰，催了很多回才发过来，真的是最不满意的一次购物。,差评,2
物流速度极其慢&hellip;！送到了也不和你说！我要不问这个快递能放到明年去！！！！！！！真的太垃圾了,中评,3
这次买的粮一点都不好，猫儿不爱吃，味道感觉也不太好。,差评,2
猫猫吃了一包之后就不好好吃了，而且长了黑下巴估摸着是猫粮太油腻了，气死我了，还得继续换牌子,差评,2
讲真，少这两颗星是因为快递，建议店家换京东物流吧，二十斤的大包裹，不联系，给我放丰巢，我是连拖带拽的弄回家，我也是真的服了，快递员也不容易啊，能把这么一大包塞进丰巢,中评,3
我真的够无语，今年四月份开始就一直吃你们家的粮，每个月都买二十斤不是我买就是我男朋友买 上个月问客服叫客服给我发那种四斤装的他跟我说两斤装的是发十袋，四斤装的是发五袋然后我就叫客服给我备注说发四斤装那种给我，他给我发了，这个月买叫他给我备注发四斤装那种他跟我说没有的，我也不知道是不想给我发那种四斤装一袋的呢还是真的没有，两斤装的袋子口实在是太小了，我的猫粮勺根本就一点都不好舀！！！服了，我不是第一次买也不是买了第一次就不买了，以后能不能给我发那种四斤装的？？？？？？不行的话我就换猫粮,差评,2
每次在京东买都是发的京东快递，这次发的不知道是圆通，并且直接放驿站了，几十公斤，我和我爱人搬动把腰都闪了。第一次给了差评！,中评,3
我家的猫吃了拉出来的屎很臭很水 颗粒大小：小 便便情况：经常拉稀 总的来说我家猫吃了一个月我就赶紧换了， 之前买的另外一款就不会有这种情况 ， 但是以后我不会买了,差评,2
17号早晨下的订单，显示周三就能到货，催了单，后来问客服告诉我说没货了，没货也不提前说，开始问客服也总是显示机器人回复，还得另找人工客服，然后才告诉我说没货，20号才发的货，非常气愤，非常差的一次购物体验，从17号早晨到今天22号了才到货！！！,差评,2
猫粮袋口是裂开的，密封条以开，真不知道质量还有没有保障！粗蛋白只有28%（怪不得商品介绍几个只说了脂肪、磷，钙等项目，对粗蛋白含量绝口不提），京东哟真是服了你,差评,2
猫粮明显感觉比4月份以前要差了， 猫粮气味泛酸， 更油腻了， 冻干又少又黄， 像极了边角料做的。 之前家里的猫都吃麦富迪， 吃了八九个月， 后面慢慢换成进口的了， 性价比太低了。 希望工厂多花一点精力在做产品上， 少请流浪打广告。,差评,2
不怎么好怎么说那一分钱一分货吧,差评,2
没有单独买2kg冻干多，10kg的冻干太少了,差评,2
也就一般猫不是很喜欢吃,中评,3
和在京东旗舰店买的不太一样，猫咪们没以前爱吃,中评,3
猫咪不是很爱吃，一般般。,中评,3
最近这一款猫咪不爱吃,中评,3
感觉还行吧，刚打开的时候猫咪吃的厉害，可是后来就不怎么吃了,中评,3
这一次猫粮里面的冻干没有以前的好，猫咪不喜欢吃，感觉在糊弄老客户,差评,2
猫粮十添加的红色小方块，不知什么成分犭猫猫不吃。,中评,3
猫好像不太愿意吃,中评,3
猫咪吃了以后呕吐,中评,3
有一种被欺骗的感觉，,差评,2
冻干没有之前的多了,中评,3
猫粮里的冻干特别少,中评,3
无语，封口都封不紧,中评,3
我家猫只吃这款。。。。。,中评,3
生产日期25年4月的,中评,3
猫猫不怎么吃🫣,中评,3
猫咪不喜欢吃。,中评,3
一岁半的英短，以前一直吃京东自营的皇家猫粮，给换了这个吃了几天就开始吐了，可能是我家猫不喜欢吃这个口味的，赶紧又换回去了，就没有再出现呕吐的情况。,中评,3
猫咪挺爱吃的,中评,3
这款猫粮还有淀粉和油脂（感觉含量还挺高），我们小猫吃了拉肚子 建议肠胃脆肉的猫咪不要选这款猫粮，虽然标着幼猫专用，但是真不推荐,差评,2
猫粮不错，猫吃的很好，就是快递没送到家，太重了自己拿,中评,3
以前没评价过都是系统五星好评，这家店连续回购第三次也算老客户，头两次买的都是新包装，这回的是旧包装。猫粮每日都是我自己喂，所以冻干多少我心里再清楚不过。这次的旧包装明显冻干分量变少了，一包只有几粒，数都数得过来，所以我心里有疑问去咨询了客服，客服肯定说占比没问题那我也没话可说了。可能不会再回购。,差评,2
猫粮还行吧，在京东自营店买过几次了，第一次在这个店买，这个店的服务有点死性，给个赠品还要注册会员，注册了会员又说需要先注册后买才行，我退了再买不就行了吗？他们宁可花两遍快递费也不愿意补发一下几块钱的赠品，不知道脑筋是不是#了，为了避免浪费资源，就不退了，建议大家谨慎购买它家产品，可以到京东自营店购买。,中评,3
一直都是买的这个品牌，每次都还可以，这次买的里面冻干几乎没有，猫就不爱吃了，无语！！！以后再买考虑一下换其它的,中评,3
不知道怎么说，两只阿努比斯大人吃完狂#。而且以前吃其他猫粮的时候都没有出现过这种情况，就是对罐头啊水煮鸡肉都不感兴趣了&hellip;以前是两天喝两碗水、两碗猫粮，现在是一天两碗水、两碗猫粮&hellip;（还有一个点就是收快递的时候快递袋子大写了猫粮&hellip;）,中评,3
猫粮一般 抱着良心说话 适口性也一般 但是我才买没多久就直接降价 我买的时候77送了一小罐那个鸡肉冻干 特别小 可能就几块钱 我还以为很大 然后问客服的话一直说可以趁现在降价囤一点 还说我买的时候是为了凑单 我就在想我70多是为了凑单 那现在47是为了什么 保价什么的我就不想说了 我要不是今天要买猫粮我还没注意,中评,3
感觉不是很好，已经半个月下来了，猫咪还是会呕吐,差评,1
吃了一个月猫尿闭了 花了3000大洋,差评,1
质量一般，价格有点小贵,差评,1
买了还没有几天又降价了,差评,1
大家看一下超肉粒款，肉粒在哪儿,差评,1
没看错，就上面几颗冻干。,差评,1
同款猫粮20KG包装袋没有10KG包装袋的质量好。,差评,1
不好，猫咪吃了一直吐。还住院了。,差评,1
这次买的猫粮没有鱼干，猫都不好好吃，产品质量差。,差评,1
慎买，一袋还没吃完就长黑下巴了！！！,差评,1
这款粮根本不行，猫咪吃了一只拉软便，屁股红红的。,差评,1
我的猫没了，呕吐吐黄水没撑过今天。,差评,1
保质期18个月收到24年11月的货了 难搞 想买的小心点吧,差评,1
猫吃完往外吐 还有血水,差评,1
第一次买猫吃了不会吐，后来买的会吐，吐很多次,差评,1
这个猫粮，猫不喜欢吃，还好只买了了一袋，失望,差评,1
买了5袋猫粮，收到4袋的赠品，跟客服沟通后最后不了了之,差评,1
猫咪不吃 而且有股怪味像塑料袋味 不要买这款,差评,1
我买的是双拼粮，给我发的不是双拼粮，我买的是两公斤的，给我发的是1.5公斤的。回来的时候发现男朋友已经拆开喂过了，退不了了，无语,差评,1
买这个牌子7年了，只有这袋它们不好好吃，都刨出来,差评,1
还不错，好评没人看。来差评混了xdm,差评,1
毒猫粮，我家小猫吃完一直吐🤮，吐了一晚上，拉黑这个品牌,差评,1
不好换了这款猫粮猫就一直吐，循序渐进的换的，吐了五六天，换回原来的粮立马不吐,差评,1
这一次不是京东快递 没有送货到家 请问如何让一个独居女孩子扛回家？,差评,1
我家猫3只猫吃了近百斤的同一牌子的猫粮，从来没出现拉软便，但这次吃了两袋软便就没停过，前面我还以为是哪只肠道不适，这几天就多注意观察了下，结果不是一只，是全部。。。,差评,1
买了一袋试试，有掺冻干，不知道为啥。家里的猫不吃。甚至闻到味儿它直接搁旁边埋屎，给气乐了。给客服反馈了，也要理不理，就这样吧，算我倒霉。 适口性：不好 颗粒大小：比较小的三角颗粒，有冻干,差评,1
建议各位铲屎官购买前，问一下有没有对应产品的试吃装，这款猫粮猫吃了会过敏。过敏症状如下：持续喂食，2-4天内，猫会出现挠脖子的情况，会越挠越凶，挠破皮的那种,差评,1
日期：24年11月的，马上一年，小幼猫，估计吃不完就过期了 我之所以买双拼，是买冻干加猫粮，不是冻干粉加猫粮,差评,1
家里一大一小，布偶和小步舞曲，分别是七个月和五月半。 适口性：吃是都吃的，没什么问题。 颗粒大小：小粒径，目视5mm左右，咬起来也没问题。 便便情况：大的（布偶）从换粮之后就频繁软便，尝试换环境换水还是一样，怀疑是粮的问题。 安全性：小的（小步舞曲）上火，从口腔溃疡到下唇红肿，同样是换粮之后的事，也试过换环境换水，寻医上药治疗，没有明显好转。 以后买的时候注意吧，先小袋购买试吃，现在粮不换不行，扔了又觉得可惜，还不敢给朋友去嚯嚯人家的猫，吃出个长短就是自己的问题了,差评,1
客户体验最差的店铺没有之一,差评,1
一买的这，现在里面鸡胸肉越来越少就算了，关键是猫现在一吃就要吐。,差评,1
猫粮打开就是潮了，猫猫都不吃，差评差评,差评,1
开个发票得过年！我真**服了！6月20日左右就完成订单了！发票信息买东西那时候就填写完了！,差评,1
买得最贵的一次麦迪富，直接下的原来两包的价格只有一包，送了一小罐鸡肉让我忽略了看到是2件,差评,1
买了狗粮，两只小狗第二天都死了，猫粮不赶喂全扔垃圾桶了，我不知道是不是意外，反正就是提醒大家谨慎吧，毕竟是生命,差评,1
送的慢，赠品也没了，越做越垃圾,差评,1
淀粉超标厉害，我家布偶猫吃了叫特，直接生病了，,差评,1
猫猫不爱吃，只爱吃里面的肉粒，肉粒很少很少,差评,1
骗人的，说好的送赠亲得，结果邮来以后什么赠品我没有,差评,1
只能说很差劲，当时参加活动有赠品大礼包单独发货一直不发货，一个月了，找他们才发货,差评,1
忍不住要给差评的猫粮，虽然过去那么久了，我的猫还是一吃就吐 适口性：差,差评,1
别买，看评论说猫吃了会肾衰竭，没当回事，买回来后猫吃了出现经常拉尿的情况，一共买了10千克，直到今天家里猫吃死了两只，一共买了半个月左右，想买的慎入,差评,1
网传快递猫粮狗粮有投毒的风险，商家说好单面隐匿货名发货，结果用印有猫粮的箱发货，搞得我在没有备粮的情况下提心吊胆的试着给猫吃，很不开心的一次购物,差评,1
以后不会再来买了！垃圾 ！客服态度也是官方一套一套 不解决问题,差评,1
和之前买的差别很大，没之前在其他店买的好了，包装一般,差评,1
我家猫吃了这款猫粮以后鱼肉鸡胸肉都不肯吃，饿两天都不吃，太狠了 不知道加了多少诱食剂,差评,1
包装越发随意 这是猫粮 现在都不用箱子打包装了吗 万一出现问题谁负责 不会再购买你家猫粮 差评,差评,1
全是碎的沫沫，给回复的是运输过程中导致的，往人家物流身上推责任，我看了这根本就不是运输过程中导致的，是质量问题，完全的质量问题，一直用麦富迪家的也没见过这样的，这我都严重怀疑这是假的，假冒伪劣产品！大家避坑 ，避坑,差评,1
发的次品，包装很皱甚至破了，寄过来就发现是开了口的，谁知道是不是运输之前就挑的开口的发货的😓且商家不予处理，避雷,差评,1
这是第二次购买了 第一次也是袋子破了我以为偶然 第二次还是破这么大的口，也不给说法，当看不见 再也不会买了,差评,1
差评 他家的东西很假猫吃了没精神跟我上次买的麦富迪猫粮都不一样他家没有什么二维码认证问客服客服还说不会假 右边这个猫粮是他家的什么二维码都没有,差评,1
服务态度差，一直得不到回应、上次购买的就可以送货上门，代收点又远又重，根本拿不了，找客服就说这边帮忙反馈一下，也没有说能不能解决，然后又说不同代收点可能不送货上门，一堆理由，说差评后又说下次购买赠送一小包吃的，就这态度还想着下次购买,差评,1
产品不知道怎么样，但是物流太差，快递不联系、不入户，直接丢在小区门卫。这么重的东西，送货不联系、不入户，还要自己去搬回来。差评！,差评,1
猫粮真的有问题 家里6只猫吃了 精神状态特别不好 特别是有只德文 在吃了两三天的情况下 出现干呕 腹部大了一圈 把剩下的所有猫粮全丢了 已经重新买了其他家猫粮 家人们 选粮一定要谨慎呀,差评,1
一分钱一分货吧 这里给没有买过或者正在买的朋友一点使用体验 &ldquo;千万别买&rdquo;这种10公斤包装的 千万别买 这款2KG包装里面有很多方块小鱼干 但到了10KG这款 开了两包里面就十几粒小鱼干 本来就是靠这些小鱼干吸引猫过来吃猫粮 现在没有这些小鱼干家里的两只猫就不怎么吃了 需要自己往里面加虾才肯吃 我都自己煮虾了 还要你这猫粮干什么 本人以后都不会再上当受骗了 希望这评论能帮到打算买10KG装的朋友,差评,1
也不知道怎么说，人生第一个差评给到了期待已久的猫粮上。猫猫根本不爱吃，一勺得吃两天，笑了，我家猫也换过好几次猫粮了，第一次遇到这种不吃的。真是便宜无好货。要不是我开了一袋我特么直接退款。我都怕给我猫吃出问题，赶紧丢垃圾桶！ 便便情况：跟黄泥一样，一看就不正常！ 安全性：怕是不太安全，呵呵,差评,1
"建议大家不要买,发臭的,别把自己的爱宠吃出毛病了,直接给差评了,发臭的丢了也没退,,反正建议大家别买这个牌子了吧",差评,1
购物体验奇差，要不是已经送到了，真想退了不要了，无语了，千辛万苦才能收到个快递。这么大一个京东旗舰店，送大件猫粮合作快递居然是圆通，物流要好几天就算了，不给我打电话直接放驿站，要求送货上门送了一个礼拜，网点客服电话打了，平台客服也找了，圆通总部电话都打了，微信都加了还能拖几天不配送。。拼多多送猫砂猫粮都合作顺丰了，你家快递真的吐槽,差评,1
垃圾毒猫粮吃了就过敏，评论区有毛孩子吃了这款猫粮死了的，还有很多出事的，商家推卸责任的嘴脸显而易见，无限维权中，为万千吃了麦富迪猫粮的养宠家庭发声！,差评,1
平价猫粮，买来喂楼下流浪猫猫的。但是收到后，发现包装有破损，是那种小洞。联系客服，客服说里分装的，让检查里面。 结果确实是在包装有个洞的那里里面一包是破的。 客服说退货退款， 退破损的一包，或者全退。 怎么说呢，就觉得很无语，如果真的是人为有问题的退回去重新包装再发出来吗。 从前两年开始都保密包装发货了，麦富迪的直接发生产带，是怕别人不知道买的是你麦富迪猫粮吗？ 能不能像别的猫粮一样，纸盒包装发货啊。袋子大logo有必要吗？,差评,1
猫爱吃，可能是有诱食剂，吃一次吐一次，建议别买，客服也很拉，纠正他的错误还狡辩，让我备注数量，明明是重量，说他还不愿意，和我还抬杠，算了，懒得退了，不会再买，避雷,差评,1
太差了吧。。。在这里买了猫粮狗粮。喂流浪猫没有一只要吃。。。拿回家喂自己家的猫狗，也不吃。这到底是啥？,差评,1
非常差直接把猫吃吐了拉稀,差评,1
一星都不想给，这个请问我可以去法院起诉你虚假宣传吗？,差评,1
质量一点都不好猫咪吃完拉肚子,差评,1
垃圾猫粮 猫吃了天天吐,差评,1
试着喂了几天根本就不吃 每次都是闻闻就走了,差评,1
猫粮没有以前的好，越吃越瘦。,差评,1
吃了该猫粮 我猫咪的下半身瘫了,差评,1
到的和拍的完全不一样，不会再来了,差评,1
小猫咪吃了吐了一地,差评,1
量贼少 小小的一包,差评,1
垃圾商家 垃圾快递,差评,1
您没有填写评价内容,差评,1
里面所谓的冻干类的东西就上面一层，到后面就没有了的，坑死个人。猫还不怎么爱吃,差评,1
少发货 态度差 不处理,差评,1
包装很垃圾，包装很垃圾，箱子都破了！,差评,1
所谓的类似冻干那些东西就上面一层，到后面就没了，坑死个人，就猫粮，猫还不怎么爱吃，差劲，一点都不符合详情里的标准。,差评,1
别吃，吃完器官衰竭，太毒了,差评,1
差评，京东发别的快递，发圆通去了，大家看看，,差评,1
这商家太坑了！我买的时候99，就是看着价格才给猫选的，结果第二次来看直接降到49，你这价格降的太离谱了，欺骗消费者吗，能坑一个是一个？那下次谁还敢买你家东西，联系客服也是个敷衍想着反正钱都收了想咋咋的是吗？,差评,1
态度极差，猫粮吃了呕吐，粪便不正常，出问题只会说一句话，慎拍,差评,1
看不见冻干了,差评,1
差评！不会再买,差评,1
服务体验不好,差评,1
死重死重的一大袋20kg，要你自己提回家。也是牛啤👍,差评,1
@京东官方客服@宠物大家，服务太差，买了好几次都没有赠品，说我不是会员，会员是免费加入的，加入会员优惠不少，但是买了这么多次都没有人提示，东西质量太差，有股臭味，奉劝各位别买，买了就上当，@京东客服，@刘强东@麦富迪,差评,1
适口性非常不错的狗粮，金毛常年吃了，还经常有活动，有赠品这次赠送了三个zero的玩具，狗狗非常喜欢。里面还有冻干，基本没有挑食过，会继续回购的。,好评,5
多次购买了！家里的狗狗很喜欢吃！吃了毛发也很好！有光泽！摸起来很舒服！哈哈哈哈太棒了！值得购买！推荐购买哦！大赞哈哈哈哈！,好评,5
这款狗粮买过两三次了，这个品牌我觉得还是比较相信的，家里狗狗吃的火腿肠也是这个牌子的，而且小包装比较方便，最近比较潮湿，小包装好保管,好评,5
麦富迪这款双拼犬粮太赞！开袋肉香浓郁，真肉粒含量足，狗狗闻味就扒碗，适口性满分。无谷配方低敏温和，吃后排便成型不软便，毛发亮泽。大包装实惠，大厂品控安心，无限回购的安心口粮！⭐,好评,5
一直给狗用这款狗粮，狗狗也适应了这个狗粮，吃了没有什么不适的反应，大便也成形软硬适中，以后还继续购买，希望价格能够优惠些。,好评,5
很好的一款狗粮，买过好几次了，狗狗吃了没有软便，这15kg的是一大包里分成好几个小包，更方便。,好评,5
复购很多次了，感觉非常不错，每个独立包装，使用方便，不怕潮，狗狗也很爱吃 ，颗粒大小很合适，配料清晰，安全，健康，价格也很实惠。,好评,5
狗狗很喜欢吃的一款狗粮，口味很不错，闻着挺香的，里面有黄色的小块的冻干，狗狗都爱吃。在京东自营店购买，质量可靠，价格优惠，发货很快送货上门。,好评,5
日常回购，狗子一直吃这款，这款狗粮真不错，颗粒适中，营养均衡，我家狗狗吃得特别欢，毛发都更亮了，而且价格实惠，品质有保障，真心推荐！,好评,5
麦富迪这款双拼粮适口性超棒，连我家挑食的狗狗也光盘了。肉粒和冻干搭配合理，看得出用料实在。吃了一段时间，泪痕有减轻，便便成型。但感觉油脂稍多，建议控制喂食量。综合来看是国货里靠谱的选择。,好评,5
老年选了需要充足的营养，一定要选择专用量小袋装保鲜狗狗爱吃便便，正常继续回购，添加一些肉粒狗狗，不挑食非常棒，偶尔再加上同款的湿量，狗狗营养就够啦,好评,5
狗狗年龄大了，这次专门找了老年犬粮给它们，还行吧，仨只狗狗都很快喜欢上这款粮，包装挺好的，分装成6袋以免开包装太久受潮，以后会回购。,好评,5
小狗从小到大，经常吃麦富迪的，品质还是值得信赖的，没有问题，而且是分装成一小袋一小袋，很方便，不怕剩下的那些会受潮，满意的～,好评,5
这款狗粮狗狗很喜欢吃！狗狗年龄大了，给他买的老年犬狗粮！适口性不错，而且京东性价比好，物流快，划算，推荐京东购买狗粮，不错,好评,5
这款狗粮非常好，己经买过几次。我家小博美己经㇏9岁了，现在牙都掉了，买这款狗粮营养能全面点，小狗❤爱&sigma;吃，身体也好了很多。,好评,5
🐶这款狗粮真的超赞，适口性很好，狗狗吃得香！📦包装严实，一点没漏，物流也很快🚚。📦快递小哥服务态度特别好，送货准时👏。整体体验满分，推荐给养老年犬的铲屎官们～🌟🌟🌟🌟🌟,好评,5
我家狗狗六岁了，一直吃卖富迪，这个品牌长得又健康，毛发又亮，而且还胖乎乎的非常好，会一直继续购买 在卖富迪家买了好多种狗粮，是苦性都特别好，狗狗爱吃,好评,5
🌟这款狗粮真的超值！颗粒饱满，狗狗吃得香～🍖 📦包装严实，运输无破损，安心又放心✅ 🚚发货速度很快，隔天就到了，效率满分⚡ 👨&zwj;💼配送员态度好，送货准时，服务贴心❤️ 整体体验很棒，会回购的！🐶💕,好评,5
麦富迪狗粮，高肉含量搭配肉粒，挑食小狗秒炫。颗粒酥脆不油，添加鱼油蛋黄，毛发亮泽。吸收好便便正常，品牌靠谱，价格亲民，毛孩子超爱，无限回购！,好评,5
买了很多很多很多次了，14岁老宝贝一直吃这款，没有什么不适，中间换过一次别的品牌，不爱吃还经常软便，又换回这款，现在不送小包装了,好评,5
以前买过一个小袋的，狗狗挺爱吃的，这次入手了一大袋，两层大包装袋，不怕受潮，送了鸭肉和玩具这价钱很划算了，170多到手，先囤货，吃了追评,好评,5
麦富迪老龄犬粮收到了，京东快递员送货到家门口服务不错👌这款狗粮是为我家狗狗近年一直在复购的狗粮之一，狗狗吃了消化吸收较好,好评,5
不错，抱着试试看的态度下了单，没想到狗狗非常喜欢吃。真是个意外的惊喜，赶上京东的活动，价格上还能优惠，性价比非常高的很棒的。,好评,5
活动价购买的，一次性下单2大包18公斤，可以吃好长一段时间了，价廉物美，超级划算，狗狗超爱吃，商家还赠送了好多狗玩具和小零食。,好评,5
狗狗十二岁了，多次回购这款狗粮，适合老年狗狗的肠胃，狗狗喜欢吃、易消化、营养均衡，里面有不少蓝莓冻干，可以看得见的蓝莓果粒,好评,5
之前买过试用装，狗狗吃的很香，所以回购了大袋，不过价位挺高的，就没有买很多，买了大袋狗又不吃了，奇怪，试用装跟大包装味道难道不一样吗,中评,3
我们家的两个小泰迪特别喜欢吃这个口味的，我又回购了第三回了。此狗粮质量不错，物美价廉，真品实货，狗狗特别爱吃，特别适合中老年小狗狗。,好评,5
多次回购，家里十岁的狗狗爱吃。希望老年狗粮为狗狗健康助力。这次购物体验完美！商品性价比高，质量出色。物流高效，商家服务贴心，售后让人安心。,好评,5
之前都是在宠物店买狗粮，价格好贵呀，这次抱着试试看的态度来京东购买试试，没想到狗子还挺爱吃的，价格也不算贵，以后就买这个狗粮了,好评,5
家里十几岁的老狗只喜欢吃这个粮，冻干挺多的，颗粒匀称吃着不费劲，吃这个粮排便顺畅。曾经换过别的粮，老狗吃了拉柿。一直回购应该是忠实的买家用户了。,好评,5
这款狗粮付过了很多次，我家的狗很喜欢吃，而且味道和质量始终都有品质保证，以后还会继续回购，希望麦富迪的狗粮越做越好，保证狗狗的身体健康,好评,5
狗狗已经8岁了，买的这款老年犬的狗粮，狗还挺喜欢吃的，不到一个月差不多一袋就能吃完。主要是喂狗粮省事儿。已经买过好多袋了，质量还是挺好的。,好评,5
宝贝收到了，以前就买过这个牌子的狗粮，狗狗挺爱吃的。吃完以后，狗狗也没有发现其他问题，其他的，需要吃完以后才能看看结果。,好评,5
我家狗子挺喜欢麦富迪这个牌子，零食也是在他家买，之前一直在淘宝旗舰店买，这次又在京东这款狗粮，狗狗还没吃，相信京东的产品质量，狗狗喜欢吃的话还会回购的,好评,5
还可以，一直吃这个，习惯了，一袋子可以吃一个礼拜，主要是价格有点高啊，吃的也比较快，没办法，太差了也不敢吃，自己做的也不好,好评,5
这个品牌的狗粮我家狗狗吃了好多年，从幼年粮吃到成犬粮，现在一直吃到了老年粮，狗狗吃着很不错。没有什么特殊的情况下，会一直吃到底的。,好评,5
我家狗子岁数大了，其他品牌的狗粮不爱吃，就这个比较爱吃，而且也吃了很多年，狗子吃这个胃口不错，也没有什么不适的感觉，会回购的,好评,5
毛孩子今年7岁了，咨询了豆包，推荐了这款狗粮。麦富迪也算是大品牌，希望对某孩子身体能有帮助。看了配料表比较干净，而且没有诱食剂，这点比较好。,好评,5
麦富迪狗粮国际大品牌小袋儿分装，喂的非常方便，家里有一只岁数比较大的狗了。之前吃山姆的感觉没这个吃的好，还有很多特别，值得推荐,好评,5
发货速度很快，收货的时侯外包装完好。颗粒大小均匀。有冻干，狗狗也很喜欢吃。吃了以后也没有出现软便等情况。懂配料的姐妹，可以看一看。,好评,5
这款狗粮颗粒大小适中，狗狗很爱吃，消化吸收好，便便正常不软便。配料干净营养均衡，吃后毛发顺滑有光泽，泪痕也有所改善，价格实惠，会一直回购。,好评,5
这款狗粮真心不错！肉含量高，颗粒酥脆不油腻，狗狗超爱吃，每次都光盘。吃后毛发顺滑有光泽，便便成型不臭。无谷低敏配方，小肠胃也能适应，营养均衡，长肉壮实，性价比高，会一直回购！,好评,5
狗狗超爱吃这款双拼粮，肉粒多香味浓，颗粒大小合适。消化吸收好，长肉结实，泪痕也有改善，无谷配方温和不刺激，家里毛孩子吃得很安心。,好评,5
家里狗狗不吃，一直都不挑食,中评,3
狗子9岁了，要吃老年犬专用的狗粮才合适，麦富迪的这款狗粮，也是吃了有一段时间了，性价比很高，狗子也喜欢吃，精神头充足，希望可以多陪我几年,好评,5
好几年了，自从发现我家狗狗爱吃这款后我就一直给他下单这款狗粮，都买了十几回了，但是这次赚大发了，老板还给送了好多玩具和鸭肉干零食，大赞👍,好评,5
给流浪狗狗买的，之前我们家家狗狗买的就是麦富迪品牌的狗粮，这款狗粮调理肠胃比较适合流浪狗狗吃。狗狗喜欢吃的以后还买这款狗粮。,好评,5
我家毛孩子从小吃麦富迪这款小型犬双拼粮，解决了狗子挑食的毛病。颗粒小巧圆润，专为小型犬设计，方便吞咽咀嚼，不卡喉咙。添加了冻干肉粒，每次都能光盘。京东配送上门，真是很方便。,好评,5
给家里老年狗狗购买的狗粮，嗯比较软烂，嗯，有冻干炒肉粒，还有狗狗很爱吃，蛋白质的含量也很高。京东速度也很快，赶上搞活动就更划算。,好评,5
70%动物蛋白+牛肉鸡肉双肉配方，我家毛孩子闻到就冲过来干饭，每次都把碗舔得干干净净，肉眼可见的壮实了不少！ ✅ 对身体太友好了！ 添加了梨、蔓越莓和南瓜，最近发现它的泌尿问题改善了很多；还有山楂和西蓝花，软便情况也没再出现，这配方真的很用心,好评,5
宝藏老年犬粮！软颗粒设计超贴心，牙口差、肠胃弱的高龄犬都能吃。添加牛肉、蓝莓、磷虾，狗狗毛发不粗糙打结。贴合老年犬代谢需求，吃了之后狗狗食欲很好，成分安全，铲屎官闭眼入！,好评,5
狗粮太棒了，原料新鲜，营养搭配均衡，我家毛孩子的日常口粮，吃了很长时间，自从吃了这款老年粮，便便也很正常，京东物流送货上门，很是方便，一直在回购。,好评,5
麦富迪超肉粒冻干狗粮品质出色，鲜肉原料足肉粒大，营养丰富能满足爱犬日常所需，适口性佳狗狗超爱吃。包装严实物流也快，会继续回购。,好评,5
麦富迪老年狗粮专为高龄犬设计，冻干多、适口性好，添加软骨素呵护关节，易消化不软便。营养均衡，狗狗爱吃、毛发亮、精神足，性价比高，老年犬放心喂,好评,5
麦富迪老年犬狗粮，很适合我家的小狗，虽然他是壮年不是老年，但是吃这个很合适，不上火不拉肚子。好产品、好品质、好服务，宝贝确实值这个价钱，在这给商家点个赞👍,好评,5
这边物流很快，买回来狗狗也爱吃、我们是柴犬，搭配奶糕，还有羊奶粉，很不错，会继续光顾的。希望狗狗吃了能涨肉肉，身体棒棒的。性价比是真的不错。,好评,5
物流迅速，包装完好，肉量含量足，营养均衡，性价比高，封口设计方便储存，适口性好，挑食狗狗也喜欢，会回购，推荐给有需要的朋友，可入手,好评,5
麦富迪牛肉双拼粮真不错！肉粒超多香味浓郁，挑食狗秒变干饭积极分子，便便成形毛发亮泽。性价比高营养均衡，独立包装新鲜度好，京东物流快，无限回购！,好评,5
一直购买的品牌，狗狗吃了没什么不良反应，也爱吃！颗粒大小合适，看着像是有蓝莓的冻干，对眼睛好！就是价格浮动比较频繁，小包装蛮好，能更好的保证新鲜程度！,好评,5
啊。之前狗子还挺喜欢吃的。结果现在买了这款。都开始不爱吃狗粮了,中评,3
这款狗粮真的太棒了！狗狗一打开包装就迫不及待地吃起来，吃得津津有味。而且便便很成型，毛发也更亮了，性价比超高，强烈推荐！,好评,5
物流速度很快。晚上下单，第二天早上就到了。不耽误狗子吃。11岁的老狗口粮，不能间断。吃完就买，日期新鲜。里边的食材对老狗很有益处。从便便上就能看出来，吃完继续买。,好评,5
买了好几种狗粮，对比下来，狗子最喜欢吃这款了，吃了以后大便正常，毛色亮泽，这款狗粮也经济实惠，这种小袋包装的也存放方便，不怕时间久了发霉受潮，一个月两袋，家里狗子的常备粮食。,好评,5
家里狗狗年纪很大了，稍微沾边油荤都拉肚子，吃东西很小心才行，一直吃这款狗粮还可以，没有什么问题，只是配料表一般般也没有什么太多营养，平时会搭配其他营养东西一起喂,好评,5
家里的狗子一直吃的都是麦富迪的狗粮，从藻趣儿到老年粮，罐头也是麦富迪家的，狗粮品质很不错，是食物本身的味道，没有香精味，狗子爱吃，好评！,好评,5
一直买牛肉粒的那款粮，后面又看到这个冻干粮，换来试试，也给狗子换个口味，冻干还是挺多的，而且颗粒也很小，狗子还是挺喜欢吃的，就是会先挑着吃冻干&hellip;&hellip;,好评,5
发货速度快，第一天下单，第二天上午就收到了。狗狗老了，有些时候肉吃多了，就会腹泻。这个狗粮还可以，狗狗能吃一些，吃了几天，腹泻明显好转。,好评,5
第二次购买，狗狗很爱吃（柴犬）而且吃完之后，我感觉体重也有明显增加，营养很丰富，不错，也没有不良反应，可以入手！！！！！！,好评,5
家里狗狗年纪大了，最小的也十几岁了，别的狗粮不敢买，吃了就拉稀，可能年纪大了消化不良。吃了几年这款狗粮感觉还不错，即使百般照顾也还是走了三个去汪星了,好评,5
我家2只毛孩子，今天都已经10岁了，咱家这款老年犬粮已经吃了3年了，日期新，发货快隔天就到了，味道超好，我都看着很香，还会继续回购的,好评,5
我们家狗子今年马上九岁了 从两岁就开始吃麦富迪 从去年开始这款老年狗粮 狗子一直吃习惯了 肠胃也可以 消化好吸收好 膘肥体胖,好评,5
一直买这款狗粮，家里老年犬吃的不错，已经在京东买过好几次了，也有小包装的，家里小狗不挑食，这款狗粮吃起来毛色也不错，吃的也很香，有时候拌点肉吃，更爱吃。,好评,5
我家狗子比较挑食，但是这款它爱吃，里面还有冻干蛮好的，这是别人家比熊主人推荐购买的，据说可以去泪痕，但是好像对我家狗子没用,好评,5
这款狗粮也已经多次购买，适口性很好，小狗很爱吃，就是有个小缺点，狗狗吃后会特别爱喝水。冻干浮在上面，不够匀称。喂，之前需要摇一摇,好评,5
这个品牌的狗粮用了好几年，去年狗狗放在父母家换了别的牌子就是不爱吃，最后还是这款狗粮更加符合狗狗的喜好。狗狗的食欲增加，便便也柔软细腻不干燥了,好评,5
麦富迪这款老年款，第一次吃，挺好的，对肠胃有缓解，大便正常，普通款吃了有8.9年了，不适合老年狗狗吃了，年纪大了还得吃老年款，之前还有一款七龄➕的，我觉得还是这款对肠胃好些,好评,5
没想到狗狗很爱吃，而且味道问起来也不错，狗狗吃完也没有说吐或者其他不良反应，麦富迪还是比较放心的狗粮，可以入手，亲测不错的狗粮,好评,5
一直买这个牌子的狗粮，配料干净丰富，营养健康，适口性强，价格实惠，质量真的不错物流也很快，狗狗一直喜欢吃，会再次购买的。,好评,5
家里的毛孩子刚好7岁，到了要抗初老的年纪。这款粮的冻干超多，牛肉+蓝莓+磷虾的搭配看着就有营养，它特别爱吃。1.5kg小包装也方便保鲜，准备长期回购，希望能帮它保持活力！,好评,5
这款狗粮质量好且价格实惠，我家狗狗吃得津津有味。毛发也油亮，每天上蹿下跳身体强健，活力十足。卖家的服务也非常好，发货迅速，值得推荐！,好评,5
吃了好多年的狗粮，老狗狗吃着肠胃也很好，就是冻干少了些，要加冻干鸡胸肉。这次着急用，价格稍微比平时高点。快递小哥送货到家。,好评,5
买来了才开始打开喂，对吸引一般，狗狗属于那种给他它他就吃，不追着要，但是之前宠物店送的，它就追着要不要不知道好不好，拿水泡了十分钟，就是图上那样不知道好不好？谁懂得给我科普一下谢谢,中评,3
不知道为什么，自从吃了这个狗粮后，自制的加肉米饭啥都不吃了，以前吃的可香了，现在只吃这款狗粮，其他都不想吃，不可能天天只吃这个狗粮吧😠ོ,中评,3
就还行吧，狗子也没多喜欢吃,中评,3
我觉得算中等吧，要求不高可以吃,中评,3
送货很快，价格还可以吧,中评,3
价格便宜了，但肉块少了,中评,3
还行吧，狗还算比较爱吃,中评,3
还行吧，狗狗不是太喜欢吃....,中评,3
凑合吧，狗子挺挑食，吃的一般,中评,3
第一次买这款不知怎么样。后头追评。,中评,3
里面是一小包一小包的还不错、就是配料表有玉米不太好,中评,3
送货很快，看起来还行,中评,3
看着配料内容挺多，可是狗子们不爱吃 ，以前经常吃的是牛肉和鹿肉双拼的，不知道原因,中评,3
包装很好，肉粒特别少，我数了一下就只有21颗，其余全部是饲料，没有说的那么好,中评,3
狗粮到了，俺家比熊不吃，也可能是换口味不适应，厂家发货慢，快递员送货速度快，服务专业，负责五星好评。,中评,3
第一次买这款狗粮，上次买的伯纳天纯的，里面有冻干，狗粮的颗粒比较小，适合小型犬吃，狗狗每次都先把里面的冻干吃了，留着不吃其他的，感觉一般哦，价格还是挺实惠的,中评,3
送货很快，看起来一般,中评,3
这个似乎很香，不管我放多少狗狗都可以全部吃完&hellip;&hellip;感觉跟她爱吃零食一样爱吃这个狗粮，我家狗得过胰腺炎，吃过很长一段时间处方粮，有点担心这个对他她身体不大好😭😭😭😭😭😭,中评,3
之前一直是箱子装，多囤点可以磊起来放，现在就一个@袋，家里不好放。里面东西还是一样的，没问题。,中评,3
还可以 颗粒大小：合适 毛发亮泽：可以 香味：可以 安全性：不错,中评,3
不咋样，冻干只有一点点，狗粮狗不爱吃,差评,2
第二袋狗不太喜欢吃了，要换,中评,3
偷工减料了，冻干量跟之前购买的对比少了好多,差评,2
我家宝宝：不爱吃，不值表扬,差评,2
买回来一个月了，狗子死都不吃，这想退掉,中评,3
适口性：狗狗不爱吃，只吃粗的那些小方块颗粒，剩下的不吃,差评,2
没有密封袋十分不方便,中评,3
买完晚上就有赠品了，客服完全不提醒的,差评,2
第一次是纸箱装的，这次就用一个破袋子装了,中评,3
买的双拼2袋79元和泰迪冻干狗粮1袋89元，收到的是一样商品，商家客服人员表示没有发错商品。大家可要小心哦，差价不小呢。,中评,3
颗粒超级小，就是狗子一口不吃，三只小泰迪&hellip;&hellip;竟然没有一只吃这个狗粮，之前买的牛肉鹿肉的都有吃的&hellip;&hellip;这个浪费了，连里面的冻干他们也不吃,中评,3
狗肉眼可见的瘦了 只吃冻干 狗粮根本不吃,差评,2
冻干比之前购买的少太多了，一袋没有几量冻干。,差评,2
这个狗狗吃了不停喝水，不太推荐,中评,3
冻干明显比之前的要少了，不知道是不是抽条了,中评,3
这款狗粮油性大 我家阿拉吃了一直拉肚子,中评,3
现在都不送货上门了吗？让帮忙送到楼上，直接一句送不了？？,中评,3
完全跟图片不符，黑乎乎的狗粮,差评,1
买来一个礼拜又优惠60还不给价保,差评,1
日期不新鲜，第二狗狗也不爱吃,差评,1
狗粮一般。活动经常参加不了,差评,1
头一天晚上下单价格高 还不保价,差评,1
小狗最喜欢吃里面白色的，但是对比上次感觉少了一半，也小了很多,差评,1
感觉做的没有以前好了 包装也不合适,差评,1
这狗粮 吃了几天拉肚子 高低不吃了 慎买,差评,1
小包装很方便，但是拉布拉多吃完泪痕重。,差评,1
商家说这个是筋膜，反正我是不太敢喂狗了，大家自己鉴定吧,差评,1
不好泡，配料表不是太好,差评,1
我家狗完全不吃，塞嘴里都要吐出来😂,差评,1
还是那种不能封口的包装，还不如原来的包装,差评,1
退货两个礼拜了，钱还没下来，打电话跟我说钱不能原路退回，只能退回京东账户，也没退！,差评,1
不知这回的狗粮咋回事儿，比我上次买的还贵呢狗不爱吃,差评,1
写的是小颗粒的，到家总是不对，包装也不写清楚，没诚意,差评,1
客服挺不服责的，真的,差评,1
狗狗吃完拉果冻便 生产日期 也没找到 其他评价 是对的,差评,1
这种白色颗粒有些正常，但有些发黑了，桶是密封状态，很奇怪,差评,1
狗不爱吃&hellip;&hellip;我也不知道怎么办,差评,1
买的时候看着写有赠品，买到家发现没有，问客服说是随机赠送，结果这才几天又降价了,差评,1
也没有包装，就一个塑料袋，到了坏了要给你换货，退货一天也不审核，就等着，什么商家服务啊？,差评,1
包装挺好的 但是狗子吃了就是拉稀 换了别的狗粮又好了,差评,1
外包装蛇皮袋有磨损的洞，内包装上有两个切口！怎么造成的，见鬼了！小狗子巴巴的等着吃呢，这下好了还要拿去换，窝心！,差评,1
狗狗因为换狗粮拉血，打吊针3天，大家不要买了，狗粮有问题！！！！！,差评,1
第二次买 本来觉得这品牌狗粮挺好的人 这一次 冻干发霉了 狗粮是潮的 我家狗吃了几口就不吃了 联系售后态度还不好 不让退换 这购物体验绝了,差评,1
麦富迪狗粮买过很多次了，狗狗喜欢。牛肉蓝莓口味的第一次买，要拉肚子，一天拉4、5次,差评,1
以前是箱子装的 现在是袋子装现在本来就不安全 说送两个罐头也没送就算了 冻干也少了,差评,1
狗狗不爱吃 猫咪偷吃后全吐了 打算喂流浪了 虽然深信麦富迪的品牌 但是还是不打算买了 是第一次也是 最后一次了 希望适口性品牌方把好关,差评,1
之前都是整箱的，这次是编织袋装的。最主要的是狗狗突然不怎么爱吃了，以前倒多少都要吃完，这次倒了半碗都没吃完。过段时间看看情况再回来评论一次,差评,1
狗粮里边的冻干肉已经长绿毛毛了，已经发霉了，我已联系客服，客服做事，蓝莓不可能出现这种发了霉的问题，但是迪迪雀雀就是发了霉的，里边是对着蓝莓，但是很少冻干肉，已经发霉长绿毛毛了，,差评,1
之前的包装是图一，现在变成了这种的，并且冻干明显减少，虚假宣传,差评,1
不知道狗粮里面有什么奇怪的 成分，狗狗吃了过敏，总是啃自己的毛,差评,1
以前就给狗子买过麦富迪的狗粮和零食产品，觉得挺好的。这次买的太让人失望了。狗粮里面倒是有冻干，就是狗粮太臭了，满屋子廉价狗粮的臭味，狗也不爱吃。,差评,1
之前也是吃这个狗粮的，这次下单又买了一大包，当天中午吃的白水煮新鲜鸡胸肉，下午5点出去遛拉屎是正常的，晚上六点多拆了一袋刚到的狗粮吃了，两只狗都拉肚子呕吐，大的打针吃药，小的拉血还在住院，客服说狗粮有出厂检测报告，怀疑是我喂的鸡胸肉有问题或者狗吃了其他东西导致急性肠胃炎，而且说我没有证据证明狗就是急性肠胃炎，因为医生抽血做了生化和血常规检查，排除了胰腺炎就说是急性肠胃炎，客服说医生没有做粪便检测就断定是肠胃炎，需要医生做了这个检测证明，反正就是狗粮没问题，是我自己的问题，我对天发誓狗就是吃了狗粮晚上十点半左右开始拉稀呕吐一发不可收拾，直到半夜4点多拉血，截止目前还在医院，大狗症状比较轻微目前打针吃药已经900+费用，小狗检测费用700多，住院押金1000，目前还在住院，我不知道是不是狗粮批次问题，也因为是大厂比较信任，之前吃这款粮也没问题，但就这次吃了一顿就马上病发，现在客服认为不是他们的问题，已经退货退款处理，我也不知道是谁问题，反正发出来提醒一下大家，以上内容全部真实，说谎我****！！,差评,1
狗子一口不吃，一直放着。。。下次再也不买了,差评,1
收货当天就降价，价格很不稳定,差评,1
不好。包装太差了，塑料袋都破了,差评,1
卖家太差劲，靠骗人卖东西的吗,差评,1
差评，跟之前的包装都不一样,差评,1
很迟才拆开，发现只有8包！！！！太失望了！,差评,1
同样618活动 第一波预售买的反而比现在还贵？！ 前后只差10多天？！ **,差评,1
每一包都是 发霉了 太没良心了！,差评,1
客服态度差 跟过期了一样 没一点气味,差评,1
狗狗都不怎么吃，肉粒也很少,差评,1
狗吃完这个狗粮 上火 拉尿那是真的骚臭 吃其他狗粮又没事 真的垃圾,差评,1
买完立马降价，说可以找客服，客服直接来一句过了活动日，大家可以自己看！人麻了！京东永远都是这样！,差评,1
长沙下大雨，店家怎么可以这么小气？用保鲜膜代替包装袋，狗粮外包装都有水。差评。,差评,1
618第一波预售竟然比现在的价格还要贵 这搞的什么活动？ 前后也就差10多天 虽然差价也就20块钱 但同样是618活动而且第一波预售买竟然买贵了 感觉被骗了,差评,1
质量越来越差，每一袋都是这样，好垃圾现在,差评,1
换包装了，没法收纳不好差评，包装越换越差价格还贵了,差评,1
大袋里的小包装太差，根本就和图片的包装不相符，打开后也无法封口。给人的感觉太垃圾了，购物体验不好，有种被骗感觉。,差评,1
不行啊，盐分太重了，毛孩吃上火了😔,差评,1
我家拉不拉多吃了拉了两天稀，都拉虚脱了，垃圾狗粮,差评,1
一直在买麦富迪，但是这后面的包装跟货品都越来越差了，唉,差评,1
狗子根本不吃 味道很难闻 打开包装我一闻都快吐了,差评,1
我养的泰迪幼犬越喂越瘦，快被这狗粮吃死了，没营养的垃圾狗粮。,差评,1
差评，我家狗子不挑食的，冻干都不吃一下的，太难吃了,差评,1
如果可以，一星都不想打。不管是包装还是品质，和以前买的一模一样的差了不是一星半点，商家看图吧，真能忽悠人！,差评,1
真是差劲！说的赠品一个没有，问客服半天不回话！第二回了，不会再买这牌子了,差评,1
非常差，狗吃了便软，而且拉出来颜色是绿色的,差评,1
这款狗粮非常差，颗粒小，冻肉干很少有几个，与详情里不符合，闻起来有浓浓卡其霉味，狗狗不吃！慎买！！！,差评,1
这个里面冻干很少，建议买双拼的换个牌子，不建议购买这个！抓了好几次，也翻了好几次，冻干极少极少&hellip;&hellip;,差评,1
不处理售后问题，差评,差评,1
以前买的有很结实的纸箱包装，这里买的没有，真怀疑买到假货！以后不在这里买了，十有八九是假货！,差评,1
非常差，狗吃了便软，而且大便是绿色的,差评,1
不说粮怎么样，在这么敏感买狗粮的时候，包装还是这个样子真的非常不理解,差评,1
左边是我之前买的小型犬粮，右边是我新买的小型犬粮？请问这正常吗？这么小颗粒的狗粮？确认是给成犬吃的？柴犬本身就是中型犬种，中大型犬粮也买过，颗粒又太大。这回买小型犬粮吧。这颗粒跟开玩笑似的。麦富迪品质真是越来越差了。还京东自营呢。要不是淘宝那边发不了。哎&hellip;&hellip;,差评,1
售后客服人员说辞推诿，对话交流跟挤牙膏的一样，非常差的体验，绝不复购，差评拉黑,差评,1
东西还没打开，说是4号到8号搞活动，送罐头啥的，我当天下单没有问客服，结果邮寄回来没赠品，找客服要说没有，@,差评,1
很垃圾，狗狗都不吃，页面上写的不吃包退，还不给退😤😤😤😡😡😡完全就是隐形陷阱！！！慎买！,差评,1
和广告图片根本不一样，却黑也不知道是神马东西，很失败的一次购物,差评,1
觉得麦富迪特别无耻 预售价格贵不说 也没有任何赠品！预售的时候问客服 客服说预售一定比双十一便宜！现在改口说京东的活动和他们无关，不要脸到这个程度我也是醉了，这么大的商家做个活动这么无耻，真的绝无仅有了！,差评,1
狗子都不爱吃，吃了拉的便便都是软的像拉肚子一样，后来就没喂了，便便正常了，这几天又拿来给它吃吃了又那样，这狗粮是假货吧,差评,1
页面显示有赠品，结果发来没有，说先到先得，结果页面还显示有赠品，骗人的，这家以后没法再买，没有信用度,差评,1
左边是以前的包装，右边是现在的包装。不避光，没有密封条，特别简陋，不会再买了麦富迪了。,差评,1
经常买这个，这一次给我来掺假了！明明每次都是大颗粒完整的粮食，这一次给我来小颗粒的有些碎的粮食！狗狗也不爱吃！这是欺负我非买不可吗？,差评,1
小心购买 黑心店 快递两天送不到 客服和快递员给我回复不一致 店家说到了派送点 快递说货没到 为了生命安全 慎重购买！ 商家一直打太极 不正面回应,差评,1
别买 别买 大家别买 还有一堆 都不知道怎么处理 齁咸齁咸的 我自己吃了都咸的受不了我说怎么我家狗最近下楼一直尿尿 感觉憋了好多尿 客服也别给我解释什么多喝水身体好 你怎么不天天吃咸的东西你也多喝水身体好,差评,1
不好意思，麦富迪官方客服，你们可以把我给拉黑吧！退款套路太深，那就不退了吧！估计是我家狗太挑食了吧？反正麦富迪营养森林还可以吃一些，想着给他买个双拼，哪知道一口也不吃不知道是狗粮的毛病还是什么？,差评,1
狗子爱吃，从小吃到大。买了很多次了，就是之前答应给的赠品一个没给，亏我还凑单一下买了好几百块钱。给个差评！以后一直买一直给差评！,差评,1
回购这么多次，这是最后一次从这家买了。发的产品近期，而且很脏，纸箱就和被打开过一样。离着过期就剩5个月，真无语了！！！,差评,1
每次都说是随机包装 买了3次了！都是一样的袋子 你要是就一种包装就直说得了呗。想要那种包装的你说随机 咋的随机三次还都是一个包装了？,差评,1
垃圾，垃圾，，祝倒闭，我是它家老客户了，所以知道它们的套路，一点人情味都没有，欺骗消费者吗，所有地方最贵的，价格标得老高，再打着降价的口号，其实比之前还贵，，千万别买，我现在连0分都不想给，买者慎选。真实评价，不是拖，我愿意为上面的内容负责。,差评,1
购买麦迪富的狗粮已经很多年了～这次竟然发现了异物～而且是很难发现的异物～得亏因为关灯抓的狗粮，发现亮晶晶的一个小东西～反馈给店铺没有任何表示歉意，质疑我买的时间，质疑是不是我开的，质疑狗盆里是不是本身就有异物～我有必要吗～还得顺丰给他寄回去～京东自营产品没听过还得自己找快递寄回去的～这是刚好正面在上，要是里面朝上根本就看不见～当然店铺应该会质疑是不是我眼神不好了～这就是相信了四年的品牌,差评,1
对比该品牌旗下其他狗粮，这款狗粮闻着气味怪怪的，狗狗也不吃，建议谨慎甄别购买，给个差评。,差评,1
差评差评差评 这么久东西都是主页显示图片赠品有啥就送图片显示赠品，这次买的告诉我我买的没有 然后看了下比之前多了一行小字 咋的考我眼力呢呗,差评,1
血泪教训 11月25号买的狗粮狗狗吃了一个月就查出来胰腺炎 肝肾功能衰竭 医了一周多狗狗还是不幸离开了，这款狗粮打着提高肠胃免疫，结果吃了一个月狗狗居然得上了胰腺炎，这和吃的很大关系，我们平时都只喂狗粮和水，本想着给狗狗选款有可信度的品牌，没想到是这种结果，奉劝大家一定慎重选择！！！,差评,1
我在这家买了几次了，刚开始想着是品牌的，本着对狗狗负责的态度选择了麦富迪，没想到这次这次给我发的货换了包装，没有易拉索，这样很容易导致狗粮变质，我提出了疑问，客服让我去检测，简直无语！差差差！,差评,1
冲着有赠品买的，结果没有，上当受骗。联系客服讲了半天就是一个没有和抱歉，以后都不会买了，真是狗粮商家。,差评,1
吃了这款，狗狗拉的粑粑特别臭，而且还黑色的，换了一款就好了,差评,1
搞活动就用变质的东西卖。打开就有一股怪味，看日期在保质期内，就喂了试试，结果我家几只狗狗一个个得了皮肤病，肠胃变坏。买了麦富迪很多年，但今后不会再买这个牌子了。,差评,1
这次买的这款狗粮，我家两个狗娃几天了都不怎么爱吃，今天确实饿了才吃了我早上放的狗粮，刚才发现吐在睡窝里了。这个狗粮质量（图1、2、3）是不是有问题啊？我都不敢再喂它们了。我一直比较信赖&ldquo;麦富迪&rdquo;，无论是自家的狗娃吃的还是喂外面流浪猫流浪狗都是选的麦富迪牌（图4、5），如果质量没保障，那麦富迪就太让人失望了！！,差评,1
太差劲了，一星也不想给，狗吃了拉稀，大便不成型，两只狗都拉稀，拉绿屎巨臭，本来吃的伯纳天纯的，寻思换一下，刚开始换掺和着喂的，一直拉，不敢喂了,差评,1
主要是快递员太垃圾，电话机问东西大不大，它说不大，所以让你送到门卫，在京东买东西就是图个送货上门，你到好，一点都不诚实，懒得一比。,差评,1
同样15kg的，别家店买的是图一包装，1.5kg/包，有密封口。 这家买的1kg/包，无密封口。差评差评。,差评,1
我家柴从来没有泪痕 每次吃完这个不知道是不是太咸了都是泪痕。现在也吃了一袋子在不主动自己吃了.....大家别买他家狗了，买零食可以,差评,1
真的一颗星都不想给！第一，没有在明显地方标注换成这种包装，并没有明确标注新包装没有密封条！欺骗消费者！然后要求换粮，又说1.5小包装的跟大包装的粮不一样，各位慎重，买了这么多年的麦富迪！再见了！换品牌了！,差评,1
狗粮很垃圾 质量太差 冻干过期变质了 有刺激性气味 已经申请售后,差评,1
一直吃的这个牌子的狗粮，但是这一次真的是不合人意，里面的包装和外面的包装不一样，小包装上面没有写配料，也没有写成分，而且也没有塑封口，问客服，客服说是升级了，这升级还不如不升级了，越升越不好了，我怀疑里面装的是另外一种产品,差评,1
喂了一个多月，每天喂一百多克狗粮，从柴犬幼犬9个多月喂到11个月大，体重一直保持在16.8斤，一点变化都没有，还有一个月就成年了，现在连平均体重都达不到，之前喂皇家幼犬粮每个月都能长2斤，我也是不知道麦富迪幼犬粮怎么回事，我给狗用了拜宠清驱虫，平时还给柴犬额外添加30克的鸡肉鸭肉鸡蛋黄，就这样柴犬的体重还是没变化。,差评,1
毒狗粮没跑了，之前换粮的反应都没这么大，以前换粮最多拉一天肚子，而且能憋住不给家里拉，以前一天拉两次，现在一天三次都不够，还便血了，不知道里面是不是加了什么还很容易饿，吃着香，但是拉屎根本憋不住，之前都不给家里拉，现在在家拉两顿出去拉两顿，根本不敢给吃了可怜孩子,差评,1
一直吃的是这个双拼粮，前两张图片是我最近一次买的，第三张是之前买的，但是这次买的狗狗不爱吃，问了客服，客服告诉我说只有包装不一样，里面是一样的，我还反复确认了订单，确认没下错，客服最后给我的解释是自营仓和旗舰店发货地址不一样，包装有更替，是一样的东西，我觉得爱宠不会撒谎，买这大包之前，狗粮断了，我单独下了一小包1.5㎏装的，狗狗就能正常吃，所以京东自营仓还是发错货了，客服不承认。 要不是因为五一假期前买的，着急回家，来不及退换，这袋狗粮肯定是要退货的，以后还是去旗舰店买吧，东西不一样,差评,1
非常不满意，主页介绍赠罐头不赠，会员积分兑换优惠券还特别慢，就是不想让大家在双12使用，客服解决不了任何问题，只会说请理解，如果大家都理解，就不用咨询客服了，什么问题自己克服吧。现在包装也特别廉价，说什么不标注狗粮字样，防止投毒的，只是说说吧，还没有原来纸箱包装的好，以后就选别的狗粮吧，不至于花钱找气生。,差评,1
这个狗粮有几大缺点： 1、包装不行，没有封口条，每次喂了没法密封，只能拿个夹子夹一下。 2、内部冻干和狗粮混合不均，冻干在上面，狗粮在下面，不知道会不会吃了冻干后面不吃狗粮！这个只有想办法先喂几天了再看。 3、不要相信随机发货，这个牌子说随机的就是发旧版本，买过他家多个商品都是这样的。 4、换了这个狗粮今天第一天吃，狗子感觉状态很差，很蔫，不知道是不是粮的因素，也可能是这两天太热了。,差评,1
朋友们都说麦富迪的狗粮是垃圾狗粮，不建议买，但是我家狗狗是拉布拉多，不是很挑食，但是最近也不吃狗粮了，光吃饭，不知道咋回事。加上这个又便宜，所以第二次购买。下单的时候提示凑单有7件赠品，到手只有一个赠品，欺骗消费者,差评,1
体验非常差，一开始收到货狗粮就特别油，一碰手上都是油的那一种，问客服客服说时间太长油脂析出，让我放两天再看看，放了两天还是油，并且狗子吃了一段时间有泪痕，又告诉我不能退了，赠品根本无法点击申请退货，操作了半天，客服让我找平台客服，平台让我找在线客服，捯饬了半天还是不行，还要扣钱，太垃圾了，以后不会再买他家狗粮了，果然像网上说的毒狗粮。,差评,1
狗狗吃了大便不成型，感觉不太适合,差评,1
我家狗狗都不怎么吃 越吃越瘦,差评,1
安全性：封口处没有看到生产日期。狗狗吃一次吐一次！,差评,1
这真的是冻干吗？？？？一个是麦富迪的冻干，一个是自己烘的肉干，狗闻都不闻冻干？？？？？,差评,1
狗狗不爱吃，饿急了吃几口，换粮后鼻子眼色变浅了不知道和这个有关系吗,差评,1
都不吃火腿肠，吃了狗粮一直有眼屎。,差评,1
小狗吃了一直拉稀，一周都适应不了,差评,1
吃了几天吐了几天。真是无语,差评,1
实在是不好。狗狗吃完拉的贼臭。我家狗狗都不吃。吃完还吐。不建议购买,差评,1
这狗粮一吃就拉肚子，真的无语，一晚上觉都没得睡,差评,1
伯纳天纯这款鸭肉梨狗粮真的绝！75%高肉含量+5%冻干，毛孩子超爱吃，颗粒酥脆不油腻，完全不挑食。鸭肉梨配方超贴心，有效清火淡化泪痕，家里两只狗狗吃了半年，毛发亮泽、便便成型也健康。15kg大包装超划算，自营物流快还不爱吃包退，养宠党闭眼冲，无限回购！,好评,5
第一次买伯纳天纯的狗粮，狗粮的适口性很不错，狗狗很喜欢吃，但要注意遵循七日换粮法哦。另外物流速度也非常快，当日达，不用担心断粮～,好评,5
这个狗粮很不错 买了好多次了 趁着活动赶快再囤一点货 狗子也很喜欢这款狗粮 吃了这款狗粮泪痕也轻了很多 适口性也很好 添加的肉粒也足够多,好评,5
给大狗狗换的量，这两天在转粮。配合度挺好的，没说不要吃，连着吃了两天了，便便很好的，没有出现不适应的情况。京东物流特别快，好评,好评,5
一直都在吃这款狗粮，买了好多次了，狗狗依旧很喜欢，每次倒一碗放着基本都是狼吞虎咽地吃。狗粮性价比很高..........,好评,5
商品整体还可以，符合基本预期。物流速度正常，包装完好。使用后感觉一般，没有特别惊艳的地方，也没有明显的缺点，属于中规中矩的产品。,好评,5
伯纳天纯鸭肉梨狗粮简直是易上**狗的救星！鸭肉性凉清热，搭配清甜梨肉润燥，我家比熊吃了半月，眼角泪痕明显淡化变干爽，再也没有脏兮兮的痕迹。开袋就是清新肉香混着梨香，无刺鼻腥味，梅花形颗粒大小适中，还点缀着鸭肉冻干，适口性拉满，挑食怪每次都哐哐光盘。酥化工艺口感酥脆不油腻，咀嚼不费力，幼犬成犬都适配，吃完口气清新不口臭，便便成型不软塌，养宠人彻底告别泪痕焦虑。,好评,5
好大一袋，不知道狗子喜不喜欢吃。狗子有泪痕，怎么去嘛。希望狗子啊，狗子吃了之后以后没有泪痕，然后毛发顺亮，嗯，他还挺乖的。每天吃的少，也从来不在家里拉，对吧，可乐,好评,5
这款狗狗粮食非常不错，之前买的是幼犬的，现在改成这一款，之前幼犬吃的非常好毛发特别亮，狗狗长得也特别快。因为过了三个月，所以现在改成现在这一款，这个品牌值得信赖，效果还是很好的。,好评,5
国产粮里属于第一梯队，问题是含肉量不足，肉粉多，优点是适口性价格都不错。伯纳天纯全价犬粮鸭肉梨，有冻干是加分点，狗爱吃。,好评,5
里面冻干蛮多的。小狗特别喜欢吃.！吃了也蛮好的泪痕变少了。快递员没送货上门 有点重哈哈哈哈 下次会再来的。总体很不错的哈哈哈,好评,5
最近一直给小狗宝吃的这款狗粮，非常的棒，吃完也不会上火，特别的好，后面还会继续回购，推荐大家购买，绝对的物有所值。点个赞,好评,5
一次很好的购物体验，服务周到，物流快速，配送也很周到，态度也很好，好评！家里的狗子不挑食，哪一款都喜欢吃，这个的性价比还是挺高的。,好评,5
包装很好，狗粮看着也很有食欲。伯纳天纯品牌已经多次购买了，他家的狗粮品种多，内部含量很新颖。这次京东活动价比其他平台都要便宜的，还有赠品。值得购买。,好评,5
小朋友小时候一直吃了三年，后来换了别的狗粮，现在七岁半了，有换回来伯纳天纯，从小吃的，放心，这次里面加了冻干，更爱吃了,好评,5
这个狗粮不错我们家的狗都爱吃这个品牌以前用的比较少后来有一次知道之后就给我们家的狗都换成这个品牌了吃的还挺好的家里有两只狗一只大白狗一只小黑狗两只狗都非常爱吃这个狗粮吃完之后长得也不错杠,好评,5
买给家里比熊吃的，一直吃的这个牌子的狗粮，效果蛮好的，狗子也挺喜欢吃的！！！！！！！！！！！！！！！！！！！！！！！！！！,好评,5
送货快，京东送货上门，伯纳天纯的性价比还不错，很多款狗子都爱吃，还有两小袋赠品好评，整体来说非常好，一直回购他们家的狗粮，还会继续回购的！,好评,5
物品收到挺不错的，还会再来的！没得说，物流那是杠杠杠的。必须赞！已经买了两次了不错。狗狗特别喜欢吃，是很好的狗粮，以后还会继续购买。,好评,5
伯纳天纯的这款狗粮 狗狗很喜欢吃 吃的很香 鸭肉梨配方不上火 对狗狗泪痕也很有改善 无限期回购 狗狗很喜欢吃 吃的非常香,好评,5
生鲜生级款，颗粒大小合适，适合比熊这种小型犬，一直购买伯纳天纯各类狗粮，这款颗粒大小是最合适的。,好评,5
吃了半个月，一直黑便，客服说正常&hellip;&hellip;,中评,3
多次回购的狗粮！颗粒大小适中，狗狗吃得香不挑嘴。配方温和低敏，好消化吸收，长期吃体质变好，毛发光滑有光泽，便便成型不臭，铲屎官必备，真心推荐。,好评,5
伯纳天纯鸭肉梨狗粮，无谷低敏，鸭肉梨配方清热去泪痕，适口性好，含冻干，狗狗爱吃，便便成型，毛发顺滑，性价比高，值得回购。,好评,5
很棒，多年的老牌子了，一直吃的这款，满满的肉香味，适口性嘎嘎好，吃得也香，活动期间价格很给力，适合囤货，这几年国货崛起了，支持国产粮！,好评,5
我家狗狗挺喜欢吃的 我闻了一下味道嗯还可以 以前买了还多种狗粮 都不爱吃 来回换了好几种狗粮都 这次终于能吃了 真希望一直都爱,好评,5
很好的一款粮，适口性非常好，毛孩子很喜欢吃，营养丰富肉香味很浓，肉含量很高，长肉长身体，大厂出品可以放心买。活动价很给力，性价比拉满。,好评,5
纸箱包装完好无损，配方干净，毛孩子己经连续吃了好几年了，无泪痕配方很适合我家的小奶狗，一直一直在回购，超级棒啊👍👍👍👍👍,好评,5
博纳天纯鸭肉梨狗粮，清热解火，除泪痕，里面含有很多种类的冻干肉，狗狗很喜欢吃，价格适中，适合嘴馋，嘴刁的狗狗，太棒了不错,好评,5
家里的狗狗后来一直吃这款狗粮，对狗肠胃比较友好，狗吃后排便比较畅通，几乎没有过拉肚子现象，家里大狗小狗都吃的不错，比较推荐。,好评,5
狗狗超级爱吃的，生产日期新鲜，不是临期产品，家里都是买这个品牌的狗粮，还是很信任的，包装很好，没有破损。配料表也没有乱七八糟的东西，狗粮颗粒大小合适，也不油。,好评,5
特意去小红书查的狗粮品牌，给家里六个多月的小比熊买的、吃着适口性不错，毛孩子很喜欢！配方也很好，营养均衡，吃完会再次回购的！,好评,5
这款狗粮味道非常的好，狗狗非常喜欢吃，吃个不停，下次还会再买，特别是里面的冻干非常多，狗狗吃的很开心。下次还会再买几包儿,好评,5
爱挑食的毛孩子，狗粮换了N多种了。。。。。。。没一包能吃完的。后来换到伯纳天纯终于可以有整包吃完的了。最近这包回来又开始挑食了，家人给饭菜吃习惯了。,好评,5
30斤的大袋子真的很多价格也很实惠，算下来10块钱一斤很便宜可以吃很久了，里面还有冻干营养也很均衡，我家的狗狗很爱吃，就是每次打开比较麻烦要是有小袋就好了,好评,5
狗饭收到了，物流很快，下单第二天就收到了，质量很好，是正品，一直给狗狗买这款粮，狗狗很爱吃，相信品牌，相信京东，五星好评，,好评,5
伯纳天纯升级款生鲜小型大型犬生鲜丛林探秘成犬幼犬泰迪比熊犬粮2kg 一直买的生鲜super鸭肉梨，正好断货了，换个口味，买的升级版 鹿肉口味,好评,5
价格优惠，质量有保障，大品牌值得信赖，营养丰富，含多种维生素，和微量元素，包装精美，快递速度快，狗狗更是非常喜欢，以后会继续回购的,好评,5
卖家发货速度非常快，商品包装完好，快递配送时效也很及时，快递小哥送货上门，每次送过来都是二层包装，商品价格便宜又实惠，我家狗狗又特别喜欢吃，这个牌子我家长期购买真的不错,好评,5
给家里的狗子吃的伯纳天纯的狗粮，每次都觉得天伯纳天纯的性价比很高，添加了很多东西，关键是性价比非常高。这次一次性买的15 k g的狗粮可以是很久每次都是在双十一或者六幺八的时候买价格非常的实惠这次还送了一堆小赠品喜,好评,5
狗子超爱吃！配料表干净，肉含量高，颗粒酥脆不油腻。吃了一段时间毛发顺滑，便便成型不软便，营养均衡，大包装性价比超高，已无限回购。,好评,5
速度很快，包装不错。我家养的是雪纳瑞，生理期后有点挑食，所以换了这个品牌的狗粮，目前为止吃的还算香，但是也要拌着鸡胸肉才吃。,好评,5
狗爱吃，但是自从吃了这个狗粮，每天都有绿色眼屎，粑粑是黄色的，碳水比较高。,中评,3
很不错，狗狗非常喜欢吃，营养价值非常丰富，是正品，价格非常合适，是狗狗非常合适的食物，以后就买这个品牌，就在这家买。真棒,好评,5
一直给狗狗买的伯纳天纯狗粮，回购过好几回了，之前买的1.0版本还没吃完，目前新买的这个还没拆开，之前的就挺喜欢的这个应该也不差,好评,5
东西收到以后马上查看，发现与图片描述一致，超级喜欢，卖家发货速度很快，服务也很到位，给老板点个赞，下次还会来购买！毛孩子特喜欢吃,好评,5
狗狗挺爱吃，之前狗狗老吃自制的，怕不爱吃狗粮，给它一小盆狗粮直接就吃光了，不错，值得购买，很棒，,好评,5
买过多次大袋子的，狗狗爱吃，吃不烦，主要是配方好。 兔兔,好评,5
我家狗狗一直吃的这款狗粮，其他狗粮狗狗没有食欲，吃了有这款狗粮，狗狗胃口也好，掉毛也少些,好评,5
第一次给家里毛孩子换这款粮，没想到它居然主动光盘！颗粒大小刚好，咀嚼起来不费劲，吃了快两周，毛色明显亮了不少，之前偶尔软便的情况也没再出现。配料表很干净，没有乱七八糟的添加剂，性价比也高，会一直回购！,好评,5
伯纳天纯鸭肉梨狗粮 主要肉源：鸭肉、鸭肉粉 颗粒：添加了少量冻干 喂食反馈：他们家专门给有泪痕的狗狗设计的狗 粮，主打的鸭肉梨配方，狗狗吃了清热下火效果 更好一点，不容易有泪痕~,好评,5
第二年为狗妈购买这款狗粮了，然后和这一次还是选用了上一次的鹿肉大盒，狗娃很喜欢吃这款狗粮一样，不是饱腹感也很好。送赠品鸭肉的狗娃吃了以后也很喜欢下次大胆的试试，买一下鸭绒，看看能不能去火气。,好评,5
上一次买的是鸭肉梨，狗粮大小合适，冻干也脆脆的，小狗吃了没泪痕，这次换个口味，15kg小比熊能吃几个月了，好了再来买。价格也很合适。日期也比较新。,好评,5
伯纳千层狗粮营养丰富，质量挺好的，干净卫生，包装精美，家里的毛孩子非常喜欢吃，从小时候都一直吃的这个品牌的狗粮，性价比比较高。,好评,5
吃了快俩礼拜伯纳天纯生鲜狗粮，说说我家狗 最近换了伯纳天纯生鲜狗粮，颗粒大小适中，我家狗一口一个挺方便。之前它总爱挠眼睛，换这个粮之后感觉好多了，可能是鸭肉和梨比较清热。,好评,5
回购多次的老顾客了！狗粮开袋肉香扑鼻，家里挑食的毛孩子秒变干饭机器，吃得嘎嘣脆还光盘。便便一直很健康，毛发也油亮亮的。物流超快两天直达，活动价入手超划算，会继续囤货！,好评,5
京东物流快，质量高。这几年一直都给狗子买这个牌子的狗粮，便便情况正常，没有软便的情况。这次升级了2.0，活动期间比1.0还便宜，让狗子尝试一下。,好评,5
已经多次购买这款鸭肉梨升级版狗粮，家里泰迪小型犬喜欢吃。狗粮新鲜味道香，里面搭配了不少冻干毛孩子很喜欢，京东自营的商品放心购买，全五星好评。,好评,5
之前我家大狗一直吃的是博纳天成的狗粮，身体状况很好，后来由于某种原因，我给他换成了别的狗粮，自从换了狗粮之后也开始掉毛了身体也消瘦了不少，估计还是狗粮不好，所以这次又换回了我那天囤的狗粮，希望能改善掉毛情况，增加身体抵抗力,好评,5
营养丰富肉香味很浓，肉含量很高，长肉长身体，大厂出品可以放心买。活动价很给力，就是为啥用不了国补,中评,3
生鲜系列忠实粉丝来啦，吃了7年，这次活动又囤了生鲜的，口味很多，每次买不同味道，挑食狗子也喜欢吃，嘎嘎干饭！!！边吃边掉，哈哈哈！ 就是活动越来小啥送的东西都没有。,好评,5
伯纳天纯鸭肉梨应该是国产老品牌狗粮了，自从吃了这款粮食，泪痕也没有了，毛孩子也很爱吃价格实惠，发货也很快。,好评,5
好狗粮，是一款值得信赖的产品。我家狗狗八岁多了，一直在给它喂这款产品。毛色一直很好，而且体质不错，很少生病。狗粮味道不错，狗狗很喜欢吃。会一直回购。,好评,5
从小到大都吃这款狗粮，给小狗吃的油光水滑，身材非常好，而且基本上没生过病，之前也想着能不能给它换一种一直吃一种不会不会太单调，换了便宜点的舒纯系列，结果吃的不是很好，换回来之后一顿狂吃，以后就买这个系列了,好评,5
营养均衡，含高质量，改善毛发和肠胃健康。&zwnj;&zwnj;适口性强，颗粒裹鸡肉松，家里柯基犬很喜欢吃，价格亲民，活动期间囤货价格很划算,好评,5
它别太爱了，之前吃1.0就吃的很好，都说柴挑食，它可太喜欢吃了，这个2.0更离谱，原本早上不吃饭，倒上了库库一顿吃，希望他他可以再圆润点,好评,5
双十一了赶紧给家里的一家五口泰迪囤点狗粮，基本上一个月就得一大袋，各种品牌各种口味都不重复，换着吃，这次囤的是伯纳天纯鸭肉梨和牛肉味两种，鸭肉梨有试吃先打开给它们吃，看起来还挺喜欢的。,好评,5
家里毛孩子很挑嘴，原来山姆买的狗粮退掉了。换成伯纳天纯试试，里面有冻干毛孩子很喜欢。京东物流非常靠谱，昨天下单，今天就已经送货上门，而且还是送上楼。,好评,5
伯纳天纯的这款生鲜系列犬粮这真的非常不错，自己的工厂和自己的配方，营养丰富冻干很多，适口性好，狗狗都喜欢吃，多年老品牌，大品牌，性价比拉满，放心吃放心喂。,好评,5
这款狗粮性价比很高，可以作为爱肯拿鸭肉梨的平替，家里玻璃为小狗，吃这款不会软便，泪痕也不是很大， 小型犬基本是一个月一袋，优惠经济,好评,5
冻干很多，狗子很喜欢吃，一天三百多克，营养丰富而且含肉量高，日期新鲜，国产狗粮里伯纳天纯做的算不错，尤其是生鲜系列，我认为值得推荐！,好评,5
买来给小狗换粮吃的这是鸭肉梨，而且博纳天成的牌子也很好，直接买的15 公斤装一次可以吃很久，相信品牌的力量，相信小狗吃了可以茁壮成长，而且京东配送速度也很快，速度也很合适,好评,5
这款狗粮营养丰富，富含多种对狗狗有益元素。颗粒大小适中，方便狗狗咀嚼吞咽。适口性很好，狗狗吃得很香，有助于保持健康活泼的状态。,好评,5
这款粮超值，现在囤粮哈哈，等小狗过两个月就可以吃了，现在吃的也是这个牌子的幼犬粮，吃着很不错，营养正常，没啥问题，小狗爱吃，每次能吃两百克，,好评,5
给家里狗子换粮，之前吃的也是伯纳天纯，这次换了一个系列，拆了试吃装，大狗小狗都爱吃，一拆开就冲上来吃掉了，我自己也尝了一粒，不会咸，配料表也干净。,好评,5
伯纳天纯的这款鸭肉梨冻干狗粮，颗粒大小合适，冻干也不错，闻起来味道有点淡淡的香味，我们家小狗子还挺喜欢吃的，还是很不错的。,好评,5
双十一复购的，也是为了囤货，平时要贵很多，便宜就多买点。狗狗爱吃，颗粒小，闻着有股清香，买了三个口味，看哪个最好就下次多买点，大品牌，质量有保证。,好评,5
伯纳天纯家的忠实粉了，从生鲜1.0买到生鲜2.0，各种口味都囤了一遍，里面有冻干，升级版的生鲜系列添加了鲜肉，平时价格不便宜，一般都等有活动的时候提前买。,好评,5
伯纳天纯多年的老品牌了，放心可靠，研发力强，生鲜系列尤其值得买，长肉美毛去泪痕增肌，效果显著，双十一也适合多买几包，价格很合适,好评,5
狗狗很喜欢，新鲜美味佳肴，希望多些品种选择，我家小狗吃了后，毛发光亮，身体棒棒哒的，是朋友介绍买的，吃了一周感觉不错可以的,好评,5
狗狗一直吃这个牌子的狗粮，主要是味道好，狗狗爱吃，吃完无泪痕产生，毛发蓬松有光泽！ 赶上双十一活动给力，必须多囤点货！！！,好评,5
伯纳天纯的狗粮，适口性普遍反映不错，而且针对不同狗狗的需求，推出了很多系列。至于质量嘛，也算是用心，是有这么多人选择。已经复购过几次了,好评,5
这种生鲜系列伯纳天纯狗粮我家的毛孩儿都已经吃了好几年啦，一直都没换过，有好几种口味，换着花样吃，吃的还可以，以后也还会继续回购,好评,5
双十一有活动立马下单了，家里狗子很喜欢吃，在边上分装的时候都侯着，喜欢的不得了。京东快递 送活动到家的，非常的方便。快递小哥提前打电话联系的,好评,5
趁双11 嗯价格划算入手了，狗子常吃的这一款狗粮大包24 斤的规格，大概可以吃一个半月一次，成年边牧一次囤3袋就可以撑到下一次的大促。狗子吃这款粮拉的屎很漂亮,好评,5
家里毛孩子就吃这个牌子的。赶上活动多买点。性价比挺高的。京东快递送货上门。安全，快捷，方便。挺好的，包装也挺好的。不错。,好评,5
狗粮挺小一颗的，适合小狗狗 适口性也挺不错的，因为我家臭猪猪啥都爱吃，不挑食 先买一小袋试试 整体来说都挺不错的 屎也正常,好评,5
这款伯纳天纯生鲜狗粮是我家狗宝宝常年必备的食品，有好几种口味，我家狗宝儿换着花样吃，还挺喜欢吃的，日期也很新鲜，快递也给力点赞,好评,5
这么多年一直吃伯纳天纯，往年都会囤，这次发现出新款了，趁着价格合适赶紧入手。看介绍不错的样子，希望不会让我失望，让我家毛孩子失望,好评,5
伯纳的狗粮真的很不错，自有的工厂自我研发的配方，营养丰富冻干很多，适口性非常的好，狗狗都喜欢吃，多年老品牌和大品牌，品控稳定，可以放心吃放心喂。,好评,5
狗狗一直吃这个牌子的狗粮，价格实惠，狗狗爱吃而且吃这个狗粮没有泪痕，毛发蓬松有光泽！ 赶上双十一有活动，必须多囤点货！！！,好评,5
我家小比熊比较挑狗粮，各种狗粮换着吃，这款它也是先挑里面的肉干吃了，饿了之后又把剩下的吃了。虽然吃得不怎么好，但是每次体检还很健康、正常，说明狗粮营养够的。,好评,5
这个评语真的写了多少次都不知道了，家里有2条小狗买的都是生鲜系列10公斤以上的，大概能吃个一个多月吧，狗子是很爱吃的。这么重的京东快递都是送上门的非常好。,好评,5
挺好的，包装上有可以密封的拉链，伯纳天纯大牌子质量有保障，我家狗狗很爱吃这个，不过同一个系列有的狗粮颗粒大有的颗粒小，这个有点让人摸不着头脑。,好评,5
东西已经收到了，伯纳天纯的品牌还是值得信赖的，看到网上说有很多毒狗粮，怕自己也中枪了，所以在宠物医院里看到这个品牌的狗粮后，就一直买这个品牌的了，趁着这次做活动赶紧买了一大袋，如果是平时价格也能优惠一点就更好了,好评,4
伯纳天纯大牌子，质量好，价格也比国外的便宜先买了好多次，每次都有活动，价格真的很实惠，很嘛喜欢！快递送上门，也不用去拿，很方便快接,好评,5
家里有一只雪纳瑞，朋友推荐说这个狗粮适合雪纳瑞，对泪痕，嘴巴都有帮助，正好赶上京东有活动，价格很便宜，必须买一包屯着，希望对泪痕有帮助吧,好评,5
我家边牧一直食用的伯纳天纯，狗狗爱吃，一点都不挑。一直信任京东的产品，每次购物都是一次愉快的体验，物流也非常快，特别省心。,好评,5
这款狗粮收到了，包装完好，狗吃了胃口不错，精神也很好。性价比很高，推荐给养狗的朋友试试。物流也很快，下次还会继续购买。,好评,5
一直买伯纳天纯的，我家毛孩子年纪上来了，给它换易消化的，先买2KG装的，试着不错，这次直接买大包的。12kg吃完再来买几包,好评,5
这个品牌第一次买 之前吃的是鲜朗 这个要是好的话 下回还会回购的 配料表真的干净 看着是不错 希望可以一直有活动 这个一斤相当于二十多块钱,好评,5
养狗几年了，之前吃的另外一个牌子，听朋友推荐买了这个，目前还没换。希望狗狗能够吃得惯。这个一大包，价格不贵，性价比还可以。等狗狗吃了以后再追加评论。,好评,5
不错 这款狗粮鸭肉梨的 清热下火 狗子爱吃 大品牌 最开始是朋友推荐的然后买了小包又买了大包吃完还来回购强烈推荐赶快入手吧嘻嘻,好评,5
他们家已经买了很多年了，这是第1次买了这个丛林款的，不知道味道怎么样，等到吃完了看看狗狗的感觉再来追评吧，大牌子还是比较放心点,好评,5
刚买完就降了不少钱.....,中评,3
这么小的包装，还以为很多呢。就吃吃，狗子不是特别喜欢,中评,3
给一般评价是因为没送试吃装，和客服沟通又让找京东客服，京东客服人工跟机器一样，说来说去就让我退货，我都拆开给狗吃了，补发试吃装就那么难吗？一直在说确实没发确实没发，非不觉得是自己仓库发错的原因，无语了,差评,2
之前买的是小包装，这次双11买了大包装12kg的，肉眼可见的是冻干明显很碎，有很多渣渣，不知道什么原因，自己也就罢了，因为推荐了朋友也买了，就感觉很尴尬。,中评,3
感觉狗狗不是很爱吃，都是饿的不行了才吃。,中评,3
商品质量好得惊人，感觉物超所值，非常开心购买了这款产品。,中评,3
冻干几乎没有，卖的死贵,差评,1
买了没两天就降价，价保还美其名曰国补不能价保,差评,1
袋子密封条几天就坏了，联系客服说要给我补发图片的这种密封带，服了&hellip;&hellip;30斤的狗粮我要弄到什么时候去，时间成本不是成本了是吧？物流也是慢，预计第二天送达，结果晚了一天,差评,1
我家比熊吃了一顿，第二天泪痕就出来了，好多天了还没好。大家慎重选择啊！！！！！,差评,1
冻干几乎没有。卖的死贵。,差评,1
真的有点恶心了，这是什么品控，破了个洞给我用胶带粘上就是，价格也是乱七八糟,差评,1
问客服是说有赠品活动，但实际首页写的送的赠品压根没有，还特地凌晨买的，实际收到货是没有赠品的，既然限量并且卖完了，那就不要在首页还说有赠品活动，京东购物体验感太差了,差评,1
产品好不好，先不说，服务态度很差，产品袋子上，没有标注生产标准，我询问此事，客服并不了解，让我等消息，我等了一个星期，也没有得到答复，后来我又问，客服还是不够了解，又让我等消息，也不说什么时候给我答复，就让等，后来生气了，给我发来了个质检报告，先不说是真是假，就这么简单的事情，都得不到解答，这么大的牌子，这种服务，让人怀疑！,差评,1
不建议买，狗狗不吃,差评,1
买的时候写的有赠品，到货没发赠品，联系客服说赠品限量，我买的时候没有一个页面显示的是赠品限量，现在就完文字游戏，不给赠品，体验感非常差，对这个品牌没有好感了，就当冤大头吧，下次不会复购了,差评,1
博纳天纯的同款商品，我之前购买的链接是340多买的，然后这个链接我无法再次复购，导致我没有办法保价。但是他们店铺内的同款商品的另一个链接是317左右，这个链接我是能购买的。也就是说我同款商品不同链接差价是23元左右。 和客服沟通没有结果,差评,1
海洋之星的狗粮搞活动真的很划算，有活动的时候立马拿下给家里的狗子多囤一些去，吃的很好，物流速度也很快。当天买第2天就能收到了，很不错,好评,5
我们家狗子一直就爱吃这个，营养又好，超爱吃，老牌子了，一直买他们家，超级放心！,好评,5
回购的好多次了，狗狗娃一直吃这个牌子的，爱吃，也很健康。信赖京东自营。,好评,5
我家毛孩子常年吃这款狗粮，泪痕少，毛发旺盛。,好评,5
家里这三年一直买的这个系列，狗狗很喜欢，也不掉毛了,好评,5
我家狗宝一直他们家狗粮，毛发很好。,好评,5
狗狗一直吃这一款狗粮 很合口,好评,5
非常合算，狗喜欢这个口味！,好评,5
毛孩子吃了三年多了，个人感觉这款性价比比较高，狗狗也喜欢吃,好评,5
推荐 颗粒大小：刚好 我家狗牙不太好 适口性：好，狗爱吃，老年狗了 毛发亮泽：吃了拉的没那么恶臭，成条 香味：好肉好原料的香味 可以买买买,好评,5
颗粒大小：大颗粒和小颗粒都买过，家里的两只猪比较喜欢小颗粒。 适口性：两只不挑食，一般正餐是狗粮配肉肉/骨头或罐头，没配餐纯狗粮的时候也能吃完。 毛发亮泽：毛发都满&ldquo;油腻腻&rdquo;既视感，金毛手感不错👍 香味：腥啊！,好评,5
不错，质量很好，价格实惠，日期也特别好，5月19号的，给力，囤粮着的福音。每袋都是单独的盒子，包装非常不错，好评！等毛孩子吃过了再来追评。,好评,5
颗粒大小：正好 适口性：刚换粮，还比较爱吃 毛发亮泽：刚换粮，需等待一段时间看看 香味：海鱼味比较浓 便便情况：便便没那么臭了，也不软便了。 比较推荐，已确定就让两个狗宝吃这个粮了。,好评,5
颗粒大小：适合小狗吃 适口性：小狗喜欢吃 毛发亮泽：毛发浓密 香味：有点鱼腥味，但是狗狗喜欢。 总体觉得不错，狗的便便很好，看着就觉得健康。 这是换粮买的第二包粮。满意,好评,5
香味：有鱼的香气，狗子爱吃 颗粒大小：小颗粒，软硬适中（其实硬一点有助于狗狗磨牙） 适口性：很鲜（我自己磕了一颗） 便便情况：第一次吃，还不清楚 安全性：已验货，是正品 卖家送了试吃，比较贴心。还送了罐头和玩具，狗子太开心啦！,好评,5
看着活动还在继续，又来购买，三文鱼配方，对心脏健康有帮助，狗狗已是老年犬了，买主粮比较谨慎，详细看了配方说明，觉得还是比较适合，狗粮适口性不错，毛孩子喜欢。,好评,5
三文鱼的吃了很多年，这次订小粒的，毛孩子老了，吃着不费劲，又喜欢😍这次订了鸭肉，冻干，双拼，三拼，三文鱼的，每个放一把，也不用换粮，营养丰富又均衡😍,好评,5
颗粒大小：小家伙吃东西不爱咀嚼，所以一直买的小颗粒，叫起来不费力，吞下去也不怕不好消化。 毛发亮泽：吃海洋之星已经快六年了，毛发一直有光泽。 便便情况：没有出现过软便或者便秘的情况。,好评,5
每次发货都这么慢，有毒,中评,3
去年底开始换海洋之星 ，这是第四袋了 ，颗粒大小：小颗粒 ，适合家里的两个小狗子 ，适口性 ：不是很挑食的狗子 ，吃起来很香的样子 ，一天喂90克，便便也很好,好评,5
原本一直在这购买海洋之星低脂老年犬粮，最近一直买不到，咨询客服得知已下架，无奈之下选择这款试试看，因为都时三文鱼口味，尝试了赠送的尝鲜装，狗狗吃得挺好，以后会常购。,好评,5
颗粒大小：颗粒饱满 适口性：好 毛发亮泽：美毛配方 香味：鱼线味,好评,5
狗友有给毛孩子吃海洋之星，第一次购，商家很贴心赠送几袋小包装粮，粮颗粒适中，毛孩子第一次试吃，给的少，狗狗喜欢吃,好评,5
颗粒大小：小颗粒！小颗粒！小颗粒！ 适口性：我家柯基不挑食，喜欢吃！！！！ 香味：浓浓的三文鱼香味！！！！！ 安全性：纸箱包装，确保安全！！！！ 物流:顺丰快递到家，给力！！！,好评,5
香味：这款粮的鱼香味挺浓的，有鱼腥味，家里爱犬挺爱这味道，每次我得洗手洗久点才洗的掉这味道，应该真的有鱼肉的成分在。 毛发亮泽：目前吃的第二袋，毛发还没看出啥变化，因为我家爱犬有眼屎，听朋友说吃这个能有改善，所以才买的，确实眼屎有减少的迹象目前，然后大便气味不臭，大便形状挺好，看出此款粮的消化率不错。唯一不足的是包装袋没有密封条封口设计。,好评,4
粮食很好 我家娃娃不挑食 秒杀每一颗 味道方面是感觉没有加添加剂 每一颗也比较均匀 就是担心会不会过敏 先吃一段时间看看 吃了便便也正常 成型 毛发还没有明显变化 估计要吃一段时间再看 总的来说值得购买！ 会回购,好评,5
颗粒大小：小颗粒，适合小型犬 适口性：很好 毛发亮泽：鱼肉配方对毛发有帮助 香味：鱼腥味比较重 便便情况：正常 安全性：以前都在自营店买的，这次旗舰店有活动就屯点，应该是正品吧。送的罐头保质到今年8月。,好评,5
发货很快，这款狗粮味道不错，海洋之星确实是性价比之王了！ 狗粮有很浓郁的鱼味 ，颗粒每次都会嚼几下再吞咽 可以改善快速进食～排便情况也比较良好！,好评,5
这款狗粮还不错，鱼肉加鸡肉对狗子健康挺好，而且不油腻，狗子们在换粮的时候肠道都没有出现什么问题，说明这款狗粮质量还是蛮好的,好评,5
毛孩子已经3岁半了，从1岁就开始吃海洋之星，毛孩子非常喜欢吃，后来就一直没更换过其他品牌，大品牌值得信懒,好评,5
趁着双十一给我家小毛孩再屯点狗粮，上次买过一次，打卡就有一股鱼的味道，可能是狗粮加外用去泪痕的缘故，现在泪痕有很大很大改善，所以再屯点，店家还送了很多小礼品🎁，看到外面很多狗狗因为吃了不好的狗粮，造成很多问题，就像自己孩子一样，吃进去的东西还是要买安全品牌的，所以一直在京东旗舰店买。还会继续回购,好评,5
颗粒大小：合适 适口性：家里宝贝吃的特好 毛发亮泽：一直吃海洋之星，毛色光亮 便便情况：很有规律 安全性：选海洋之星，没错。特别喜欢这牌子的狗粮，每次还送一盒罐头，特别好,好评,5
之前已经买了两袋海洋之星给狗狗吃，他很喜欢吃这种鱼味的狗粮，我都怀疑他是不是猫了&hellip; 颗粒大小：颗粒均匀，小颗粒的粮适合小型犬，吃起来比较方便。 香味：香味挺浓的，是鱼的味道。摸过以后手上也腥腥的。不过狗狗很喜欢吃。 便便情况：吃了狗粮之后，便便形状和便便次数挺正常的。 毛发亮泽：最后要赞一下，吃了这个狗粮大约半年，毛色有改善。,好评,5
毛发亮泽：家里两个博美都是吃的海洋之星，毛毛超级棒，会反光的那种， 便便情况：粑粑也很正常，比伯纳天纯的粑粑要少一点，不是特别臭，相对于吃其他狗粮要好一点 颗粒大小：大小适中，从11个月就开始吃成犬粮了，嘎嘣脆，感觉还可以 香味：打开就有一股很大的鱼味,好评,5
多次购买了，不仅我们家的柯基喜欢吃，小姨家的法斗儿也喜欢吃，常吃使🐶子们毛色更加水亮，非常不错的购物体验，一分价钱一分货,好评,5
京东库藏发货 第二天就到！包装有些脏 不过日期还不错~ 给六岁老狗买的小颗粒 一股子鱿鱼干味 非常好闻！！狗子刚开始有些抗拒 后来越来越喜欢吃~~,好评,5
经常买这个牌子的狗粮，质量不错哦。颗粒比较小容易消化。配方也好。玩具贵宾犬都可以消化这狗粮。搞活动买的，送了赠品。赠品质量很好。不错不错，满意满意。,好评,5
地方法规和你内牛满面,差评,1
颗粒大小：小颗粒的，是柴犬，比较方便它吃 适口性：可以肯定它不爱吃，挑食，伴肉吃能捎带着吃一些 香味：有一些鱼腥味 便便情况：没有大便异常情况 信任京东，狗狗吃着健康就好，冠能皇家海洋之星轮着吃，对狗来说是一样的，都没有积极性，伴肉吃还可以。。。,好评,5
今年都是在买海洋之星的狗粮，质量有保障，狗子也比较爱吃。小颗粒的狗粮，适合小狗咀嚼。上一次购买送了狗粮桶，这一次送了两包小零食，主要是鱼肉制品，狗子十分爱吃。加上京东的一些优惠券或者满减活动，比通过其他渠道购买划算，品质也有保障。,好评,5
双十一活动力度很大，一次性买了四袋，送了很多赠品，家里三只狗狗，一直在吃海洋之星各种口味的粮，美毛效果不错，便便成型，也不臭。,好评,5
这款海洋之星品牌狗粮非常好，以三文鱼为主，狗狗吃的健康，拉屎非常好。我家豆豆从小吃到现在，毛色光亮鲜艳。希望多搞点活动，力度大一点，可以囤货。,好评,5
19年底我家狗子就吃这个，比渴望是比不了，比爱肯拿我感觉差不多，这么多年了，狗子毛发光亮，口气也比较清新，便便也比较硬实(颜色气味不如渴望)，这么多年了，就这样吧，再贵咱就吃不起了,好评,5
看博主测评说海洋之星的狗粮品质就改善，刚好我的狗需要换狗粮，之前是鸡肉为主料的烘焙粮，现在试试海洋之星的三文鱼粮，颗粒比之前的小很多，狗喜欢，但是刚买完就降价了!真是不能忍!,好评,5
店家很用心，在预计时间内按时到货疫情期间很难得，顺丰快递也给力，五星好评不能少。希望店家天天接大单，日日进万金。第一回购买，如果狗狗喜欢吃的话，下回多买点。,好评,5
颗粒大小：大小合适 适口性：我家狗一直吃这种，非常喜欢 毛发亮泽：毛也很顺了 这次搞活动，直接买了2袋12kg 的囤在家里 还送了一个非常可爱的粮桶,好评,5
狗狗都愣了一下，一开始闻了闻不怎么吃，我假装吃了一粒，他们就开始吃了，据说对毛好，吃一个试试吧，外包装比较厚实，颗粒大小适合中小型犬，还赠了一个罐头，狗狗们也都吃了，第一次试吃一个牌子的口粮，看明天狗狗们的便便好不好,好评,5
不错，狗子从小吃到大的，一般买小袋的，刚好吃一个月，送了5袋试用装，一袋30g，还不错，狗子喜欢吃，天天干饭，性价比可以的。,好评,5
京东太给力！原定推迟两天到达，因为和客服沟通了狗子快没粮吃了帮忙加急！结果两天就到的！！跟实体店没有区别，还便宜，喜欢！收到啦，很不错，非常喜欢，值得购买，(*^__^*) 嘻嘻&hellip;&hellip;宝贝心仪很久了，趁活动时候买真的太划算了，喜欢的不要犹豫啊💌心仪已久，果断下手，快递也很给力，果然名副其实👍,好评,5
吃这款狗粮吃很久了，毛发颜色变深并且发亮，我们家主子挺喜欢这款狗粮，吃完便便拉的也可以，成型不粘地。送的罐头主子一看就知道是他的，嗷嗷叫要吃,好评,5
颗粒大小：小 适口性：高 毛发亮泽：靓丽 香味：适中，有三文鱼味,好评,5
第二次回购啦！狗子挺喜欢吃的 买的小颗粒！！有一股子鱿鱼丝的味道 咸香！忍不住尝了一颗 味道还行 但是狗粮中间像吃纸板一样的感觉hhh~送的罐头狗子也贼爱吃！！,好评,5
打开袋子 很浓的鱼肝油味道 猴子吃的还行 便便挺健康 会回购,好评,5
这款狗粮我们家狗狗已经吃了好几年了，鱼肉的味道很香，狗狗很稀罕吃有的时候鸡腿和狗浪一起并排放狗酷狗就吃狗粮！我也是醉了😵&zwj;💫,好评,5
狗狗結紮後變胖，我改換這款脂肪含量較低的飼料來控制體重。當然最重要的是需要更大量的運動才是控制體重的正道。 廠商用紙箱包裝，這點滿意。,好评,5
狗不嫌家贫～是真的 希望你多吃点狗粮，少吃点零食 毕竟好狗粮才是最有营养的 家中小泰迪吃这款狗粮吃了两三年了，它只适合这款狗粮，颗粒大小合适，拉屎又不会太臭。真的是铲屎官的福音,好评,5
我家三个狗砸，都很喜欢这款狗粮，也吃了好几年了。我家一只马犬一只泰迪一个小串串，所以选的小颗粒的这款。这款鱼腥味重，狗砸吃完嘴巴都有鱼腥味。狗砸们吃这款，粑粑一直都很好。这次的包装要说一下，外包装由塑料袋改成纸箱，我觉得挺好，就是狗粮袋子表面实在太脏了，下午这个可以改进一下。随狗粮送了一个鱼罐头，谢谢。,好评,5
商品宣传误导消费者有狗粮桶赠送，实际没有。,差评,1
小狗很好，非常喜欢吃东西，小便也正常，颗粒适合小型犬。,好评,5
狗儿子是标准泰迪 毛比较糙 还有杂毛 吃海洋之星以来毛柔软很多 杂毛也少了 好狗粮 它也爱吃 会一直回购 有更多的优惠就好了,好评,5
一直给我家雪纳瑞吃这个牌子的。一直吃他家的狗粮。挺好的 宝宝很喜欢。已经是老客户了。这次购买很优惠，而且还赠了两盒罐头和一个饮水机。谢谢商家。还会再次回购的。,好评,5
一直都是购买海洋之星三文鱼狗粮，狗子喜欢吃，每次都会有试吃活动，有各种口味的试吃品类供选择，这是一个很值得信赖的产品！值得推荐👍,好评,5
狗粮包装好，质量好，前几天买了一包给狗狗试吃，看它还喜欢吃，这次又买了两包，物流快，昨天拍的，今天上午就到了，满分。 会继续购买的！,好评,5
颗粒大小：比熊吃 我觉得大小挺合适 适口性：吃着还行吧 也不是很喜欢吃的样子 毛发亮泽：长毛毛了 毛毛明显长多了些 香味：腥味比较重 便便情况：正常,好评,5
给快递小哥一百个赞👍🏻，48斤狗粮外加一个狗粮桶，亲自帮我扛上八楼、送到家门口。狗粮很重的鱼腥味，好像很脆，狗狗嚼得嘎嘣脆。,好评,5
"狗粮已收到，好大一包,快递小哥节日辛苦送上门,辛苦了！宝贝包装完好,是正品,这款粮小狗一直在吃,没有泪痕,毛色更好，便便也不臭",好评,5
知道这个牌子也是很偶然的一个机会，朋友家的狗一直在吃他们的牌子，后来这几天他们家搞活动就买来吃了。发现狗狗挺喜欢吃的，而且客服人也真的不错，以后会一直在你家买的,好评,5
颗粒大小：通用性比较好 便便情况：干湿度正好，适合收拾 安全性：基本上是从小吃到大 我养的是一只比熊犬，小时候只有几个月大小来到我们家，刚开始泪痕比较多，尝试过各种方法都不太见效，后来经人推荐使用海洋之星牌子狗粮，感觉效果非常明显，狗狗也爱吃，自打那以后吃海洋之星狗粮的习惯就一直延续下来,好评,5
一直给狗子吃这个牌子 不错的 拉屎没那么丑 泪痕也没了 整体不错 只不过6公斤的能不能出个有拉链的包装？现在这个很不方便啊 希望官方注意一下,好评,5
我家狗砸吃这款狗粮好几年了，除了粑粑多没别的毛病。最近才听说2017年这款狗粮就改国内生产了，而且是由某某迪代工，说实话，心里有些犹豫。从价格上来说，比进口粮便宜不了多少，所以想跟狗砸换粮了。买这袋过渡吧。跟以前一样，送了罐头。,好评,5
小主没有吃此宝贝前，泪痕严重，大便也臭，吃了此宝贝后，以前的问题都没有了，毛发也变好了很多,好评,5
味道挺香的，正在给两个小宝贝换狗粮，看看对它们的肠胃影响大不大，后面再追评,好评,5
很好，赠品都很棒。性价比合适 颗粒大小：适合小型犬。 适口性：一级棒，吃完一段时间，毛色漂亮不少。,好评,5
之前试着买了两袋，虽然没吃，但卖家送了试吃的，吃了还行。趁着有优惠券又买了两袋，感觉整体性价比还是可以的。海洋之星这个品牌是大牌，相信狗粮也是很优质的。我泡在水里泡了一会儿，没有散开，相信是没有谷物淀粉啥的，吃着放心。,好评,5
不错奥 12斤分了三袋小包装的 还有封口 嘿嘿喜欢 狗子一直吃他们家的 目前还没拆开吃 之前买的还没吃完 囤着吧便宜,好评,4
商品品质：好，听说狗粮遇水不发大就是质量好，而且狗子喜欢吃 宠物喜好度：狗狗超级喜欢吃，因为我家狗狗本来就很喜欢吃鱼，一直吃这个牌子的狗粮 新鲜度：新鲜 物流包装：不错，送过来完好无损的，还送了一个超级大的狗粮桶.,好评,5
闻味道感觉很高档，正品应该没问题。狗粮颗粒很小，狗狗很喜欢吃，送了一袋鱼皮也很喜欢，吃完还会再买。,好评,5
我家毛孩有泪痕，换了几次，网上说这个不错，所以买来试试，正好有活动，抵减优惠还送了酸奶和试吃装😀，希望对我家毛孩泪痕有作用，毛发能更亮更密。,好评,5
这款狗粮我家宝宝非常喜欢吃，每次我都买两种口味的，两种口味掺和着吃，最主要的是产品质量放心，现在选择一款狗狗🐶喜欢吃又放心的产品很不容易😂,好评,5
颗粒大小：正好 适口性：很好 毛发亮泽：好 香味：鱼腥味很重狗子爱吃 便便情况：硬，其他狗粮吃了都有软便情况，这狗粮没有 安全性：好👌,好评,5
颗粒大小：正好，我家是比熊 适口性：狗子近几个月一只吃这个牌子，每次放下立马就吃没了 毛发亮泽：我家狗子的毛很舒服，软软哒 便便情况：正常,好评,5
这个狗粮狗狗吃了好几年了，很好，又送了几种礼品，物流也很快，非常满意,好评,5
不是我说现在其它社会上的狗粮我感到不安全⚠️这个牌子的狗粮我家狗狗吃了好久了，相对其它牌子不了解的情况下还是相对安全可靠的，狗狗也喜欢吃！,好评,5
便便情况：这段时间我奶奶在带 说每天拉几泡 适口性：刚开始买回去闻都不闻 然后饿了两天就开始吃了 现在好像已经吃习惯了 香味：我闻着太腥了 不过狗子吃了应该对毛发有好处吧 颗粒大小：还可以 不大不小,好评,5
家里养的是博美，各种粮换了一遍，最终还是买了这款，味道很重，家里的小狗特别喜欢，价格很优惠，还会无限回购，快递也是一如既往的快。,好评,5
狗狗挺爱吃的，第一次吃成犬狗粮，小柯基容易得皮肤病，狗粮补充欧米伽3，希望管用,好评,5
狗狗很爱吃，打开有鱼腥味，这个包装设计挺好的，有密封条，蛮方便旅行出门携带的,好评,5
家里狗子的常备狗粮，都数不清吃了多少袋了，不油，配比刚刚好,好评,5
这个牌子的商品都挺好的，一直在回购，京东自营商品经常做活动，价格十分优惠，趁着活动囤点货，商品价格十分优惠，物流也是非常给力！,好评,5
颗粒大小：不算太小 适口性：普通 便便情况：偏暗 毛发亮泽：不错 香味：味道比较重 安全性：没有感觉不适,好评,5
海洋之星三文鱼，我家狗狗吃药对不掉毛有点作用，很好，一直回购的产品,好评,5
我家一直都是吃的海洋之星，从小就吃的，营养丰富，特喜欢，只要毛孩子喜欢，一直都比较信耐海洋之星，品质没得说,好评,5
自从我家狗狗吃上这款狗粮就一直在吃，从没换过其它牌子的狗粮，狗狗爱吃家人也高兴😊！,好评,5
每个月狗狗吃一包，很不错的狗粮，鱼腥味很重 没那么油，不错，还有他的换头也不错,好评,5
可以，赶上活动买的，这款狗子吃着已经适应了，很大一袋子，中小型犬吃的话大概两个多月都够了，味道因为含有鱼类原料有点大，建议密封桶装。,好评,5
颗粒大小：合适 适口性：可以 毛发亮泽：可以 香味：很浓 便便情况：很正常,好评,5
一直在吃 狗儿子便便不臭 很好 就是鱼腥味挺大的 有密封条就好了,好评,5
吃海洋之星快两年了，之前都是在e宠上买，第一次在京东买。闻着味道是一样的，但是比之前e宠买的潮湿一些，可能是批次的问题吧，还是选择相信京东旗舰店。,好评,5
前几天买的 家里狗子断粮了 还好 京东旗舰店给发货 一直吃的这款粮食 我家狗子吃的少 一袋最少2个半月呐 好评&hellip;,好评,5
吃了五年海洋之星了.还说啥呢？时间就是最好的证明啊！不挑食，一直喜欢吃 狗狗健康。强烈推荐！,好评,5
漏发了一罐赠品罐头，中间先后联系催促客服三次，历时5天处理补发......,中评,3
以前买的都是小颗粒。但是这次确是大颗粒。而且狗粮颜色较以前买的要浅很多。,中评,3
不好，第一包狗狗吃了沒有問題，感覺還不錯，然後又買了第二包，食🉐狗狗好多淚痕，然後給狗狗停吃了，之後把剩餘的一大包狗糧給了我朋友的狗狗，也是吃得好多淚痕，之後換了其他狗糧目前淚痕也在逐渐减退。,差评,2
有点贵了，分量也不多。,中评,3
一直都是吃的这个牌子的狗粮，确实不错，比熊长到两岁都没泪痕，但是这次不给好评，送了一个罐头，狗狗吃了第二天就拉稀呕吐，吐的都是黄水，到今天都不吃东西，最近过年回老家了，又没地方给狗狗看，还不知道怎么样，已经两天没吃东西了，又气又急,差评,2
我们家狗狗从小到大都是吃这款狗粮 小时候吃还不错 黑色素和毛发都不错 后来背部开始有杂毛 鼻头颜色褪色 听说是海洋之星国产化之后原材料和配方都有所改变 最近看了一篇帖子 优格里最专业的狗粮测评 其中海洋之星得分最低 测试结果显示维生素D严重超出欧洲标准范围 不知道是真是假 海洋之星国产化之后爆料太多 试过给狗狗换狗粮 福摩 荒野 伯纳天纯等 吃了不是呕吐 口臭就是软便 已经不敢给她换粮了 但海洋之星又吃的越来越不放心 纠结,中评,3
物流太慢，无力吐槽，狗会饿死,中评,3
狗子完全不吃，除非饿的厉害了，这包装也不加个密封口，也是醉了,差评,2
狗狗不怎么喜欢吃,中评,3
刚买到家就活动降价了&hellip;&hellip;,差评,2
之前我在~旗舰店买的狗子都要吃的呀这次不知道为什么狗不要吃,中评,3
差评，包装也没有就这样就发货了，里面都漏气了,差评,1
狗子越吃毛色越来越不好，粗糙变白，真后悔买,差评,1
你们家做活动都是抬高价格，然后再满减的啊？！活动价175.货还没收到就变成了150多，不是说在乎那点费用，只是你们这种抬高价格再满减的促销方式不是骗人吗？！太恶心了吧,差评,1
味道极其奇怪，非常刺鼻，跟我上次买的不一样，怀疑买到假货了,差评,1
我家三只狗狗，这两天吃这个，逐渐换的粮，还没加多少，现在三只狗狗全部都过敏，一只也就罢了，全部都这样，脸和淋巴肿了，海洋之星国产后品质真的完蛋😓，下次还是去买荒野盛宴或者雪山好了,差评,1
也不是第一次吃这个牌子的狗粮了，这次的狗粮腥的有点过，狗的食盆里 我站着都能闻到，都不用弯腰； 而且火气特别大，狗之前吃过量大袋子从来没有泪痕，这次开始有泪痕了&hellip; 打算换狗粮了,差评,1
不知道是不是太补了，我家狗吃了光流眼泪，泪痕很严重都没干过，没办法又买了一袋便宜狗粮掺着吃，之前吃海洋之星的双拼狗粮都没这种情况的,差评,1
差评！！差评！！差评！！！ 没有比这次网购更加糟糕的一次体验，我买他家狗粮的时候我家狗狗就没狗粮吃了，本来想着两天能到，结果发了给我丢件，第二次快递盒都炸了，包装太辣鸡了！！要不是因为家里没狗粮吃了我才不会收！！！,差评,1
##，袋子破了用透明胶带沾上卖给顾客，太@了，如果不是发现及时，那么一大袋狗粮就会因为漏气而变质，千挑万选找到旗舰店里买的，还让人这么失望，我家狗狗吃的、用的都是在网上买的，从来没遇到过这样的商家，太气愤了，你们是明知故犯，必须给差评！！！,差评,1
昨天买完今天就降价，物流不守时间。原本买了一家发现送货太慢，所以退货买官方的，哪怕贵80也忍了，只为了狗晚上能吃上狗粮，下单显示15:00-19:00送达，结果第二天才送到，打京东客服投诉也没用，完全当耳边风，没有任何处理结果回复。杀熟也就算了，我花钱买服务，结果根本兑现不了服务承诺，真的是越来越差的服务体验。,差评,1
蓝氏的乳鸽狗粮适口性很不错。营养丰富。颗粒大小适中，狗狗易咀嚼吞咽。适口性好，我家毛孩子很爱吃，也不会软便，会继续回购。,好评,5
蓝氏这款乳鸽冻干粮太香了！我家挑嘴大狗都爱吃，颗粒大小也合适。营养丰富，成犬幼犬都能吃，10kg大包装很划算，会回购！,好评,5
小狗很爱吃 到家没拆封 之前的还剩很多 小狗自己咬开的 迫不及待 狗狗吃了之后没有不良反应 它还挺爱吃的，蓝氏狗粮品质非常好,好评,5
这款宠物粮肉香浓郁，毛孩子超爱吃，再也不挑食。颗粒大小适中，好消化不软便，吃后毛发顺滑有光泽，营养均衡。无不良添加，品质放心，包装密封防潮，性价比高，会一直回购！,好评,5
家里的三只崽崽很喜欢这款哇，会持续回购滴，大品牌值得信赖哦～好评哦～适口性特别好，营养均衡，家里的三只崽子特别喜欢吃。,好评,5
狗狗特别喜欢吃，这个物流也很快，还送了是吃日期比较的新鲜，吃的也比较较快，男士的狗粮一直值得信任，我们家的猫一直都吃他们家的猫粮,好评,5
我家金毛一直吃的这款狗粮，很不错，有很多冻干，适口性很好，狗狗爱吃，一开始我家狗是挑食的，很多狗粮都不爱吃，这款就很好，嘎嘎炫,好评,5
我已经回过过这个狗粮45 次了，狗狗非常的爱吃，而且吃这个它一点也不拉稀。这个粒儿它有点大，但是就是挺适合大型犬的，大型犬吃饭，其实都挺狼吞虎咽的，而且就是现在是成犬也不会出现脚动的情况,好评,5
狗粮袋子一打开就看到很大一颗颗的冻干，而且冻干数量不少，孩子一闻到味道就立马凑过来了，狗粮中间还有夹心，孩子很喜欢，下次还买😁 而且这次双十一价格很美丽，赠品也很多，买到真是划算啦,好评,5
乳鸽粮收到啦，狗狗们超级喜欢，颗粒大小均匀，颜色正，没有任何异味，而且很容易泡开，狗狗们一吃就爱上了。卖家服务态度也超赞，发货快，非常满意！乳鸽粮包装完好无损，运输过程中也没有碎渣，很放心。宠物很喜欢吃，蓝氏品牌值得信赖。,好评,5
出门1-2天必备小克重，太方便啦！京东救急很方便，基本上是次日达。不错的。小狗挺喜欢吃蓝氏的，适口性不错，冻干很大，可以挑出来当零食奖励。,好评,5
一直给狗狗买蓝氏狗粮，真材实料看的见，肉松、蔬菜什么的，都是真材实料的，看的到。狗粮比较香，狗狗也比较喜欢吃，不怎么挑食？,好评,5
好多次购买了，金毛太能吃了哦一个月得要2包中大型犬粮，乳鸽配方的蛮喜欢这款配方，兔肉的也买过更喜欢吃乳鸽的，这粮可以有冻干又是夹心狗粮很好，家里2只金毛,好评,5
冻干颗粒真的很大 狗狗闻着香味就过来了 特别喜欢 大包装 一次能吃很久！价格也合适 从小就给喂这个狗粮 吃的一直很好 吃的很壮 长身体了！,好评,5
还送了21包试用装，做活动优惠还挺好的。小狗一次大概吃三包，正好半天的量150克，很不错。以后还会持续购买京东的物流也很快，当天就到了，赞。,好评,5
已回购无数次，我们家大金毛10岁了，之前安排的其他品牌的老年犬粮都不如这款。这款狗粮看得见的实在，狗狗闻着味道就过来抢着吃完了，特别喜欢吃。赠品也很实惠,好评,5
试过几个品牌的狗粮，直至选了这款，狗子吃了几袋后，体重上来了，毛色也比以前要好一些。而且大便也非常好，这款狗粮非常满意。,好评,5
买的这款狗粮🐶，包装看起来挺专业的！里面的配方也很详细，包含多种肉类、蔬菜和营养成分，感觉狗狗吃了应该会很有活力✨。价格也实惠，性价比高。物流也比较快，整体体验不错👍。希望狗狗喜欢！,好评,5
款狗粮对于狗狗来说是非常好的。我家小狗自从吃上这款狗粮以后，毛发非常的顺。看起来非常精神，而且拉的便便也很正常。,好评,5
我家狗狗特别喜欢这款狗粮，每次都吃得津津有味。狗粮颗粒适中，易于咀嚼和消化。成分健康，富含蛋白质和维生素，让狗狗的毛发更加亮丽。价格合理，性价比高。总体评价：非常推荐，狗狗爱吃又营养。,好评,5
第二次回购了，毛豆非常爱吃，以前特别挑食，狗粮目前已经全部吃光了，而且摸哦起来也不油，现在狗狗可以按时吃饭了，非常棒的！,好评,5
这款是鸽肉配方，开袋就可以看见大块冻干和夹心干粮颗粒，适口性还不错。无谷物无豆类添加，主要肉源还是鸡肉，狗狗吃起来温和不刺激，肠胃负担小~也是蛮不错的一款平价狗粮。,好评,5
挑食小狗严选！！这个适口性真的巨好，我家小狗从小吃这个长大的，特长肉！而且我家毛毛也长的很好很漂亮！！推荐5颗星！,好评,5
第一次买蓝氏的预售，收到四大袋狗粮和若干袋小零食和小罐头，小狗先吃了个红薯裹肉干，吃的嘎嘎香，希望以后不是双 11 的时候也搞些活动撒,好评,5
之前一直是吃的这个牌子 超级好，物流很快，第二天就到了，现在有活动，所以价格很合适，这个牌子的狗粮狗狗非常爱吃 吃完身体还挺壮实的 很多人也推荐这个,好评,5
它比超级高的狗粮它是大品牌生产的值得信赖适口性非常的好狗粮里面还有很多的冻干肉粉啥的适口性真的拉满了狗狗非常的爱吃非常的长肉现在是一款性价比,好评,5
自家挑食的泰迪闻到粮香就凑过来，一改慢悠悠的习惯狼吞虎咽；还有柯基吃完连碗底都要舔三遍，连冻干带粮吃得干干净净,好评,5
好评！发货速度很快，包装也很好看，客服回消息也快，态度也好！最关键的是商品质量很好，100%正品，经得起查验，是一个不错的商家，值得购买！,好评,5
配料表很实在，没有乱七八糟的添加剂，狗狗吃着放心。换粮后没有出现肠胃不适，还更有活力了，五星好评！,好评,5
蓝氏真鲜乳鸽，大型犬粮，5kg包装两袋，还送了十包80g试用装。开袋就很香，适口性很好，拉布拉多一下子就吃完了，白花花的银子。每一粒颗粒大，肉眼可见每一粒包裹了东西，看配料表里面鲜肉含量很多，不愧是蓝氏。,好评,5
蓝氏狗粮主打鲜肉配方（乳鸽/猎兔为主），适口性强，冻干颗粒提升食欲，添加益生菌护肠胃，美毛效果较显著（乳鸽款鲜肉＞60%，猎兔款含清火成分缓泪痕）。但部分用户反馈油腻感明显，蛋白质含量争议（有测评称＜30%，不利幼犬），深色款便便可能偏干，性价比中上。,好评,5
前面买的都挺好，后面买的冻干少，而且都是碎的，,差评,1
首先包装还是很精致严实的，很适合平时的拿取，一次一小袋，也不会担心长期的开口导致味道的变化，狗狗🐶尝了之后还是蛮喜欢的，知道是自己的乖乖的坐在旁边。快递📦也是很给力的👍🏻,好评,5
狗狗超级爱吃，里面的冻干也非常的大，大品牌就是放心， 物流也超级快，拍了没两天就到了，很好吃完回购。,好评,5
蓝氏真鲜乳鸽全价鲜肉犬粮，无谷物添加，采用新鲜乳鸽，添加九种新鲜肉蛋果蔬，添加 10% 冻干，大颗生骨肉饼看得见，夹心甜甜圈颗粒小狗爱吃,好评,5
俺家两个狗子🐶太爱吃蓝氏的狗粮啦！ 买了两次三斤的 这次有活动回购了10斤太划算了，俺家小雪和泰迪都很喜欢吃😋推荐购买哦,好评,5
很多人推荐这个牌子，然后就买了一下试一下，发现狗狗特别爱吃，而且很长肉，超级长肉 快递也很快，第二天就到了 骑手也特别给力，态度也特别好,好评,5
蓝氏真乳鸽狗子们真的很爱吃，狗粮做的也很精致，适口性很好，除了价格贵了点，品质真是没得说，赶上有活动就会囤一些，618价格给力,好评,5
挑食的狗很喜欢吃，吃了也不软便，大狗小颗粒大颗粒都喜欢吃，不爱吃里面的冻干。包装也还行 大狗要是有小包装就好了。看起来也很有食欲很香,好评,5
给狗子换了第三种狗粮，这款他还挺喜欢的。每天遛狗的时候带出来给它吃。嗯，下次换一换来试其他口味的。在路上发现其他小狗也有吃这款的。,好评,5
大型犬吃的真的很大一颗 之前买过中小型犬的试吃装 家里狗狗爱吃才来买大袋的 会继续回购的 希望一直都活动一直可以囤货买,好评,5
宠物狗粮，家里柯基一直吃这个牌子的。活动时买看实惠时购买。生产日期2024年6月，保质期18个月。原来狗粮快吃完，所以今天才开封准备投喂。 问题很大！最外包膜完整，但拆开正包装有发霉点。袋内封口处有瘢痕，害怕狗粮也发霉，没敢喂！,差评,1
产品没问题，京东物流坑,差评,1
这次很失望&hellip;&hellip;内包装被拆了三分之一,差评,1
不京东物流送货上门，所以给差评,差评,1
送货太慢，太辣鸡，太失望了！,差评,1
差评。差评。差评。送的赠品不一致。差评。差评。差评。,差评,1
买完第二天就降价，还不能申请价保，以后都不会再买了。,差评,1
这什么垃1圾狗粮 狗吃了两天呕吐了 大家别买 真的,差评,1
五百块钱的东西，买完一周就降价80块，作为一个京东老顾客，真是感觉被宰的无力感啊,差评,1
不知真假还是二维码已经被扫描过了。二维码扫描查不到本品，,差评,1
假货，吃了一点两个狗都送医院，果断扔掉！,差评,1
我家狗吃了这个狗粮一直拉肚子！！！！！！！！已扔，不会再买了！,差评,1
垃圾狗粮，吃了拉肚子。,差评,1
差评差评18号买的狗粮今天才到，蜗牛吗，差评。,差评,1
包装严重问题，商家态度极差，破损物品，狗粮撒了一地,差评,1
京东第一个差评，不管你是运输意外还是恶意偷斤两，反正是恶心到我了,差评,1
客服说取消订单后重新拍，优惠券还在，取消后优惠券又没有了，她说她也很抱歉，一点都不专业！,差评,1
快递送来没有外包装，就这样送来的，表面特别脏，真是服了,差评,1
买了两袋，破了一袋，客服让我找京东，懒得搞这些有的没的，看评论说破袋子的都是几年前了，就没当回事，没想到真会自己遇到,差评,1
买的时候比现在贵不少，不过说赠送狗罐头就买了。没收到去投诉，不承认了。言而无信太可恶了,差评,1
我家狗还挺爱吃的，然后吃着没有什么反应，等时间长一长，再看看他爱不爱吃，再继续回购。京东的物流挺好的，每次都是给我送上门，不用自己去拿好评,好评,5
很大包，性价比非常高很满意，价格也很划算，京东物流配送非常快，当天下单当天送到，而且狗狗非常喜欢吃这款，没买错，也非常推荐购买这款,好评,5
看到有价格优惠，购买了一些，这款狗粮家里的狗狗吃了有一段时间了，狗狗长肉了而且大便成型。身体也不错。所以现在就一直在购买这款狗粮。,好评,5
这个好像是试吃的吧送的不错试吃了四代尔才开的这个主单双发小口不吃非常可以这个满满的大块儿乳鸽豆干和夹心狗粮真的还不错最近给狗新换的新口味,好评,5
产品包装密封良好，到货时包装完好。我家狗狗从小就是吃的这款狗粮，从两个月的时候开始吃，现在越做越了六个月的编目35斤，毛色非常好，毛发也非常柔顺，基本不怎么掉毛。,好评,5
包装是密封良好的，日期也是新鲜的，脂肪含量适合中等运动的狗狗，有资格证书是经过专业认证的,好评,5
狗粮很不错 ，我家毛孩子很爱吃，里面还有冻干夹心 ，不错不错,好评,5
物流很快，双十一买很合适，到货也是新鲜日期，狗子很爱吃。,好评,5
昨天下单今天早上就收到了，80克一包很方便储存，家里狗狗一直吃这款，超爱的,好评,5
大狗爱吃，小狗也抢着吃，没有拉稀软便，双十一价格优惠很大,好评,5
品质超级好，日期也非常新鲜，物流给力，狗子爱吃～完美！,好评,5
一直在回购的粮～乳鸽长肉，还带有大块的甜甜圈冻干！小狗光盘行动！,好评,5
小狗一直很喜欢吃蓝氏狗粮，吃得很开心，双十一大促时果断回购，性价比很高！,好评,5
不爱吃狗粮换了蓝氏疯狂长肉，毛色很好，一直回购着,好评,5
冻干块很大 我家狗狗很喜欢 也没有眼屎 泪痕,好评,5
一直都给狗狗吃这款狗粮，大型犬吃后体重有增长，而且大便成型，肠胃也很好。狗狗也爱吃，双十一有活动，价格优惠多给狗狗屯点狗粮。,好评,5
很大一颗，看起来就很美味，我家宝宝很喜欢吃,好评,5
适口性特别好，家里小狗特别爱吃，冻干多多,好评,5
宝贝收到，一如既往的好，包装很到位，质量还不错，很喜欢，大品牌值得信赖,好评,5
这款狗粮，家里的狗狗很喜欢吃，并且狗狗的大便也成型。吃了一段时间也长肉了。这次双十一活动力度大，价格优惠多屯点狗粮慢慢吃。,好评,5
做活动囤了80多斤，够孩子吃几个月了！,好评,5
家里小狗特别爱吃！回购很多次了,好评,5
买了很多，小宝从三个月开始吃，长得比其他小狗壮一圈，小时候一直吃到现在,好评,5
小狗特别喜欢，家里囤的最多的就是蓝氏的狗粮,好评,5
狗粮很不错，爱吃这款,好评,5
很好，狗狗特别爱吃,中评,3
很棒，很喜欢吃也便宜,好评,5
特别好，速度又快。狗爱吃/,好评,5
狗子超级爱吃，一打开扑鼻的香味还有超级多的冻干，袋子刚开狗子就忍不住了,好评,5
狗粮的冻干很多，小狗很爱吃，配料表也很干净，已经吃了很久了，超级推荐哦,好评,5
这款蓝氏狗粮适合我家狗子，吃后大便成型而且体重增加。很满意。,好评,5
蓝氏犬粮颗粒大味道香，狗狗很爱吃，当零食奖励或者直接喂食都很好,好评,5
狗粮挺好的，大牌子，值得信赖，狗子也挺喜欢吃的，适口性蛮好,好评,5
蓝氏一直是主子的首选 吃了好多年了 大品牌值得信赖 主子也爱吃 冻干很香,好评,5
好大颗的粮适合大型犬，适口性很好啊，我家狗挺爱的,好评,5
强烈推荐！商品物超所值，质量可靠。物流快，商家服务热情，售后服务完善。包装很完美，颜值很高，感觉物超所值！客服也非常耐心细致，发货快物流给力，以后还会再来☺️,好评,5
一直以来都是吃的这款！狗狗不挑食！还送了很多小样和罐头！,好评,5
日期新鲜，肉饼颗粒大，狗子超爱,好评,5
看着狗狗吃好吃 颗粒很大 狗狗吃起来应该很爽,好评,5
狗粮挺大粒的适合大型犬，我家狗挺爱吃,好评,5
之前给我家小狗买过几次大狗也爱吃，这次买了大型犬的还送了很多试吃装和零食。,好评,5
狗狗喜欢的一款狗粮，一直在回购,好评,5
挺好的，就是偏贵，国产的这么贵不多见啊，能便宜点就好了,好评,5
回购很多次了，狗狗很爱吃,好评,5
买过很多次了 适口性不错,好评,5
很大包，非常划算值得购买,好评,5
非常好，狗狗很喜欢吃,好评,5
配送迅速，物美价优，狗子喜欢。,好评,5
很大颗很适合大狗吃,好评,5
以前狗狗吃的另一个牌子，换这款狗子也喜欢吃，味道不错好闻也香，狗狗便便也正常。,好评,5
狗狗很爱吃，无限回购款，出门携带也很方便,好评,5
性价比很高 慢慢的冻干 狗子很喜欢吃,好评,5
这款狗粮适口性好 长肉肉,好评,5
无限次购买，家里的狗狗一直都很喜欢吃,好评,5
冻干非常大，还是肉和蔬菜水果结合在一块的，配方也很干净，而且味道炒鸡香，打开包装扑面而来的香味哈哈哈哈哈贼拉香！！！,好评,5
-&nbsp;每次打满满的一碗放地上就赶紧趴下吃了，吃的特别香，价格也是比较实惠，整体性价比还是很不错的。就跟吃美食一样，而且还非常活泼，可爱，肠胃也变得好了，拉的大便一点也不臭，每次给都是吃的光光的，其他营养方面也跟得上，这个便宜的价格能买到这个好的粮食。,好评,5
我家金毛一直食用蓝氏狗粮，每次都会选择蓝氏不同口味的狗粮 像鸡肉燕麦、金枪鱼牛肉和蛋黄口味的都买过，这些狗粮都非常好，狗狗爱吃。这次购买的蓝氏乳鸽和猎兔两款狗粮让狗狗尝尝鲜，狗狗非常喜欢吃，因为这两款狗粮中的冻干非常多，每一粒都很大。原先买的鸡肉燕麦的是30斤装的 入手价为240～260元左右。而乳鸽和猎兔则是20斤，正常卖470多，双十一前我用了好几个券入手价349元，还能接受，看狗狗爱吃也就无所谓了。,好评,5
无限回购的狗粮，孩子真的很爱吃，适口性非常不错，颗粒正好，孩子吃了不到2个星期明显看出长肉了！而且毛发也变得明亮了！真的非常不错,好评,5
为过其他狗粮比较偏油，这款蓝氏乳鸽狗粮不油腻。颗粒大小合适，上面还有一些鸡肉冻干，狗儿比较喜欢吃，换粮的时候也没有软便情况发生。喂的是小比熊狗，前后喂了三斤左右，其他都还好，就是在促进毛发生长方面不明显。,好评,5
第一次购买，我家是边牧，比较挑食，这款适口性强，最近很爱吃饭，便便也是健康的便便，吃了半袋后又买了一袋，推荐推荐 好评！！,好评,5
我家狗狗非常爱吃你们家的这一款狗粮！里面颗粒冻干都很丰富～狗狗吃完了也没有拉肚子或者呕吐，总而言之挺好的，吃完也不会油油的！还会继续回购～,好评,5
这款男士狗粮制作非常用心，每个狗粮中间都包含冻干，还有单独的冻干饼，看起来非常美味，狗狗们也很喜欢吃。适口性也很好，如果价格能再优惠一些就更好了。因为家里有很多大狗狗，它们需要大量的狗粮来维持健康体重。,好评,5
物流速度很快，狗粮的日期都很新鲜，冻干也超级多，适口性很好，我家狗狗很爱吃，已经开始囤货啦！,好评,5
好，双十一搞活动非常便宜，配料表也很干净，都是肉很多，而且是5千克分装的，不会一下子一大包要吃很久。还没吃下来好评，之前吃试吃装不错，日期也比较新鲜,好评,5
挺好的，买了好多次了，配将很不错，哈哈，狗子也很喜欢，以后还会继续买~~~性价比不错,好评,5
我家小狗真的好喜欢蓝氏，趁着这次价格优惠我又给他屯了一些。这款主要针对的就是中小型犬，里面还有果蔬和大颗冻干，我家小狗吃半年多了，现在已经一岁了，特别不错。,好评,5
一袋狗粮里头塞了两只乳鸽，冻干也是满满一层吧，颗粒还是甜甜圈的呢，你看人家包装上写的啥，9种新鲜肉蛋果蔬啊，9种你知道什么概念吗，我一天都吃不到9种，总而言之不错，就是价格小贵,好评,5
一打开就能闻到肉香，包装完好无损，发货很快。快递员非常好给送货上门。店家服务态度很好很满意。多次购买的一款狗粮。品质保证！非常好。正品官方旗舰店发货售后有保障！,好评,5
买过好几次的狗粮了，蓝氏是在网上看了好多宠物博主的推荐买的，感觉很健康，毛孩子很爱吃，尤其是大颗的冻干看起来超级香,好评,5
第一次购买这个品牌的狗粮，朋友推荐的，说质量杠杠的，抱着试试的态度先买一袋，店家非常贴心的还送了4袋80g的试吃装。快递到货也很快，体验很棒。爱了爱了!还算满意，好的话下次还会继续光临。,好评,5
买了好多次了，都很不错，颗粒适中，肉饼还比较多的，狗子很爱吃，感觉营养还不错~~~,好评,5
适口性很好里边有大冻干而且每个都有甜甜圈夹心，我家狗每次吃都把盘子舔的干干净净。大品牌有保障。老顾客，老顾客，好评，好评。,好评,5
第一次买这款狗粮，今天送到了，晚上就打开试用装给毛孩子吃了，冻干很大块，爱吃的很，一会儿就吃光了。,好评,5
很不错的狗粮狗子很爱吃，闻起来像肉松味很香，冻干颗粒也很大哈哈哈不错不错！,好评,5
狗子爱吃，买了很多次了，很好很好，吃了一段时间，狗子毛很亮，没有补充其他营养品了，冻干也特别爱吃，总的来说很好，就是贵了点,好评,5
去年8月的但一点不影响狗子食用作为换粮过渡，狗子很喜欢两下就吃完了来不及拍照，外包装无损伤,好评,5
一直买蓝氏乳鸽的狗粮，有时候会有换购，比较划算，京东物流很快，寄到镇上也是次日达，送到楼下很方便，太赞了。会回购的，我家狗子很爱吃。,好评,5
在他家买过好几次粮了，狗狗还是很爱吃的，先购买50克的，回来爱吃，然后再购买500g，1500克的包装，吃的都挺好的。 泰迪狗,好评,5
颗粒大小合适，里面还有冻干，新款狗粮冻干是大块的那种，狗狗很爱吃，蓝氏大品牌，,好评,5
里面冻干还是挺多的 吃着也还行 不拉稀就成 但拉的挺多的&hellip;&hellip;,好评,5
一袋快吃完了才来评价，我家边牧嘴太挑，别的都是吃一两顿就不吃了，简创鲜朗那些说好的品牌都试过，效果都一样，这个倒是没有不吃，快吃完了问它吃这个还是换一个，它选择吃这个，第二袋已经下单了,好评,5
已经是第二次回购蓝氏的这款狗粮了，第一次买的是主打的鸽子肉的系列，第二次买了这款兔肉的，感觉两款都很不错，大厂还是非常值得信赖的，赞赞赞,好评,5
营养均衡，配料表干净，检测报告透明，狗子很爱吃，老奴我放心,好评,5
这是很棒的狗粮，狗狗11岁啦，一直都是吃的这一款狗粮，非常好吃，以前的是老包装，但是它好像吃腻了，就不怎么吃了，这次换了新的包装，里面有大块的像饼干一样的东西，狗狗就很喜欢吃，很喜欢吃，非常喜欢,好评,5
我的狗狗一岁多，从宠物店买回来的粮总觉得没有我自己做功课放心，科普了好久最红选择这个，今天刚收到就给小狗吃了，超爱了好么，等吃完这个，会再继续回购，并且要囤货!!!,好评,5
狗狗超爱吃 很香 里面还有肉饼 推荐给我朋友的狗狗她也买了一袋 他的狗狗也很爱吃。推荐推荐,好评,5
狗粮非常香，狗狗非常喜欢吃。总体来说，这是一款很好的狗粮。更换后，从未出现过拉肚子的情况，只是价格略高。我们家的阿拉斯加一天大约能吃2斤。,好评,5
狗狗喜欢吃这个狗粮，而且里面还有很大的冻干，狗狗吃着没有拉肚子，反正我觉得这次买的还不错，价格的话虽然有一点贵，不过也还能接受，下次还会再继续购买的,好评,5
狗子非常喜欢吃蓝氏的狗粮，蓝氏大品牌品质也有保障。京东有换购活动价格很合适！,好评,5
狗很喜欢这款狗粮 冻干很多 肉丝也都能看到 第二次购买了,好评,5
蓝氏狗粮真的很不错！我家狗狗特别爱吃，每次开袋都兴奋得不行。食材天然，营养均衡，狗狗吃了以后毛发更加光亮，活力也更足了。而且这款狗粮的适口性很好，挑食的小宝贝都能吃得津津有味。价格也很亲民，性价比超高。看着它健康快乐地成长，我非常满意。推荐给所有爱狗人士，让狗狗享受美味的同时也能健康成长。,好评,5
一直都吃蓝氏 大品牌吃的很放心 狗吃了很长肉肉 适口性也很好 非常推荐,好评,5
最近入手了这牌子狗粮，狗子很爱吃，味道也不错，狗子一次吃两杯，比之前进食更多，不过拉的也多,好评,5
第二次购买了，每次先吃小包的赠品，毛孩子很喜欢这个口味。,好评,5
趁着活动买的狗粮，狗子还没吃，但是一直在吃蓝氏的猫粮，相信蓝氏还是非常值得信赖的，,好评,5
我家狗狗非常挑食，一直每天煮的鸡腿和鸡胸，换了很多粮都不爱吃，刚开始都怕不吃，给先吃的试吃，香的都流口水了🤤，蓝氏狗粮还是权威，狗子非常喜欢❤️❤️,好评,5
蓝氏的狗粮不得不说很靠谱，之前其他品牌几种换来换去，还是这款好！狗狗爱吃营养健康，赶上京东活动，可以多囤一点，性价比非常高！,好评,5
味道不错，狗狗爱吃，适合成犬，狗狗毛色亮，不虚胖,好评,5
狗狗很爱吃蓝氏的狗粮很好有冻干肉饼 狗粮也有夹心,好评,5
狗狗很喜欢吃这款狗粮，大颗肉肉很多，我会搭配给她吃，再喂点自制，狗狗吃了大便也好,好评,5
这个狗粮狗狗吃了长的胖嘟嘟的，而且也不挑食，已经回购很多次了，没次都有试吃装送给我们,好评,5
狗子很喜欢吃鸭，而且狗粮蛮好的，好品质看得见,好评,5
已经多次回购，最后一次购买时参加活动说的领取储粮桶，因对活动不熟悉，多次询问客服，怎样领取？告知签收后才可以领，先截屏看看有没有？当时截屏时剩余28个，刚收完货回来领取显示没了，找客服询问，说是先到先得，乱七八糟的回复，差评，差评，马上换犬粮，太不负责任了，问一句等半天，到现在活动还是一知半解，服务太差,差评,1
第一次买乳鸽材料的狗粮，没想到狗子还挺爱吃的！,好评,5
很好，狗狗爱吃，颗粒很大，大型犬适用。,好评,5
非常满意，狗狗真的很喜欢，完全超出期望值，发货速度非常快，包装非常仔细。,好评,5
蓝氏狗粮真的太棒啦！我家狗狗超爱吃，鲜肉配方营养很足，还有重硕预管、长肉健骨这些功效，对狗狗成长特别好。10kg 大包装也很实惠，五星好评，强烈推荐给养狗狗的朋友们～,好评,5
蓝氏狗粮真的太棒啦！我家狗狗超爱吃，鲜肉配方营养很足，还有重硕预管、长肉健骨这些功效，对狗狗成长特别好。五星好评，强烈推荐给养狗狗的朋友们～,好评,5
挺好的，狗狗很喜欢吃，适口性好，就是量有点少,好评,5
狗狗爱吃，闻着很香，冻干看着不错,好评,5
狗狗挺喜欢吃的，甜甜圈的也很有趣，狗狗非常爱这个狗粮,好评,5
这款很适合大狗 颗粒大 冻干大 适口性强,好评,5
好吃爱吃很香很大颗很美味很爱吃么么,好评,5
这款狗粮狗狗很爱吃 味道很不错 还会继续回购,好评,5
真的很喜欢，完全超出期望值，发货速度非常快，包装非常仔细、严实，运送速度很快，很满意的一次购物这质量真是太意外了，实物美美哒，触感很好，很推荐哦～我家狗狗很喜欢吃。,好评,5
狗粮发货很快，狗子很爱吃！还会继续回购的！希望店家多多搞活动～,好评,5
第一次换的这个牌子的狗粮，还害怕狗狗不吃，买回来狗狗吃的特别香,好评,5
很好，家里的大金猪特喜欢吃，买了有三四次了，从它还是个4个月的小狗开始，很好,好评,5
冻干非常完整闻着特别香蓝氏四年粉丝啦,好评,5
非常适合大型犬吃的狗粮 颗粒大 冻干多,好评,5
一直吃这款狗粮 适口性好 颗粒对大狗狗很友好,好评,5
我家毛孩很喜欢吃，浓浓的肉香味,好评,5
我家来福超爱吃，是个不挑食的好宝宝，香迷糊了哈哈哈哈,好评,5
8月6号的日期，比较新，小狗仔吃的比较快,好评,5
挺好的，狗狗后期换了这款狗粮，挺喜欢吃的，吃了也长了一些肉肉，,好评,5
31、终于收到我需要的宝贝了，东西很好，价美物廉，谢谢掌柜的。说实在，这是最让我满意的一次购物，下次需要的话我还会再来。 2、质量非常好，与卖家描述的完全一致，真的很喜欢，完全超出期望值，发货速度非常快，包装非常仔细、严实，很满意的一次购物。 3、不好意思，评价晚了，非常好的店家，东西很喜欢！买来这个是送人的，她很喜欢，卖家的贴心让我感到很温暖，物流公司也很好。,好评,5
狗狗非常喜欢吃这款狗粮，适口性很好，每次都能吃得干干净净。,好评,5
这款狗粮非常好，小狗狗很喜欢吃，已多次回购。,好评,5
狗子吃着很好，毛色鲜亮，长肉很好,好评,5
我家阿拉斯加吃这款粮很久了，很爱吃,好评,5
发货很快，谢谢快递小哥送到门口的，我家狗狗爱吃，吃完继续回购,好评,5
品质很好，狗狗非常爱吃，回购很多次了,好评,5
可以，试吃装买的，我家狗子吃了不拉软便,好评,5
非常好，很喜欢，很舒服。喜欢。希望可以做的更好，价格更加便宜。,好评,5
第一次买蓝氏的 吃了狗子大便很正常 下次还会回购,好评,5
买过好多次了，经常在这里买，家里两只狗狗都很爱吃，就爱吃这一款,好评,5
回购了很多次的狗粮 味道不难闻 狗很爱吃,好评,5
适口性非常好，我家狗子一开袋就迫不及待地吃了,好评,5
冻干很大块，小狗喜欢吃！,好评,5
试吃赠品，毛孩子很喜欢，第二次来买了。。,好评,5
之前买过试吃装，狗狗很爱吃,好评,5
一直吃这款狗粮 颗粒大 适合大型犬,好评,5
不错，质优价廉，发货和物流都很快,好评,5
好评，很香，狗狗很喜欢吃,好评,5
蓝氏是我家狗最爱吃的 冻干也超大 良心品牌,好评,5
狗子超爱吃，闻着也很香，以后就买这个了,好评,5
适口性强 颗粒大小适合大狗,好评,5
无限回购的一款粮！成分表很实在，肉类含量高。狗狗吃完食欲特别好，长得壮实又精神。没有任何添加剂，主子喂得安心。包装密封好易保存，守护毛孩健康，绝对值得入手！,好评,5
听朋友推荐过来买的，冠能狗粮比较稳定，目前还没换粮，京东发货就是快，第二天就到了，准备换粮啦，老年狗子粮食一定要安全啦，安排起来啦,好评,5
很好很满意，这款小狗比较喜欢吃，从小吃到大，健健康康的，小狗比较挑食，就是喜欢吃这款狗粮，其他品牌它不喜欢吃，价格方面会偏贵一点点。,好评,5
第一次养狗狗，狗粮很重要，冠能的狗粮营养成分完全能给狗狗提供足够的营养了，分量也很足，价格实惠，物美价廉，以后回购，很好,好评,5
🐶这款狗粮真的超棒！我家金毛吃得特别香，毛发也变得亮泽了～ 🐾 📦包装很严实，一点都没洒漏，物流也超快，第二天就到了！ 🚚 🚚快递小哥态度超好，服务满分！ ✨ 🌟整体体验非常满意，会继续回购的！ 💖,好评,5
冠能狗粮上次试着换了个保护肠胃的，狗狗没有排斥，吃得很好，肠胃也没出什么问题，这次就该买它这个年龄段的，更香一点，狗宝喜欢。,好评,5
帮朋友的狗狗买的，已经是第二次购买了，京东快递可以送货上门，非常的方便。朋友的狗狗也很喜欢吃这款狗粮，吃着一切正常，没有其他的不良反应，就是价格变化有点大，等吃完了再来,好评,5
小狗从小吃到老的狗粮，值得放心的品牌，狗粮没有怪味，适口性也很好，狗狗几乎不生病，不知道是不是得易于这款粮。,好评,5
家里的狗狗已经七岁，选来选去还是选择冠能的粮，大品牌品控稳，希望狗狗长寿身体好，每天吃的要适应，京东自营售后服务好，配送快,好评,5
"我家狗12岁了，一直吃冠能狗粮，狗粮嘎嘣脆，小狗很喜欢吃。现在吃老年犬犬粮,狗一直很健康，不胖不瘦的，希望他一直活到20岁。",好评,5
🐶这款狗粮真的超赞！营养全面，狗狗吃得香～📦包装严实，一点没破损👍送货飞快，当天就到了🚚配送小哥态度超好，服务贴心👏整体体验满分，强烈推荐！🐾,好评,5
狗狗很爱吃，小袋装带出门很方便。我们家阿拉从小吃到大，很能长骨头。对阿拉这种敏感玻璃肠胃都很友好，从来没有拉稀过。推荐推荐。,好评,5
家里的金毛从回家就这个狗粮，身体特棒，没有出现过任何毛病，值得推荐尝试，大品牌值得信赖和使用，强烈推荐尝试，给自己的狗狗加一层保护。,好评,5
本来已经快没粮了，还担心买新的狗粮一下回不来，没想到京东快递第二天就能到货了，旗舰店买的倒是放心是正品，网上这款粮的口碑还算不错，,好评,5
冠能老年犬狗粮是近几年狗狗必选狗粮，第一这款狗粮油性可以，狗狗排便正常。第二狗狗比较喜欢狗粮的味道。第三对老年犬的认知有提高！,好评,5
回购的 其实味道还挺大的 日期也不是很新鲜 老年犬专供也不知道到底有没有用,中评,3
吃过狗粮里性价比最高的一款，柯基从小就吃冠能小型犬幼犬粮，中途也吃过功能粮都很好，但是确实挑食的狗子都很爱吃。先前一个柯基，两年前又捡了一只柯基，这两个吃得都胖乎乎的。,好评,5
家里的狗狗从出生就吃这个品牌的狗粮。从有权量到正确量。现在已经吃了老年狗粮了。吃了快8年了。一直吃的挺不错的。营养很全面。,好评,5
在京东买的冠能老年犬粮超赞！颗粒适中不油腻，我家9岁宝贝吃得香，便便成型不软便。赋聪配方护关节、强免疫，毛发也亮了。京东物流快，日期新鲜，大牌值得信赖，会一直回购！,好评,5
京东购物方便快捷，价格实惠质量有保障，发货快送货也很快。狗子从小就吃冠能狗粮，7岁开始换成老年犬粮，这个粮狗子很爱吃，快10岁了身体也很健康，会一直回购这款狗粮的。,好评,5
家里的狗狗从小就吃这个牌子的狗粮。直到现在已经快8年了。从幼年开始直到中年，全程直到老年.营养不足，狗狗营养挺好的，毛色也很好。,好评,5
我家狗非常喜欢吃这&yen;1狗粮，灌篮是大品牌，吃了很多年以前家里养的大狗狗吃这个到现在都没怎么生过病，所以比较放心，对这个品牌比较信赖，经常买,好评,5
冠能品牌狗粮，我家狗狗非常爱吃质量非常好各种营养恢复体格牙齿保护我下次还回购我给五星好评。,好评,5
这款狗粮很不错，两个月不到开始吃，长肉很快，毛毛也很亮很多，狗宝很喜欢吃，会回购,好评,5
反复购买了之前狗狗吃别的狗粮总是拉大便，特别频繁拉在家里，自从换了这款狗粮，大便就很正常了,好评,5
家里两个狗子一直吃冠能的，开袋香味纯正，颗粒大小适中，狗狗超爱吃。吃后精神好、长肉结实，毛发顺滑，消化吸收很棒，没有异味。配方安全无添加，价格实惠，大包装更划算，整体非常满意，强烈推荐！,好评,5
冠能的老年狗粮，我家狗狗一直在吃，各方面都挺好的，身体也很健康，日期比较新鲜，味道也很不错，香香脆脆，虽然吃了今年，狗狗还是很爱吃，,好评,5
冠能这款大中型犬成犬粮太靠谱了！主打稳固免疫配方，含维生素C/E+活性益生菌，换季也少生病，还添加葡萄糖胺护关节。粗蛋白&ge;26%满足营养需求，颗粒适中适口性好，2.5kg小包装超保鲜，大品牌品质超放心！,好评,5
家里老狗7岁多，换这款冠能老年粮很合适。适口性好，吃得香，精神明显变好。配方能改善认知障碍，护肠胃护关节，营养全面。2.5kg分量足，包装严实，性价比高，会回购！,好评,5
冠能狗粮太靠谱了！天然肉香超吸引，颗粒大小适中，挑食狗狗也爱吃。添加益生菌呵护肠胃，便便成型超规律，营养均衡还能养出亮泽毛发，大品牌品控放心，铲屎官无限回购！,好评,5
打开袋子就是扑鼻的肉香，颗粒干爽不油腻。我家挑食的狗狗居然光盘行动了！吃了两周，泪痕明显减少，便便成型很好，果然是大品牌值得信赖，会长期回购。,好评,5
以前一直吃别的牌子，狗狗年龄大了，换了这款试试。基本上更换顺利，拉便便确实比以前顺畅了，大多数都是香蕉状，颜色棕色。期望也能改善认知，提高晚年狗狗的生活质量。,好评,5
反复购买的狗粮品牌，质量稳定，颗粒大小适中，家中两只毛孩子都喜欢吃，状态也不错，不会闹肚子。快递也挺给力，送货快，包装完好,好评,5
给家里两只老年比熊犬更换了冠能这款狗粮，过渡期间没有出现什么不适，挺好的，之前有的狗粮狗子会出现过敏现象，目前冠能的这款还没有，好的话会再购买。,好评,5
赶上优惠，又囤了一包，我家两只泰迪已经10多岁了，现在要买老年犬全价狗粮，一包能吃3个到4个月左右，一直买这个牌子的狗粮，效果挺好的，京东物流超给力，上午下单，晚上就收到了,好评,5
狗狗很喜欢吃，性价比高,中评,3
我家狗狗一直吃这块狗粮，适口性特别强，老年狗狗吃了也好消化，狗粮品质没得说？看了配料标，搭配合理。大品牌值得我们信任。👍👍👍,好评,5
一直回购的品牌，狗狗吃着很健康，大小颗粒正好，狗狗现在年龄大了，已经换成老年犬了，大品牌值得信赖，店家发货速度快，包装很用心。,好评,5
嫡长狗从小到大一直吃冠能，捡回来的小狗也吃了凉面了，焯水的清白鸡胸肉，水果小零食保健品，很精心的味，到哪都有人夸好看。中间也换了点其他牌子的狗粮，性价比不如冠能。,好评,5
我家的狗子一直吃这块狗粮，有岁数大了，换成了老年犬的，也吃了好几年了，现在身体非常的好。看了配料表，搭配的非常合理，大品牌也值得我们比较信赖。,好评,5
这款官能的老年狗粮，味道香香的脆脆的，日期也新鲜，我家科基已经吃了好几年了，还是很爱吃，这次买的小包装的颜色怎么比以前的要浅一点，,好评,5
🐶这款狗粮真的超适合我家老狗！营养全面，颗粒大小适中，狗狗吃得特别香～👏包装严实，运输过程中一点都没受潮。🚚快递速度也很快，隔天就到了，配送员态度很好，服务贴心👍整体体验满分，强烈推荐给有老年犬的家庭！🌟🌟🌟🌟🌟,好评,5
回购的，狗子喜欢吃，这比买个大包装的，价格实惠一些，上次买的2.5公斤的，因为是第一次吃，所以买小包装，狗子吃过之后便便正常。日期与商品页的说明是一致的。,好评,5
冠能狗粮一直都是我家狗宝必选口粮，颗粒均匀不大正好适合它年龄，多重营养呵护它老去的身体！在京东商城购买有品质保障，物流很快第二天送到家！，值得推荐！,好评,5
家里养的两只狗狗都12岁了，是老年狗狗了，换了这款冠能老年犬狗粮，换粮后狗狗适应的挺好，挺喜欢吃的，闻着挺香。买了一大包。,好评,5
家里的狗宝一直吃的这家的狗粮，现在年龄上去了，尝试给她买了这款老年款的，希望对她的身体有益，能更加健康的一直陪伴我们，会继续回购。,好评,5
冠能狗粮，确实是我家毛孩子的至爱，特别是狗子年纪大了，要买好一点的给它吃，以前的狗粮都要加其它的肉才吃，，冠能直接干完。,好评,5
狗狗今年十三岁了，已经吃了几年的冠能老年犬狗粮了，身体比较好，特别是排便正常 ，感谢平台提供优质的产品 感谢快递小哥风里雨里送货上门！,好评,5
好大一袋狗粮！够家里小狗吃一段时间了。我们家豆豆似乎只认这款也许是我们给他换的少，但我们觉得豆豆一直挺满意 ，各方面状态看着也挺好。,好评,5
这款老年狗粮太合适了！颗粒松软易咀嚼，特别适配老年犬的牙齿和肠胃，营养配比很均衡，能补关节护肠胃，狗狗吃了食欲好，毛发也亮，排便也规律，真心推荐！,好评,5
快递速度很快，下单后第二天早上就收到了。即使是春节假期期间，这个值得点赞👍狗狗前天开始搭着吃了，目前没有发现不良反应，大品牌的质量相信不会差！,好评,5
给家里小边牧买的，小狗自从来家里都一直🍽️这款狗粮，犬舍推荐的也是这款，吃了也不软便，希望小狗能健康长大，天天幸福开心,好评,5
挺不错的，属于回购了，之前买过，狗子还挺喜欢吃，买了送的也很快，价格也划算，适口性也很不错，整体都挺好的，推荐大家购买，不错,好评,5
我家狗狗喜欢吃这种，两只狗同时狗都吃，一直很健康，已经吃了十年了，感觉不错，物流真的很快，早上下单，下午就送到了，不错不错。,好评,5
点点是从幼犬粮吃到美毛专用的，再到现在吃老年犬专用狗粮，一直一直都是冠能的，已经9岁啦，一直值得信赖！希望健健康康平平安安！,好评,5
最好是小包装，那样方便,中评,3
这款狗粮包装挺好的，狗狗很喜欢吃呢，不仅是多次购买了~快递送得也快，包装完好无损，配送员态度也不错，满分好评啦~！！！👍,好评,5
狗狗一直喜欢吃，一直在回购，从小就吃冠能，7岁后吃老年犬粮也吃了好几年了。我们狗狗身体棒棒，大品牌值得信赖。希望店家多做一些活动。,好评,5
我们家的小狗大概是吃惯了这款狗粮，所以，我经常给他买，而且主要是在京东上购买。一则是价格公道，二则是不用自己亲自搬运，省时省力。,好评,5
从小从小吃到老的一款狗粮，已经吃了10多年了，搞活动的时候价格会更合适一些吧，平时要比较贵一点，所以一般都看着搞活动的时候会多囤一些，这样比较合适吃宠物店的狗粮拉肚子,好评,5
狗狗很爱吃哦 大牌子值得信赖，狗狗吃了还不错，没有起什么异常现象，以后还会继续买着，谢谢，我想继续回购，希望能加入一些这样的更加的,好评,5
我家狗狗一直吃冠能狗粮，现在七岁半了选冠能七岁老年狗粮，狗狗喜欢吃，可一直等优惠都没有，现在感觉养狗狗都养不起了哦😆😀😆,好评,5
我家狗狗一直吃这款狗粮，很喜欢，很健康，十多年了，一直没换过狗粮，不错不错，物流也真的好快，上午下单，晚上就到了，点赞点赞,好评,5
家里的狗狗吃这一个牌子的狗粮，已经吃了快8年了。直到现在，狗狗一直很健康。感觉不是很油腻。从幼犬粮到成犬粮到老年犬粮。性价比不错。,好评,5
包装的很好，质量上乘，商品物美价廉，品质有保障，这款狗粮真是物超所值，不仅狗狗喜欢，而且包装精美，很满意。,好评,5
我的摩卡13岁了，吃这款口狗粮也吃了有几年了，中间也有换过，是几个常吃的口粮之一，他喜欢吃，他喜欢我就高兴,好评,5
俺家狗狗10岁了，吃了10年的冠能狗粮了，没有吃过别的品牌的狗粮。从幼年的，成年的到现在老年的，真心的不错。俺点赞👍👍👍,好评,5
这款狗粮颗粒大小适中，狗狗特别爱吃，消化吸收也很好，便便正常不软便。配料干净营养均衡，吃了毛发顺滑有光泽，价格实惠性价比高，会一直回购！,好评,5
狗狗10岁了，自从换了这款老年狗粮，吃的香拉的好，毛色越来越光亮，很适合我家狗子,好评,5
我们家狗子是10岁以上老年犬，只吃这一款狗粮，已经回购无数次了！吃了以后很好便便，对肠胃好～,好评,5
挑食的狗子狗粮不吃，只吃冠能家的，买了好多试吃，只吃这一款～已经买过很多次了，每次都是买20斤的,好评,5
从狗狗七岁就吃这款粮到现在已经15岁了，吃的特别好，没得过任何疾病，身体倍儿棒！,好评,5
多年以来一直狗狗都是吃这个牌子狗粮的，现在用的是老年狗粮了，已经，15岁了。好评！,好评,5
一直吃这个狗粮，狗狗很爱吃，倒出来就哐哐吃，这个吃完便便比较好，成型不稀便，一直在吃这个，也不胖狗，袋子一打开，浓浓的肉香味，用料比较足，上午下单，下午就送到了，快递员特别给力,好评,5
家里狗已经是老年犬了，之前买过这一款小袋的，狗狗比较爱吃，我闻着味道也还可以，所以这次买一大袋。看了配料表，希望都是好材料，狗狗有点胖，就怕狗粮里的油脂太高，先吃一段时间看看，如果还是发胖就换减脂粮。夸夸送的赠品玩具，狗狗很喜欢。,好评,5
自从换上了冠能狗粮，狗子吃饭也香了，毛色也好了，这款狗粮适口性很好，安全性高，日期新鲜，颗粒大小合适，价格很好，性价比高,好评,5
信任京东货真价实保真划算，我家毛孩子12岁半了，之前一直吃皇家狗粮，最近听力下降，在网上查了一下，这款狗粮可以改善衰老，决定换这款狗粮，刚开始换，狗狗还挺爱吃，大便也正常，赶上活动就拍了大袋囤货，还会回购,好评,5
这款冠能狗粮还是不错的。狗粮的适口性比较好，吃后拉的便便也还可以，狗粮的颗粒大小比较合适，没有什么不良的味道。狗狗吃了好几年了，比较爱吃。好评,好评,5
这款狗粮适口性好，我家10岁德牧很爱吃，也不会太香。吃了便便也很好，狗粮和自制搭配着吃，狗子更健康。毛色不错，身体指标也都很好。,好评,5
我家狗子一直吃的就是冠能的狗粮，从小就吃，它很喜欢吃这款，营养很全面，15kg的爆款装，赶上活动购买还是物超所值的，最适合囤货，一袋能吃很长时间，关键消化很好！,好评,5
这款狗粮真不错！狗狗超爱吃，每次打开袋子都兴奋地摇尾巴。颗粒大小适中，便便状态也很健康。吃了一段时间，毛发明显亮泽柔顺了。会长期回购！,好评,5
家里的狗宝一直吃着冠能狗粮，大品牌有所保障。家里的狗宝11 岁了，换老年犬狗粮好几年了，快非常不错，营养配比科学，给满足狗宝成长需求。颗粒大小适中，狗子吃的是比较好消化，发货速度也快，包装非常给力。,好评,5
冠能7岁以上老犬狗粮，贴合老年犬的需求，含营养物质，维持大脑机敏。科学钙磷比和呵护关节，膳食纤维与益生菌能够强改善肠胃，适口性也不错，并且还可以保护老年犬的牙齿。,好评,5
经常购买这个牌子的狗粮，以前吃的是挑食，眉毛配方，现在狗狗岁数越来越大了，开始吃这种老年狗粮了，用七天换良法赶上促销买的还挺合适的，价格比平时要优惠多少,好评,5
家里12岁老狗最近这两年一直吃这款狗粮，很爱吃，颗粒大小软硬合适，看着油性也不大，闻着也没有怪味，所以打算一直喂这款，配合吃点蔬菜。至于是否有所宣传的功效，就没办法评价了。,好评,5
无限回购款，小体泰迪熊9岁了一直吃这款老年狗粮，大便正常，毛色光亮，每周给吃两个蛋黄爆毛且活力十足，出去玩儿小区的小姐姐，小哥哥，大爷大妈们都说看着像几个月的小奶狗，萌死了,好评,5
已经是第二次买了，狗子已经七岁了，专门挑选了这款中老年犬专用粮，大小合适，适口性好，狗子没有排斥吃，用手抓时候感觉油油的。,好评,5
这款狗粮真的太棒了!颗粒大小适中，营养均衡毛发明显变得更有光泽了无谷物配方很温和吃完便便也很健康。适口性一流，连挑食的毛孩子都被征服了包装密封性好还会继续回购,好评,5
一直吃冠能，现在狗狗17岁了，还有一只7岁了。两个都是老年犬，吃其他的粮便便会干，臭，颜色深，吃冠能正好相反。金黄，软硬适中，狗狗还会长胖一些，挺好的👌🏻,好评,5
大狗吃，2岁左右，目前开口了，没有发现特别的问题，闻着气味也好，&hellip;&hellip;狗狗也没有不适应的表现，才这么几天，吃段时间看看，合适就会回购，好评,好评,5
家里狗子慢慢上年纪了，7岁了，市面上很多老年犬粮选择，这款可以改善认知健康，可以给狗子试试看，颗粒也挺合适的，硬度也合适,好评,5
狗子已经八岁了，可以吃老年粮了，这个品牌是第一次吃，看配方还是可以的，先买一个小包装的试试，如果便便没问题，狗子适应的话，就可以回购了。,好评,5
狗狗年纪大了，医生推荐要吃老年狗粮，经过各方面比较，选择了这款冠能老年犬低脂狗粮，里面含有预防狗狗老年痴呆的配料，已经吃了三年多，效果很好，大便正常，狗狗11岁了还是很灵活，狗狗还是很爱吃的！,好评,5
冠能的这款狗粮我家两个老宝贝已经吃了快2年了，宝贝岁数大了肠胃有时不太好，不敢轻易换粮，冠能这个牌子是大厂老品牌，质量还是比较有保证的，每次京东有活动都会买一大袋子！京东服务也非常好，值得信赖！,好评,5
冠能这款狗粮颗粒大小正好，狗狗从小就非常爱吃，也一直在吃冠能，已经买了很多年。从幼儿犬狗粮一直吃到老年犬狗粮，狗狗便便也很正常。推荐了身边养狗的朋友们，双11 活动力度非常大，多囤了一些。,好评,5
我家三色柯基犬，毛孩子今年九岁了，一直在吃这个品牌的狗粮，狗狗喜欢吃，毛色光亮，出去遛狗路人时常夸奖狗狗🐶毛色好！品质好，值得信赖，可以放心购买。,好评,5
跟我上次在店里买的小袋子的一样，因为狗子年纪大了，需要吃老年犬了，医生推荐罐能就先买了2.5kg的尝试，还行，他正常吃饭，所以就买了大包的，以后需要连续吃这样的老年犬粮了，京东物流很快送货上门方便客服态度好,好评,5
开门狗狗就又蹦又跳的迎接新鲜狗粮到家😀😀😀日期还新鲜，迫不及待就整起来了，几口就整光了，好吃哇，就像几天没有吃饭一样😀😀😀,好评,5
我家胖柯基非常爱吃，老年狗粮吃了已经几年，目前看狗狗状态挺好，最近买了大包，价格实惠多了，以前还担心老年狗粮营养不够，现在看一切都挺好,好评,5
真的很好，吃了狗粮以后体重毛发变化超级明显，我家狗是领养的，之前营养不良，毛发稀疏，现在真的好了很多很多，感谢🙏,好评,5
🐶这款狗粮包装严实，运输无破损📦，拆开后闻着很香，狗狗超爱吃😋。营养成分标注清晰，喂食后毛发亮了不少✨。快递速度也快，配送员态度好👏。整体体验非常满意！🎉🎉,好评,5
【全阶段全犬型】赛级犬粮12kg 家里的狗狗很爱吃这款狗粮，一直都吃这个牌子，吸收的也不错，拉臭臭也很健康，看得出来这款狗粮很不错，希望质量、营养会让口感请继续保持。,好评,5
这款宠物食品真的非常出色！🐾包装结实，味道狗狗很喜欢，吃了之后毛色更亮了。物流很快，服务也很贴心，整体购物体验很愉快！👍京东快递送货上门，很方便，一如既往,好评,5
家里的泰迪宝宝10岁了，已步入老年期了，应对衰老我们一直给它吃冠能，这款全价犬粮支持大龄犬免疫健康，认知健康，助脑力、助免疫，好身体👍，每天高营养满足狗狗每日所需，狗狗老了也有强壮体格,好评,5
来续狗粮啦 这款是专门的老年狗粮 颗粒比较小 之前家里狗狗吃过 狗狗挺适应的 包装的密封性还不错 价格能再低点就更好了呀,好评,5
配方简单，狗子吸收良好，也很爱吃，从小就这款狗粮，小时候吃的是幼犬的，大了，以后吃的是成全的，从来不拉肚子，体重增长也不错,好评,5
冠能的狗粮营养均衡，狗狗吃了毛发更亮泽，适口性也不错，我家狗狗每次都吃得特别香，推荐给其他养宠的朋友们。。。。。。。。。,好评,5
我家边牧从小的时候几个月一直吃到现在已经10 岁了很相信这款狗粮从来都没有换过搞活动的时候力度会比较大一些要比平时便宜将近一百多块钱呢我也每次搞活动的时候都会多退两,好评,5
最近毛孩子常吃且一直回购的狗粮，不油腻配料放心，每天搭配鲜食吃，孩子把鲜食当前菜，不够吃就自行补几口，晚上再加餐多吃一点狗粮，目测便便还好，就是特别黄&hellip;&hellip;,好评,5
从小到大，百分之80的狗粮都会冠能的，中间换过两回其他的，性价比不如冠能，一直都没问题，后来捡回来一只流浪柯基，也跟着吃冠能，肉眼可见的变胖变好看。平时给加菜加肉和水果。算了下这几年买了一万五钱块钱的冠能了。😂,好评,5
常年回购此款狗粮，三岁的柯基十分喜欢吃，每次干饭都是一扫而空。每次打开袋子，香气扑面而来，狗子就会围着我转个不停，满眼都是对狗粮的渴望。,好评,5
冠能大中型犬幼犬全价粮真的靠谱！2.5kg装性价比在线，配方针对幼犬骨骼和消化设计，我家拉布拉多吃了之后骨骼结实，肠胃稳定，适口性超棒，挑食怪也秒光盘，大品牌的品质果然没让人失望～,好评,5
冠能狗粮蛋白质含量高，营养丰富，门店客服专业，快递小哥发货及时直接送到家，服务态度好。用完了，下次再来回购。产品价格实惠，性价比高。,好评,5
转为老年期的老年犬设计的狗粮 非常不错很好 一直买这个品牌 老年犬很爱吃这款 非常好 强烈推荐 今天入冬第一场雪 是准时送达好评,好评,5
狗狗年纪大了一直吃冠能，吃着营养不错。已经吃了两年了，14岁老狗狗现在精神状态比较好，体重也保持不错，会继续回购，卖家服务态度也好，发货快！,好评,5
冠能狗粮，我家狗狗超爱！打开袋子就能闻到一股浓郁的肉香，颗粒大小适中，狗狗嚼起来嘎嘣脆。吃了之后毛发变得油光水滑，便便也正常了。营养均衡，配方科学，感觉狗狗比以前更有活力了。价格虽然有点小贵，但一分钱一分货，为了毛孩子的健康，值了！,好评,5
家里狗子岁数大了，肠胃也不如年轻时候，现在不敢给他瞎吃了，狗粮只认准冠能老年粮，吃完消化的很好，每天都能健康便便，搭配南瓜鸡胸肉拌在一起，吃的很香,好评,5
好大一袋的狗粮，够吃很久很久了，狗狗也爱吃，这款包装还是很不错的，密封做的很好，不容易破包，狗粮颗粒分明，没有什么碎渣，品质很好，推荐大家购买，以后有活动还要继续囤货！,好评,5
我家狗狗一直吃冠能，营养很均衡，原料放心品质安心。上次去医院给崽子检查，医生问吃什么粮，我们说冠能，医院直接让我们继续吃这个粮，值得信赖！,好评,5
家里狗子岁数大了，饮食方面要特别注意了，稀奇古怪的品牌肯定不敢随便吃，老年犬粮就冠能比较放心，狗子吃了比较容易消化，配合保健品每次都能吃光,好评,5
柯基狗粮，一直喂的这个品种，囤货备用。京东购买便捷方便，质量值得信赖送货速度快而且包装完整严实。活动时买才实惠。生产日期2025年5月，保质期18个月。用段时间再补评价。,中评,3
还可以吧！就是粑粑有点臭。,中评,3
还行吧，就是物流有点慢,中评,3
狗粮很好。就是赠品没给我。,中评,3
这个狗粮狗狗吃完了啦粑粑臭凑的,中评,3
虽然这次购买有点不得劲，但是京东客服售后服务做的还是可以的。,中评,3
狗粮袋上的拉链挤坏了&hellip;&hellip;,中评,3
买了很多次，也在网上验货了，应该是正品。但包装箱用医疗器械的箱子我就不舒服。图片是拌了冻干蔬菜的狗粮。,中评,3
狗狗爱吃，活动价买的，还可以,中评,3
狗狗吃了拉稀，不知道为啥。以前没换包装的时候，吃着没事儿啊？,中评,3
吃完这个老年狗粮，狂掉毛，这狗粮有问题吧,中评,3
23年6月购买的，生产日期是22年12月的保质期过半年了。新包装的狗粮比旧版的颗粒大。,中评,3
第一次换这个牌子狗粮，每天拉稀，吃比冠能便宜的狗粮，大便正常,中评,3
买了好几次了，性价比不是很高。我更喜欢纽顿那个营养价值高点。配料比这款要好些，含肉率高，在包装上会详细的标示出来各项食材的成分和占用率！这款玉米和蔬菜类占比过多，不值这个价格。活动时期可以买买,中评,3
快递好快，下午买的，第二天上午就收到了，袋 子破了了口，哎，萨摩不怎么喜欢吃，吃的不多，想着再买回比瑞吉吧，就是比瑞吉的拉的屎臭,中评,3
狗狗主粮食品。京东自营店购买便捷方便，质量值得信赖送货速度快而且准确，包装完整严实。活动时买才实惠。2024年4月生产，有效期18个。,中评,3
颗粒大小：大小合适 适口性：比较好 便便情况：不是很理想,中评,3
"狗狗主粮，一直在吃这个品种。活动时买才实惠。京东自营店购买便捷方便，质量值得信赖送货速度快而且准确，包装完整严实,有效期到2025年1月。",中评,3
特意选了这款老犬粮给我家的毛孩子吃，之前买过普通狗宝宝吃的颗粒比较适中，现在狗宝老了我想继续用这个牌子的老年犬粮，没想到颗粒不仅是普通粮的两倍大而且适口性比较差，狗宝宝不喜欢吃,中评,3
对老年犬来说颗粒比较大 估计是比较咸 吃完总喝水 吃完不会再买这个牌子的了,中评,3
柴犬挑食，进口天然粮巅峰 爱肯拿 渴望 add不吃 只有拌罐头才吃勉强吃一点。。。第一次买冠能的狗粮 居然直接吃完了 看了一下有&ldquo;宠物饲料复合调味剂&rdquo;估计类似诱食剂吧。总比不吃饭强，掺着吃吧。,中评,3
颗粒大小：大小合适，狗子嚼得不费劲，从小吃冠能的幼犬粮，成年以后就吃的成犬粮。 适口性：应该还可以吧，尝了一颗，没啥味道。 毛发亮泽：不清楚是吃的鱼油还是狗粮，毛发还比较顺滑。 香味：不知道啥香味，形容不出来。 便便情况：大便成型，有时候软便，有时候拉肚子，可能边牧肠胃本身就不好。,中评,3
狗粮，柯基犬主粮备货。京东购买便捷方便，质量值得信赖送货速度快而且准确，包装完整严实。活动时买才实惠。生产日期2025年1月，保质期18个月。用段时间再补评,中评,3
一般般，感觉不值这个价。,中评,3
价格不稳定，没送货上门,中评,3
包破了用胶带粘了照发过来的,中评,3
刚买的551，没几天就降到459了，是标价系统错误嘛,中评,3
为啥实体店的有防伪码，这个没有？,中评,3
价格不菲，狗儿吃了毛发硬，光泽不好。,中评,3
个头长的挺快，就是不长肉。瘦的很,差评,2
狗狗不吃 发愁 这么一大袋子,中评,3
京东自营的服务大幅降低,差评,2
没有第一次买的好，经常拉稀,中评,3
上次还送零食，这次什么也没有送.....比实体店贵10元！,中评,3
包装第一次有破损 透明胶粘了下 天凉就懒得换了,差评,2
便便情况：有些发灰白，不知道什么情况，但没有拉稀。,中评,3
昨天买今天降价，苦恼?,中评,3
这成犬粮颗粒怎么这么小？比幼犬粮还小，是不是不对呀？,中评,3
性价比不高了啊！重量比以前少了三公斤，可是价格反倒高了，价格优势没有了啊&hellip;&hellip;,中评,3
狗子吃了拉稀连续半个月，去医院两次停药就拉。现在换狗粮吃没拉了,差评,2
以前都是带纸箱包装而且是抽真空的，现在是没有任何包装 也不抽真空了,中评,3
有点问题，拉链也不行，,差评,2
可能是之前吃的皇家 皇家味道比较重，换了这个就不爱吃了。,中评,3
宝子不吃，闻了一下不好闻！,中评,3
家里的狗子之前一直吃的海洋之星，自从换了冠能后一直软便，不知道为什么,差评,2
吃了两年了，价格是一直在涨，感觉吃不起了,中评,3
送货没问题，但商品外包装看上去旧旧的，感觉像是花钱买了一件旧商品一样，产品的日期也不是很好，总的来说不是很满意。,中评,3
送货快，但包装实在是太没诚意了，箱子都没有，就包一个透明塑料袋，都被扎穿孔漏气了,中评,3
京东的杀熟没的说，好开始看的时候479，结果买的时候硬是变会原价，前后就隔了几分钟，也是够了,中评,3
安全性：狗粮应该受潮了，有好多球球呢，黏在一起，担心安全问题,差评,2
快递速度还可以，包装袋无封口卡，开口后还得手一点点扣上封口，你能告诉我这几个意思？,差评,2
物流很快，上午下单，下午就送到,差评,2
这款颗粒比较大，汪汪不爱吃，,中评,3
"不好,边牧吃了以后有泪痕,有眼屎，影响颜值。",中评,3
不好，吃了几天发现狗狗有点控制不住大小便，不敢喂了,差评,2
没有纸盒包装，来的时候里面袋子上有两个口子，不知是快递原因还是哪个环节搞的，倒是没漏，也就不退了。,中评,3
狗粮感觉比较油，狗子吃了一段时间不想吃了,中评,3
狗粮一般，狗狗不太喜欢吃，价格也贵,差评,2
回购的 还没打开 外包装简陋还有小破损,中评,3
狗粮破包了，虽然日期是3月的，但肯定保存不了多久了，不满意！而且说好的错峰收货减价根本就弄不好！感觉被耍了！还是波奇网好，全球购都是又快又完整的包裹！粮食狗狗还没有吃，正在吃荒野盛宴，过两天再试。,差评,2
偷懒的京东快递，竟然不送货上门了，几件东西塞一个快递柜里。,中评,3
里面的内封怎么是剪开的呢？不知道是不是二次包装哦！,差评,2
下单后一小时收到货物，本想给好评，但这家店买了那么多次，感觉这次快的离谱，收货后果然看到包装袋破损。闻着狗粮应该没坏。,中评,3
10千克装的狗狗不喜欢吃，2千克和10千克质量、味道有区别吗,中评,3
每次买，防伪码积分基本上都扫不出来的，积分都被扫过的。。。两次了,中评,3
外包装有点脏 并且侧边破损有个小洞漏气了 开封了才发现 生产日期是23年9月份的 第一次买冠能想试试看的 感觉不是很好&hellip;,中评,3
狗粮不错，但是这个价格时高时低，我昨天看323一袋，今天就要450了，差价也太大了,中评,3
狗粮是4月份的，过了大半年，不新鲜，比以前的差多了，以前的还是独立小包装。价格比以前贵多了,差评,2
以前发货外面还有个保护的袋子，这次直接狗粮袋子贴个快递单脏兮兮的就发过来了，本来真空的袋子也漏气了,中评,3
一开始是说不能送货上门，那我就让放到菜鸟，只是让放到菜鸟，啥时候我就签收了呢？怎么进来就要点评价了呢？,中评,3
京东自营品控有待提高，不是临期粮，但刚拆包装两三天突然看到一块这样结团的难免不放心，咨询客服后解释如果拆包装前包装完好就没事。狗狗吃了一周没有什么问题，暂且放心，以后还得提高品控啊！,差评,2
不知道是不是买到假的了，狗狗不饿不吃，而且在喂这个的期间毛长的很不好，毛凌乱而且色泽也差，之前喂的疯狂的小狗奶糕也没出现这样情况，现在喂的皇家的，慢慢的把它的毛养过来了。总觉得自营不应该出现这样的情况才对啊,中评,3
没包装，就用塑料膜裹了一层，刮得竟是破的地方，里面的包装也有破洞，验了说是正品，但狗子不爱吃，有股怪味,中评,3
京东服务体验非常好，但是狗粮的质量就非常值得商榷了，第一次送来的袋子有破损，第二次换了一袋才是真空包装的，狗狗吃了一直软便且最后一段是稀的，尝试换了某进口品牌六种鱼狗粮就好了，基本可以确定是狗粮的问题。这么大一袋，丢了可惜，狗狗吃了又不好，且有第三方评测指出该品牌狗粮的防腐剂成分是BHA/BHT，据报道有潜在致癌性。唉，我狗狗的亲身经历，仅供参考。,差评,2
家里狗子十岁了，一直在这里买狗粮，但这次很不满意，第一包装只有一个快递包装袋在外面，导致收到的狗粮袋子划破，狗粮洒出来了，第二生产日期，收到的是2011年11月生产，虽然在保质期内，但是已经生产放了十个月，宠主都希望自己的宝贝吃的东西新鲜健康，这次的日期太久了，还有今年的价格比往年涨了一百多,中评,3
这次收到的狗粮颜色发黄，与以往的感觉不同。前两天刚买了一袋同款小袋的，颜色发黑。如果不是京东自营，我都怀疑买到了假货。,中评,3
颗粒大小：小颗粒 适口性：我家狗不爱吃，以前吃荒野。哎。 便便情况：刚开始软 ，现在感觉正常了 香味：特香，味儿挺大的 毛发亮泽：不好,差评,2
我买的是老年犬狗粮，怎么颗粒好大，也不软？我家两只老泰迪都嚼不动，不怎么吃,差评,2
这次买的包装是旧款，生产日期是4月份。双十一买的是新包装，生产日期比这次好。双十一便宜没有多买，就是想买生产日期新的，结果多花钱还事与愿违。,差评,2
不知道包装画金毛的这款狗粮新款是做了什么调整 旧款狗子一天吃六七百克不挑食 新的一百克都吃不完 好几天了不好好吃饭,差评,2
就是这次的狗粮和上次的狗粮颜色和大小都有些不一样，狗吃着。不喜欢。吃。我看着我买的是同一款啊。。很奇怪,中评,3
这回买的，跟上回买的味道不一样，有很重的油焦味。不知道是什么原因？,中评,3
两只狗狗吃了以后都拉稀，和以前的狗粮颗粒颜色完全不一样了！怎么解释？？,差评,2
第一次从别款老年狗粮换成冠能的，在开封食用前被包装袋的脏污程度惊到了，扫码积分的贴也掉了，粮是今年三月30号的。问询了客服说是里面没问题就行，客服人员很友善，但整体客户感知有点差强人意。。,中评,3
1.保质期18个月，就剩 7个月了。 2.封口拉链机头没了，两边塑料管火烫修理的，奇怪 3.发货包装就一个薄塑料袋，狗粮袋都蹭破了。 比前几次购物，价格涨了，我满意度下降了。,中评,3
和之前买的不一样，奶香味没有之前的浓郁了，问起来就像面包糠的味道，一点点奶的味道都闻不到,中评,3
买过来袋子居然有个洞！什么鬼,差评,2
便便情况：拉屎特别臭，狗吸收不了,中评,3
一般般吧，价格太贵，一两个月的时候吃吃就算了,中评,3
发货出来就是破损的，太不负责任了吧,差评,2
买了这么多次狗粮，包装最差的一次，连上面划扣都没有,中评,3
连个包装都没有，直接就是一袋子，这是我见过的最牛逼的一次了,中评,3
狗狗真心不爱吃呀，唉,差评,2
快递到了，但是包装超级差，外包装现在也没有，表面有严重的刮蹭,中评,3
这个生产日期时间是202108月份的，时间太久了吧,中评,3
日期长不说狗粮袋子上面全是土，差评,中评,3
打开味道很香家里萨摩也爱吃但是这个貌似很上火眼屎很严重，不敢再给它吃了,中评,3
两带狗粮到货后全部不是真空了，一直用这个牌子狗粮，是商家不用真空包装了吗？,差评,2
降价太快，买完一周就降价100多元，以后也不不会回购了,中评,3
闻着味道不对，第一次买的可以闻到一点点奶香，这次有种刺鼻的味道...很不舒服,差评,2
我家狗吃了开始有口臭了。怎么回事。而且颗粒太小，对牙齿不好。没有清洁的作用,中评,3
双十一看见有活动，想着优惠些就多囤点狗粮。这个页面写着附件12kg狗粮，以为是赠品一袋，问了客服，客服也没告诉我这不是赠品。于是下单购买了。结果压根就没有赠品，客服说那个附件仅仅是个链接而已&hellip;&hellip;无语了，不是赠品干嘛放一个链接，误导消费者&hellip;&hellip;,中评,3
狗狗吃了很上火，泪痕加重了，而且嘴巴下面的毛都开始发黑了，可恶！！！！！！这是我家狗狗吃的第一袋狗粮，之前一直都是喂羊奶没有什么问题，吃了狗粮就毛发发光！！,差评,2
今天也碰到被许多人诟病的包装袋有漏洞的瑕疵了！也许会多疑：重量是否足斤？狗粮是否偷梁换柱以次充好？不过我还是凭良心收下了，再忐忑的相信京东自营品牌一小下。希望京东真正整改类似工作，别让消费者疑惑！,中评,3
单独买了这个2.5kg吃了没事，后来买了500g*20包的大包装的，第一次吃了90g，吃了之后吐了四次，然后拉稀，还有点便血。自己去宠物医院花了接近2000才治疗好了，后来也退货了，赔偿了我2000京豆。 我也不追究责任了，但是大家谨慎购买，感觉质量把控不太行。,中评,3
之前狗粮都是在这里买，这两次包装发来都是破洞的很失望，狗狗入口的东西本人很在意，虽然换货了但是购物体验不好不会再选择了,差评,2
这是京东快递，狗粮连个盒子都没有。沈阳发货，一天就到了，包装都破了，一天就造这个样么？平时买个破护手霜都有盒子，狗粮是不值钱么？！我真是无语了，你咋不用脚在踩两脚再给我呢。,中评,3
包装好破全是划痕和掉漆,差评,1
一天一个价，买完就降价！,差评,1
商品破损 连外包装都没有,差评,1
送来的时候箱子都没有,差评,1
不好吃，有一股味，狗子不爱吃，扔了,差评,1
狗粮外壳快递也不包装，客服没回应。算了,差评,1
包装破洞，送货人扔下就走了！,差评,1
狗 和 猫 都不怎么爱吃这个 还过敏～了,差评,1
买两件，送一件！反复送错！买狗粮送猫粮！,差评,1
之前*买的试吃装会吃，这里买的大包装的就不吃了,差评,1
便便情况：吃拉稀了，上吐下泻不敢喂了。。,差评,1
价格贵还不好，吃完泪腺变重了,差评,1
我没收到货，也没打电话跟我交流，请问你们快递员到底是谁帮我签收了？,差评,1
日期不是新的，快到保质期了,差评,1
眼屎多，眼睛发炎，窜稀，有问题的狗粮，不推荐购买,差评,1
包装能不能正规些？整个保鲜膜包装是几个意思？,差评,1
包装破损，以前也出现过并拒绝收货，目前没有狗粮了，只能收下,差评,1
又涨价 又涨价 又涨价 每次再买都会涨价！！,差评,1
包装烂了，直接漏气，,差评,1
不满意，原先封口有拉锁这回没有其二袋子还破个不小的口子,差评,1
改吃这个品牌后，狗屎臭出天际～ 慎重！,差评,1
狗狗不爱吃 在京东买的不爱吃 其他地方买的一样牌子的还行,差评,1
用了4年，就这么对待老顾客的，以后都不会回购了,差评,1
包装破损，不知是不是假的或者破损，狗狗吃了会吐，之前吃过好几袋都没事。,差评,1
一开始换粮狗狗一直拉稀，吃了好多天益生菌同时减少喂食量，大便终于正常了。现在喂食量只有之前的一半，但是大便量是之前的2倍以上，名副其实的吃的少拉的多。狗狗半个月体重没增加，回头再研究配方真的后悔了，排在前面的除了鸡肉粉就是小麦玉米燕麦，不会再买了。,差评,1
多次购买了，不知近期什么原因，第二次破损了。,差评,1
好歹给我套个袋子也行啊，每次买都是贵的，买完之后又降价，欲哭无泪,差评,1
比不上**，我买了这么多都不送点东西的，其中一袋快递员划破了跟我说了我也懒得计较了。但是**的快递包装是一袋外面另外有一个📦的,差评,1
原来吃皇家 掺这这个 狗不吃,差评,1
袋子坏的贴上胶带就发来么？,差评,1
连个包装都没有，家里人签收的，等晚上自己回来看的时候包装都是坏的，这种要怎么保存，生气！！！！,差评,1
"家里狗13岁了,之前都是吃的那个小型犬粮,这次换了这个粮,只吃了一顿,就又拉又吐的",差评,1
这袋不好，狗粮颜色发黑,差评,1
只用了一层快递防水袋包装没用纸箱。 收到的时候狗粮的外包装已经破损出现了裂口。,差评,1
安全性：卖了两次，收到都是破的，那么一大包要吃2个月的，包装破了放久肯定受潮变质了！找客服说不支持赔偿！,差评,1
我买了两袋，但只发了一袋，联系客服根本联系不到。,差评,1
去年的不新鲜狗粮！快要过期了！！,差评,1
活动囤的，狗狗不愿意吃，没拆快递包裹也不给协商退货,差评,1
换了冠能小狗吃一次拉三次、都说吃完拉的多是不吸收、所以、我给了这个评价,差评,1
今年618买的生产日期比去年双11买的生产日期还早两个多月，价格还高了50元，所谓的自营官方旗舰店也不过如此，没过保质期我也不好说什么。,差评,1
我想说的是这款狗粮对比之前的力狼我家的狗子更爱吃力狼，这款狗粮买来吃了好久了都不怎么吃，放了肉罐头和着吃都不吃，放力狼的吃个精光。,差评,1
不知道是不是狗粮不正宗，我家三个月大的金毛吃了鼻头退色，专业的的人说缺营养，其他又一切正常，烦死了。,差评,1
商品18个月保质期，剩5个月不算临期？不跟商家沟通就跟客户扯这不算临期？30斤的狗粮不得吃两三个月？还说仓库全是这样的，没有新的可以换。不去找供货商就跟客户扯不算临期？,差评,1
618买的狗粮，前几天拆了一袋，有一股霉味。,差评,1
一直买这款，第一次这样的，幸亏还给粘上了，不然就都撒没了。,差评,1
死贵 还连个拉链都没我有 那么大一袋 连个拉链都没有,差评,1
天哪，，你们狗狗有没有吃了一段时间 动不动眼睛就发红，不断有眼屎的情况啊。没有发烧也没有其他什么疾病，家门都没出过。之前买小袋装的吃了没事，换了大袋子装的就出现这种问题，是我摊上假货了吗？,差评,1
狗昨天刚换完这个狗粮，吃完晚上突然就死了，吃完拉稀，呕吐，然后就没心跳了，没吃这款狗粮的时候还是好好的检查过身体没有一点疾病,差评,1
疫情反复的季节，0包装配送，哪怕来个简陋的塑料袋呢，外包装也已经肮脏不堪。。图都不忍心上了,差评,1
收到货后发现正品标签已撕毁，客服极不负责任，就是一摆设，反映了问题还一直问有什么问题，装着什么也不知道,差评,1
这老年粮像砖头一样硬也敢叫老年粮，泡水泡一个小时都泡不开,差评,1
保质期18个月，但收到之后看到已经过了14个月，介意的朋友慎买,差评,1
已经第二次这种情况了 咨询客服 让我打打不通的电话 kefuq直接把我拉黑了,差评,1
实话实说，快递速度是真的快，适口性反正狗子吃，但是吃了两天今天出去遛狗，回来发现屁股上都是血，就是在外面拉的大便掺着血，不知道这是为啥，按理说冠能的是大品牌，为啥会出现这种情况,差评,1
我不知道你们什么意思，袋子坏了，让我用什么装啊？里面变质没啊？,差评,1
以前1.5公斤的小袋装箱不生产，现在每年涨价一百，这价格下次果断换品牌。,差评,1
袋子里面这次脏兮兮 看起来特别油 最近买的是不是都这样,差评,1
包装破损，都撒出来了,差评,1
京东把已破损遗撒的狗粮，用物流包装胶条进行二次封装后销售给本人。京东售后人员跟我不停的沟通了五次，每次都更换不同售后人员处理，从头重复询问所有问题，回避销售破损二次包装劣质狗粮的问题，客服讲狗粮只是外包装破损（京东销售的该狗粮只有单层包装）不影响使用，没有安全问题，如狗吃了出现问题，京东会进行相应的处理。讲京东销售破损后二次包装问题劣质狗粮的行为称为工作疏忽，第五次沟通京东干脆称进行了内部调查，物流派送部门讲派送的是包装完整的商品，拒不成承认销售破损二次包装劣质问题狗粮,差评,1
狗粮包装外套有一层透明编织袋，在外编织袋完好的情况下，狗粮袋破损了，下单后又等待了好几天，家里狗砸已断粮，没办法懒得换了。,差评,1
这价格可以过山车了，买了三袋，第一袋550，第二代，450，第三袋375，想问这样的价格是有多可怕,差评,1
已经购买多次这次到货竟然包装袋是坏的，而且外包装是完整的，这就是态度问题和服务质量问题了！！！,差评,1
说得的次日达，次日送不到联系客服也没处理方案，拖拖拉拉,差评,1
不知道什么原因，之前买的家里的狗狗都爱吃，这次买的家里所有的狗都不吃,差评,1
下雨快递小哥送上楼的，为小哥点赞，一直给宝贝吃的这款狗粮，之前也有过不带包装就送来的情况，但是这次下雨，而且不带任何包装，当时就提过意见，这次又是光秃秃的放在快递车棚顶上淋着雨送过来，外包装脏兮兮的，太差劲了，打投诉电话废话一堆就是不接，联系不上人工,差评,1
反正价格一直在变，还变动差价特别大，有一会给我打电话说有活动，结果呢一对比，比之前还贵100多。反正吃完就买吧，也不要看活动了,差评,1
之前一直买的2.5kg。吃的挺好，因为疫情买了12kg大包装，买回来吃都不吃，这么贵，欲哭无泪，是不是有问题，狗子为什么小包装吃的欢，大包装就不愿意吃，实在饿的不行了吃点还吐。。。哎！ 还有这该死的快递包装，都不能再套个袋子或箱子吗？,差评,1
同时买了两袋，一样的，这个难道味道不同吗？ 有一袋一颗也不吃，为什么？ 我不是第一次买这个牌子，还出现在用情况，100多块钱，玩呢？,差评,1
618买的狗粮，前几天拆了一袋，有一股霉味。618的价格虽然比平时低一点，但是一袋狗粮毕竟也三四百，希望商家能够诚信经营。,差评,1
11岁的老狗，吃了11年的狗粮，从来没见吃过这么难吃的。我家小狗每次吃，吃一口就要往后退两步，还要往外吐一点。加了点舒化奶才勉强能吃的下,差评,1
第1次拍的还用了个纸盒子。第2次拍的直接用个塑料袋，狗粮里全是空气，生产日气是24年12月的，保质期是18个月，囤货的就不必要了。,差评,1
2025年08月30日下的单。12kg的狗粮。临期没有任何标记。 收货是24年9月20日生产的。 🙃🙃🙃 这日期你买吧。一买一个不吱声。,差评,1
这款狗粮多次回购了，不过最近一次的购买我收到时候正好看了一眼，算是临近过期但还没过期，我心里犯嘀咕但还是喂了，吃了几天，狗吃的明显不喜欢，吃两口就不吃了，最近两次遛狗由软便到拉稀。希望不要再卖临期商品,差评,1
给我家老北鼻换个老年犬粮 还换坏了 这狗粮吃了流眼泪 掉毛 皮肤病也开始了 13年他都没得过皮肤病,差评,1
以前买过几次了，都很好！这次送来的狗粮是潮湿的，手抓了粘手，狗吃了一次就拉肚子，包装袋没有破损，不知道是何原因。,差评,1
避雷冠能 狗吃了之后一直皮肤病 而且不爱吃 适口性差 营养少 拉的便便都是软软的,差评,1
一直买的冠能。但这次买的换包装后，密封条无法密封锁鲜，反馈给客服后，说换新。结果换来的防伪二维码已经码损，也无法扫，找了客服，客服强调是正品。不想折腾再追了，相信京东吧。希望改进新包装密封条问题。,差评,1
安装便捷性：很简单 结构稳固性：还不错 承重能力：还可以 在 猫咪活动空间：猫太大 可能有点小 空间利用率：还可以 多功能设计：还行 耐用性：还行,好评,5
给猫买的，猫很喜欢，幼猫很合适。很满意的一次购物，商家服务好，发货神速，物流也很给力，宝贝收到后非常喜欢，买得放心，用得安心！,好评,5
架子性价比很高，安装也很方便，很稳固，很牢固，小奶猫第二天就敢自己往上爬了，现在直接跳上跳下，可爱玩了，很满意的一次购物。,好评,5
猫爬架质量很好，多层跳台设计合理，底座宽、很重、承重好。磨爪子、爬高、休息等可以。猫猫很喜欢，安装也非常简单，很好的一款猫爬架。,好评,5
设计精巧不占地方，椰树造型猫咪超爱。剑麻柱很耐抓，多层跳台满足了它登高的天性。自带的猫窝也很受欢迎，现在它整天都窝在上面，既是游乐场又是休息站，性价比真的很高！,好评,5
京东快递送的特别快，点赞！材质可以，组装简单，十分钟就搞定。 就是太小了，太迷你了。我家13斤的猫咪，只能屁股坐进去。 这个适合七八斤以下的小猫咪。,好评,5
猫咪超爱这个仙人掌猫爬架！一体式设计很稳当，多层跳台和剑麻柱质量很好，抓起来特别带劲。既当窝睡又能玩耍，省空间又实用，颜值还高，家里毛孩子玩得不亦乐乎，太值了！,好评,5
这个猫窝非常不错，颜色艳丽，猫猫喜欢。安装也特别简单。小猫猫非常喜欢这个小猫窝，宝宝也喜欢。价格优惠，性价比不错，还可以磨爪子，,好评,5
这个架子颜值很高，而且性价比也超合适，买回来组装好洒了一点猫薄荷，毛孩子就迫不及待的上去玩了，超喜欢那个椰子树上的球球，这下自己在家也不寂寞了,好评,5
很好看哦，安装也很简单，京东送货上门的非常方便，只是刚好小猫没有上去玩，报上去也不上去玩，先放在这吧的时候应该喜欢挺好的,好评,5
有点买小的了，没想到小猫长这么快。不过也还可以，感觉偶尔会去玩一下，丰富下家里的层次一下。质量没啥好说的，还不错。用着没味道,好评,5
这个猫咪的爬爬嗯，第儿非常的，嗯，非常的简单的安装起来非常的简单，孩子一个人花了十分钟就把它装好了，撒了一点猫薄荷。嗯，然后后面的话这个猫就特别的喜欢在里面我他就知道那个是他的地盘，就是稍微矮了点,好评,4
小粗猫爬架被我买到了！ 搬家后一直想买个新的貓爬架，做了好久的功课迟退没下手。本来是打算买个两貓家庭用的结实的猫爬架，看了好多家，感觉水星喵记的颜值很和我意，又让客服推荐了一下，小猫能跑后小型🐱抓板和坚固睡觉的纠结半天，最后选择了这个,好评,5
满意 包装很好 物流给力 无破损 可可爱爱，猫猫非常喜欢。 这是我买的第三个，前俩都被折腾废了，希望这个能坚持的久一点。,好评,5
一直都想给我家小猫买一个猫爬架，小猫快五个月了，挑选几家，最后还是选了他们家的猫爬架，我家猫猫还是挺喜欢的，颜色搭配的挺好的,好评,5
架子稳当好安装 猫猫很喜欢。 物流很快 早上下单下午就到了 五星好评。 。,好评,5
挺可爱的，猫也很喜欢待在上面，但是质量太差了，很快就不稳了，因为它是空心的，纸筒和螺丝底座不是固定的，拧的再紧也没用,中评,3
家里新来的小猫 特意买来给他消磨精力的 做工很好没有线头和刺 颜色搭配是小动物喜欢的颜色 安装很方便 包装来的时候很省地 轻松安装 送货还快,好评,5
整体来看性价比还是可以的，安装也方便，收货后暂未出现明显异味或者发臭，就是猫咪好像不怎么爬，可能太小了一点。后续再持续关注，并真实追评。京东加油👏,好评,5
喵仙儿椰树猫爬架太懂猫了！造型可爱像小椰树，多层跳台满足攀爬欲，剑麻柱磨爪超带劲。一体猫窝柔软舒适，小型款不占地，安装简单。猫咪整天泡上面，磨爪玩耍睡觉全搞定，性价比绝了！,好评,5
安装还是挺方便，台面高度并不高，挺适合小猫咪的。但有一颗螺丝裸露，不应该。太空舱没有设计透气孔，我家的猫咪不是很喜欢睡里面。,好评,4
物流很快，内容完整。组装很方便，徒手安装最后用赠的内六角扳手拧紧就行了。还给带了一小包猫薄荷，撒了一些在猫爬架上，猫猫现在已经嗨了。,好评,5
给新来的小猫咪安排的猫爬架，大小尺寸都非常很合适，设计也很合理！安装很方便，看图一会就能安装好，还送了一小袋猫薄荷，小猫很喜欢！,好评,5
谢谢。不怕家猫爬架，颜色挺亮丽的，也没有掉毛絮猫猫一旦到我组装这个快递，就迫不及待的跑上去，整天都在太空舱里面窝着睡觉，看起来舒舒服服的,好评,5
次日达，送货速度飞快，头天晚上下单，今天上午就收到。东西还是比较结实的，猫猫上去不会压坏。两颗毛球猫猫时不时会玩一玩。价格也不贵。,好评,5
做工用料都很足，安装也不复杂，都不需要用说明书就可以轻松的安装好，猫咪不是特别的喜欢在上面，只喜欢抓柱子和咬上面呢植物球,好评,5
很不错，我的小猫猫很喜欢，今天回家的时候发现它在小窝里睡着了，很开心(〃'▽'〃)感觉买到了对的东西，而且物流很快，京东还是值得信赖,好评,5
质量很好 物超所值 家里咪咪很喜欢玩 磨爪子也能在上面一层睡觉 东西质量很好 组装很方便 暂时不掉毛削 养猫人士可以考虑入手一个,好评,5
首先值得肯定的，这款猫爬架非常值得推荐，价格和设计都挺好。没错，是木制猫爬架，是胶合板，几乎没味道，安装也算比较简单，还好没有买那些大尺寸的，这个尺寸就足够了。,好评,5
没有小猫能拒绝一个可以爬上爬下的小猫爬架！搭配我的小猫窝一起简直是小猫的天堂！安装简易！结构牢固耐用，支持小猫各种上蹿下跳,好评,5
主子很满意，偶尔会临幸它，要不是家太小，还是应该买大一些，长腿猫和四公斤以上的慎买 快递还行，安装也很方便，总体来讲还不错,好评,5
非常好看，安装的也很简单，如果椰子树更坚固点就更好了，小猫有点不敢上最高点，会晃，整体还是不错的不错不错不错不错不错不错不错不错不错不错不错,好评,5
这款猫爬架颜值特别高了，外观设计特别好看，质量特别好，自家的毛孩子特别喜欢了，安装简单，买回来安装之后毛孩子玩的不亦乐乎～,好评,5
又想买个猫爬架，又想买个猫窝，但是家里地方小占地方发现了这款满足了上述两个点，猫咪非常喜欢，上去了就不下来玩得不亦乐乎，也不太占地方,好评,5
质量非常不错，看起来就很高级，样式也很好看 ，猫咪们都很喜欢玩 颜色也很鲜艳 在家里放着就像个装饰品一样，下次还会回购的！,好评,5
很喜欢这个架子，猫也很喜欢，客服小姐姐人也很好哦，整体很上档次，也很搭配，确实是一款不错的猫爬架，质量很好，物流很快，真的,好评,5
猫窝很漂亮，只能说售后很好，拿回来安装好通风了两个月猫咪才接回家，猫咪不怎么爬，不知道为什么，,中评,3
挺不错的，猫咪喜欢在上面抓来抓去。小猫一开始不太愿意进太空舱，后来也愿意在里面躺着啦。 可惜上面的毛线球抓了几周就被猫咪玩坏了🤣,好评,5
实物非常好看，实用性高，适合小猫咪玩耍休息，大点的猫装不下。,好评,5
毛球第一天就掉了，不结实。其他整体还不错，颜色靓丽，高度也是小猫喜欢的，还可以当做小窝，柱子可以磨爪子。,中评,3
窝扭不紧的，一直摇摇晃晃,中评,3
小猫猫不是很喜欢玩，偶尔去。,中评,3
结构不牢靠，猫俩天就玩坏了，大家谨慎选择,差评,2
说实话异味比较大，不敢放卧室,差评,2
一般，买了三根柱子坏了俩，商家安排补发了也就算了,中评,3
小猫不感兴趣，也不睡,中评,3
胶味有点重 猫不是很喜欢都不愿意靠近 晒几天再看看,中评,3
呃，好像有点小，5个月的猫都不是太喜欢。样子还行。需要自己准备工具安装。,中评,3
样式设计的挺好看的，但是这个绿色的太敷衍了，和宣传图上的毛绒完全不一样？ 然后椰子树是有两根立柱拼接而成，钉子就这样裸露在外。木板也是胶水粘的有气味。,中评,3
味道很重，猫咪一直不肯上，一靠近他就跑开,差评,2
底座太轻，猫抓一下就会移动，剑麻也很软,中评,3
实话柱子下面那个固定的，稍微上了5斤以上的毛那个睡觉哦那个柱子下面固定的地方是胶的，很容易坏。一分钱一分货吧。,差评,2
质量一般，太脆弱了，也可能是我家猫咪太强，三下两下就把猫给拽掉，吸盘也不牢固，吸地板或者玻璃上容易被我家猫咪扯掉，感觉像是个一次性的玩具哈哈哈,中评,3
真的就只有一点点大，我家是矮脚猫，体型本来就很小，这个窝根本装不下😂，撒了点猫薄荷，大的那只躺进去了，完全装不下，真的好小一个猫爬架，只能说将就用吧，底板柱子都是硬纸做的，不是木头的，估计也用不了多久吧,中评,3
太矮了 是个3个月内小猫,中评,3
一天就烂了！猫窝那根就歪了，断了,差评,2
一个星期就把麻绳挠下来了，质量一般般呀,中评,3
实物有点小，推荐小猫，大猫有点装不下,中评,3
有点经不起抓，球已经掉了，螺丝已经松掉了,中评,3
一般，味道有点重,中评,3
质量一般，有松动,中评,3
用了不到俩月，坏了，质量非常差,差评,1
质量很差，买了2个都玩没多久坏了，一个是刚拼好那天就坏了，还有一个玩了几天就坏了，和卖家客服说，他们说给我寄配件，寄了快1个星期还没看到，服了,差评,1
很轻，不稳固，根本撑不住，猫咪跳上去架子就翻了。正常猫咪，没有超重过大,差评,1
质量堪忧，没玩几天就这个鬼样子，结构不够稳固摇摇晃晃的，后期我加固了一下用热熔胶，还是不行！太差了，我家猫才四个多月的小猫,差评,1
质量很差劲。一个月就坏了。纸板糊的吧。家猫才4个月不到，体重1-2斤。不会再考虑从这里买猫用品了。就这样吧。,差评,1
味道太大了，晾了两天还有股味道。猫咪都不玩，我自己都闻着头晕,差评,1
有一股异味 放在客厅，整个客厅都是一股刺鼻的味道，实在受不了 后面我还洗了两次都还是有，非常难闻,差评,1
买小了是我的问题 我自己没看清楚尺寸 但是有味道肯定是这个爬架的问题了吧 凑近闻有种烂柴火还是泡水纸板的味道 想着放两天在阳台上散散味道 结果每天下班回家整个客厅里都是味道 猫受不受的了不知道 反正人是受不了 一放还超过了退货的时间 算啦只能扔掉啦 大家谨慎购买,差评,1
差评！ 差评！差评！这款猫爬架是 8 月 8 日购买配送到家的，特意用了一个月再来评价。 猫爬架有很重的&ldquo;破布的臭味&rdquo;味道，尤其是在门窗密闭不通风时，其味道非常大，加之我家经常开窗通风，直到今天，仍有一股&ldquo;破布的臭味&rdquo;，经久不散。实事求是，必须给差评，望购买的人谨慎。,差评,1
质量很差，用了没几次就断了,差评,1
这个东西甲醛气味太大，猫咪根本就不想靠近它,差评,1
很不稳并且猫猫压根不喜欢玩,差评,1
质量不好，刚用了一个月零两天就坏了。,差评,1
质量根本就不好 一拧就坏了 我也懒得退,差评,1
很喜欢！狗狗一直在玩！！,好评,5
狗狗防晒衣收到了，质量很好，做工精细,好评,5
颜值与实用性拉满！黄色显干净好看，薄款冰丝透气不闷热，防晒、凉感、防虫、防掉毛一步到位。4XL尺码精准，我家38斤大狗穿着合身舒服，活动自如，户外暴晒也不怕，面料顺滑好打理，机洗不变形，夏天狗狗出门必备好物。,好评,5
面料柔软亲肤，凉感效果超明显，狗狗穿上再也不会热得喘气了。四脚设计贴合身形，跑跳自如不卡裆，防晒防虫。,好评,5
面料柔软亲肤，做工精细，款式好看，能有效防晒，狗子穿着舒服又帅气。,好评,5
凉凉衣太实用了，凉感面料上身就降温，防晒防虫，狗狗跑跳不束缚，再也不怕热得伸舌头了，性价比绝了👍,好评,5
四脚全包裹，夏天出门遛狗再也不怕晒了，凉感面料透气不闷汗，凉而不冰，狗狗穿着很舒服。,好评,5
价格实惠品质好，主子很喜欢，出门回头率超高，非常满意！,好评,5
透气性好 轻薄舒适 容易清洗 性价比高 不错,好评,5
款式可爱又百搭，狗狗穿上不束缚，活动自如。,好评,5
非常好，我家小猫绝育后最明智的选择，在淘宝很容易掉，这件设计的很好，穿着也很好看，给她拍了好多可爱的视频,好评,5
猫咪做了绝育手术，老是想舔，后期不想再戴伊丽莎白圈就给它换成绝育服，里面快长好了也不怕猫咪隔着布舔破了，材质比较舒服，满意满意哈哈哈,好评,5
小衣服超级可爱！材质面料很舒服，买的大号，6.8斤小猫穿很合身，穿脱方便，蝴蝶结🎀系起来可爱加倍。猫咪绝育术后穿非常好，好评,好评,5
好用，小猫做完绝育穿上这个衣服不怕它舔舐伤口，而且也能释放它的头套，让它适时放松下。,好评,5
这款手术衣尺码标准，而且是棉的。透气性好，穿脱方便。猫猫做了绝育手术之后，能够很好的从后面打开，给它做消毒处理，然后又可以很快的粘上去。好穿很好的，穿好衣服。,好评,5
小猫咪做绝育，术后恢复使用非常好，一来可以隔绝感染，二来束缚着伤口，也不至于那么痛，穿戴比较方便，不易脱落，价格也实惠，不错不错！,好评,5
透气性很好，因为纯棉材质不易起静电，猫咪很喜欢穿或者说不排斥，防滑效果根据猫猫体型大小而异，脖子部分会有可能松，但不影响整体穿着,好评,5
容易清洗 无异味 根据体重选略大点，但不影响使用，动脑筋即可。 推荐 纯棉 透气 穿着舒服 送过快 使用不耽误事儿。,好评,5
很实用，老板给你建议一下，能不能给四肢也加上，平时穿着也好看，还能避免掉毛！ 尺码准确性：标准 穿脱便捷性：方便 弹性布料：有弹性 透气性：好！,好评,5
猫咪穿着很可爱，就是后面褪我有点不会穿，猫腻好动，一直没掉，就是屁股位置我很怕遮住了，面料是薄款的，夏天在空调房用也很合适，,好评,5
猫猫生了点小病，伊丽莎白圈对她来说有点难受，所以就买了这款小衣服。根据上面的说明书给小猫咪穿上就行了，他也不会感受到特别的难受，挺好用的。,好评,5
可以，很不错，小猫也不反感，戴伊丽莎白圈吃食和喝水总归有点不方便，这个小衣服不影响它吃饭喝水,好评,5
质量很好，轻薄透气，纯棉的，就是猫舔毛的时候总咬后背的带子。只好又带上项圈。,好评,5
2.8千克的小猫买的，母猫比较长，尺寸也合适。留着绝育的时候穿。总体感觉不错。,好评,5
面料舒适度：柔软透气 尺码准确性：尺码准确性：6斤的小咪 尺码正好,好评,5
衣服软软的，系上也舒服，宝宝穿着也舒服。能够很好的保护伤口。,好评,5
我家猫3.4公斤，细长条的身材，穿着很合适，不松垮。,好评,5
挺好看的 我买的L 但是我家咪6.5斤 再大一点 怕它穿不了了😂,好评,5
非常的单薄，价格偏贵，家里面的猫7-8斤，买了中号，穿起来偏大，不是很好用,差评,1
多猫家庭必备 养猫人必备的东西 夏天款料子很丝滑 做工很好,好评,5
挺好看的，猫咪穿上了，快递优秀，送货上门。希望厂家保持品质继续提供优秀的产品。,好评,5
不错，穿上有些复杂，一拉就脱落，简洁牢固，改进。,好评,5
很不错的，猫猫穿上比软伊丽莎白圈更适应。,好评,5
给毛孩子绝育后穿的，很好看的配色，穿着也合身,好评,5
衣服纯棉柔软 设计合理 宝贝喜欢穿,好评,5
穿脱方便，尾部是魔术贴的，也方便上药,好评,5
安全度过绝育期，猫咪穿这个绝育服比较合适，伊丽莎白圈戴着很抗拒,好评,5
还行 就是魔术贴调节范围可以再大一点点 后面有点长,好评,5
很好穿，防止猫咪术后舔伤口,好评,5
挺好的，不影响运动和上厕所。,好评,5
尾巴那里很容易掉出来,中评,3
很一般，设计感觉有问题，很容易退下来,中评,3
布料太薄，给猫猫穿上都能隔着舔伤口。其次设计不合理，不能完全遮住伤口，后腿侧覆盖太少，后面带子太长,差评,2
绝育后，完全无法遮蔽伤口，所以，买了等于白买。。。。nbnb，绝育伤口一般在后方，但他只遮了前方。。。,差评,1
"挑比较贵的这家购买，希望合适。但设计明显的不合理，购买的尺寸是配合我家猫体重的，穿上,最后面一对奶奶还是露在外面，起不到完全隔绝作用。穿了个寂寞",差评,1
挺好用的，用鞋盒子的盖子升高一点。 每一份大概 7 克，还可以按猫咪体重定制喂食计划。,好评,5
智能喂食器非常能装，两只猫都可以吃好几天，定时喂食安全放心，不在家也不怕猫咪饿着,好评,5
功能虽然比较简单，但做工比较好，以前买过前面带视频的，但我觉得这款还是比较实惠，整体用料厚实，上面的盖子也可以放除湿剂，盖的也非常严实，可以在手机APP里面设定每天的出粮的量,好评,5
这款猫粮投喂机太实用了！定时定量超精准，出差加班再也不用担心毛孩子饿肚子，触控大屏操作简单，老人也能轻松上手。储粮桶密封防潮，不卡粮不撒粮，拆卸清洗超方便，静音运行不扰宠，养宠家庭必备！,好评,5
前几天收到试用了几天感觉很不错， 很方便，回家不怕那猫咪饿肚子了。 🌟这款自动喂食器真的太贴心了，猫咪吃饭再也不用操心！🐾 📦安装简单，几步搞定，家里角落也能轻松放置～✨ ⚡定时定量，精准投喂，出差在外也安心。 💖用了几天，毛孩子吃得香，我也省心多了～🥰,好评,5
本来想买带监控的款式，但是断货了，就买这款可以远程联网控制出粮的首先，我很喜欢这个底托的设计确实增高很多，而且质感真的很好，总体的喂食器跟这个托盘看起来都不像是这个价位的产品，物超所值，我出门了 7 天，本来这个容器是装满的，家里两个小猫才吃了大概 40% 的量，真的很够用,好评,5
很早就想买了，刚到就用上了，猫猫很喜欢，质量还不错，可以视频看猫，和猫讲话，定时出粮，活动饮水机小猫觉得新奇，爱喝水了,好评,5
这款猫咪自动喂食器太棒了！设定好时间后，猫咪就能按时吃饭，再也不用担心我不在家时它们饿肚子。容量大，材质安全，操作简单。真心推荐给养猫的朋友们，省心又方便！五星好评！,好评,5
喂食定量定时，时间准确，以后出门也不怕猫猫饿肚子了。产品美观大方，快递神速，拆卸清洗方便快捷，自营平台售后有保障，国补很划算。,好评,5
这个喂食器很实惠，容量也合适。饭盆是304不锈钢的很加分。适合单猫家庭。配套的软件也很简单，操作容易。搭配个摄像头看很合适。那个不锈钢碗要是可以有个替换的就更好了。,好评,5
还没安装上电池 直接插电使用很不错，使用了定时放粮，出粮后app也有提醒，一周能回来一次有了这个蛮方便的，摄像头也挺高清，还能喊话，如果摄像头能够看到粮食出量就更好了！,好评,5
结构简单，安装方便，猫粮存放桶非常大，方便设置。太贴心的人还送了充电头。线也够长。碗里是两份猫粮。可以自己调节份数。,好评,5
物流很快，第二天就收到了，比想象中好用。安装容易，不用看说明书也能轻松组装。目前用了几天没有出现卡粮的情况，喂食器材料质感看着也不错。已经准备下单再买一个。,好评,5
目前不卡粮，出的份数也好控制，还能远程操控，水质由于不是循环的那种，其实一定程度上可以避免污染，价格也比较适中，整体给个好评,好评,5
超级好用的喂食器，能远程操控，过年回家不怕猫猫吃不到新鲜的猫粮了！解放双手，让喂猫变得更方便，而且很便宜，性价比很高！！很值得入手！！,好评,5
很好用，可以远程视频，对话，喂食 工作时声音不大 可以设定投喂计划 小程序可以根据猫咪品种，年龄，体重，是否绝学推荐喂养计划 外观简洁，容易清洗,好评,5
设备物美价廉，信号较好不掉线，出粮时间准确，每次7克左右，目前而言比较满意，没发现什么大的问题。自动喂食器可以解决每次需要手动称重喂食的烦恼。,好评,5
首先是京东自营快递特别迅速，第二天就能收到，拆开包裹感觉机器很有质感，另外都能拆卸清洗起来特别方便，喂食计划操作简单，还有送了防咬连接线，一份出粮固定的6g左右,好评,5
都挺好，视频比较清楚，不合适的地方就是镜头不能移动，镜头的位置不能看到食盒里面。,中评,3
春节要回去十多天，想着买一个自动喂食器，这样就不用总折腾小猫啦，看到这家感觉还不错买回来试试，收到货真的有惊艳到我，质感超级好，出粮也很顺滑，不卡粮，容量蛮大的，出门十多天也不用担心了,好评,5
很实用的组合，一个电动喂食器，一个电动饮水机，加满猫粮和水就可以放心出门了，大容量，装得多，不费电，好远程控制，科技改变生活,好评,5
签收有几天了，用了这些天下来，总体感觉还不错，前天有一次出粮卡了，但不是机器卡了，是app没响应，重启了app，其他都还可以，能接受，过年回家几天也不会饿着毛孩子了。,好评,5
性价优选，小巧玲珑!出粮还蛮顺畅，颜值也很高，看着就很有质感!还提供电池供电，适合在院子里面使用，非常满意!期待耐用度会高一点!,好评,5
挺好用的，一次可以放3斤多粮，过年回家猫咪留守，怕开自助吃坏自己所以买了一个，吃饭就可以规律了，也不卡粮,好评,5
挺方便的 比起之前拿碗装的话 容量要大很多 而且可以远程观看猫猫进食的情况 放节假日的话会特别的方便 不用考虑猫猫这几天会饿的情况。,好评,5
白天晚上都能看到猫咪，喂粮很方便，可以打开实时视频，信号也好。出门在外也能随时看到猫咪的情况，可以安心把猫咪放在家。家里两只猫咪，我就买了一个轮流吃，不争不抢，也够用。,好评,5
目前使用下来感觉还可以，在断网的情况下也可以准时出粮，偶尔会卡一下，但是频率不高，可能也跟粮食的颗粒大小有关,好评,5
这款产品真的特别好用，操作简单，容量大，基本无死角，清洁起来也方便，还能录音叫喵宝吃饭，养猫人士必备，省时又省心！,好评,5
这个喂食器真的解决了我们打工人中午无法回家给毛孩子喂食的烦恼，加上还有监控的功能可以随时查看毛孩子的情况。简直就是打工人的福音。用了很久，喂食器也没碰到卡住的情况,好评,5
买的第二台了，之前给狗买了一个，用着不错，给猫也购入一台，用了大半年了没卡过粮，很好用，性价比很高。,好评,5
做了很久功课选的他家，基础功能还可以，不会的问了客服也都会发视频教，已经给小猫用上了，但是小猫有没有吃，粮仓还剩多少都没有提醒的，还是得配个摄像头,好评,4
饭盆是不锈钢的，上面有防误碰锁不用担心毛孩子在家误操作，APP可以设置定时投粮也可以手机操作马上投粮，可以安装电池家里停电了也不用担心断粮的问题，质量还是很好的，推荐！,好评,5
猫咪很喜欢哦，颜值高，没有异味立刻用上了，设计了喂食计划很方便，再也不用担心上班或者旅游不方便投喂的烦恼了，养猫神奇啊简直，爱了,好评,5
玲珑猫这款双摄像头自助投喂机非常漂亮，设计很完美，能看见碗盆又能看见家里非常实用，包装严实漂亮大气上档次，机器做工精细质感很好，京东物流非常快给力,好评,5
1.玲玲猫喂食器真的是铲屎官的省心神器!相后大容量储粮桶够单猫吃小半个月，出差、旅游时再也不用麻烦朋友上门投喂。支持手机APP 远程操控，既能设置1-6餐定时定量喂食计划， 精准到克数避免猫咪暴饮暴食，还能随时远程加餐，投喂记录一目了然。四重锁鲜设计超贴心，全包围密封胶圈+内置干燥盒，出粮口自动闭合，南方潮湿天气也能让猫粮保持酥脆，完全不担心受潮发霉，挑食猫咪也吃得香。,好评,5
第一次买自动喂食器，质量很可以，材质也不错，性价比也高，可以不用担心家里的小猫粮食问题，终于可以安心的回家过年了。,好评,5
设备物美价廉，信号较好不掉线，出粮时间准确，每 次7克左右，目前而言比较满意，没发现什么大问 题。自动喂食器可以解决每次需要手动称重喂食的从 恼。,好评,5
这款宠物喂食机太香了！大容量储粮不用频繁补粮，定时定量出粮超精准还不卡粮，密封锁鲜做得超棒，远程操控超方便，出差再也不用担心毛孩子饿肚子，妥妥的养宠省心神器！,好评,5
用了快一周了，出门很方便，不用担心猫猫饿着渴着，定时定量出猫粮，十分放心。怕猫猫咬电线还可以换成电池装，属实贴心了！,好评,5
货已经收到了，包装看上去还可以，不错的一次购物，还算满意。好很满意，全5分。放在笼子里正好，每份量是固定的，成倍数增加，不可以单独设置克数,好评,5
还不错，成功出粮了，希望后面不会卡。 整体来说质量很不错，水不需要控制，储量很大，够用很久，猫粮可以设置计划，每天出多少，按时出,好评,5
非常好用，解决了我过年回老家的大问题，装满以后，吃上半个月以上完全没有问题，家里的两个宝贝生活的非常好,好评,5
🐱真的超好用！出水出粮特别顺畅💧。工作时声音很小，几乎听不见🔊。清洗也很方便，拆卸简单，一冲就干净✨。太满意了👍！,好评,5
使用了一个月，挺方便的，出门也不用惦记毛孩子会饿到渴到。如果能增加活水功能和粮不够提醒，就更好了！,好评,5
买了两个了，很好用 价格实惠 广州南方也不会潮湿 不会滋生细菌 这个价格配置 品质真的不错👍🏻,好评,5
非常好用，加一次粮大半个月就不用管（家有饭桶），手机app 和按钮都可以操作，方便好用。,好评,5
发货很快，发过来时包装的很好，两个摄像头使用起来超级棒，可以观察余粮还能看到小猫咪,好评,5
密封性很好，桶是不透光的，碗是不锈钢的，出粮也很丝滑，app上可以根据猫咪品种有推荐喂食量,好评,5
这是第二次买了，第一次的用的一直不错，上周领养了一只野猫，再整个喂食器，一只猫一个~,好评,5
比预计要好，喂食器安装简单，放粮还算及时，目前没有卡粮。饮水机比较静音，就是猫咪只玩水，不怎么喝,好评,5
智能定时定量投喂，出差旅游不用愁。可以远程操控，让毛孩子每天都能准时吃鲜粮，很棒。,好评,5
春节开始用到现在，我才敢评论:这款一体机真的非常好用，春节6天全程视频投喂，没出过任何问题。,好评,5
两个碗都很大适合家里的大肥🐱，比较了几个牌子，这个信价比挺好，还能看到孩子吃饭，放心了,好评,5
自动猫咪喂食器真省心，定时定量超贴心～🐾😻 家里主子吃得安心，我也轻松不少！！,好评,5
自动喂食器收到了，已经安装好使用了。客服很耐心。安装比较简单，联网设置也很简单。试了手动出粮和app操作出粮，很顺畅。京东快递送货快，快递小哥还给送货上门，好评。,好评,5
凑合用，按键时灵时不灵的,中评,3
很好用，远程可以设置，我在上海也可以设置江苏的饮食计划。非常棒！其实机器连接5g后远程也可以操作！猫咪很喜欢。我也喜欢，其实这款早就看上了！,好评,5
用了两个月才来评论，出粮准时顺畅，食盆清洗方便，储备槽一次可以放至少1.8kg的猫粮，基本够两只猫吃半个月啦。缺点是对鸿蒙兼容性差，需要安卓才能在APP内设置，希望喜欢厂家的赶紧修复BUG,好评,5
喂食器性能出众，远程操控便捷精准，定时定量投喂省心，4L大容量满足多日需求，密封防潮设计护粮，是养宠家庭的实用工具，WiFi连接稳定，远程投喂响应快，定量精准不浪费，大容量储粮省频次，密封锁鲜效果好，值得铲屎官入手。,好评,5
操作方便，还可以，挺智能的，远程也可以遥控出粮，app操作方便，简单，照顾狗宝宝挺合适的，性价比高的，还不错哈，不是很大！,好评,5
整体下来还是不错的，可以定时定量了。适配器的线也比较结实，不担心被咬断。 就是如果猫粮混合冻干的话，可能有点总是出猫粮，冻干最后才能出来。,好评,4
智能定时定量喂食，出差旅行不用愁！精准控量防挑食，拆洗便捷无残留，远程APP一键操控，让毛孩子每餐都准时吃鲜粮，铲屎官解放双手超省心～,好评,5
猫咪对喂食机的声音非常敏感，只要一响，就会飞奔到喂食机旁边。手机可以控制出粮。我觉得很方便，但是还是建议平时自己喂，这样可以培养与宠物的感情。让它们知道只有主人在才有粮食。,好评,5
自动出粮效果很好，另有视频时时播放，让上班一族再也不用担心毛孩子的饮食日常了，和家里的扫拖机器人放一起美观又协调。,好评,5
机子很好看简约大方，好拆卸清洗，不在家也可以随时给猫猫喂吃的比较放心，很好用！（附上一张摄像头拍到的猫猫）,好评,5
第二次购买了，非常方便，而且颜值很高，性价比在线，小猫每一口都可以吃到新鲜粮食，省去添粮时间，养猫必备,好评,5
猫咪自动喂食器真是解放双手的好帮手！🐱🍖 容量大，喂食均匀，再也不担心小主子饿肚子了。外观设计简约大方，放在哪里都很搭。唯一的遗憾是偶尔会有点卡粮，但整体来说还是很满意的！💯,好评,5
还挺好用的嗯，可以定量导出粮食，这样子平时不在家的时候吃饱也不会饿到性价比挺高的，电量也可以使用挺久的，不错不错值得推荐,好评,5
第一次在京东自营店里面购买这款自动喂食器，京东自营主要就是物流快，不耽误狗狗进食，到了就给毛孩子用上了！很不错，推荐大家购买这款,好评,5
买的第二个玲珑猫自动喂食桶 颜值很高 之前使用的那只落粮时间准确 没有出现卡顿现象 高性价比,好评,5
帮朋友买来给他的猫猫用的。如果是有事情出差了，或者是放假回家，或者是出去旅游等等。买了之后，可以保证猫猫有食物吃。不会饿着。他说可以，派送很快。,好评,5
物流速度快，清洗方便配置简单，功能完善价格平民，折扣加补贴到手才350元，晒单还送半年干燥剂，非常好的一次购物体验,好评,5
已经是第二次回购，这次价格更加实惠，性价比高，清洗方便，不卡粮。发现小问题，客服很快就解决，服务很好，值得买。,好评,5
看了有一段时间了，国庆出门几天，还得麻烦朋友帮忙上门帮忙喂猫。现在好了，买了这个定时器，以后过年过节出去旅游都不用麻烦别人了。,好评,5
很不错哦，机器一响猫猫就知道吃的来了，屁颠屁颠跑来开炫！吃完再控制放粮，这样就不用担心吃不完放在那里受潮或者是变质。,好评,5
刚开始买的时候不是双十一价格比较贵一点，然后双十一发现搞活动划算了很多，马上又下单了一个回来给另外两个仔，这种拿来减肥真的非常好，定时定点又不用担心饿坏他,好评,5
这是买的第2个，这玲珑猫尾产品嗯嗯，新的价格合适也优惠，京东快递也快，产品质量也好，可以视频观察动物的事实情况，觉得这个产品挺好的，所以一直购买他家的,好评,5
做工精致，摄影头高清，整体比较满意，如果能看回放就更好了。小贵，抱着试试看的心态买的，果断留下，定时定量加猫粮很方便很智能，满意,好评,5
回来收到货就立马组装，用上了，小猫超级喜欢。立马就过来吃了，然后所有部件组装过程都很简单。尤其是现是防小猫咬的材质。而且整个猫粮桶还算大，可以支持短期出门。,好评,5
使用了一段时间感觉挺好的，喂食器挺顺畅，没有卡过粮，手机能设置喂食时间，饮水机静音效果很好,好评,5
推荐购买 可以自定多少粮，可以定时放。水是自动添加。最大3l。可以好久不加水。,好评,5
终于解决了猫咪吃饭不规律的大难题！远程操控，定时定量，出差旅游再也不用求人。关键是不卡粮，出粮精准,好评,5
超好用，特别方便，再也不担心出门狗子饿着了，还有摄像头实时观察吃饭喝水情况，很赞,好评,5
目前用起来没问题，比较大的冻干和小的猫粮混一起也能正常出，等过几天再看看会不会卡,好评,5
买了已使用一个月，水粮两喂，还可以自己远程控制喂食时间和量，太方便了，根本不担心出差没人照看毛孩子,好评,5
喂粮机小巧但存粮量非常大，操作简单方便，手机程序操作也简单，家里有一只猫猫的绝对够用，性价比高,好评,5
性价比很高，小猫听到猫粮生成声音，锻炼小猫养成良好的进食生物钟。清洗非常方便，可拆卸部分很多。,好评,5
一袋三斤的猫粮刚好装满 饮水机出水顺畅 可惜看不见还有多少水 希望能出个透明版的,好评,5
毛孩子每天都能按时吃饭很不错，无线网掉线过一次，还是定时出餐 ，很不错，目前没有卡餐问题,好评,5
可视不能调节 水没有办法过滤和循环 猫咪根本不喝那个水 而且水碗清洗困难,差评,2
一般 会发出不定时的滴声 很吵 没有设置出粮的时候也会有。主要缺点就是粮碗太小了，然后是塑料的，吃了容易黑下巴。前段时间买是因为挑花眼了，买了个还挺贵的。结果性价比有点儿低。然后水盆那边。是从底下往上渗水。对于人来说还挺好清理东西的。但是小猫完全不能理解，然后基本上不会从这个水盆里面喝。然后优点是水那边会有打光还挺好看。然后出粮口是磁吸设计，很好拿下来。水碗设计的很鸡肋，很难拿。总而言之，就是性价比比较低，不推荐。卡粮的话我试了五六个多多少少都会有点,差评,2
产品自动出粮，断电后也能稳定出粮，但是粮仓盖子设计有缺陷，刚满三个月的幼犬，连续两天打开了固定卡扣，偷吃撑了两天，目前已经不敢使用，如果家里宠物太聪明，慎重！,差评,2
不要买！不要买！不要买，没有售后，商家不管，老断网。,差评,2
回头客了，第一个确实没有问题，但是第二个出现这种情况，我也不是找茬，这就是两种可能了，一种是我的插排坏了，一种是喂食器的品控有问题，这是我有两个喂食器，可以让猫猫狗狗对付着一起吃，如果只有一个，而且附近没有支得上手的朋友，那猫猫和狗狗就要等我一周后回家再吃饭啦，没关系的，猫猫狗狗也是比较禁饿，一周而已，顶多是瘦十几斤，还可以随身带着了，真好😊😊😊😊😊😊😊😊😊😊😊😊😊😊😊😊😊😊😊😊😊,差评,2
不好用，买了一个月不到，卡了四五次粮了，联系客服回答也是恼火说是不能放冻干，不能放你标注在商品详情上面干吗，我难道为了用你这个机器还要去挑适合你机器的猫粮😠,差评,1
用了一个月了来评价，不太好用，不建议购买。 主要是非常容易卡粮，并没有设计一个双保险功能，机器自己没有办法判断它是不是已经出粮了。所以有时候可能设置了出粮三份，但是它实际上只出粮了一份，因为前面两份都卡住了，没出来。不太适合长期出差且喜欢放冻干的uu使用，小猫容易饿肚子。 打算二手出掉了&hellip;&hellip;,差评,1
真的很难用，连物理按键都没有。,差评,1
卡粮，别买，设计问题太多,差评,1
大家千万不要买啊这个设计一拿很容易把粮食全部掉在地下，无良啊千万不要买，谁买谁上当,差评,1
服了，跟我说一次出8到10g，结果孩子天天饿的嗷嗷叫，买了厨房秤一测试，一次只出2-3g，给孩子要饿出胃炎了。真的很不靠谱！！！,差评,1
千万别买，时不时断信号，在外面是无法投喂的，这还叫自动投喂，搞笑吧,差评,1
摄像头角度奇差，只能看见猫过来，看不见猫吃饭，也看见不了碗里余量，系统看不了喂食机的剩余，对讲功能也不好用。最关键的是&hellip;&hellip;这个还卡粮了？？？总共才50g一次，就卡粮了，一次最多喂200g，想偷懒和看猫的别买了，真心劝退。对了，这个摄像头光感也不敏感，大中午还用的夜视。,差评,1
当天连上使用后 第二天就自动掉线了 联系客服处理不了 人已经出远门了 坑人玩意 掉线不出粮 原本设置好的出粮也出不来 小猫在家没东西吃 最后还要自己找人上门喂养,差评,1
使用了快两个月，我真的被这台喂食器搞疯了。我只能说很后悔，非常后悔，不要买。 本来就是因为我国庆出远门买的。看中了它有可视功能。特地给他配了一个网络。结果刚出门两天就发现这个可视功能基本是废物。想看的时候永远就是离线状态。刷新了一会之后可以看看了两三秒又看不到又断线。就是时好时坏。我只能安慰她好吧，我买了一个定时喂食器，也是不错的，从此就当那个可视功能是废的，我再也没有去看。显示离线状态我也不管了。然后十一月初小猫咪调皮把那个插头弄松了，于是这个喂食器就开始发疯了。我重新插好之后发现喂食计划还是我之前的那个。但是它的喂食时间根本乱来。我设定的喂食时间最晚是晚上8点。结果在晚上11点的时候，他会突然间喂食。因为我白天都是上班的。所以我也根本不知道我家的小猫咪在什么时候能吃上饭，什么时候吃不上饭？之前一直忙没时间调。今天周末想说好好调一下。结果这个喂食器根本就无法添加。自动扫描扫描不了扫描不到设备手动添加要求把二维码放在摄像头前面扫描。结果这个摄像头无论怎么扫都没有扫到，所以还是无法添加。联系了客服客服一直跟我说是网络的问题啊，要怎么配网啊？要中文的网络啊，不然配不了啊，根本不懂我的问题。,差评,1
直接放在地上太矮了，然后又发明了个增高器卖49，吃相太难看了吧，直接设计高一点不行吗？？？,差评,1
必须差评！！！！！什么垃圾设计，从外面看以为里面有猫粮，app也提示成功出粮，结果里面都没粮了也不会提醒，出粮失败也说成功，太垃圾了，想买的朋友一定要看看再说！本来还觉的挺好，结果是在自欺欺人，而且录像不能回看，不推荐购买！,差评,1
非常垃圾，宣传视频和实物严重不符，含糊不清的介绍。非常差评，我从来没给过京东差评，这个送给你。大家买的时候看好介绍,差评,1
特别费劲 如果用电池 基本没法用 总是自动进入低功耗默认，然后App操作不了，必须取出电池 插电才能设置，也就是不能远程控制 。,差评,1
料理机非常好，完全超出期望值，发货速度非常快，包装非常仔细、严实，关键彻底解放了，不用再自己打碎了再蒸，直接扔进去就好，太方便了。很满意的一次购物！,好评,5
从草后马上入手，的确很好用，很方便，做出来热腾腾的熟自制，清洗方便简单，下次试试肉松，最好带出门也很方便,好评,5
朋友推荐来买的 确实很方自己把食材都放进去就好了 比自己做饭更快更方便做好很闲香狗狗很要吃,好评,5
超级方便，食材扔进去遛完狗回来就做好了，不用再全程盯着和切肉，赞赞！,好评,5
特别方便，狗狗吃的很开心，25分钟就做好了，送的小称和分装袋也特别好用,好评,5
非常方便好用 做出来的无添加狗狗吃的也放心 自己也解放双手太好了！！,好评,5
终于可以解放双手了，这个鲜食机十分方便，做出来狗子很爱吃,好评,5
收到机器了，一键处理很好用，小狗很喜欢做好的鲜食。,好评,5
自制狗粮很好，熊孩子很爱吃，简直是懒人福音。,好评,5
好吃 爱吃 很方便 简单易操作！值得购买 狗子超喜欢～,好评,5
非常好用，方便，做出来的鲜食毛孩子很喜欢吃,好评,5
产品很好用，目前做了肉松絮状干粮我家狗狗很爱吃，喜欢的快来试试吧,好评,5
狗狗以后有新鲜狗饭吃了，比电饭锅还要简单，太方便了！,好评,5
初次测试 效果很满意 工作时声音也不大 赞,好评,5
很方便，质量不错，食材放进去马上好了,好评,5
这个小机器非常方便，只要准备好食材，肉不用切，别有骨头就行，蔬菜切成5厘米以下小块，直接放进小桶，就可以坐等一锅香喷喷的饭饭出锅啦！厨艺小白也完全没问题！随商品送了工具包里面有个密封碗、电子秤、硅胶铲子和勺子，一本食谱，还有电子版食谱。还有一包分装用的密封袋，富裕出来的饭装进分装袋冻起来。我选的是带做肉干桶款，下次再试试给毛孩子们做个肉干。,好评,5
机器不占地方，所有食材直接扔里就行，今天没按照食谱来，冰箱里有啥放啥了，红薯蓝莓西蓝花鸡腿肉，加点姜黄粉，25分钟模式，一锅出有汤有水，食材也软烂了。因为我们家狗子挑食，不爱吃蔬菜，以前都是分装肉冷冻，再和蔬菜主食一起蒸，现在省很多事。下次试试干粮。每天都能吃上鲜食，希望狗子活久点～,好评,5
今天是使用的第二天，整体感觉真的很不错。我家狗狗是个出了名的挑食怪，水果、蔬菜一概不吃。后来入了料理机，把食材全都搅在一起，它再也没法挑挑拣拣、只挑爱吃的了。老母亲真的太开心了，买料理机就单纯为了让毛孩子吃得更营养、更健康。还有其他功能还在研究中，有感兴趣的家长快给毛孩子试试吧,好评,5
简直是养宠神器 太方便了 做出来宝贝们可喜欢吃了 太棒了！,好评,5
物流一如既往的快，东西很好，赞赞赞，已经是老客户了。做活动买的，价格合适，还会继续回购。等下次做活动再来买东西，赞赞赞赞赞赞赞,好评,5
懒人狗妈妈的好帮手啊，我的小狗子们都好开心好开心。,好评,5
适合没时间的人，东西放进去基本就好。但像红薯之类还得稍微切小一点,好评,5
解放双手 再也不用洗一堆锅和搅拌器了 肉松做出来给小狗吃盖浇饭 干粮模式甚至不用放一滴水 实现每天每顿吃新鲜饭,好评,5
对于我这种不会做猫饭的家长来说，太棒了,好评,5
好评！发货速度很快，包装的也很仔细，客服回消息也快，态度也好。最关键的是商品质量很好，100% 正品，经得起查验，是一个不错的商家，值得购买！,好评,5
内部空间大小：很大 三猫家庭也完全够用 很解放双手 除臭效果：也很好 没什么臭味 适配猫砂类型：个人比较喜欢矿砂,好评,5
挺好用的，猫咪很喜欢，我们家四只猫咪，有点怕不会用，但是他们适应的很快，长毛短毛用的都很好，除臭效果也很棒，看起来也很安全，感应很灵敏,好评,5
想了很久总算换了霍曼的自动猫砂盆，容量巨大，我家这缅因总算可以安心上厕所了。整体设计感觉挺好的，希望崽子们能喜欢,好评,5
非常方便，解放双手的神器！运行时声音很小，刚安装好我家三个月小奶猫就顺利入厕了，大力推荐！！,好评,5
猫砂盆很大。两三个猫用完全足够了。自动铲猫砂也很不错。还可以加装一个摄像头。很奈斯。好用好用。早买早享受。终于不用铲屎了,好评,5
物流速度快，外观设计好，整体感觉不错，使用效果也还好，不会产生臭味，可以远端操作，控制精准，属于较不错的产品，空间大，适合大猫。,好评,5
霍曼自动猫砂盆真的超好用！外观简洁纯白，放在家里很显档次。最省心的是它全自动清理，再也不用每天手动铲屎了。猫咪每次上完厕所，都能在侧屏看到&ldquo;今日如厕次数&rdquo;，随时关注它的健康状态。配套的踏垫也很实用，猫咪出来时爪子基本不会带出猫砂。安全提示很清晰，像幼猫和怀孕猫咪的注意事项都标明了，用着特别放心。绝对是解放双手、提升养猫幸福感的必备好物！,好评,5
入手不错，空间，家里13斤的猫猫上厕所，转身都方便，手感不错，包装很好厚纸箱，还有海绵垫之类的，操作简单，容易上手，颜值也不错,好评,5
家里第二个霍曼猫砂盆了，用了挺久没什么问题，比其他牌子好用多了，所以又买了一个，现在新升级的集便仓还能放除臭 除臭效果：很好 内部空间大小：很大，十几斤布偶能转开身,好评,5
买了将近两个月才来评价。霍曼猫砂盆太好用了。家里有两猫春节回老家10集便箱还有空间，天完全解放双手，再也不用到处放备用猫砂了。,好评,5
霍曼家的东西真的不错，今年春节期间解决了两小只的如厕问题，刚开始特别好奇一直盯着不过马上就适应了，春节出去玩可以放心了哈哈哈哈还同时入手了喂食机也很方便，不错不错推荐,好评,5
这款猫砂机内部空间很大，可以容纳两只12斤左右猫猫同时进舱，我们家18斤皮卡进去后还可以转身；集便舱在底部，是抽屉式，拉出来很方便，补砂功能特别省心，很适合多猫家庭和肥猫家庭，目前猫猫已经在适应新猫砂盆过程中,好评,5
家里有四只猫猫 终于能解放双手了 而且猫猫很喜欢 而且还能手机监控他们上厕所次数,好评,5
仓复位的速度感觉有点慢 包括自动清理 补砂 需要转动一圈 如果中途有人靠近或者有猫靠近的停下来 走开后回继续运行 声音基本没有很安静 除臭效果很不错 自带了香片 猫屎猫尿快清楚的很彻底 30分钟清理 一般舱内不会有猫便便和尿快 猫砂也比较节省 根据使用的猫砂会有相应的大小滤网 一般默认搭配的是大滤网 如果用的是矿砂就要拆掉大的用小的滤网 猫咪前期可能会不敢使用 建议将原本的猫砂盆放在机器方便适应 机器有自动检测猫体重上厕所的时间 可以根据体重设置猫咪名称 但是如果是多猫家庭 体重基本相同的猫 app里面提醒不会精确到那只猫 而且包含了两只猫的名字 个人感觉蛮不错 同时自带了袋子 漏垫等,好评,5
完美，两只毛孩子一只18斤稳定了，一只缅因一岁14斤还在长身体，直接一步到位冲大的，差点进不来门哈哈哈哈哈哈,好评,5
非常好。没有粘底的情况。解放了铲屎官的双手。选贵的绝对是最好的选择。,好评,5
外观符合审美，超大空间，单猫这个天气四五天完全没有问题，一点味道都没有，出门小小的玩几天根本不用担心， 完美解放双手。机器的灵敏度也特别高，猫咪一靠近，就会暂停，原本担心的夹猫事件现在使用下来一点都不担心了，送的垃圾袋质感也非常好👍,好评,5
砂仓空间好大，原本还担心猫砂盆小，家里的喵进去了不舒服，对比了几家的尺寸，选了霍曼这个大的，看到实物尺寸让我家里面这个十几斤的肥喵十分放心，把猫放进去看到他在里面轻松转身，手机链接操作也很简单，nice！,好评,5
空间真的很大，我家2只猫，一只8公斤，一只10公斤，两只猫上厕所空间都充足，我觉得这款是目前市面上最大的自动猫砂盆，物流也很快，送货上门还协助我安装，粑粑也真的不粘底，真的很好用，好评，很nice的一款猫砂盆，这个价位也是物有所值的,好评,5
东西收到了，包装很好，质量也特别好，而且步骤详细，一个人也可以轻松的安装，小朋友们都很喜欢去这里面上厕所，真的是解放双手的好东西,好评,5
内部空间大小：内部空间大，猫咪如厕宽敞 除臭效果：无明显异味 安全性设计：设计的很人性化，只要猫咪出现或经过都会显示：猫咪靠近，且停止工作 材质耐用性：做工很好,好评,5
工作声音小，效果也挺好的，挺大的！春节出去4、5天也不操心了，铲屎官终于可以解放啦！,好评,5
超大一个，两只猫完全够用两一天上六七十次厕所也是绝了，但是真的很大个，得先考虑怎么放才行,好评,5
单猫家庭，设备非常够用，内部空间真的超级大，使用起来也方便，自动加砂对懒人来说真的是福音，除臭做的也非常好，家里几乎闻不到什么异味,好评,5
容量非常大，可以满足我家胖猫12斤自由进出，最明显的区别是，家里没有臭味了，很干净，用了一周多了，很满意，解放双手，以后出门旅行啥的也放心了！,好评,5
双十一当天到的，特意用了近十天才来评论，目前整体感觉挺不错的，解放双手，家里也没有异味，我家猫咪胆子大，我还在做数据配置她就进去了，她挺喜欢这个猫砂盆的。,好评,5
多猫家庭，第一次买，外包装真大，真重，颜值真高，猫猫们真喜欢，价格真贵～安装简单～客服态度好～不枉做功课这么久，到时候需要还会添置～,好评,4
非常好，解放了，再也不用捂着鼻子铲猫砂了。而且我家猫一点都不用学习，安装过程中就迫不及待进去巡视了，一天的功夫已经用得熟练了。也没闻到臭味。,好评,5
用了一礼拜，确实解放双手，再也不用为了铲屎产生家庭矛盾，新版暂时没出现漏尿问题，运作声音也不大，为什么没有早点买啊！！！,好评,5
收货的时候吓了一跳，真的超级大！我家的缅因猫宝子用起来应该不会觉得小，回头接猫试用一下！,好评,5
猫砂盆真的太好用了，两位主子非常的喜欢，期待有更多官方配件出，可以把猫砂盆改造改造,好评,5
刚收到就装上了，快递盒子真的超大的，防护措施到位，小猫上了几次厕所，清理声音很小，感应也很灵敏，补砂仓容量大。猫砂仓内容量超大，小猫也是过上了在宫殿上厕所的日子😏,好评,5
真是太棒了！空间足够大，即使14斤的大胖猫也能在里面自由活动。猫主子们一定爱不释爪。质量非常好，做工精细，而且材质安全无毒，给猫咪一个舒适的小天地！🌟🐱✨,好评,5
到货后，猫咪直接进入，无需适应期，好评。,中评,3
超越期待，解决了布偶猫上厕所的难题，之前的小佩自动猫砂盆太小了，布偶憋尿！这个猫砂盆太棒了！质量颜值杠杠的！,好评,5
猫砂盆简直让我感动的不能行，猫砂终于干净了，小猫也特别喜欢，以前的猫砂盆，猫上厕所都要小心翼翼，避免踩到排泄物，现在完全不担心这个问题了，即使是软便也铲的很干净！,好评,5
真的超级大超级方便就是平时太忙了没时间铲屎有了这个猫砂盆就可以解放双手了家里也没有异味了,好评,5
商品收到了。马上让我的猫咪用上。很不错，挺好用的。价格也算是实惠。好评～,好评,5
很好用的猫砂盆，够大，很方便不用添加猫砂，省心，需要还会回购解放双手，,好评,5
猫砂盆解放双手，容量很大两只猫绰绰有余，除臭效果也不错 很安全，很有质感,好评,5
用了些天了，两只猫很快就适应了，好用，没有味儿，确实解放双手，美好心情了。,好评,5
家里一直用霍曼的机器 很好用 再也不用为出差烦恼铲屎了,好评,5
真的，猫砂盆特别好用，蚕食很方便，小猫也很快适应。,好评,5
很好用的猫砂盆，家里有两只小猫，解放了双手,好评,5
就是太大一个了，猫马上适应会用了走，整体不错,好评,5
很不错，比我想象中要大一些，猫咪很喜欢。这个推荐购买,好评,5
猫猫都很喜欢，不停的去探索，非常好👍,好评,5
猫砂盆很实用，猫咪很喜欢，异味少，外观美丽，功能齐全。,好评,5
主子们非常新奇，排队上厕所，哈哈,好评,5
很方便清理的也很干净,好评,5
刚买完就降价，活动期内频繁更改价格，店铺客服和平台客服态度都很不行,差评,1
一回来就用上了空间也大,好评,5
超级好 不漏尿 猫咪喜欢,好评,5
猫砂盆非常好用，省心，自带补沙功能，只要喊同事帮忙倒到垃圾就行，好评,好评,5
市面上唯一适合大猫用的猫砂盆了，16斤缅因进去也没有任何问题,好评,5
空间够大，适合多猫家庭，不会夹猫。,好评,5
这个猫砂盆是我用过三个品牌里最好用的一个了，至今还没发现什么bag,好评,5
省事不少，省去了每天铲猫臭的痛苦。,好评,5
猫砂盆到家确实很大，不过家里两只成年布偶的情况下就只考虑了霍曼这款大仓的猫砂盆，到家后他俩都很好奇，在适应了几天后终于接受新猫砂盆啦，视频可以看到家里12斤以上的猫猫还是可以在里面自如转身的，目前我设置了软便模式，自动铲屎确实省心了不少，家里异味也小了很多。换盆这个事情按照说明书循序渐进之后，家里两只都适应得挺好的，一开始手动清理的，慢慢转自动，猫猫们就习惯啦，目前使用挺好的。至于清理难度，我目前是会简单用酒精棉片擦拭一下内舱，深度清理还需要时间，后续会继续更新使用体验。目前好评。,好评,5
物流挺快的，直接到门口，想到大没想到这么大，直接部件搬进来，组装很简单，使用自己的豆腐砂，毛孩子当天就使用完全没有适应期，就一开始没让他马上自动铲，第二天用过再铲，门帘是分开发货的，也到了，现在用了三四天，体验很好，解放双手，春节出去旅游也不怕了，试了下六天加上储砂仓的妥妥，集便盒也很大，我现在还是习惯周期短一点倒豆腐猫砂进厕所，铲屎声音很轻，加砂也就是掉落声，总之体验很好，暂时没遇到什么问题,好评,5
买的第二台，第一台预售就买了，总结非常方便，美观耐用，多猫家庭非常推荐，因为市面上最大空间，补沙功能比带个摄像头有用，尤其出远门。,好评,5
非常好，家里猫猫有耳螨，总是挠耳朵，给耳朵都挠坏了，怀疑是有虫，还没来得及给猫猫滴，等后续如果有效果的话，还会继续回购的，好评,好评,5
这款普安特的宠物除螨的洗耳液，我家狗狗用的特别好！！！还会继续购买支持的！！！相信京东自营的品质！！！性价比蛮高的！！！！,好评,5
已经多次购买了，每次可以用好久，给自家猫猫用，效果很好，快递也很快，头一天下单第二天就到了，时效保证的非常好，经济实惠推荐购买。,好评,5
很好用，清洗干净，狗子不反抗，就是狗子耳朵毛太多，不太看得清滴了几滴&hellip;&hellip;,好评,5
这款猫咪洗耳液清洁力强，能有效去除耳垢和 异味。质地温和不刺激，猫咪使用时不抗拒。 包装小巧便携，性价比高，会回购。,好评,5
已经购买多次了，狗狗一段时间，耳朵里就会有褐色分泌物，这个药，用着还是挺管用的，用几天，狗狗耳朵就干净了，操作也很简单。狗狗耳朵干净了，就没有异味了。,好评,5
前几年，狗狗耳螨买过这一款，用过效果还不错，所以这一次又复购了。但是这这个药有一点不好，就是打开之后，写的保质期只有28 天，我觉得这一点非常差，所以无法给五星好评,中评,3
之前买过一次，用没了，这次买的瓶口设计很好，携带方便，这个品牌用过很安全放心，使用效果也很好，我是给猫咪用来日常清洁，还送了两包湿巾，商家服务很好，靠谱，商品包装很好，京东送货上门更好,好评,5
给家里的狗狗用了一次，耳朵里面真的很干净了，狗狗甩耳朵的频率降低了，打算以后没周用一次，真的超级棒的产品。发货速度很快，东西包装的很好，价格优惠，我很满意，还会回购,好评,5
这款洗耳液操作很方便我，无色无味，而且操作也很简单，京东品质值得信赖，需要定期给宠物洁耳，比如宠物店划算很多，洁耳之后就能减少耳螨,好评,5
普安特耳部护理套装真不错！洗耳液清洁力强，配合复方制霉菌素膏，有效缓解耳螨和马拉色菌感染。成分温和不刺激，猫咪狗狗都适用，是宠物家庭常备好物。,好评,5
对，猫咪的耳朵有一定的刺激，猫洗耳液比较滑，用棉球蘸洗耳液擦拭有细腻的泡沫。腻猫咪的耳朵有一定的刺激，猫咪很抗拒，左耳使用后明显发红。只使用了两次，两螨效果还不清楚。,好评,5
我家狗狗用的，效果不错，很合适，比宠物额优惠太多了，有需要改回来买的，用了两天效果就特别好，推荐买这个牌子的第滴耳液， 使用效果：好,好评,5
这款治疗猫狗耳螨的药膏很清洁液，还是很不错的，送货很快隔天就到。即可以洗耳朵还可以涂药膏，用了一个多星期有效果，还是很方便的呢,好评,5
挺好的，就是药膏一打开就出来了，挤一下更夸张，还没弄第二只耳朵就直接很快的喷流了出来，拿着纸巾都止不住的流，用完了得很快盖住才行，希望能改善它老是耳螨的问题！！,好评,5
非常好用的一款洗耳液，香味非常的浓郁，每次洗完以后都很干净，坚持洗，希望能把它们的耳朵洗好后还会考虑回购的，非常非常好用，推荐大家都来试一下,好评,5
多次回购了，这个品牌的产品都很好，质量杠杠滴，买来给我家猫咪清洁耳朵用的，商家还赠送了湿巾和棉签，考虑周到，服务周到，非常满意,好评,5
耳螨克星！用了这个产品，耳朵问题轻松解决~很温和，洗起来小咪咪也不抗拒，非常推荐购买，而且价格也不贵，性价比超高，好评好评,好评,5
我们家的毛孩子耳朵大，经常出现瘙痒症状，并且有黑色的分泌物，气味难闻，他家的耳部清洗液我买了很多次了，情况严重时连续使用效果很好，而且气味好闻。,好评,5
家里养的小土猫咪耳朵里生了耳螨，在京东买了这个药，滴到猫咪的耳朵里，它甩耳朵的时候就会给甩出来，特别方便，价格也比较合理，而且还送了棉签,好评,5
洗耳液温和不刺激，猫狗通用。能有效清洁耳垢、去味止痒，预防耳螨，使用方便。宠物不抗拒，清洁后耳朵清爽干净，养宠家庭必备，值得回购。,好评,5
喂食难度：不大 使用效果：治疗效果很好 商品包装：精美 商家服务：卖家发货速度快，物流速度快 其他特色：两瓶份量都很多，很实惠，价格方面也比较划算，会考虑持续回购的说～,好评,5
毛孩耳朵臭，选了很多款，最终选择这款洗耳液，用了几天毛孩耳朵不臭了，价钱不贵，效果很好，毛孩耳朵臭就用这款洗耳液了，会回购,好评,5
使用非常方便，而且我在新疆京东物流特别快，我家猫咪用上以后效果很好，耳朵不脏了，耳朵不臭了，效果特别好推荐大家购买猫咪用起来也不是很抗拒,好评,5
普安特宠物猫咪洗耳液； ~狗狗滴耳液、药液使用时狗狗不排斥，比较温和，不刺激🐶🐶🐶🐶； ~使用中，感觉预防性比较不错；,好评,5
狗狗每周固定都要洗一次耳朵，用来预防耳螨。这次家里的清洁液快要用完了，在京东上找到了这一款国产品牌的，因为信任。后期效果好会来回购,好评,5
没用呢，瞎买的，不知道是否有用,中评,3
这款洗耳液质地温和不刺激，清洁力强，轻松擦出污垢，还能抑菌除螨。按压设计方便取用，性价比高。京东物流给力，次日达，铲屎官放心冲！,好评,5
应该是全网最划算的宠物用药了了，销量不错，毕竟比双十一还便宜，所以果断入手，以前给狗子买过一袋，用的没问题，这次和别的品牌混在一起，物美价廉,好评,5
(*≧▽≦) 猫咪油耳，把它滴到毛耳朵里，轻柔几下，过一会儿，猫耳朵里那些脏脏的东西会自己溶解掉 ＼(*T▽T*)／ 太好用了,好评,5
滴耳液还得要说这个品牌的质量非常不错。家庭用的及日常储备都是买的这个牌子的耐用，春节期间，家里的小猫咪以及其他宠物都是用的这个牌子的，非常耐用及有效，值得推荐！,好评,5
这款猫用护理液挺不错的，可以预防猫耳朵内长螨虫。防止他抓挠耳朵，导致头部掉毛。不过帮它清洗的时候要注意戴头套，不然猫会挣扎。,好评,5
耳部护理液使用起来非常方便，轻轻一喷就能有效清洁耳部，且无刺激性。它的温和配方让我感到安心，使用后耳朵感觉清爽舒适。总体而言，这款护理液性价比高，值得推荐给注重耳部健康的狗狗。推荐度：9/10。,好评,5
给小猫治耳螨用的，搭配着洗耳朵。治好耳螨后，一个月洗一下耳朵，保持清洁。大瓶，可以用长时间。,好评,5
回购无数次的小宝贝儿了，家里好几只猫猫，经常需要清洁耳朵，操作简单方便，效果非常不错，包装合理，服务非常不错。值得推荐购买。,好评,5
见效还可以，温和不刺激，但是猫猫也会抗拒是正常现象，这是已经回购了好几瓶了，猫狗都能用，日期也新鲜，保质期两年的，有个长管子 操作比较方便,好评,5
京东购入的这款猫咪滴耳液太实用了！质地温和不刺激，猫咪用着不抗拒，滴完后能轻松溶解耳垢，清洁力在线。瓶口设计贴心，控量精准不浪费，坚持用了几天，猫咪耳道清爽了不少，性价比很高，养宠家庭值得入手～,好评,5
这款给狗狗涂耳朵去螨虫的，看上去还不错🐾。有需要的用户可以购买哦！我家狗子用了之后感觉效果还可以，用手摸起来手感也不错。涂抹后，狗狗可能会不停地甩耳朵⬅️😂但总体来说还是挺满意的！👍,好评,5
听朋友推荐买的，和回家就打开给我家狗狗使用了，使用非常方便，是软管安全方便，感觉效果明显，使用一次就感觉狗狗没有频繁甩耳朵的情况，耳道很清洁,好评,5
这个尔加分宠物洗耳液是给猫狗用的，120ml装，专门清洁耳道的。挤点进耳朵揉一揉，毛孩子甩甩头就能把脏东西带出来，用着不刺激，日常给主子掏耳朵省事儿多了，一瓶够使好一阵~,好评,5
给家里皮肤敏感的大狗囤的药，真的太好用了！狗狗皮肤抵抗力差总闹皮肤病，涂这个见效特别快，而且是国产药，性价比直接拉满。京东自营发货速度没话说，隔天就到，已经回购好几次了！,好评,5
物流迅速，包装牢固可靠，这款产品用过好几次了，效果还是挺好的，推荐给朋友同事后，他们反应也是很好的，很好的一次购物体验,好评,5
。挺好的，挺有用的，小猫的耳朵看起来好了很多，非常好，可以。挺喜欢的，下次希望没有下次再购买了，因为不想让小猫在生病了，但是这个药确实挺有效的哦，马拉色群马上就没了。,好评,5
这款宠物眼部清洁用品效果真不错，之前狗子眼角总是挂着眼屎，看着脏兮兮的。用了几天之后，明显感觉眼屎少了很多，眼睛周围也干净清爽了不少，使用起来也很方便，轻轻擦拭就能清洁到位，会继续给狗子用的。,好评,5
宠物店推荐的这个牌子的洗耳药，价钱是超级超级的便宜，而且效果是特别特别的好，用了几天狗狗明显不怎么挠耳朵了，而且耳螨基本没有了，味道也好闻，推荐,好评,5
我家猫咪耳朵里可脏了，最近总是抓耳朵，自从用了这个一周后，耳朵干净了很多，也不抓耳朵了，最主要是这个产品还便宜，适合家里猫腻多的。,好评,5
给姐姐家里的毛孩子们买滴，听朋友们介绍，说挺好用的滴耳液，买来试试看，狗子有时候甩头，到货立马安排用上，毛孩子老老实实的，还挺配合，没有什么异味，放心。,好评,5
软管设计方便深入猫耳朵，味道也挺香的，应该也不刺激猫咪，就是我的猫之前没有怎么洗过耳朵，没太习惯洗耳朵时候，耳朵进水的感觉，一直甩头，不过看他样子并不难受。清洁效果也挺好的，洗了两次，现在猫耳朵里面几乎没有耳垢了,好评,5
治疗耳螨不是很好，洗洗还是不错,中评,3
普安特尔加分和尔滴克太好用了！家里猫狗有耳螨总挠耳，滴上温和不刺激，宠物不抗拒。几天就甩出黑垢，耳臭、发红都缓解了，滴管设计控量方便，性价比高，养宠必备！,好评,5
上星期，看到我家猫咪用爪子挠耳朵好几次还摇晃头，检查发现耳朵里有一些棕色分泌物，才想起又有三、四个月没给他洗耳朵了，赶紧买了普安特耳部护理液，驱虫后的一个星期，再也没看到猫猫挠耳朵了，软硅胶弯曲导管，使用起来很方便，以前也买过普安特，是大厂家、大品牌，看到猫咪们健健康康的，很开心，值得推荐给大家,好评,5
滴耳液很不错，还送了棉签和湿巾，驱完虫再给他整体一清理，从接回来还没清理过呢，量也很大，120毫升能用很长时间，下回还会再来买。,好评,5
猫咪有耳买，也是听了朋友介绍去买的这款。猫咪洗耳液，这款洗这款猫咪滴耳液主要是给猫咪洗完耳朵以后再用用起来，效果还可以，耳垢有些减少，但是要每天坚持使用，下次有活动还会购买,好评,5
操作简单方便，大品牌值得信赖。猫猫非常配合赠送棉签也非常的好用。京东快递速度非常快，推荐大家购买使用味道也非常清香清淡，猫猫很配合，总之赞一个,好评,5
因为以前有耳螨，所以给他买了点之后再清理清理之后发现耳道环境有所改善已经基本上看不到耳螨了，效果还是非常明显的，还是值得推荐的,好评,5
很好用啊，实在很好用啊，确实很好用啊，超级好用的啊。 小猫用了之后确实不摇头不挠痒啦。 使用了差不多20天啊。一支勉强够用。,好评,5
狗狗的耳朵红红的，很脏，问了客服买了这个套装，用了三天就好了很多，坚持用的一段时间就好了，狗狗一直没再长耳螨，性价比也很高,好评,5
这款耳螨药使用后效果不错，耳朵干净了很多，毛孩子也愿意配合，推荐！这款耳螨药非常温和不刺激，毛孩子用了完全没过敏反应，效果杠杠的！,好评,5
这款普安特猫咪耳道清洗液，耳部护理液，犬猫专用，母菊花油帮助溶解清除过多的耳蜡，耳垢及坏死的角质，使用方便，比较温和不伤耳道！,好评,5
毛孩子有耳螨了，作为家长非常的担心，去宠物医院上药很麻烦，价格也很贵，于是网上买药自己在家给毛孩子上药，这款效果非常好，用了几次，耳螨没了，值得下单,好评,5
清洁效果非常好之前二小狗总是抓耳挠腮现在他不在周耳挠腮而且是里面干干净净的各种黑色的物质杂质都可以去除干净小狗也活蹦乱跳的非常喜欢而且这颗非常温和并没有发现不适感用了好几天,好评,5
效果还可以，清洁没有那么刺激，猫咪也能接受，洁耳液不太配合使用，滴眼液也是， 使用效果：有效果 商品包装：完好 商家服务：很好发货很快 其他特色：清洁使用，其余不太清楚,好评,5
第一次给狗子弄耳朵还有点怕，第一次不敢滴多了又滴了第二次感觉还不错，狗子挺享受的。用棉签擦干净就行了！ 喂食难度：有点 使用效果：不错 商品包装：密封效果好 商家服务：态度很好,好评,5
前一段时间，我家的拉布拉多开始在笼子里面蹭耳朵，检查后发现耳道中脏东西很多。在宠物医生的建议下，购买了这个套装。使用效果还不错。,好评,5
好用的很。猫咪耳朵👂🏻里面有黑色东西，不管是啥，买了用上，用了三次，猫咪就不配合了。但是已经好了。如果猫咪配合最好用上一个疗程才好。开封后28天失效，要留意一下时长,好评,5
货收到了，用了2次，新包装，变成软管头了，这样不会戳伤狗子的耳朵，效果还不错，一个星期洗1-2次，耳朵不臭了，效果不错。,好评,5
普安特滴耳液和耳加分能有效的去除狗子的耳螨，并且用起来也比较方便，有一个长长的软管可以很方便的滴到狗耳朵里面。滴耳液与尔加分一块儿用效果更佳。,好评,5
打开后已经给狗狗使用了，味道还香香的。刚开始狗狗使用的时候，稍有不适，用完以后，给他捏捏耳朵，擦一擦，狗狗甩甩头，然后就适应了。,好评,5
家里的毛孩子以前都是关在家里养着的，后来看他总想着要出门玩耍就不忍心关着了，时不时的就放出去玩玩，好像时间不长他一回来就蹲在我边上挠耳朵，感觉到他应该是很痒的那种了，我过去拎着毛孩子耳朵一看，里面都是黑黑的一片一片的了，后来上网一查说是有可能毛孩子长了耳满，赶紧去京东上面买了除耳满的回来给毛孩子清洗清洗，还别说洗完后，毛孩子耳朵里白白的粉粉的很干净的，就一个星期给他清洗一次再也不见他挠耳朵了，很不错的产品，用完了会继续回购的哈,好评,5
狗狗耳螨重，味道还大，经常挠耳朵。用了这个搭配洁耳液，效果不错，两三次，狗狗耳朵就干净，不痒了，坚持使用。希望彻底根治。,好评,5
这款洗耳液很不错，首先软管设计猫咪更容易接受，其次，软管可以深入耳道不损坏猫咪耳道。第三，洗耳液也可以，是用过后来评价的。,好评,5
效果很好，家里毛孩子没注意被感染耳癣很严重，清洗，抹药3天就很干净了，非常好用 比去宠物医院开的药效果还好,好评,5
滴耳液温和不刺激，治疗耳道感染效果显著，值得推荐。滴耳液真的很有用，用了之后耳朵不痒了，感觉好多了。滴耳液治疗中耳炎效果不错，滴入后耳朵不疼了。,好评,5
买来给小猫洗耳朵和洗眼睛用的，他来我家的时候才两个月，还不太会自己洗脸，总是有眼屎，耳朵里也有点脏。现在每天用这个药水洗，已经改善很多，推荐购买。,好评,5
我家的喵星人得了耳螨，赶紧用药，以前就买过普安特的外驱药，效果挺好，这次还选普安特，清洗的，外驱的，涂抹的药膏都买了，希望我家这只赶紧好起来！,好评,5
真的挺好使的 用了两天小狗耳朵里边就不红了，原来里边好像皮炎什么的不知道啥毛病，用完两次还真就消了，原来小狗其中一个耳朵红了有几个月一直都没管。可以给小动物们试试 我觉得管用,好评,5
这款狗狗洗耳液质量上佳，液体温和没刺激，好闻的味道让给狗狗清洁耳朵不再难。描述相符，物流快，客服服务周到，性价比高，会再次购买。,好评,5
药的效果非常好，给狗狗用了大概10天，基本上就痊愈了，狗狗耳朵有问题的，可以提前使用这个，效果作用非常好，而且价格也相当的便宜。京东送货速度nice。,好评,5
这款普安特宠物洗耳液太实用！滴管设计精准方便，温和配方深入耳道清洁，祛耳臭耳痒超有效，还能护理中耳炎，搭配赠品棉签用着顺手，养宠家庭必备！,好评,5
瓶子的设计非常人性化，好操作，用起来好用，很容易控制量，没有任何不适的地方保质期也比较久，在线上购买比医院里便宜很多，而且方便。,好评,5
嗯，家里毛孩子耳朵最近有点不太好，然后看了一下这个嗯这个那个第二页还是很好的然后这个粘性适度然后清洁呃家里毛孩子的耳朵呃很很方便然后这个还赠送了湿巾真的非常不错,好评,5
我不确定我们家有没有中耳炎我们家猫但是呢确实有分泌物里头怕有人螨什么的先用上药先用个一星期试试对吧然后我再用一个宠物清洁耳朵的两个加起来用很好用然后现在毛猫猫耳朵里已经没有什么残留的分泌物了,好评,5
这这个这款狗狗洗耳液换包装了吗？之前买的那那个都快没了，所以说又下单了，这这款非常满意，这洗完耳朵香香的以后还会继续回购,好评,5
刚捡了一只流浪猫，耳朵里好多耳螨，买这款药给小猫擦擦耳朵，小猫也不怎么抓耳朵了，看来效果还是很不错的，大品牌值得购买，京东物流很非常快。,好评,5
买了这个给小猫滴不好，拼命反抗，带到医院很老实也很配合，花了一百多配的药，现在是直接放垃圾桶里用东西压住，抓住头才可以免强自己洗耳朵,好评,5
我家狗狗总挠耳朵，还有难闻的异味，用了这款耳部护理液太惊喜了！棉片蘸取擦拭很方便，温和不刺激，狗狗一点不抗拒。用了几次后，耳垢少了很多，也不怎么挠耳朵了，性价比绝了，养宠人必入！,好评,5
第一次买这款狗狗耳朵清理液，暂时还不知道好用不，但是看评论还是很不错的，很大一瓶能用很久，商家还送了湿巾和棉签很贴心，瓶口设计非常好，软头不易伤到狗狗。,好评,5
这款洗耳液真不错，方便好用，一瓶可以用很久，刚开始猫可能会抗拒，但是习惯了就好了，配合棉签，可以经常清理外面看得到的脏东西，物美价廉！,好评,5
这款狗狗专用耳螨药非常好用，狗狗一只耳朵都抓破流血了，一看才知道就耳螨导致，果断买了这2样给狗狗用，2天就好了，很不错！,好评,5
发货快，包装严实，商品质量非常好，比专柜便宜很多，客服服务态度也特别好，好评。 给猫猫用，就是一直甩头，不过洗的很干净，还不错。,好评,5
小狗耳朵用了一次就见效，真的很刚哈哈哈哈哈哈，还会再次购买的，客服态度太好了，我要大力表扬，嘿嘿，真的是有问必答，服务很好到位,好评,5
不错，隔几天滴一次以后，耳螨下去很多，猫也不挠耳朵了，见效很快，效果很不错，而且很好控制用量，一次就滴一滴，直接可以滴进耳朵里，不错,好评,5
这个东西的味道还可以，然后洗的还蛮干净的，毛病的话嗯很容易稀释在耳朵里面讲一讲，然后嗯有好多黑东西可以融融掉然后拿出来然后再擦一擦我觉得还蛮好用的,好评,5
这个滴耳液需要需要连续用，一两次是不会彻底除螨的。我家的小猫我陆陆续续给它用了5-6次，现在耳螨清除地差不多了。,好评,5
效果好有点点淡淡的香味，之前家里小猫耳屎很多，用了这个后能润滑软化耳屎，拿棉棒特别的好清理！耳朵里还有股淡淡的香味！京东自营物流还是一如既往的好送货上门！,好评,5
小猫咪刚接回来，有耳满，网上推荐，说买这种洗耳液清洗清洗很方便，滴到耳道里。小猫咪会自动的甩干，用完后感觉不错，需要的亲，可以按需购买,好评,5
给猫买的除螨清洁耳朵的，一直有污垢用棉签也不管用，这下试试能不能解决猫咪耳朵清洁度和痒的问题，软管比较好塞进猫耳朵，设计巧妙,好评,5
因为家里大狗皮肤抵抗力不太好，经常容易得皮肤病。所以家里常备一些药。性价比不错，有效，比较好的国产药。多次复购。京东自营发货很快。,好评,5
得值得购买 之前买了很多牌子 都没有这个好用 猫咪也不抗拒而且效果非常的好 我家猫的耳朵用这个以后的变得干净 爱猫的朋友们 购买,好评,5
家有萌宠必备，每次驱虫药都是买的普安特，现在基本一些药用护理都是买普安特的，买的放心，毛孩子用的安心。京东物流发货也相当给力,好评,5
邻居推荐的，狗狗总摇耳朵，上完感觉好多了，明显比之前强很多，还送了湿巾，给擦拭耳朵用，很好，第二天就到了，速度快，正品。。。,好评,5
看见我家的狗狗耳朵染了还很痒所以我就买一下试一下结果给他滴了几天是他就不不然了他的那个管还是圆管对格格狗狗的耳朵非常的友好,好评,5
狗狗还比较严重，用了很多药物均不见效。按照说明，有了将近一个月，效果有明显的改善，价格上希望多一些优惠活动能够更亲民一些，还会继续回购,好评,5
很好，小狗用了之后很有效果，非常棒！！快递包装也非常完整，小狗用完没有任何不良反应，快递很快，早上买的下午就到了，还会继续回购的。,好评,5
家里养了宠物都是收养的小流浪，到家之后各种毛病一直出现，自己看视频学了怎么治疗，也省得跑医院了，太贵，耳朵马拉色菌感染买了洗耳液自己治疗,好评,5
这款洗耳液真的是宠物的救星！✨用完之后，耳朵再也没有异味，而且感觉宠物们也挺喜欢的，会回购的,好评,5
宝宝半只耳朵很脏，洗耳液滴进去了，揉一下，她一甩，干净了80%，再用送的棉签擦一下，效果很好,好评,5
家里的猫有一只耳朵永远都很脏发臭。去过好几次宠物医院都检查不出什么特别的问题。后来自己看视频，怀疑是马拉色菌。然后买了洗耳液和药按说明坚持21天之后好几个月都没有问题了。 这里给大家一个提示，像这种感染，一定要坚持每天洗耳每天用药，哪怕那个时候看起来好了也要坚持。,好评,5
家里养的小博美 耳朵有点炎症了 买了尔滴克滴耳液 用了 一段时间了 一瓶快用完了 看着耳朵里 干净多了 感觉这款药水还是很给力的 再买一瓶 治疗彻底,好评,5
发现狗狗一直最近在甩耳朵，然后看了一下狗狗的耳朵，果然有黑褐色分泌物，但是也不是很多。然后就咨询了客服，客服给我推荐了这款滴耳液，希望好用，应该还不错，不管是包装呀，还是啥的，都挺精细的值得拥,好评,5
买了普安特猫咪洗耳水，猫咪有时耳朵里有小黑点，用洗耳水轻轻擦拭，效果很好，包装讲究，使用说明清淅易懂，操作简单，可放心购买，还送了宠物湿巾和棉棒，京东物流很给力,好评,5
家中猫咪有个耳朵有发炎，一直用爪子挠，抓破后有流脓和结痂现象。去医院看后，推荐使用这两样，先冲洗再上药。隔天使用一次。软管搭配，不会伤到猫咪耳鼓和内膜。使用方便，效果良好。,好评,5
一直以来用的牌子 在京东自营购买放心 药效还很不错 毛孩子闹闹耳朵 就给滴几滴 相当好用 家里几个毛孩子 用它管理耳朵 特别干净 毛孩子健康 主人更高兴,好评,5
买来给猫猫们洗耳朵的！还送了两包宠物湿巾和一包棉签，很贴心！收到后就给两个猫崽子使用了，滴起来挺方便的！而且洗的也很干净。,好评,5
猫咪耳朵红肿瘙痒，买了这个药，哟。过了几次效果不错，坚持用几天，应该会更好，京东买药放心，价格还很便宜，以后猫咪有问题就来这家店买药啦,好评,5
普安特宠物猫咪洗耳液很不错，家里猫咪耳螨，京东买来给猫咪洗耳朵用的，一定要配合耳肤灵一起使用，效果很好。京东自营的值得信赖，物流也很快!,好评,5
普安特洗耳液真的好用！质地清爽不刺激，滴进狗狗耳朵里它不抗拒，轻轻按摩后能甩出不少脏东西。用了两周，耳道异味没了，红肿也消了，60ml容量很耐用，养宠家庭值得入~,好评,5
这款宠物耳部护理液太好用了！轻轻滴几滴，就能软化耳垢，擦拭轻松干净。天然配方温和不刺激，每次用完狗狗耳朵清爽不瘙痒。坚持使用，异味消失，耳螨问题也改善了，养宠清洁必备神器！,好评,5
这款药膏搭配滴耳液一起使用，治疗猫咪的耳螨效果很不错，用了三天能明显感觉到猫猫耳朵里的耳螨已经减轻了许多，药膏是黄色的，配了软头可以伸到猫咪的耳朵里面给药，没有刺激性猫咪能接受。,好评,5
宠物猫咪洗耳液采用EDTA强螯合剂配方，能有效溶解耳垢和耳蜡，使用后耳道污垢明显减少，耳臭问题得到缓解。卡拉星耳部护理液同样能快速清洁耳螨分泌物，减少抓耳频率。,好评,5
商品收到了，包装盒挺好的，效果用一段时间再评价，京东商城的商品品质还是有保障的，软膏希望增加密封，组合套装，希望自己猫咪健康,好评,5
每次收到商品，都要认真评价！这款宠物滴耳液收到就给家里的狗子用上了，狗狗这几天经常出现用耳朵蹭墙，蹭沙发的现象，应该是耳朵痒了，用这款滴耳油给狗子耳朵做个SPA！再用棉棒轻轻擦干净，狗子就不再蹭耳朵啦！推荐！,好评,5
毛孩子经常用后腿抓耳朵，找了金东家，就推荐了这款，PH值7，中性的挺好的，果断就选择了。 第一次用毛孩子很是抗拒，无奈只能硬上，想不到用过一次后，毛孩子就不抓了。 挺好。,好评,5
这款猫咪洗耳液清洁力不错，温和配方不刺激，能有效软化耳垢，猫咪接受度较高。操作方便，滴管设计精准，但个别猫会甩出残留液体，需耐心擦拭。气味清淡不刺鼻，日常护理可预防耳螨，严重症状建议先就医。性价比适中，整体值得推荐。,好评,5
大品牌，值得信赖，用了两次就改善狗狗耳朵臭臭哒问题啦，很赞哦～坚持使用，期待最佳的效果&hellip;&hellip; 套装组合才是王炸～清洗后再维护，很棒哦～ 赞赞赞～,好评,5
这款洗耳液清洁效果显著，操作便捷易上手，成分温和无刺 激，宠物使用无抗拒。软管设计精准滴入耳道，配合棉签轻 柔擦拭可清除顽固耳垢。买家实测&ldquo;味道不刺鼻，滴完药水用 棉签轻微扣扣，耳朵脏东西就全出来了&rdquo;。建议每周使用1-2 次， 配合棉签轻柔擦拭耳道以维持清洁效果。 来自已购用户真实评价,好评,5
包装完好无损，发货速度快，送货上门服务，宝贝非常不错哦，使用方便，没有异味，往狗狗耳朵里挤几滴，用手柔一揉立马耳朵干干净净，用医药棉球一擦，完美，质量真心不错，店家还送了棉签和湿巾纸，不错哦,好评,5
普安特这款套装，真是狗狗的耳螨克星。家里一只柴猪一只耳朵红了，掰开仔细看里面都长满褐色分泌物，一看就是耳螨。以前专门去医院治疗过，前前后后花了3k也没治好。结果就坚持用了这款慢慢就好了。,好评,5
清洁力还可以，就是滴量不是很好控制,中评,3
家人们一定要试试这款宠物耳液!我家猫咪耳朵总是脏脏的，还有异味。用了它之后改善特别明显!温和不刺激，滴管设计方便上药。坚持用了一段时间，耳垢变少了，异味也没了。猫咪舒服多了，不怎么挠耳朵啦。会一直回购!,好评,5
我家狗狗一直使用普安特洗耳护理液，配合普安特配套的药膏可有效治疗狗子的耳螨，效果还不错，对狗狗的刺激性不大，狗狗的耳朵清洗后非常干净。,好评,5
这款宠物洗耳液真的很好用，清洁效果很满意，每次用完宠物都很舒服，再也不用担心耳垢堆积问题。味道也很清新自然，完全不刺激，适合长期使用。物流也很快，包装仔细，用起来特别方便，性价比超高，值得推荐！,好评,5
猫咪不小心得了耳螨，用过之后明显症状减轻了很多，配合上洗涤液，一周的时间，症状就消失了。到现在很久了也没有复发。太棒了。,好评,5
每隔几天用这个洗液给猫猫清洗耳朵，猫猫的耳朵干干净净，没有耳螨，主要价格也非常实惠，京东快递送货到家，物流速度杠杠的，支持,好评,5
宠物猫咪洗耳液很好用，操作简单，两小只猫咪洗后很清爽。卖家服务态度超赞，解答问题耐心细致。发货速度也很快，包装严实完好无损。这个商品超出了我的期待！不仅质量上乘,好评,5
狗狗的耳朵很容易发炎，然后变红，用了这个药效果挺不错的啊，记得用之前一定要拿那个棉签用的碘伏，把狗狗耳朵擦干净再用这个药。效果会更好，先把里面的脏东西都擦出来,好评,5
我家毛孩子的耳螨一直没有好，一只耳朵还感染了，没办法给他买的这款套装治疗耳螨感染的药物。昨天下单，今天就到货了，还没使用，普安特大品牌，一直在使用普安特的品牌，值得信赖，全五分！,好评,5
家里有猫咪的，可以常备这个药，套装用起来很方便，先洗再抹药。就是很考验家长的技术，每次用药都像干仗。以前买过普安特的眼药水，效果还挺好。,好评,5
家里小臭狗，用棉签擦，耳朵有褐色的分泌物，咨询客服后买了滴耳液和软膏，已经用了十几天了，现在耳朵看着干干净净的，也没出现什么副作用,好评,5
家里狗狗又开始甩耳朵了，过一段时间就要给它除耳螨，这款还挺好用的，软头不会咯到肉，一大只也会用很久，日期也很新鲜，发货快。,好评,5
净含量好像不够。给猫用了。感觉还可以。,中评,3
滴液速度没法控制 哗哗,中评,3
很好，希望猫耳朵尽快好起来,中评,3
给我们家小狗狗用的，效果不错,中评,3
用了一段时间 还是没好 不知道要不要继续用,中评,3
买了，但一直未使用，所以不发表评价,中评,3
更倾向于清洁养护，除螨一般般吧，味道挺清新的,中评,3
一般般吧，有股淡淡的香味，也很好操作。。。。。。。。。。。。。。。。。。。。。。，，，，，，，，，，，，，，，，，，，，，，，。。,中评,3
狗狗用了一直在甩耳朵，比没用之前更甩得频率高,中评,3
使用了一段时间，效果一般,中评,3
哪哪都挺好，就是瓶子口设计不太好，一挤直接出来好多，水龙头似的，,中评,3
目前看清洗效果一般，过两天耳朵又很脏了，长期使用再观察下,中评,3
给小🐶使用的时候，🐶反应很大，挣扎的厉害，很刺激不舒服的样子，目前一个人没办法给它洗耳朵，建议到专业洗狗狗的地方清理吧。,中评,3
还没有看到效果,中评,3
物流真的不错，很快。,中评,3
家里神兽耳螨好长时间了，之前涂过一支药膏没有见好。买的这一支 ，涂了一个多星期，已经有所改善，效果还是不错的。送了棉签挺方便的。,中评,3
咋说，商品可能是好商品，但是到手脏兮兮的，软胶管也全是灰尘（主要是外箱包装并没有破损），这是给猫猫插进耳朵的，还是觉得卫生问题离谱，希望能够改善。试了一下耳朵脏东西清除效果可以～也很便捷,中评,3
挺一般的，如果耳螨不是特别重的话只是当日常清洁用的话，还可以将就用一下，重一点的耳螨根本洗不干净，而且洗完之后很容易复发,中评,3
用了几次有一点效果。,中评,3
多余的，多余的。。。,中评,3
不错，挺好的。还会过来买,差评,2
用了几次了没什么用呢,中评,3
棉签到处都是，液体也外露,中评,3
设计有问题，一倒出来就漏,差评,2
狗狗耳朵痒，滴过几次还是痒,中评,3
猫不是很配合，弄完一直挠耳朵。。,中评,3
一般。给猫用了俩个月了快。还没好,差评,2
味道清新，效果用了两次，效果一般,中评,3
不好用，不吸收，害得我家狗耳朵发炎,中评,3
没效果，滴耳液味道还冲，一股劣质香水味,差评,2
感觉一般，没介绍那么好。,中评,3
效果觉得一般，没有讲得这么好,中评,3
治疗耳螨效果不大，一瓶用完了没有太大改善。,中评,3
效果一般，猫咪耳朵还是有螨，没有完全去除,中评,3
计量不容易控制，一不注意就是一管子下去了,差评,2
给三颗星，是因为居然没有独立包装，软管直接暴露,中评,3
是消炎药，不直接针对耳螨，而是针对耳螨引起的炎症,中评,3
贵，用不了几次，然后我的猫疯长耳螨，没啥讲的了一般,中评,3
一般般 猫中耳炎用完第二天还是那样 只能日常清洗,差评,2
这个不管用，没有之前买的别的牌子的有效,中评,3
猫咪使用效果不是很好，用完之后耳朵出现了发炎的情况！,中评,3
效果很一般，果然一分钱一分货，球菌感染用了几天都不好用,中评,3
滴了一个月 不能治疗耳螨 只能起到日常护理作用,差评,2
药膏剂量非常少，一管里面没有多少，并且上药很费劲儿，不方便。,中评,3
产品说明书上没一样是去耳螨的，快递费6块连个棉签都不舍得,差评,2
感觉就是普通的洗耳液，没有达到除耳螨的效果,中评,3
没有盖子，膜撕开后，就一直常开状态，连个盖子都没有,差评,2
外驱还行，内驱就是垃圾，我领养的猫驱了两次还有活的虫子排出,差评,2
清洁效果一般，瓶口设计有点鸡肋，轻轻一倒就洒出好多,中评,3
现在看用起来一般啊效果 每天给猫涂 但是耳朵里的黑垢还是没有少,中评,3
只能说一般吧&hellip;&hellip;用了十多天再来评价的，每天都给它用，感觉效果不是很好,中评,3
效果不怎么好，每天都在用，耳螨还在长， 隔两天就得用湿巾擦,中评,3
效果不是很好，猫咪用了两天以后，猫咪出现了耳朵发炎的情况直接停药了,中评,3
这款猫用治疗儿螨的药不好用，用了很多天耳朵里面还有脏东西，交了智商税,差评,2
连个使用视频或者图解都没有，光打几个字教有什么用?当都是专业兽医在买呢,差评,2
我觉着不是特别的好用，只能说凑合吧。送的棉签不好，容易吧狗的耳朵弄红，弄破，我都很轻轻的了。,中评,3
使用起来不太方便，能有更合适的使用方式就更好了,中评,3
一点不好用，油腻腻的。洗了也没效果，洗不干净不建议买。,差评,2
瓶口没有软管的方便 容易漏,中评,3
我是给小猫清理完耳朵之后 再用这个产品的！每天两次 第三天用的时候 耳朵里又到处都是黑褐色分泌物了 没有效果,差评,2
狗狗一支耳朵里有点黑泥状的黏腻物，滴进耳朵里揉一揉，狗狗也会甩头，用棉签擦拭感觉差不干净。用了三次效果一般。,中评,3
这明明是抗菌药，怎么就被宣传成除螨的了，滴完狗子耳朵里更红了，还是老老实实去宠物医院开药吧。。再也不相信商家宣传了。。。。。,中评,3
不知道怎么评价，至今没有滴进去过，猫一看到吓得就跑，可能这个瓶身颜色设计让它有阴影？？还是只能送去宠物医院做清洁，说耳朵很干净。这个么闻起来和滴眼药那款差不多。,中评,3
一般，没明显感觉。,中评,3
效果没有那么好,中评,3
收到货评价一下、这个洗耳液味道有点大、我闻着都有点刺鼻、看着买吧 猫咪不喜欢味道大的刺鼻的东西、已经打算送出去了看看别人能不能接受。,中评,3
每次滴猫咪的反映都很大，有时候还要咬我，已经准备换产品了&hellip;&hellip; 不知道什么原因，猫咪应激了，换别的用吧,中评,3
不太好用，清洁不干净,中评,3
不好用，味道很大。,差评,2
洗完还是挠&hellip;没作用&hellip;&hellip;,中评,3
效果一般，用完之后 没有根除，小狗时不时还是会挠耳朵，真的很苦恼。论速度方面 还是快，京东自营有仓库，配送也很及时，反正隔天就能到，送到家门口,差评,2
不太推荐购买，前面那个头比较软，可能是怕伤着猫吧。但是真心不好滴到耳朵里啊。 使用效果：比较难用啊！ 商品包装：凑合吧，可以接受。 喂食难度：不好用。凑合,中评,3
效果一般，没什么用,中评,3
商品容量和描述不符，这个只有60ml,差评,1
根本不行❌就是个消炎药，治完耳螨会复发,差评,1
没有送棉签，佛山发货到广州用了两天多&hellip;,差评,1
没什么效果，一点也不好用！！！,差评,1
要买的看准了，不能治耳螨，无良奸商夸大其词,差评,1
我家狗越用越痒，奇怪了。,差评,1
这个药不太管用，不太建议买。,差评,1
没有效果，弃用了，再也不来了,差评,1
才买了几天，扭盖就自己爆开了,差评,1
有刺鼻气味，猫闻了就跑，根本用不了,差评,1
交了智商税 买了好几只药 钱花了 螨虫没治好,差评,1
话不多说，自己看图吧，希望天下卖药的稍微有点良心。,差评,1
我查了，一点效果都没有,差评,1
冰的能用吗？收到货竟然是冻成冰一点水没有,差评,1
误导消费，号称除螨率99.9%，然而只是清洁液。,差评,1
说明书上就没说除耳螨，明明只是消炎药。智商税&amp;,差评,1
我不知道好评怎么来的，我家猫耳螨用了一瓶没好 然后耳朵又臭了 换别的药了,差评,1
"买这么多样，没一个猫是会吃的 昆在罐头里 面，连罐头都不吃了，强行喂了一点，好像齁 咸,一直喝水。",差评,1
从10月14日坚持每天给猫清洗2次，一直持续11月9日，完全没有效果，早上清洗后，晚上不清洗就很脏。完全就是虚假宣传,差评,1
我家猫咪耳螨，用了一个月，一点用没有，真是服了，配合体外驱虫，这产品不能除耳螨,差评,1
买了两次，我以为是我自己点多了，后来才发现是里面本来都没装多少。就是瓶子可大，里面都没有药。不要买假药。,差评,1
瓶子挺大里面装的药特别的少，就点了两次都没有了，感觉5克都没有。假药不要买。,差评,1
一点效果都没有。,差评,1
不管事，没有作用,差评,1
狗狗用了耳朵发炎,差评,1
客服骂人、服务态度差,差评,1
一次买了六瓶装，一次给狗狗都用上了，我的大型犬，40公斤左右！已经给狗狗用了三天了，感觉没管事，因为狗狗还是天天挠！不过耳螨药还是可以的！,差评,1
用了一阵才来评论的，对我家猫咪没有，用完从以前的耳朵里褐色赃物变成黑色了,差评,1
图与货并不对版，图上有软管误导消费者，现在使用情况是没有那个管滴都滴不了几滴猫就飞出去了。,差评,1
不好用，也没什么效果！！,差评,1
从下单到至今已经有了一个多月，一月初买的，用到至今没有效果，并且越用越发现，用完后猫咪耳内发红，一开始我以为是正常现象，但最近洗了摸了猫咪耳朵里面才发现，猫咪耳朵烫烫的，不是正常温温的状态，而且猫咪耳根处有发紫的现象，怀疑是这个洗耳液有刺激物质，猫咪也很抵触这个洗耳液。,差评,1
这耳药有毒，千万慎用，小猫用了第二天天不吃食物了，下午不会动了，一直在打嗝，感觉中毒了，晚上就不行了,差评,1
不好使 猫很排斥 说是不刺激但是我觉得还是有刺激的 不好用不好用不好用,差评,1
狗狗用完耳道发黑还起皮掉皮，之前没有任何问题，出现这个情况之后立马还换回了之前的牌子，目前已经恢复的差不多了，没有发黑和起皮，各位请珍重,差评,1
买了2瓶 1瓶是空的 客服说补发 然后就没消息了,差评,1
用了耳朵出问题了。去医院医生说这个产品暴雷，已经有几个猫用了之后去喵星了。 （一种植物）,差评,1
挂羊头，卖狗肉,差评,1
用了之后马拉色菌大爆发，一直不好，后面换了医院给开的才慢慢好起来,差评,1
第一次买的真的，第二次买的更本就杀不死耳螨，白浪费我的34块钱，而且药很少只有一点点。没有想到京东上也卖假药，上药十几天了也不见得好，猫咪一天捞好几次耳朵。看到烦死，拿钱买假药还不如买点其他有用的东西。,差评,1
分量太少了 不建议购买,差评,1
赠品 很一般 对猫刺激太大了,差评,1
差评必须差评，二赠一，赠了个屁啊。,差评,1
狗狗用了一个星期了，一点好转都没有！,差评,1
屁用都没有，不会再购买,差评,1
用完后猫咪的耳朵更加脏了！而且它更痒了 真的太差了,差评,1
一整瓶用完，差评，一点效果都没有,差评,1
对我家的狗子没有用，猫也一样，根本就不治所说的耳病,差评,1
小壳益生菌牙膏狗狗猫猫宠物刷牙口腔牙齿清洁宠物牙刷牙膏 鸡肉味牙膏70g猫猫很喜欢这个口味，从不让刷牙，到现在慢慢给刷,好评,5
还可以，牙刷大小适用，还送了指套刷。物流快,好评,5
味道很不错 猫宝非常乐意接受，每次刷牙都乖乖的配合5分钟完全不乱动，值得！,好评,5
牙膏配了小牙刷不用单独购买，还送了指套牙刷,好评,5
特别好用，值得大家购买，猫咪不抗拒。,好评,5
还不错，狗狗喜欢的味道,好评,5
用着还可以，猫猫能接受的程度，毛挺软,好评,5
猫咪有点口臭哦、试试看能不能有效缓解,好评,5
这个牙膏狗狗用了不抗拒。味道也不错,好评,5
包装严实无损，细节处理到位，体验感很好。,好评,5
可以吧，就是相当于其其他平台贵了，不过商品很好,好评,5
嗯，这个物流很快，然后包装也非常好，然后客服就很有耐心，你在咨询的时候有什么问题他们都很及时的，而且很有耐心的回答你，然后这个以前也用过的还不错。,好评,5
为了我家毛孩子的牙齿健康，给我家毛孩子买的全套。希望有帮助。,好评,5
还行，挺好的，继续完善,好评,5
不好用，刷不干净，没有泡泡,差评,2
一定要重视小猫的牙龈健康啊，如果不好好刷牙的话，小猫很容易有牙结石，我家小猫就是有了牙结石，然后需要去做牙结石清理，哎，遭罪了。所以特地买了牙膏牙刷，好好刷牙。,好评,5
家里三只猫咪，有一只特别抗拒，牙刷根本进不了嘴巴，对这个牙膏也很抗拒，另外两只也不是很喜欢，但是勉强能刷两下，目前只用了几次，效果还不清楚。,好评,5
适口性强 给小猫刷牙没难度,好评,5
牙膏味道不难闻 猫咪不会抗拒 有送手指刷头,好评,5
活动价买的，送的牙刷很柔软，我还是很满意的，奈何猫咪不乐意用，好无奈啊，哈哈哈哈哈哈哈哈哈哈哈哈哈哈哈哈（一个要疯掉的家长）,好评,5
宠物牙结石很严重，口臭，,好评,5
猫咪一直用这款牙刷和牙膏刷牙。,好评,5
真的很喜欢，完全超出期望值，发货速度非常快，包装非常仔细、严实，运送速度很快，很满意的一次购物这质量真是太意外了，实物美美哒，触感很好，很推荐哦~,好评,5
没想到还能收到这么多惊喜，除了物品本身质量过硬，商家还送了赠品，实用又精致，能感受到满满的诚意。客服沟通也很顺畅，有问必答，回复及时。这样用心的店铺真的不多了，已经收藏店铺，以后会持续回购！,好评,5
掌柜的服务态度真好，发货很快。商品质量也相当不错。价格很优惠，服务也很好，东西不错，太喜欢了，谢谢！,好评,5
东西看着不咋地，快递也不送上门，客服态度敷衍，复制粘贴回复，不建议购买,差评,1
刚收到货时摸刷头的触感感觉特别神奇，很柔软 使用频率大概是一周两次，不到一个月刷头就变成这样了，毛毛躁躁的，神奇的触感消失了🤣,中评,3
一刷就掉毛，气死,差评,1
【好评】猫砂盆材质厚实无异味，加高边缘防外溅超管用，猫咪进去就会用，空间大不局促，清理起来也特别省心！ 【追评】用了半个月再来夸，一点不串味还不怎么带砂，家里地面干干净净，性价比拉满，铲屎官闭眼入不踩雷！,好评,5
小佩智能自动猫砂盆猫厕所MAX2电动铲屎机大号，自动铲砂升级，清理方便，空间够大，感应灵敏，操作简单，实用新型。,好评,5
第一次使用，自动铲屎超省心，封闭设计防异味，清理彻底不残留，噪音小不扰宠，铲屎官解放双手，猫咪如厕也舒适，实用又贴心。,好评,5
朋友推荐 果断下单了小佩这款 到货快颜值高 很轻巧不占地 安装也很方便简洁 家里这只胆小怂猫猫还在适应中 希望它早点适应 过上不用自己埋砂的好日子 享受科技带来的便利🤣,好评,5
这款猫砂盘非常好用，已经给家里购买第二台了，家里2只猫都可以用自动清理猫砂，还配了香氛盒，一点异味都没有，清理的时候，声音也很小，不会噪音很大，非常的智能便捷,好评,5
这个猫砂盆特别方便 声音也比较小会a i识别小猫的脸可以区别多猫家庭的猫上厕所 外观也很好看，小猫也愿意上厕所，而且能通过摄像头观察到他们上厕所的动态非常可爱,好评,5
内部空间大小：适合 除臭效果：蛮好 安全性设计：待观察 材质耐用性：优 易清洁性：优 适配猫砂类型：小佩 容量大小：正好,好评,5
用了快一个月，我和猪咪都对自动猫砂盆适应良好，猫砂盆内壁有少量粘连，我拿马桶刷（只清洗猫砂盆）刷了，然后湿巾擦干净 三防布上有一小块污渍染色 超出预期,好评,5
猫砂盆特别精致好看，设计合理，自动打包解放双手，家里长辈都惊叹于科技的进步，感叹现在的猫过的比人都好。随机附送的除味香块味道很好闻，减轻养猫负担的同时实现了拉粑粑实时监控，满意。,好评,5
买来就回家过年一个礼拜完全没有压力，猫咪适应良好，也不排斥，拉的臭味也没那么浓，总体良好，也有防止卡猫的功能，非常好用，后悔没买摄像头款的了,好评,5
🐱这款智能猫砂盆真的太方便了！👏自动清理功能超省心，我家主子用得很自在～🌟清洁后完全不留痕迹，效率也明显提升！🏡放在家里刚刚好，不用再担心异味和打扫问题啦～💕💕,好评,5
这款小佩自动猫砂盆使用了两天，以前就一直都在用小佩，这次看到升级了，又买了一个，猫咪熟悉小佩进出自如，目前还没有发现问题，赠品也收到了，好评。,好评,5
过年放假回家 猫猫没有办法跟着远行 加急买了一个猫砂盆给小宝贝用 这回不用担心了 可以坚持到放完假回来 真的是太方便了 解决了过节回家党的后顾之忧 科技改变生活～,好评,5
内部空间大小：我家一只猫，3公斤，非常合适 除臭效果：屋子里闻不到臭味，大约2周换一次集便袋 安全性设计：目前没有出现卡猫 易清洁性：很方便，解放双手,好评,5
这个猫砂盆太棒了！解放双手的神器，自动清理超及时，除臭效果也很好。主子很快适应，家里再也没有异味困扰了。操作简单，质感高级，养猫幸福感直线上升！,好评,5
内部空间大小：12斤的猫猫使用很宽敞 除臭效果：一点味道都没有，送的净味小方很有用 安全性设计：设计的太全面了,好评,5
这个猫砂盆真的太棒了！质量非常好，与描述完全一致，超出了我的预期！而且价格也很实惠，性价比超高！猫咪也很爱用，非常满意，强烈推荐,好评,5
真的后悔买晚了！安装简单，猫咪当天就会用。多重安全防护，猫咪靠近立刻停转，完全不担心夹猫。密封集便仓锁味很绝，家里基本没异味，运行声音小不吵人。,好评,5
彻底解放双手了，真的是太省事省力了 出门一星期也不担心猫咪如厕问题和家里卫生空气问题了 真的是太好用了，推荐养咪家庭早点入手，解放铲屎官双手,好评,5
使用效果很好，猫猫第一次自己进去就解决好了。全自动清理完成。很好用！气味也消除得很干净。,好评,5
颜值非常高 非常智能 解放双手 不用铲猫屎啦 还不臭 我最喜欢的一点 没有气味 还能自动打包,好评,5
这款自动猫砂盆太省心了，感应灵敏、清理干净，几乎无异味，猫咪适应快，解放双手超实用，性价比很高！,好评,5
用了一个多星期了，其中四天没在家，基本没管它。挺好的。拿回家装上，猫猫就没去旧的猫砂盆了。,好评,5
东西目前还可以，评价一下， 内部空间大小：内部空间有点大的，希望以后材质能用更加完美的材质,好评,5
安装完成后，猫咪刚开始非常好奇，智能清理猫砂，解决问题半夜起床问题，而且猫猫也非常喜欢,好评,5
过年期间懒得找人清猫砂买的自动猫砂盆，收到后试用了一下，特别方便，可以解放手手啦！,好评,5
内部空间大小：非常的大，可以一周不收拾。 除臭效果：闻不到一点臭味。 安全性设计：猫咪一靠近就自动停。 材质耐用性：材料用的厚。 易清洁性：非常的好清洁。,好评,5
性价比挺高的，用了快两周了，感觉解放每日起床后 下班前的双手，养宠物喂粮两周放一次粮，一周倒一次厕所仓，很幸福,好评,5
宝贝收到，物流很快，描述相符，比较满意，好评，推荐,中评,3
好大一件快递，内部空间不小，猫进去转身也很容易，用了自动猫砂盆不用每天铲屎了，定期倒一下就可以，还能防止猫砂很快变臭，不错,好评,5
心心念念还是买了，猫猫对这个很好奇总钻进去看看，进去了，腿太短又跳出来，我等猫猫再大一点用，可以解放双手，期待期待😊,好评,5
已经入手两个小佩的自动猫厕所了，Max 2很实用，两位猫主子，很快学会使用猫厕所。有了小佩Max 2 ，彻底解放双手。设备颜值很高，放在客厅里，也很不错。,好评,5
发货很快，已经收到货了，商品和描述的差不多，质量没问题，关键价格也合适，在这里买还是很放心的，好评！ 试用兩天，效果还是很捧的，猫猫拉的便便，以后可以双手解放了！！值得购入 除臭效果扛扛的。,好评,5
同学推荐的，买了最基础版本，够用了，主要解决了臭味弥漫和旅行无人铲屎的困境，第一天回来就乖乖上厕所了，满分,好评,5
感觉很方便，一周换一次垃圾袋就行，家里还香香的，冬天不会有异味，省心了不少，出差还能看猫猫有没有正常上厕所，出差放心多了,好评,5
刚装上转头的功夫猫咪就进去尿尿了 完全没有不适应 而且很好打理 干干净净的很好看 邻居先买了这个 帮邻居照顾猫猫的时候被种草了 以后家里的卫生就交给你啦,好评,5
比较方便，出门也可以放心了，随机赠送垃圾袋和除味小方，很实用，实测过家猫大概十天清理一次也可以，这样一般的假期也可以放心外出了,好评,5
人类最伟大的发明真的就是这个毛厕所了，当时我老公不同意养猫，然后我买了这个猫厕所，我外出一星期，他只负责喂点猫粮，也不用清理厕所，也不用清理猫砂盆儿，这个厕所非常方便，然后我从远程也能看看有没有上厕所也远程也可以清理，特别方便。 而且幸好我们是在北方，比较干燥，所以也不会生虫子。慢慢的老公也接受这个猫了，他至少没费什么事儿。我们刚捡这个小猫的时候用的是一个嗯脸盆，然后里面放点猫砂。。就很容易脏，而且猫砂盆周围都是猫粪，很麻烦。这个基本上味道不大，如果不挨着坐的话应该没啥味道。但是我是不太喜欢那个它里面配的空气清新剂的味道。希望可以改进，其他都挺好的。,好评,5
按照操作说明做好准备工作，铺好砂，猫咪就进去标记位置了。通过视频记录回看，清理到位。猫咪也已经适应了，每个小时都过来看看，自动抚平时还会在一边观察。不错！确实解放铲屎官。,好评,5
猫咪很喜欢，很智能，没有味道，解放双手。感觉很好诶特别好，小猫咪第一天就会使用啦。,好评,5
这款猫砂盆总体而言是很好用的，比较容易上手，家里两只猫咪只花了两天就能够接受啦，注意配件尽量买齐全,好评,5
颜值高，干干净净的 确实很方便解放双手，两只🐱也很快习惯了 还有app能随时监控，目前为止满意的！,好评,5
不错，方便 内部空间大小：挺大的 除臭效果：很好 安全性设计：比较高 易清洁性：好清洁，,好评,5
收到货啦！按照说明书解释的步骤装好，装入猫砂，下载专用app，连上网络，在手机上就可以远程操作和观察了，还是比较智能化的。对于要经常出差外出的人们来说，这是一个很好的选择。,好评,5
产品不错外观好看并且这是第一次购买这个产品，也是朋友推荐，送货到家，外观完好无损，操作简单方便，所有功能都正常，还附带一些赠品不错,好评,5
"这款自动猫砂盆挺不错的，我家猫猫观察了一会儿就自己跳进去了,设置了15分钟后自动铲屎，猫猫一直蹲着好奇地研究这个怪家伙，猫砂盆自动转动时很安静，解放了双手，也没有异味，不足之处是猫猫会埋屎，把猫砂扒到门口外面地板，有配门帘的话就好啦",好评,5
好用好用，解放双手，家里两只猫猫用了几天了没有异味，也没有出现漏尿的情况，清理猫砂盆的时候声音比较小，猫猫也不害怕。,好评,5
目前只能给出三颗星的评价，因为还没有研究透彻，不知道为啥清理猫砂和倾倒猫砂的功能没啥区别，都是将猫砂全部倒出，完全没有体现出自动猫砂盆的功能，搞清楚后再追加评价,中评,3
两猫家庭，家里负责铲屎的太懒，两三天才铲一次，忍无可忍下手了自动猫砂盆。用了三天，阳台上再也没有臭味了。三四天倒一次集便仓就好了。因为是成年猫，所以没有适应的问题，当天晚上就用了，目前感觉不错。,好评,5
挺好用的，经常不在家，再也不用担心铲猫粑粑了，还送了除臭小方，阳台都是清新的味道，也闻不到臭味！赞👍,好评,5
智能猫砂盆真的太棒了！🐱💩 设计美观，功能齐全，自动清理猫砂，省时又省力。家里的猫咪的也很喜欢！关键对于打工人来说很省心，这几天使用效果很好。,好评,5
超级满意的猫砂盆 比我想象的要大得多 非常适合我家这种多猫家庭 普通猫砂盆很多时候分不清哪只猫上了厕所哪只没上 有时候猫咪今天没上厕所都不知道 买回来就是自动铲砂是次要的 关注三只猫排便情况是主要的 这款猫砂盆就很好的解决了这个问题 还会有报告和回放 还有体重测试 猫猫不抗拒 刚到家三只就里面进去体验了 非常满意的一次购物,好评,5
感觉完全解放双手了，终于不用铲屎了，出门旅游也不怕没人铲屎，逆子好奇的很刚在安装好就好奇进去拉了一坨大的！app可以监控猫猫吃饭上厕所喝水，只能说解放我的双手了！,好评,5
家里的崽很喜欢，而且让我也是解放双手，推荐推荐！铲屎官也是可以偷懒的了。手机检测，称体重，检测便便等等，除异味，喜欢的。,好评,5
很方便，解放双手，比较省猫砂，也没异味，刚安好猫咪就迫不及待的研究了，猫咪们很喜欢,好评,5
不错，值得推荐，很好用的，还可以观察猫咪厕所情况。终于可以解放双手了&hellip;,好评,5
产品非常好，第一次用小佩家的，很智能，以前用的小米的，这样可以放心了，出门也方便，猫猫自己在家挺好,好评,5
智能化的设备确实不错，彻底解放了双手，吃饭，喝水，如厕。特适合上班一族养宠物了。好评！,好评,5
东西很好用，猫咪体重大小也很合适，手机能智能操控，看到猫咪的体重，停留时间。,好评,5
猫砂盆空间大，喂食器也很稳定，小猫来了之后没有任何不适应，直接就用了，很棒,好评,5
商品很满意，定时清理，解放双手，家里的异味也少了很多，非常推荐各位宝子们入手,好评,5
还可以，比较智能，初用小猫一进去就拉了个便便，很喜欢呀很喜欢,好评,5
内部空间大小：空间很大 材质耐用性：看起来很耐用 挺方便的 过年回家不用担心了,好评,5
双猫使用挺好，挺省事儿的，除了部分功能需要包月续费其他都很好,好评,5
适合狸花，除臭小方效果很好，很快就分解了气味，双十一入价格美丽,好评,5
除臭效果：真的很好没有一点味道了， 容量大小：很大 易清洁性：干净多了,好评,5
不用自己铲啦解放双手 还可以随时监控小猫动态 外观也不错,好评,5
很不错，解放了双手，屋里也不臭了，一个多礼拜换一次垃圾袋就行了，特别方便,好评,5
安装很简单，大猫小猫都喜欢，解放双手，告别铲粑粑生涯。开心～,好评,5
确实很方便，但感觉还是有点小，我家猫猫老是喜欢贴着边边拉💩，都拉在机器的壁上了，而且费猫砂，希望这点能够改进吧,中评,3
猫猫不抗拒，第一天使用就自己进去了。空间也大，送了很多赠品，质量很好。,好评,5
很不错，现在铲屎工作轻松不少。app上随时观察小猫的如厕数据。,好评,5
动手能力差的谨慎购买，机器链接手机App都能折腾半天，打400一问三不知&hellip;&hellip;,中评,3
收到东西后产品有问题，最后自己动手解决了，客服过程中不是很nice，不承认产品有问题，就是告诉要调整一个地方，没有很明确的指引，产品还是比较喜欢的，客服零分，很差,中评,3
还行 WiFi有时候会断 体积比想象中大 快递不送货上门,中评,3
谨慎！说是20斤以内的猫都能用 我家这只10斤的转身都有问题。另一只六斤的倒是还好 结果没有解放双手 反而还要经常擦尿！！问客服他会推荐你买他们家的门帘 说是宠物的如厕习惯问题。反正小猫还可以 大猫要谨慎购买,差评,2
这个猫砂盆，一言难尽 1 猫咪用完了有时候不清理。 2 里面的除臭的，45块钱3块，一块用一个月，其实10天就没有除臭效果了。 3 怀疑因为这个原因猫咪经常不进去用厕所，天天在外面尿。买猫砂盆前猫咪不太会乱尿甚至乱拉。 现在生活全乱了。时间到了也退不了了。,差评,2
自动猫砂盆，其实不是封闭的，这个帘子还要单独购买，而且味道隔离其实一般 喝水的倒是还行，感觉不值这个价格 喂食的。。也行吧，也有点贵,中评,3
这个产品如描述是的确适合更大的猫和更多的喵了，但是不得不说这个做工确实比一代下降不少，集便盒和主体缝隙过大，然后猫砂桶底部的硅胶感觉是易损件，感觉略微单薄，桶壁不知道使用时间长之后会不会发毛，集便盒虽然大，但由于结构原因，下落后屯在一个点需要去晃一下盒子，不然这一个袋子也收不了多少bianbian，传感器对比一代少了不少，实际测试门下那个传感器作用角度不够大，给个中评吧，难以勉强好评。对了，我的号码也错的，快递联系不上我，是派送后我主动联系的。下雨天让小哥来回折腾怪不好意思，一开始没怎么注意，这个除臭模块和便盒的模块居然是要后买的，这么算下来这不明显简配还加价的行为么，加上去估计比一代还贵，最近买一代的可以平衡下了，毕竟优惠价很给力，希望小佩对我们这些买了机器的再买模块少割点。,中评,3
如果我是周三刚拿到货时应该会打个好评，因为这东西颜值和质感看着还行，而且功能齐全，能满足大部分猫如厕的需求，加上除味器之后也没有臭味了。 但最关键的一点是，这机子总是提示什么&ldquo;集便盒上盖异常&rdquo;，五天内发生了两次，会导致机器无法进行清理，必须手动处理。这就衍生了一个问题，如果没人在家怎么办？凉拌。 我买这个东西本来就是为了应付春节用的，因为我不想把猫寄养到陌生的环境。但这东西令我挺失望的，就这样吧,差评,2
用了两周，体验一般般。 1. 核心目标解放双手达成，猫厕所集便盒5天一清，饮水器3天一加水。 2. 猫厕所清理时声音有点大，不过我睡的比较死，没什么感觉。 3. 遇到过一次猫厕所故障，没找到原因，卸了内仓重新装了下恢复的； 4. 饮水机没有缺水提醒，也可能是我没找到。是加温器提示缺水停止工作了才知道要加水。而加温器是用的蓝牙，不主动连不知道状况。 5. 饮水器的加水记录有点问题，没加水的一天N条记录，加水那天没有还得手动。,中评,3
这个自动猫砂盆特别费猫砂， 前天还莫名其妙用不了了 家里天天有人 他们跟我说就没停过电 然后到今天为止没有记录过猫咪的上厕所情况 也就是说已经不会自动清理了,差评,2
感觉这个产品吧，确实如很多网友所说，其实很一般，优点，确实没味道，密封盒做的很好。缺点，首先要自己单独配除味剂，还不知道价格，感觉什么除味剂和控砂垫都配完，价格要赶上一代了。另外底部设计是软垫，感觉很容易被猫咪抓坏，修的话还不知道多少钱。并且这几天一直有问题，选择手动清理，附近周围也没有猫咪，会显示猫咪如厕。到现在客服也没给解决。,中评,3
自动清理系统傻乎乎的，总是要等老半天也不清理。还要我手动App操作，买了用了一天体验感就很差。那些说好的是因为他们没有遇到实际问题。现实问题是，一只猫猫拉软便，就会会粘底，自动清理清除不掉，需要手动铲屎。铲完整个桶内都是大便！还不好清理！由于既不是开放式，有不是封闭式。系统清理不够及时的话，真的臭死了！收拾捣鼓的图片不是很雅，我就不展示了自己脑补吧。说说好处吧，好处就是你出去玩耍几天不用担心猫咪在家铲屎问题。最好还是装个摄像头。反正想要解放双手的做梦去吧，想要应急备用的可以备一个还是需要的。材质磨砂款好吧很不耐脏，勤擦！！！不然白的很恶心,中评,3
发货速度太慢,差评,2
我家猫咪喜欢拉这种豆豆屎 就压根自动清理不干净 这是刚清理了一次 剩余这么多屎还,中评,3
声音不大，大小有ok ，隔味效果也不错 但是用了两次以后 滚筒上两条蹭的痕迹就挺让人崩溃的 ，问客服居然是正常的 ，这明显安装哪儿有问题,差评,2
猫砂盆到货后一个礼拜内自己断电 不理解这种品控怎么出厂 如果人不在家那要如何维修 后续也没有询问产品情况,差评,2
差评！6.8下的单，6.9收到货，6.10拆箱装好，用了不到一个星期6.15就提示系统故障&hellip;垃圾品控&hellip; 按照客服要求寄回去，大半夜临时买猫砂盆简直无语了😭😭 坐等收修好后收到货看效果&hellip;再来追加评论,差评,2
自动猫砂盆确实不错，两只猫的话基本上可以做到五六天不用清理，清理的也很干净，就是猫上完厕所非常容易带出来猫砂，没有控砂垫的话，基本上每天都要打扫。所以控砂垫一定要有。 另外，没给好评是因为这个净味器是真的差劲，四节电池只能用一周，一个净味器一百多，电池一个月消耗三四十块钱，这性价比不是一般的差，建议别带净味器了，很垃圾，还不如买除臭的消毒喷雾划算，每个月电池都够买喷雾还富余。 便袋其实用家用的垃圾袋就可以，稍微结实一点就行，厨余垃圾袋其实就挺好用。没必要买专用垃圾袋，性价比也不高。 其他的再用一段在总结吧。,中评,3
物流真的很有问题，第一次遇到这种情况，5月9日到达的快递，快递员下午打电话联系送货，我说我在上班没有在家，询问快递员是否可以下午5点半派送，快递员说下午他们不在这边了明天联系我；5月10日早上联系我说送货，我说我在上班可以不以下午五点以后派送，快递员说下午联系我，结果就没有任何音讯，下午18:30一直联系不上快递员，打电话到德邦物流反映，德邦物流给的快递员电话还是打不通，最后反馈至分部经理处，快递员回复电话，说可以5月11日17:30配送；5月11日下午14:00快递员又打电话联系配送，我说不是说好了5点半配送吗？快递员回复5点半没时间，后说帮我放至~，17:50我到~查询，说没有快递，打电话给快递员依然联系不上，多方咨询后得知放在了免喜快递；我对快递员的职业素养表示深深的怀疑，意思只能让顾客将就快递员时间，快递员想送就送不想送就不送？很不愉快的一次购物体验。,中评,3
购买自动猫砂盆主要是因为放假没法每天铲屎，家里两只猫每天拉的屎💩太多了。 使用体验：一定程度上能代替手动铲屎，但是需要做的不比手动铲屎少&hellip;&hellip;所以不推荐想解放双手的人购买。 1.机器外层不知道是材质问题还是有静电吸附原因，总是能沾很多灰尘和毛发，每天都要擦还擦不下去，只能用粘毛器去粘。 2.机器内部红色挡板的孔太大了，比孔小的猫屎团都会留在机器里，这也太令人崩溃了，那个孔比猫砂铲的孔还大两三倍！！问有没有小一点孔的挡板还得另外购买，这不应该是正常使用就该搭配好的吗？很不能理解。 3.因为我用的幼猫模式，不会自动清理，我都是把猫摁住再点击情理，要不然机器一动猫就在机器旁边上蹿下跳。我家的猫排泄还是守规矩的，所以没有出现机器内部乱糟糟的情况。 总之这个价格，我觉得不是刚需还是再考虑一下吧。,差评,2
很抱歉给不了5星好评。用了半个多月，总结一下。 交了智商税！ 交了智商税！ 交了智商税！ 1.不是黑小佩，我还是买了厕所，饮水机和喂食的。 2.我家猫咪咪只有7、8个月大，前面4斤多不到5斤，现在接近6斤。总拉到外面。可能是我猫太大吧，76升不足以安放它急切的身躯。 3.试了网上的诸多方法，感兴趣的可以自己去某红书里面找。加高门槛稍微有点效果，效果就是拉在门槛里边。 4.客服就不想说了，让自己我抱进去。 5.说下感受，每日至少一打扫。是的，擦屎。没有广告视频里的高大上。 6.强烈不推荐猫主子使用。除非你想试一下买来每天擦屎的感觉。,差评,2
1.猫咪是长形的，但这个电动猫沙盘是圆形的，长度不够，拉屎和撒尿会在边缘部分，自动清理不干净，而且在自动清理时，也会有把尿搞出来的情况。 2.这款电动猫沙盘需要用细的猫沙，虽然后来又买了控沙盒，但效果不是太好，还是会带出来许多,差评,2
机器塑料外壳的做工实在不好恭维，集便盒的尺寸和机器的尺寸有误差，导致集便盒合上之后有这么大的缝隙！找客服反馈，客服说就这样。 遂找了也买了同款的朋友求证，发现他的也这样。客服真的没有欺我。 只想说这做工真是对不起1000块的价格！,差评,2
买了猫不爱去，还不能退，绑APP就不行,差评,1
挺好用的，就是太贵而且有点大,差评,1
安全性不错 猫靠近或突然跑进去都能立刻停止 但是清洁桶内很麻烦,差评,1
每次都是清理到一半卡住，自自动变半自动,差评,1
不多说了，购买一个多月已炸。请看图。,差评,1
建议买的人想想清楚，这东西有点**，我天天要给猫洗屁股洗爪子洗腿，为什么呢，因为这个机器猫砂放少了埋不了粪便，放多了这机器一直提示猫咪已进入（都按照要求，刻度线之内放的猫砂）,差评,1
长期误报，经常工作到一半没有任何人或者动物靠近的情况下卡住，同时误报。客服没有解决方案，判断为通病。,差评,1
看了好几个品牌，选了这个，打脸了，经常清不干净，自动清理完成，其实猫屎还在盆里，发了清理不干净的视频，客服也没办法解决，如果买来想都能清理干净的，不建议购买，朋友后面想买我都叫别买这个牌了。,差评,1
避雷避雷避雷，出了问题客服一直甩锅，猫砂一直用的飞快，刚换的新猫砂，就一个尿团给我清出了小半桶干净猫砂，啥家庭猫砂经得住这么用！！！！无法退款不给维修，只会甩锅！！客服站出来处理问题！,差评,1
这个价位的商品，不下载 app 就不能正常使用？不注册就不能用 app？不给位置权限就不能连 wifi？不连 4g wifi 就不能自动铲屎？你们产品经理是吃猫屎长大的吗？怎么设计出来的流程看不到一点点对用户的尊重呢？,差评,1
双十一买的，折后价949，11月13号那天送到后开始用，今天12月1号。用了半个月的感觉，一开始以为是捡到宝了，终于不用铲猫屎了！用了一个星期后不对劲，猫猫开始在房间各个角落拉，就是不愿意进去猫砂盆拉了，然后就买了各种除臭喷雾，猫砂盆的味道散不去！！然后拆开看一下，太恶心了！原来尿都漏下去了！然后就开始各种刷刷刷，大工程。这个产品就是个智商税，一开始是挺爽的，后面心酸真的谁用谁知道，边刷边哭。打折出售800。,差评,1
用了有一段时间了 说一下它的问题 1. 每次猫进去以后 会带出来很多猫砂 不用铲屎了 但是要跟着扫地 也没省多少事 尤其是平时在家光着脚的 很烦 2，放在室内 三四天以后 每次自动清理的时候 味道极臭 恶臭 猫屎在集便盒里发酵了三四天的味道 自己想吧,差评,1
正面一处磕碰 多处开模成型质量很差 差评,差评,1
不想提了，别买那个除臭仪器，后面挂钩超级容易断，然后只可以单买，加运费二十二一个垃圾挂钩，售后超级垃圾，我真的谢谢！,差评,1
东西还行，但不值这个价，跟客服的沟通非常费劲，下单付钱不能开票，还一定要自己10天后联系客服，这个不应该是你们的责任吗，买东西要花钱屁事还多，无语,差评,1
产品设计有漏洞，对宠物尿尿方式有要求，贴边尿会漏到底部。商机啊不承认产品问题，怪宠物习惯问题，解决方案是给贴纸，无法完全解决问题。这种产品完全不应该上市。花钱买麻烦。骗钱啊。,差评,1
非常非常差劲的购物体验，漏沙，掩埋不到位，味道盖不住，产品破损，毫无售后，，,差评,1
品控相当差，第一次买有一个明显的凹陷坑，换货后新机出现三个凹陷坑，商家仍不承认是做工瑕疵，回复都是套路，态度极差，京东买的发了一个抖音的货！,差评,1
从没遇到分成三个快递送，净味器没到直接影响使用，这玩意很鸡肋，智商税,差评,1
第一次这么大物品让去自提点自提的商品，因为发货选择快递配送问题导致我必须自己去驿站自提，真是大无语，联系客服完全如果，实在不想再吐槽，做品牌，连这样服务意识都没有，怎么能解决好问题,差评,1
猫砂盆还是太小了，猫容易拉出来！很难打理！ 我就纳闷把猫砂盆做大点是犯法吗？,差评,1
真的不好用 整个箱体内各种留印 臭死 配件各种无尽的消耗想的也不划算 后悔入,差评,1
超级垃圾。千万别买，经常故障，清理到一半说猫进入，客服还说放的离墙太近，明明已经有很大距离。这个牌子巨垃圾，买回来没多久就故障,差评,1
使用了一周不到就两次要自己拿猫砂铲铲走才行，客服就说什么结团太小，自己设计不合理怪结团小，笑死，劝大家不要购买，浪费钱！,差评,1
猫咪之前用任何猫砂盆都不会拉到盆外面，用这个才一星期不到，拉两次在外面，我回家就擦屎，烦都烦死了。跟客服反应，客服就说是猫的问题。我的猫十斤，六岁了，之前从不会这样，客服非要说是猫的问题，猫是没办法跟我说不好用的，客服非要这么说真是无语了。猫砂盆设计问题，门口太浅了，里面那块挡板也是橘色的，猫咪可能不敢太靠近才会这样,差评,1
外包装拆过箱二次封口的，外箱标签写的是日本亚马逊版本，里面的机器上贴的都是英语标签，铭牌也都是英语的和外国的认证标志，说明书和供电插头却是中国版的。评论区我特地看了有照片的评论都是中文标签，客服还要去慢吞吞的找仓库核实。这可是官方店，业务就这么不熟练的？差评&hellip;&hellip;。 我不是第一次买小佩，家里两个宠物饮水机一个定时喂食器都是小佩的！,差评,1
差评 买完再说人不在家机器不能使用 经常外出不在家的还是别买这个牌子了 集便仓两只猫两天不到就提示满了 机器不工作 出门三天以上的建议换别的牌子 天天在家的可以,差评,1
小佩吃相太难看，一个设备就要开一个会员，那我买可视版的作用是什么，我摄像头作用是做摆设吗，避雷,差评,1
不好使，成天不是这异常就是那异常，攒一堆屎不清理，集便箱容量也小，使用容量也小，总有猫撅腚尿外面，边角多一点都不好清洗，能退肯定退，垃圾。,差评,1
东西非常不好用，清理到一半就停说检测到猫，我家猫今天送去洗澡了压根没在家，铲屎还会卡住需要掀开盖子手动清，稳定性很差还不如直接手动,差评,1
以为是个大品牌，明显是智商税，内部空间太小了，猫咪经常性拉到外面，屁用没有，明明没有猫咪靠近，一直显示猫咪已进入，卡在那里，怎么操作也不行，垃圾,差评,1
避坑避坑！大家擦亮眼睛！一旦用了就不让退！！有问题也不让你退！就离谱。。不用怎么知道有问题呢？到家第一天就出各种问题，客服拽上天，还不让退,差评,1
我是每天手动清理一次，就这么低的频次居然还能频繁的遇到各种问题。一会说传感器已经触发，一会说有猫靠近，一会说重量增加了多少，加猫砂也很不方便。每次稍微移动一下就会出各种问题。问客服，客服一定告诉你都是正常。小佩的传感器，软件逻辑，各种东西都真的特别垃，完全是一个不成熟的商品。 另外，严重怀疑这是个二手货，发来的时候里面居然沾着猫屎（图二） 后来去小红书搜了一下，发现这个品牌真的名声很差。当花钱买个教训吧。,差评,1
超过十斤的公猫不建议买这个猫砂盆 对于猫来说里面上厕所的空间太小了 很憋屈 其次外出不能时间太久 要不然除臭小方和猫尿猫屎结合的味道在客厅会有很大的那些发酵味 三天没有把集便盒里面的清理掉 就会有一股非常让人难以接受的味道 猫猫接受这个厕所 看到会动会有惧怕的心理 因此适应了差不多半个月,差评,1
回来没有用多长时间就有问题 动不动就断电 有时还会卡住 跟客服沟通服务的很敷衍 本来想着宠物的一套东西都买他家的 饮水的和投喂的还没啥问题 饮水机要换过滤芯 看猫吃饭要收会员这些套路其他品牌应该都差不多就不说了 可是你这猫砂盆连基本功能都出问题那有什么用呢 这个猫砂盆纯纯踩坑,差评,1
用户体验非常差，客服给的视频里说安装清砂板，运行一天后现在机器里地上全是猫砂，再问售后客服，客服又说不安装，并且在集便器满了之后仍会运行清理猫砂。而且设备本身不智能，无法准确记录猫咪上厕所的次数和时间。整体的体验感很差，完全不方便反而在添堵,差评,1
小佩猫砂盆 真的发自内心的不建议购买！客服说20斤的猫可以自由活动 ，现在又说是我家猫上厕所的姿势不对，但是事实上我家6斤不到的猫进去转身都转不过来 经常踩到💩 家俩只猫从来没有踩到过脚上，我拿烟盒做一下比较，大家自己看里面的空间，谁用谁知道！谁买谁后悔！！！！,差评,1
除臭效果一点也不好，产品根本就不够密封，气味透出来的很严重！一般的猫砂盆，猫埋屎可以覆盖，覆盖的味道小，但是这个机器铲出来的，猫砂不覆盖猫屎，屎味很大，机器看起来密封，实则非常透味！产品的漏洞很大！很不满意！,差评,1
算了，说实话吧！我还是不要好评赠送的猫砂了，整体建议是要慎重购买。 自从这个猫砂盆，我家猫都快抑郁了，一整天不吃不喝不拉，从早到晚害怕的盯着这个自动猫砂盆，第二天上午拉床单上面了。。。之前从来不这样的。说实话电动猫砂盆声音太大，对猫太不友好了。 我找客服咨询，给了些没用的建议，我问能不能退货，说要300的折旧费用，即便猫没用也要三百折旧，而且要自付退回的运费，这样算下来要差不多四百块了。。。 还有，就是以后有&ldquo;评价后赠送产品&rdquo;的这类商品，评价都不可信。因为有诱导评价嫌疑。,差评,1
相当垃圾的产品！ 确实解决了不用手铲屎的问题，但是还是没有解决猫咪敏感在机器里面拉屎缺乏安全感的问题！ 猫咪经常拉着拉着机器就开始启动，导致屁股上挂屎情况严重！ 还有就是因为机器要转动，机器四周到处粘屎，细菌多，而且奇臭无比！仅仅依靠香薰来以香盖臭是不够的！！！！,差评,1
本来我先让我朋友买的 就为了解放双手 他买完我们都觉得还不错才买的，结果到好了 到我这儿 每次自动清理一半就卡住，提示&ldquo;猫咪正在如厕&hellip;&rdquo;猫和我都在床上离它那么远，客服说手动按ok 这不妥妥半自动？之前一直用小佩家饮水机，喂食机，我没想到几万人里这种倒霉的事情让我碰到了，我从不给差评，但这次我真的很气愤😡就是因为怀孕不方便接触猫砂盆才买了这个，结果还要我次次去按ok 真的离谱,差评,1
没有门挡，猫砂溅得到处都是。猫砂材质透明度太差，如果有门，猫在里面什么都看不见，怎么如厕？一旦开始自动清理猫砂，猫就来扒着看，然后猫砂盆就自动暂停工作，根本无法进行清理。名不副实！好几个配件需要单买，怎么不早说，比如控砂垫，净味器，门帘！,差评,1
一天给我滤了一袋2.3kg的猫砂,差评,1
发货反复发错，真的服了，不知道客服在干嘛,差评,1
品控差，宛如一个#,差评,1
收到后检查有破损 找客服 就这样 不会再有下次 做工极差 服务极差,差评,1
垃圾设计。设计师要蠢到什么程度才能设计出这样的东西？每次换猫砂之后机器都会各种&ldquo;宠物进入&rdquo;，停止工作。完全按照客服说的，周围没有任何东西和墙，然而还是那样。最蠢的就是必须周围没有东西。让我把猫砂盆放在屋子中间吗？蠢！,差评,1
真的很垃圾很垃圾很垃圾！！！！每周都要来咨询2次为什么不能铲屎！！！！才用了一个月而已，每周都要来问！！！！！！,差评,1
根本y没有用，用了几天一点用也没有,差评,1
纯正智商税！切勿购买！简直了！还吸猫毛？打开一看就知道了！完全就是行骗产品！,差评,1
怎么看不到盒里面有猫毛呢？不像评论所说的根本不好使。,好评,5
这次购物体验很棒，商品非常实用。外观简约大方，质量也不错，操作便捷，能很好满足日常需求，性价比高，会推荐给身边有需要的人。,好评,5
手套湿巾质量很哇塞，水分很足，手套厚实，质感很好，用完之后猫猫的毛不黏腻，而且正反两面都能用，一只手套就能擦遍全身👍👍，对于不喜欢洗澡的宠物或是刚养宠的新手简直是福音了🌹🌹🌹,好评,5
使用后狗狗爪爪的粗糙改善了很多，一直坚持用，效果很好。用了之后狗狗爪子明显嫩滑多了，坚持用果然没让我失望！ 狗狗爪爪粗糙问题改善超多，持续使用效果太赞了~,好评,5
以为是乳霜一样那种，结果是水状的，打开盖子就漏一手，味道倒是挺好闻的，主要是因为这个滚珠设计用起来比较方便。先试一段时间看看,好评,5
第1天下单，第2天，到非常感谢京东的超级速度，让我及时的收到了这一款狗狗足底保护药剂，包装完好，没有一点破损，做工精良，使用起来特别便捷，强烈推荐。,好评,5
发货很快，包装的很好，价格也特别实惠，还有这么多功效也是不错了，值得购买。家里猫猫不是太配合刷牙，希望坚持使用可以有效果。,好评,5
这个狗狗这个确实是嗯非常的可爱，但他眼角呢有那种眼泪滴的那种那个痕迹很难看，有了这个时机呢就好多了，这样的话狗狗呢就漂亮多了。,好评,5
京东物流还是一如既往的快哦，半天时间就收到了，这次是回购囤货，之前买过一次，对比用过其他的宠物湿巾，这款是最好用的，好评。,好评,5
我的两只猫咪都很害怕洗澡和出门。因此，我只能购买这种免洗手套，以便为它们擦拭身体。擦拭后，它们的毛发变得干净光亮，摸起来非常柔软。希望这款手套效果良好，以后我会再次购买。,好评,5
这个比较安全，味道也比较好闻，能够瓦解猫猫尿味，同样的容量比其它店面要实惠很多，性价比很高，喷出来的雾也比较均匀，整体来说还是很OK的,好评,5
一岁的毛孩子趾间炎，特意给买了瓶润足膏，等小脚丫子，好了以后，就给抹些这个膏，保养下小脚脚🦶,好评,5
量大，湿度适中，用起来很方便，每天睡觉前会给猫咪全身擦擦，没有气味，猫咪还算配合。,好评,5
非常棒，非常好，租客留下猫狗尿终于去除干净了，非常棒,好评,5
手套版的清洁就更方便了，效果都一样的好，每次一张,好评,5
雪湃宠物湿巾质量很好，含水率高，不易干涩。,好评,5
这款湿巾无刺激性，给猫咪擦身上擦脚挺好的，擦的很 干净,好评,5
我用这个湿巾给猫咪擦眼屎，结果导致猫咪眼睛发炎了&hellip;,中评,3
还不错 给狗狗用效果好 不用担心爪爪粗糙,好评,5
好用好评，脚丫子摸起来很舒服了。,好评,5
这款产品很好，无异味，狗狗不舔,好评,5
味道不错，效果用用看,好评,5
挺好用的，猫咪脚脚一直脱皮,好评,5
好用的，就是会有脚印,好评,5
够够在用 很好哈哈哈,好评,5
除臭效果很好&hellip;价格实惠&hellip;,好评,5
给狗狗摸脚，挺好用的！！！！！,好评,5
🎁宝贝质量很好，收到货第一时间打开看了，很不错👍，很满意😃，客服也有问必答，感谢🙏商品质量一流棒，价格亲民人人爱。物流迅速达，商家服务周，售后完善！,好评,5
挺好用的，这款手套使用起来很方便，擦狗狗全身都很方便，也不伤害狗狗的皮肤和毛发，也没有什么奇怪的味道，清洁效果也可以的呢。,好评,5
使用方便，还带有淡淡的香气。,好评,5
大张，厚实，水分多，,好评,5
还没用，希望有用，。,好评,5
宠物请洁卫生湿巾非常好用味挺好,好评,5
东西不错的值得推荐的,好评,5
处理毛孩子捣蛋的烂摊子，配合使用教程效果比较好,好评,5
挺清爽，不油腻味道也不错，抹上吸收很快。,好评,5
给小猫洗澡也非常的合适，而且小猫喜欢这个味道。,好评,5
保湿效果好，味道好，价格实惠，非常满意,好评,5
狗狗脚垫干的厉害，用完柔软很多,好评,5
还没有使用，后续追评,中评,3
用了几年这款宠物湿巾了，换了新包装后质量也是一如既往的好,好评,5
这款湿巾清洁力度很强，包装也很严实，分量很足，使用起来很方便，这款湿巾清洁耳朵毛发效果很好，自然五香，而且这款性价比很高，物流也很快，值得购买！,好评,5
这款宠物清洁护理湿巾是猫狗通用的，材质很舒服，给猫猫使用非常好，猫猫没有抗拒，而且很大一包，可以用很久，擦擦屁屁特别干净，而且很卫生，不用担心感染。,好评,5
不错，与介绍基本一致。凑单买的，实惠。可以给猫咪洁牙、擦泪痕等，方便。2022年7月29号生产的，保质期两年，还可以。包装完整，物流很快，当天下单次日到货。,好评,5
家里猫咪清洁眼镜的时候用，没有刺激感，非常棒 视频是刚清洁完眼睛之后，咪露在摸自己眼睛上面的水，好可爱,好评,5
这款湿巾清洁效果很好，包装也很严实，水分很足，使用起来很方便，给狗狗用清洁力度很强，是我用过湿巾效果不错的一款，而且这款性价比很高，物流也很快，值得推荐！,好评,5
一次购买狗狗专用湿巾，首先这款湿巾带有漱口水效果，狗狗吃晚饭后用来清理牙齿十分不错，清理嘴部周边，脚掌和pp也适合，用着也让我放心，就怕有不能入口的化学成分给狗狗造成伤害，毕竟养它就要对它负责，都健康才是真快乐。,好评,5
再也不用怕带着狗狗出去玩儿，弄的脏兮兮的啦，不管那里弄脏了用雪湃湿纸巾🧻擦一擦就好了，干干净净的轻松搞定，软软的、还有淡淡的香味，真的不错👌，好用，雪湃湿纸巾🧻已经买过好几次了，用了好久了，挺好的👌。,好评,5
偶然间看到的，蛮好用的，给猫咪擦个眼泪，擦个鼻子啥的，不会刺激猫咪，湿巾也蛮大一张，厚度，水份都足，挺好用的还。有需要会回购的。,好评,5
每天给猫主子擦拭必备好物，尤其是幼猫，比较好动而且分泌旺盛泪痕很重，每天都要擦拭泪痕和全身。方便好用，清洁效果好，擦拭干净不留痕。很棒，养宠物常备佳品！,好评,5
这款宠物湿巾清洁效果很好，包装也很严实，分量很足，使用起来很方便，是我用过效果最好的一款湿巾，已经回购很多次了，而且这款性价比很高，物流也很快，值得推荐！,好评,5
家里的湿巾用完了，给狗子入了一这款，此款商品湿巾水分多，不易干，纸张厚实大，品质不错，物流快，包装都挺好，如🈶需要会回购。,好评,5
雪湃宠物护理湿巾，包装有点脏。,中评,3
买了一包换货一包，盖子开口全都是歪的,中评,3
客观评价，送的确实快，三包都是漏的，这价格退货麻烦，只能将就着用了。物流问题改善之前是不会再回购了,差评,2
感觉不是很好用，尤其是擦眼屎的话不够湿润，猫猫的干眼屎经常擦不掉，还是要用其他办法. 擦擦耳朵里面还行，可以擦掉一些. 然后就是基础的清洁毛发可以用用，但总体没有觉得很好用，猫咪也不太喜欢.,中评,3
和实物一样，但个人觉得，真没必要，买了这个感觉很鸡肋,中评,3
外包装很脏，湿巾厚实，汪星人用了两天就不理人了，换回原来的品牌，立马和平时一样，跟屁虫一个。,中评,3
感觉比较薄，一般般吧,中评,3
不好，快过期了,中评,3
外包装有点脏,中评,3
湿纸巾水分不多,中评,3
一般。。。。。。,中评,3
细节非常完美🔍，整体来说真的很不错。性价比很高💰，下次还会继续光顾🔄！款式很大方，质量非常好💪，价钱也很合理。味道还行，但是效果不够持久,中评,3
湿巾对猫过敏，一直打喷嚏！,差评,1
绝了这湿巾，直接侧边开口，长见识了,差评,1
一个字（脏）不建议买，感觉像是用过的一样,差评,1
降价了不给价格保护。我买的是5包的、价格保护只能申请单包的、啥玩意。,差评,1
包装莫名其妙就侧裂了,差评,1
喷了根本没用，纯属智商税,差评,1
不好用，弄的小猫身上湿乎乎的,差评,1
妥妥的智商税，一点用没有，浪费时间和金钱,差评,1
不知道怎么回事，要不然拧不动，要不然一拧，里面的配件就断掉，售后挺好的，第一次拧断，就补发了新货，第二次又断了，只能说这个东西真是垃圾,差评,1
喷了之后特别刺激，人闻着都很刺激，呼吸道很难受别说宠物了，本来买来应急的，结果一点用也没有。谨慎购买！！！,差评,1
商品怎么样不知道，但是这个包装真的是让人堪忧，外面下雨，全进了水，一包一包在这里擦水，而且也很脏，之前买的别家牌子的从来没有这样包装的，太差了，太脏了，要买还是一包一包的买吧，这样买几包的还是买别家的吧，包装太差了呀,差评,1
头一次收到这么脏的东西,差评,1
送过来整个都是湿的，快递外面都不湿，包装上黄黄的脏水，真的#,差评,1
🍊猫咪超爱的磨牙玩具，材质安全无毒，啃咬不伤牙🦷 🍎淡淡果香吸引猫咪主动玩耍，促进运动又解闷互动感满满，萌翻了！😻 📦包装严实，发货快，配送员服务贴心👏 🌟五星好评，值得回购！👍👍,好评,5
这款牛油果木天蓼玩具太惊喜了！做工精致没有异味，猫咪特别喜欢，玩累了还会抱着啃，既能解闷又能呵护牙齿，性价比很高，推荐各位铲屎官！,好评,5
这个木天蓼对猫咪的牙齿很有帮助，经常啃木棍，可以磨磨牙清洁一下牙齿！而且苹果造型很可爱，和苹果猫窝相互应，还有一些猫薄荷猫咪很喜欢！,好评,5
我有一个很好的咪。他对猫薄荷无感，只喜欢木天蓼。这一包三个装的木天蓼是细的，不知道为什么，只喜欢小苹果的这根。另两个有点嫌弃。我不懂咪。,好评,5
猫咪非常喜欢玩这次购物体验蛮好的。商品的功能表现符合预期，配货速度超快，服务质量更是绝佳，耐心周到，让人感到愉悦。商品外观精美，使用效果非常好，物流服务好，商家服务态度好，值得回购。,好评,5
颜色很鲜艳，做工挺好的，布料做得也比较 好，叶子部分还有那种想片，然后小猫特别 喜欢拿那个木头来磨牙齿已经磨得差不多 了，也比较适合让小动物玩，而且我们家小 猫也叫小橘子,好评,5
这款小猫玩具真是太棒了！我家猫咪一看到就兴奋地扑上去，特别喜欢里面内置的猫薄荷，玩起来根本停不下来。玩具的棉绳编织非常结实，耐咬耐磨，小鱼造型也特别萌趣。既能帮助猫咪磨牙解闷，又能促进它活动，真是性价比超高的选择。,好评,5
感觉特别可爱的一 个小橘子，大吉大利，张开小手拥抱开心。不过感觉我比猫猫更喜欢😍。做工很精细，也比较安全，不担心猫猫吃下去。,好评,5
哈哈哈 小猫很喜欢。我还买了三个，两外两个款也拿下啦。准备一个脏了再换一个。不能三个一起玩儿。爱不释手，还喜欢推着玩儿。可爱的小玩具。,好评,5
给家里的豹猫买了很多玩具，除了羽毛逗猫棒，其他的不怎么爱玩，对猫薄荷也没什么兴趣。看到这个玩具，充满好奇，主动去玩了。。,好评,5
本来想着我家猫不喜欢就送两个给朋友家猫，但是我家猫超爱哈哈哈哈哈，抱着啃啊舔啊的，做工很好很精致，很符合猫体工学hhhh很好抱住啃,好评,5
一眼看中这个红苹果，买了好几个回家，红色橘色黄色的，橡木果玩具也买了，不过红苹果猫咪好像看不到一样不爱玩，黄色没打开不知道会不会玩，最喜欢的还是橡木果玩具。,好评,5
猫很喜欢，一拿到就啃咬，有点兴奋了，赶紧收起来不敢继续给它玩了,好评,5
三个一起买很划算，不过猫猫并不爱玩,好评,5
非常萌，小猫喜欢，一下就玩坏了一个,好评,5
买给猫咪磨牙的，猫咪很喜欢。,好评,5
挺可爱的，玩一会儿就不玩了,好评,5
纯好看，买了三个，猫猫不玩,好评,5
ZEZE电动猫玩具猫咪真的很爱 不在家时陪伴猫咪自嗨解闷 猫智能转盘自动逗猫神器谁不爱 小猫逗猫棒对猫咪吸引力很强很酷哦,好评,5
商品很好，物流也很快,好评,5
小苹果还蛮大的，手感很好，小猫很喜欢，一直在玩,好评,5
我家猫很爱玩，每次都玩得很激动,好评,5
家里小猫非常喜欢 一拆开就扑过来了,好评,5
好，小猫很喜欢，已经玩上了,好评,5
很可爱，三件装比其他平台划算好多,好评,5
猫咪很喜欢，外观很别致，价格很好,好评,5
有优惠真不错，看中很久了哈哈哈,好评,5
这次购物体验可以说是非常理想且有意义的，首先，物流服务一如既往的周到，在保证运输速度的同时，物品的包裹完好无损。其次，商品本身是无可挑剔且十分具有性价比的，购买的价格优惠，而且产品本身质量过硬。最后，店家的服务是极为细腻且充满良苦用心的，不仅在产品下单后发送了相应的使用指南，还在产品收货后及时告知消费者如何使用。总之，五星好评是不足以评价这个产品的，这种体验应当是六星的。,好评,5
图案很可爱！！！！！,好评,5
下午刚到家的小猫也kuku玩！！她超爱！,好评,5
互动性强，材质安全,好评,5
造型可爱小猫特别爱玩 不过希望上面的磨牙棒能做的结实一点，小猫一咬就咬下来一块，肠胃不好的小猫吃进肚子里会卡在肠子里的,好评,4
除了命短什么都好，拆开包装后主子就嗑生嗑死，欲罢不能，然后就啃干净了。,好评,5
小猫还是幼猫，含有猫薄荷，还没给他玩，但是包装质感都很好，活动买也很划算。,好评,5
爱玩 买给小猫磨牙 小狗也抢走玩,好评,5
家里的傻猫很喜欢，上来就咬。,好评,5
猫主子很喜欢玩，物流很快，非常满意👍👍👍👍👍👍👍👍👍👍👍,好评,5
东西不错，颜色各异，随便选择,好评,5
小猫超级爱，备着给孩子咬坏了玩,好评,5
玩具很好，苹果形状很特别,好评,5
刚到手木头条就是烂的 怕木刺扎着小猫收起来了,中评,3
玩具质量一般不太值 啃咬玩具还有很多溢胶，剪了很久,差评,2
29.9三个 发过来的是很脏的 包装脏里面的玩具也脏 显然是压箱地放了很久 不推荐购买,中评,3
上面的木头 十分钟就烂了 然后猫咪就没兴趣了 玩具主体猫咪没兴趣 丝毫没有猫薄荷的吸引力,差评,1
做工很差，木棍脱皮，橘子溢胶,差评,1
刚玩第一次就这样了，质量太差了。猫全吃下去有害了吧？质量太差了,差评,1
拿到手就是脏的 质量太差了！,差评,1
小猫不喜欢 根本不玩 而且售后把人当猴耍 橡果那款还会玩一玩,差评,1
崽子完全不感兴趣,差评,1
噪音大，不推荐,差评,1
嗯，这个发声的玩具狗子真是太喜欢了，才买的时候都很纠结，要不要给他买这个发声玩具，他会不会怕这些担心？嗯，买了之后感觉这些担心都是多余的狗子，狗子非常非常喜欢，,好评,5
上次去长沙看亲戚，就买了这个磨牙棒跟家里小狗狗套近乎，成功让小狗狗追着跑了一个假期。今年一到长沙，我从记录中找到这个磨牙棒，竟然商品还在售，然后毫不犹豫拿下。,好评,5
🐶这款玩具真的超乎期待！磨牙效果特别好，狗狗咬起来很带劲 😄。弹力十足，扔出去能蹦老远，互动感满满 🐾。快递包装严实，送货也很快，配送员态度超好 🚚。整体体验非常满意，强烈推荐给爱宠人士 ❤️。,好评,5
四个球，四个颜色，设计的很好看。颜色鲜艳，弹力很足。声音不小，能够足够吸引狗狗的注意力，不知道是不是扰民，扰民的话就不好玩了。发货速度快，送货到家门口。京东的快递员非常给力。,好评,5
小狗很喜欢，会响，玩具库+1。 耐咬性：好 材质安全性：OK 弹性效果：好 尺寸适配度：好 发声功能：好 颜色醒目性：好 磨牙功能：有点 互动趣味性：好 运动促进性：好,好评,5
我家紫子很喜欢的玩具，经常都是不撒嘴，一直拿在嘴里玩。牛皮和尼绒的组合也非常的巧妙，让狗狗很喜欢玩，一般能玩个2周左右吧，还挺结实的，是不断回购的玩具哟,好评,5
我们家柴柴宝非常喜欢这个又能吃又能玩的小玩具，我也是购买两次了，它最大的作用就是可以清洁我家柴犬宝宝的牙齿，材质安全性也比较良好。,好评,5
喜欢的不行，俩狗抢一球，过去抢的会响瓶子瞬间就不香了。所以我上来再买一个（不过他们总是觉得对方嘴里那个才是最好的🙈🙈）,好评,5
家中狗狗最喜欢的玩具鸡一玩就玩个不停大概能玩一个星期左右经常回购的宠物产品在京东送货也很快质量也不错是食品级的很安全狗儿宝宝很喜欢哦,好评,5
这个球真的很好，我已经买了50个有了，虽然被小狗能咬坏，但还是很好的玩具，又软又好听声音，会叫的，可以陪伴小狗很久，小狗一个很孤独，可以解闷，我一直选择这点球，很好！,好评,5
小狗很喜欢，大小对15斤的小狗来说正好，声音很明显，颜色也很鲜艳，喜欢，没有异味，质量不错 弹力也很足,好评,5
宝贝不错，狗狗很喜欢，刚看到还没开包，就刁住了，爱不释手地玩了起来。非常满意！京东快递超赞！,好评,5
狗狗非常喜欢，时常趴在窝里自己玩，简直就是最佳玩伴。平常要上班，很少时间陪它，只能让耐玩、好玩的玩具代替自己，不用它孤独的等我。,好评,5
挺好的玩具，毛孩子很喜欢。感觉声音有点尖锐，外表面的胶皮有点味。总体感觉还可以。这个价位也不能要求太高。习惯好评。京东快递给力，送货上门。,好评,5
这款狗狗玩具质量不错，小狗很爱玩，上面有一层牛皮，吃的味道不错呀，而且很结实玩的时间很长，我已经购买5个了，帮助狗狗磨牙，效果很好,好评,5
狗狗很好奇，皮球发出声音吓了它一跳，没事就去看皮球，眼里充满好奇。多给狗狗买些玩具有益健康。这个玩具质量很好，发出的声音也不难听，是用了心的产品。物流送到家门口速度也很快。非常满意。,好评,5
选了好几天给小奶狗买的玩具，收到货后很是惊喜。质感超好，小狗子在玩耍时还会咬出声音，很是招小狗子的好奇。外观设计也很时尚。,好评,5
做活动的时候买的，很实惠。是正品,中评,3
到货速度很快，物流效率很高了。 样式看上去还是很不错的，狗子也挺喜欢啃的，之后还会继续考虑购买的。总体上很满意的购物体验了。,好评,5
狗狗可喜欢玩了，它在家里玩这个球的时候，因为有声音，吱吱呀呀，吱吱呀呀的，真的有种岁月静好的感觉。推荐大家购买，非常耐咬。,好评,5
大大小小买了好几个，狗子最喜欢的玩具之一，而且能玩很久，别的一天两天就被咬破了，这个很买咬，我家的大金毛很喜欢,好评,5
给小狗狗买的一款玩具，很耐咬，相对来说比较卫生，还有声音，价格比较划算，一下买了三个，日常与狗狗互动很推荐，价格便宜，性价比高,好评,5
这个狗狗骨头玩具真是太划算了，买了好多类似的骨头玩具都是只能玩一小会儿，唯独这款可以玩很多天，图片是被狗狗咬三天后的效果，依然还是它最喜欢的玩具之一，还可以持续玩很久，推荐购买！,好评,5
家里的小狗买玩具在网上挑选了很久，最终选择这个品牌性价比很高，很划算，买了三件套，有球还有大象造型的宠物以及小狗磨牙的骨头棒，材质很做工细致，材质也很健康，家里的宠物非常喜欢玩,好评,5
作为多次回购的老客户，宜特这款小号发声玩具球完美戳中了我家串串小狗的喜好！家里的比熊泰迪串体型小巧，大号玩具容易咬不住，这款小号球直径刚好适配，狗狗叼着玩耍时既轻松又安全。按压玩具球会发出清脆声响，狗狗一听到就兴奋地摇尾巴，总爱把球推到脚边&ldquo;邀请&rdquo;我陪玩。这种互动设计不仅解闷，还能消耗小狗的精力，避免拆家。乳胶材质柔软有韧性，耐咬程度对小型犬来说足够，狗狗啃咬时也不用担心误食碎片，安全性让人放心。就是狗狗玩的久了，可能那个就不会发出声音了。618活动购入更划算，看着狗狗玩得开心，老母亲也觉得值了！ 如果你家也有小型犬，想找一款能磨牙、互动性强的玩具，宜特这款小号球值得尝试，狗狗玩得尽兴，主人也省心～,好评,5
刚开始抱着试试的心态买给它，以为不会玩，到家给它没事就喜欢作这个玩具，设计很好。,好评,5
八斤半的小狗能咬上，第一次还不会玩，多玩几次就会了，很喜欢，弹力很高，互动很强。,好评,5
狗狗非常喜欢，很爱玩，而且比较软，不会伤到牙齿，对狗狗很友好，还有声音，不错,好评,5
狗子很喜欢，这已经是第二只小象了，小的时候那只还在，不过橡胶都被咬断了,好评,5
颜值很高的一款小狗狗玩具，发出来的声音能引起狗狗强烈注意力，特别喜欢,好评,5
狗狗特喜欢玩，发声功能强，材质安全，耐咬性强，不错不错，值得表扬。,好评,5
买黑狗狗玩的，结果不喜欢，但是一个玩具还是挺不错的，适合小型犬玩耍。,好评,5
这次购物真是完美至极！商品的功能丰富实用且精妙，发货速度也很快。服务质量更是卓越，热情友好，让人感到舒适。狗狗非常喜欢。,好评,5
这个品牌的狗玩具质量非常好，买过好多，好几个球都复购。。。。。。。。。,好评,5
真的很不错，质量很好，送货也快，太小了,中评,3
做工质感都很不错！用料好，弹弹的。很结实。,好评,5
发声功能强，狗狗爱玩，颜色艳丽好看，耐咬性强，不错不错，值得表扬。,好评,5
材质安全，耐咬性强，狗狗能玩到累，给狗狗磨牙首选，不错不错，值得表扬。,好评,5
尺寸刚刚好，质量也非常好，店家的包装太用心了，值得推荐！,好评,5
刚刚收到，就给小狗拿出来磨牙了，咬的还挺起劲的，这样就不会咬纸箱子了😁,好评,5
绿色非常养眼，发出的声音狗狗很是关注。,好评,5
共四个球，尺寸大小正适合比熊玩耍。,好评,5
还不错，声音很吸引狗狗,好评,5
毛孩子超喜欢这个 爱不释手 已经是第二个了,好评,5
色彩鲜艳，大小合适，软硬适合,好评,5
这次又回购的，这么多咬的，狗狗最喜欢咬了。,好评,5
性价比高，狗狗很喜欢，还会在回购,好评,5
这个狗狗对这个发声非常感兴趣。,好评,5
非常好，非常结实，狗狗非常喜欢,好评,5
狗狗喜欢，多次购买。,好评,5
狗狗太喜欢这个玩具啦！颜色鲜艳，无异味，质量保证！值得购买！,好评,5
收到玩具狗狗很喜欢，爱不释手,好评,5
不知道耐咬不，小狗非常喜欢，玩个不停 是个很好的玩具，性价比高,好评,5
色彩鲜艳，小狗子很喜欢玩，大小合适，质量也好。,好评,5
宝贝做工真的非常精细，细节真的棒，现在我家汪星人玩的爱不释手,好评,5
狗狗很喜欢，我家就喜欢黄色，结实耐咬，不掉色,好评,5
还可以，还算对得起这个价格,中评,3
材料好，有声音，狗狗非常喜爱,好评,5
弹力非常好，互动非常有趣，发声吸引狗狗，颜色显眼,好评,5
包装还可以，只是狗狗不喜欢，问了问就不理了。,中评,3
嗯，半天我家二哈就玩烂了,中评,3
说比较耐咬，我家狗子一会就咬完了。。。。,中评,3
还行，普通玩具，性价比一般,中评,3
我家狗啃到牙出血了，根据自家狗的情况慎买吧&hellip;&hellip;,中评,3
球挺好的，就是每次买都是一天就不响了,中评,3
看着还行，倒是小狗才玩了一天就咬坏了,中评,3
给家里的小狗买着玩了，但好像对这个没有什么兴趣,中评,3
狗狗很喜欢，但是本人亲自用手试过很多次，不发声,中评,3
狗狗很喜欢吃，但一天多就啃得精光，算下来实在买不起，本身价格也太高，就这样,中评,3
狗子对此丝毫不感兴趣，它还是喜欢布娃娃，不过东西质量还行,中评,3
乐趣挺好的，就是不大耐咬，15分钟搞定😭,中评,3
狗子挺喜欢的，但是感觉质量不是很好，容易咬穿,中评,3
这价格，真是坐过山车。。。。,中评,3
感觉一般，物流也还算快，狗狗也还算喜欢，后续看情况再做评论。,中评,3
狗狗不肯啃它，是不是买错了？,中评,3
非常小，我担心我家小柯基会一口吞下去，甚至泰迪都有可能，于是给猫咪玩了,中评,3
看上去比较廉价&hellip;&hellip;,中评,3
还行吧 球跟巴掌一样大 捏一下发出的声音非常大,中评,3
人造香料、化工原料味重。,中评,3
颜色好，狗狗很喜欢，但是非常不耐用，不到半小时就报销了。,中评,3
质量不太好，咬了几天外层就破掉了，味道还好，狗子很喜欢玩,中评,3
希望品质做的再好一点，没有异味,中评,3
不知道真的假的、上午收到快递、下午就玩成这样了！以前买过这个品牌布的很结实！,中评,3
狗狗喜欢，大狗别买，几下的功夫。,中评,3
活动其间买的，价格蛮便宜，送货也快，就是质量一般般，容易坏，不会发声了,中评,3
自从买了这玩意，狗子的抓子没干净过,中评,3
看了好几家店，也对比了好几家店，最后发现还是这一家的玩具评价最好。快递超快！包装的很好！！很喜欢！！！真是一次愉快的购物！,中评,3
狗狗好像不喜欢玩&hellip;&hellip;,中评,3
物流什么的没问题 都挺好 不过这玩意哨子声挺大的 不知道经的住咬不,中评,3
产品很好，狗子超喜欢。一个包装里是一个，不是两个。包装太结实，拆起来太费劲，还会划破手。,中评,3
东西一般，狗狗不怎么喜欢,中评,3
赶脚价格小贵，不值那么多钱！,中评,3
小了，感觉只适合小型犬,中评,3
有点大，玩了两次咬破了,中评,3
狗狗一天就啃完了，感觉有点小贵,中评,3
我家狗子不喜欢，买回来碰都不碰,中评,3
拿到撤掉标签，球就坏了,中评,3
才一天就咬坏了，不会响了,中评,3
东西没问题，但是**不喜欢玩，白买了。,中评,3
半个小时就坏了，拉布五个月,差评,2
小狗只是图新鲜，玩几下以后都不玩了,差评,2
凑活，狗狗都不咋感兴趣,中评,3
塑胶的，，，看着质量不怎么样，,中评,3
大小还差不多吧，狗不喜欢玩,中评,3
质量不怎么样 买了第二个又坏了,中评,3
有挺大的塑胶味 狗子不喜欢玩,差评,2
不行 几下咬没了 根本就不是牛皮,差评,2
买了两个，一个已经咬坏，不响了|,中评,3
这次买的这个球有点小问题,差评,2
一天时间，上面的牛皮就被咬完了。,差评,2
声音有点刺耳，我不喜欢，小狗也不喜欢,中评,3
能吃掉上面咖啡色的东西，不好,差评,2
球可以，但不到二小时那个哨就弄掉咬坏了,中评,3
一次性使用。，没什么作用。,中评,3
很一般，赶紧不值这个钱，狗狗也不愿意玩,差评,2
一般般，不怎么啃，偶尔玩一下，是不是太硬了,中评,3
表皮有点磨得发黑 像旧的 建议加个塑料袋,中评,3
狗不喜欢那个声音，不玩,中评,3
刚买到就脱线了，狗狗都没怎么玩就扔了，唉,中评,3
价钱不便宜材质不结实啊被我家牛头梗一天就咬坏了。。。。。,差评,2
感觉质量好粗糙，其他都还好 狗有点害怕声音,中评,3
狗子不感兴趣，别说咬了,中评,3
"声音大了点,有点味道,其他都还好",中评,3
一般般，声音有点大，我家狗狗不喜欢,中评,3
我能说拿到手不到半个小时就拆成这样了吗？,差评,2
没有效果，宠物不用 浪费了,差评,2
这个东西狗狗根本就不喜欢，咬一口就不再咬了,差评,1
不耐用，20斤的效小狗，玩了一天就咬坏了。,差评,1
买回来第一天就咬坏了,差评,1
不好，跟石头一样，狗狗不喜欢,差评,1
小小一个塑料20块钱，不划算,差评,1
一会儿就咬坏了，不值这个价,差评,1
被我家小狗第一次就咬破了！,差评,1
一次性的，第二次就不出声了,差评,1
20块比我之前买的小的多,差评,1
牛X，十几块的东西只玩了十几秒就挂了,差评,1
刚买就降价了！拿回来就是瘪的,差评,1
不好，还有掉了一块，不好,差评,1
东西有瑕疵，来的时候旁边裂开了,差评,1
这个没几天就坏了，不行。已经丢了,差评,1
牛皮质量是真的差，我的泰迪狗才咬了一会，牛皮就快被咬完了,差评,1
不到3分钟就漏气了。真的。就这质量。别拿出来了,差评,1
丢给狗，闻一下就走了，咬都不咬的？？？,差评,1
拿回来的时候是碎的，客服说碎片也能吃，666。最关键的是，狗不喜欢吃。。。,差评,1
塑料味道比较重 狗狗碰都不带碰的,差评,1
可真尴尬 狗狗下了次水 两个小时都不到🙄,差评,1
狗子玩了这个玩具 吃完了快。在医院呆了好多天,差评,1
柴犬吃完呕吐，怀疑是香精加塑料制品。,差评,1
东西质量不行，第一次玩没到3分钟就被狗狗吃肚里了,差评,1
我家两条狗，买了一大一小啃了都拉肚子,差评,1
一下就咬坏了，凑单用的，感觉有点浪费，不如买个布的。,差评,1
刚到就不叫了？客服说让我找售后。18块钱的东西 啊呸。,差评,1
*，滥竽充数，这是耗子咬过的？还有黑点点,差评,1
差到爆炸 玩了没到24小时 已经不响了 我真服了 就这质量还在京东出售,差评,1
狗子非常抗拒。。。。见到球就跑。,差评,1
哎，橄榄球5分钟就被我家的金毛咬烂了，没看出怎样能洁齿,差评,1
一股强烈塑胶味，狗狗玩了2天吐了2天,差评,1
挺好，就是里面什么都没有,差评,1
买回来给狗子玩没一个小时就挂了，不耐咬吹什么呢！,差评,1
狗狗吃了疯狂窜稀，直接进了医院，肠胃炎。,差评,1
跟鸡蛋差不多大，要12块，钱真好挣,差评,1
质量不行不到一天就被狗狗玩坏了，还什么牛皮包裹，都扯犊子。,差评,1
一天就咬坏了，耐咬的意思是每天18元，天天用新球？,差评,1
这个是啥玩意啊，我的狗狗都不咬，难道我自己咬着玩吗？,差评,1
狗狗很喜欢咬，但是咬过之后便便就拉稀了&hellip;,差评,1
一天就咬没了 不抗咬。,差评,1
质量不好！我家狗子一小时，棉花都干出来了.,差评,1
玩了十分钟就脱毛了，叫芯坏了,差评,1
收到货后给狗狗，晚上就是一地的碎屑和填充丝棉,差评,1
2分钟 不响了 失去了意义,差评,1
东西都没收到 不知道货在哪里,差评,1
东西买来拆开就出毛，质量不咋地,差评,1
刚到手 这就是商品的质量,差评,1
刚拿到没一个小时就坏了,差评,1
上午打开的包装，下午就这样了,差评,1
玩了一下午就不玩了 后面,差评,1
狗狗吃了拉肚子，商品还没有客服，也没有退货渠道，买了好几个，商品价格不低，产品质量却那么差！！,差评,1
不经咬、我家狗5分钟咬的细碎。。18块钱瞬间没了、心好痛。,差评,1
挺结实的，但是有个毛病就是容易坏掉，那个会响的东西容易掉,差评,1
极差。狗狗看都不看一眼,差评,1
半小时咬坏，毛毛出来,差评,1
没有客服？ 这个塑料标签怎么取出来，设计师脑子有毛病吧,差评,1
给金毛玩，丢了两次就坏了，不出声了,差评,1
不知道骨头中间的褐色部分狗狗能不能吃，那是什么成分？很是担心，询问店家也无人回复&hellip;,差评,1
不推荐买，小西高地玩了几次，接触也就几分钟，就不出声了，咬坏了。,差评,1
